Command line invocation:
    /Applications/Xcode.app/Contents/Developer/usr/bin/xcodebuild -project "Dream Again.xcodeproj" -scheme "Dream Again" -destination "generic/platform=iOS Simulator" -derivedDataPath DerivedData CODE_SIGNING_ALLOWED=NO build

Build settings from command line:
    CODE_SIGNING_ALLOWED = NO

ComputePackagePrebuildTargetDependencyGraph

Prepare packages

CreateBuildRequest

SendProjectDescription

CreateBuildOperation

ComputeTargetDependencyGraph
note: Building targets in dependency order
note: Target dependency graph (1 target)
    Target 'Dream Again' in project 'Dream Again' (no dependencies)

GatherProvisioningInputs

CreateBuildDescription

ExecuteExternalTool /Applications/Xcode.app/Contents/Developer/Toolchains/XcodeDefault.xctoolchain/usr/bin/clang -v -E -dM -isysroot /Applications/Xcode.app/Contents/Developer/Platforms/iPhoneSimulator.platform/Developer/SDKs/iPhoneSimulator26.5.sdk -x c -c /dev/null

ExecuteExternalTool /Applications/Xcode.app/Contents/Developer/usr/bin/actool --print-asset-tag-combinations --output-format xml1 /Users/shiv/Projects/iphone/Dream Again/Dream Again/Assets.xcassets

ExecuteExternalTool /Applications/Xcode.app/Contents/Developer/usr/bin/actool --version --output-format xml1

ExecuteExternalTool /Applications/Xcode.app/Contents/Developer/Toolchains/XcodeDefault.xctoolchain/usr/bin/swiftc --version

ExecuteExternalTool /Applications/Xcode.app/Contents/Developer/Toolchains/XcodeDefault.xctoolchain/usr/bin/ld -version_details

Build description signature: d0d0872ec90f804215e190d0932e2ea9
Build description path: /Users/shiv/Projects/iphone/Dream Again/DerivedData/Build/Intermediates.noindex/XCBuildData/d0d0872ec90f804215e190d0932e2ea9.xcbuilddata
ClangStatCache /Applications/Xcode.app/Contents/Developer/Toolchains/XcodeDefault.xctoolchain/usr/bin/clang-stat-cache /Applications/Xcode.app/Contents/Developer/Platforms/iPhoneSimulator.platform/Developer/SDKs/iPhoneSimulator26.5.sdk /Users/shiv/Projects/iphone/Dream\ Again/DerivedData/SDKStatCaches.noindex/iphonesimulator26.5-23F81a-688ef53f1462e2c8f657fdc38a81448f6cfe768891a92b912361537c460fe42b.sdkstatcache
    cd /Users/shiv/Projects/iphone/Dream\ Again/Dream\ Again.xcodeproj
    /Applications/Xcode.app/Contents/Developer/Toolchains/XcodeDefault.xctoolchain/usr/bin/clang-stat-cache /Applications/Xcode.app/Contents/Developer/Platforms/iPhoneSimulator.platform/Developer/SDKs/iPhoneSimulator26.5.sdk -o /Users/shiv/Projects/iphone/Dream\ Again/DerivedData/SDKStatCaches.noindex/iphonesimulator26.5-23F81a-688ef53f1462e2c8f657fdc38a81448f6cfe768891a92b912361537c460fe42b.sdkstatcache

WriteAuxiliaryFile /Users/shiv/Projects/iphone/Dream\ Again/DerivedData/Build/Intermediates.noindex/Dream\ Again.build/Debug-iphonesimulator/Dream\ Again.build/Objects-normal/x86_64/Dream\ Again_const_extract_protocols.json (in target 'Dream Again' from project 'Dream Again')
    cd /Users/shiv/Projects/iphone/Dream\ Again
    write-file /Users/shiv/Projects/iphone/Dream\ Again/DerivedData/Build/Intermediates.noindex/Dream\ Again.build/Debug-iphonesimulator/Dream\ Again.build/Objects-normal/x86_64/Dream\ Again_const_extract_protocols.json

WriteAuxiliaryFile /Users/shiv/Projects/iphone/Dream\ Again/DerivedData/Build/Intermediates.noindex/Dream\ Again.build/Debug-iphonesimulator/Dream\ Again.build/Objects-normal/x86_64/Dream\ Again.SwiftFileList (in target 'Dream Again' from project 'Dream Again')
    cd /Users/shiv/Projects/iphone/Dream\ Again
    write-file /Users/shiv/Projects/iphone/Dream\ Again/DerivedData/Build/Intermediates.noindex/Dream\ Again.build/Debug-iphonesimulator/Dream\ Again.build/Objects-normal/x86_64/Dream\ Again.SwiftFileList

WriteAuxiliaryFile /Users/shiv/Projects/iphone/Dream\ Again/DerivedData/Build/Intermediates.noindex/Dream\ Again.build/Debug-iphonesimulator/Dream\ Again.build/Objects-normal/x86_64/Dream\ Again.SwiftConstValuesFileList (in target 'Dream Again' from project 'Dream Again')
    cd /Users/shiv/Projects/iphone/Dream\ Again
    write-file /Users/shiv/Projects/iphone/Dream\ Again/DerivedData/Build/Intermediates.noindex/Dream\ Again.build/Debug-iphonesimulator/Dream\ Again.build/Objects-normal/x86_64/Dream\ Again.SwiftConstValuesFileList

WriteAuxiliaryFile /Users/shiv/Projects/iphone/Dream\ Again/DerivedData/Build/Intermediates.noindex/Dream\ Again.build/Debug-iphonesimulator/Dream\ Again.build/Objects-normal/x86_64/Dream\ Again.LinkFileList (in target 'Dream Again' from project 'Dream Again')
    cd /Users/shiv/Projects/iphone/Dream\ Again
    write-file /Users/shiv/Projects/iphone/Dream\ Again/DerivedData/Build/Intermediates.noindex/Dream\ Again.build/Debug-iphonesimulator/Dream\ Again.build/Objects-normal/x86_64/Dream\ Again.LinkFileList

WriteAuxiliaryFile /Users/shiv/Projects/iphone/Dream\ Again/DerivedData/Build/Intermediates.noindex/Dream\ Again.build/Debug-iphonesimulator/Dream\ Again.build/Objects-normal/x86_64/Dream\ Again-OutputFileMap.json (in target 'Dream Again' from project 'Dream Again')
    cd /Users/shiv/Projects/iphone/Dream\ Again
    write-file /Users/shiv/Projects/iphone/Dream\ Again/DerivedData/Build/Intermediates.noindex/Dream\ Again.build/Debug-iphonesimulator/Dream\ Again.build/Objects-normal/x86_64/Dream\ Again-OutputFileMap.json

WriteAuxiliaryFile /Users/shiv/Projects/iphone/Dream\ Again/DerivedData/Build/Intermediates.noindex/Dream\ Again.build/Debug-iphonesimulator/Dream\ Again.build/Objects-normal/arm64/Dream\ Again_const_extract_protocols.json (in target 'Dream Again' from project 'Dream Again')
    cd /Users/shiv/Projects/iphone/Dream\ Again
    write-file /Users/shiv/Projects/iphone/Dream\ Again/DerivedData/Build/Intermediates.noindex/Dream\ Again.build/Debug-iphonesimulator/Dream\ Again.build/Objects-normal/arm64/Dream\ Again_const_extract_protocols.json

WriteAuxiliaryFile /Users/shiv/Projects/iphone/Dream\ Again/DerivedData/Build/Intermediates.noindex/Dream\ Again.build/Debug-iphonesimulator/Dream\ Again.build/Objects-normal/arm64/Dream\ Again.SwiftFileList (in target 'Dream Again' from project 'Dream Again')
    cd /Users/shiv/Projects/iphone/Dream\ Again
    write-file /Users/shiv/Projects/iphone/Dream\ Again/DerivedData/Build/Intermediates.noindex/Dream\ Again.build/Debug-iphonesimulator/Dream\ Again.build/Objects-normal/arm64/Dream\ Again.SwiftFileList

WriteAuxiliaryFile /Users/shiv/Projects/iphone/Dream\ Again/DerivedData/Build/Intermediates.noindex/Dream\ Again.build/Debug-iphonesimulator/Dream\ Again.build/Objects-normal/arm64/Dream\ Again.SwiftConstValuesFileList (in target 'Dream Again' from project 'Dream Again')
    cd /Users/shiv/Projects/iphone/Dream\ Again
    write-file /Users/shiv/Projects/iphone/Dream\ Again/DerivedData/Build/Intermediates.noindex/Dream\ Again.build/Debug-iphonesimulator/Dream\ Again.build/Objects-normal/arm64/Dream\ Again.SwiftConstValuesFileList

WriteAuxiliaryFile /Users/shiv/Projects/iphone/Dream\ Again/DerivedData/Build/Intermediates.noindex/Dream\ Again.build/Debug-iphonesimulator/Dream\ Again.build/Objects-normal/arm64/Dream\ Again-OutputFileMap.json (in target 'Dream Again' from project 'Dream Again')
    cd /Users/shiv/Projects/iphone/Dream\ Again
    write-file /Users/shiv/Projects/iphone/Dream\ Again/DerivedData/Build/Intermediates.noindex/Dream\ Again.build/Debug-iphonesimulator/Dream\ Again.build/Objects-normal/arm64/Dream\ Again-OutputFileMap.json

WriteAuxiliaryFile /Users/shiv/Projects/iphone/Dream\ Again/DerivedData/Build/Intermediates.noindex/Dream\ Again.build/Debug-iphonesimulator/Dream\ Again.build/Objects-normal/arm64/Dream\ Again.LinkFileList (in target 'Dream Again' from project 'Dream Again')
    cd /Users/shiv/Projects/iphone/Dream\ Again
    write-file /Users/shiv/Projects/iphone/Dream\ Again/DerivedData/Build/Intermediates.noindex/Dream\ Again.build/Debug-iphonesimulator/Dream\ Again.build/Objects-normal/arm64/Dream\ Again.LinkFileList

Ld /Users/shiv/Projects/iphone/Dream\ Again/DerivedData/Build/Intermediates.noindex/Dream\ Again.build/Debug-iphonesimulator/Dream\ Again.build/Objects-normal/x86_64/Binary/__preview.dylib normal x86_64 (in target 'Dream Again' from project 'Dream Again')
    cd /Users/shiv/Projects/iphone/Dream\ Again
    /Applications/Xcode.app/Contents/Developer/Toolchains/XcodeDefault.xctoolchain/usr/bin/clang -Xlinker -reproducible -target x86_64-apple-ios18.0-simulator -dynamiclib -isysroot /Applications/Xcode.app/Contents/Developer/Platforms/iPhoneSimulator.platform/Developer/SDKs/iPhoneSimulator26.5.sdk -O0 -L/Users/shiv/Projects/iphone/Dream\ Again/DerivedData/Build/Products/Debug-iphonesimulator -F/Users/shiv/Projects/iphone/Dream\ Again/DerivedData/Build/Products/Debug-iphonesimulator -install_name @rpath/Dream\ Again.debug.dylib -Xlinker -dead_strip -rdynamic -Xlinker -no_deduplicate -Xlinker -objc_abi_version -Xlinker 2 -Xlinker -dependency_info -Xlinker /Users/shiv/Projects/iphone/Dream\ Again/DerivedData/Build/Intermediates.noindex/Dream\ Again.build/Debug-iphonesimulator/Dream\ Again.build/Objects-normal/x86_64/Dream\ Again_dependency_info.dat -o /Users/shiv/Projects/iphone/Dream\ Again/DerivedData/Build/Intermediates.noindex/Dream\ Again.build/Debug-iphonesimulator/Dream\ Again.build/Objects-normal/x86_64/Binary/__preview.dylib

Ld /Users/shiv/Projects/iphone/Dream\ Again/DerivedData/Build/Intermediates.noindex/Dream\ Again.build/Debug-iphonesimulator/Dream\ Again.build/Objects-normal/arm64/Binary/__preview.dylib normal arm64 (in target 'Dream Again' from project 'Dream Again')
    cd /Users/shiv/Projects/iphone/Dream\ Again
    /Applications/Xcode.app/Contents/Developer/Toolchains/XcodeDefault.xctoolchain/usr/bin/clang -Xlinker -reproducible -target arm64-apple-ios18.0-simulator -dynamiclib -isysroot /Applications/Xcode.app/Contents/Developer/Platforms/iPhoneSimulator.platform/Developer/SDKs/iPhoneSimulator26.5.sdk -O0 -L/Users/shiv/Projects/iphone/Dream\ Again/DerivedData/Build/Products/Debug-iphonesimulator -F/Users/shiv/Projects/iphone/Dream\ Again/DerivedData/Build/Products/Debug-iphonesimulator -install_name @rpath/Dream\ Again.debug.dylib -Xlinker -dead_strip -rdynamic -Xlinker -no_deduplicate -Xlinker -objc_abi_version -Xlinker 2 -Xlinker -dependency_info -Xlinker /Users/shiv/Projects/iphone/Dream\ Again/DerivedData/Build/Intermediates.noindex/Dream\ Again.build/Debug-iphonesimulator/Dream\ Again.build/Objects-normal/arm64/Dream\ Again_dependency_info.dat -o /Users/shiv/Projects/iphone/Dream\ Again/DerivedData/Build/Intermediates.noindex/Dream\ Again.build/Debug-iphonesimulator/Dream\ Again.build/Objects-normal/arm64/Binary/__preview.dylib

CopyPNGFile /Users/shiv/Projects/iphone/Dream\ Again/DerivedData/Build/Products/Debug-iphonesimulator/Dream\ Again.app/window_pink.png /Users/shiv/Projects/iphone/Dream\ Again/Dream\ Again/Resources/DreamCollage/window_pink.png (in target 'Dream Again' from project 'Dream Again')
    cd /Users/shiv/Projects/iphone/Dream\ Again
    /Applications/Xcode.app/Contents/Developer/usr/bin/copypng -compress -strip-PNG-text /Users/shiv/Projects/iphone/Dream\ Again/Dream\ Again/Resources/DreamCollage/window_pink.png /Users/shiv/Projects/iphone/Dream\ Again/DerivedData/Build/Products/Debug-iphonesimulator/Dream\ Again.app/window_pink.png

CopyPNGFile /Users/shiv/Projects/iphone/Dream\ Again/DerivedData/Build/Products/Debug-iphonesimulator/Dream\ Again.app/tree_painted.png /Users/shiv/Projects/iphone/Dream\ Again/Dream\ Again/Resources/DreamCollage/tree_painted.png (in target 'Dream Again' from project 'Dream Again')
    cd /Users/shiv/Projects/iphone/Dream\ Again
    /Applications/Xcode.app/Contents/Developer/usr/bin/copypng -compress -strip-PNG-text /Users/shiv/Projects/iphone/Dream\ Again/Dream\ Again/Resources/DreamCollage/tree_painted.png /Users/shiv/Projects/iphone/Dream\ Again/DerivedData/Build/Products/Debug-iphonesimulator/Dream\ Again.app/tree_painted.png

CopyPNGFile /Users/shiv/Projects/iphone/Dream\ Again/DerivedData/Build/Products/Debug-iphonesimulator/Dream\ Again.app/tree_oak.png /Users/shiv/Projects/iphone/Dream\ Again/Dream\ Again/Resources/DreamCollage/tree_oak.png (in target 'Dream Again' from project 'Dream Again')
    cd /Users/shiv/Projects/iphone/Dream\ Again
    /Applications/Xcode.app/Contents/Developer/usr/bin/copypng -compress -strip-PNG-text /Users/shiv/Projects/iphone/Dream\ Again/Dream\ Again/Resources/DreamCollage/tree_oak.png /Users/shiv/Projects/iphone/Dream\ Again/DerivedData/Build/Products/Debug-iphonesimulator/Dream\ Again.app/tree_oak.png

CopyPNGFile /Users/shiv/Projects/iphone/Dream\ Again/DerivedData/Build/Products/Debug-iphonesimulator/Dream\ Again.app/tree_fuzzy.png /Users/shiv/Projects/iphone/Dream\ Again/Dream\ Again/Resources/DreamCollage/tree_fuzzy.png (in target 'Dream Again' from project 'Dream Again')
    cd /Users/shiv/Projects/iphone/Dream\ Again
    /Applications/Xcode.app/Contents/Developer/usr/bin/copypng -compress -strip-PNG-text /Users/shiv/Projects/iphone/Dream\ Again/Dream\ Again/Resources/DreamCollage/tree_fuzzy.png /Users/shiv/Projects/iphone/Dream\ Again/DerivedData/Build/Products/Debug-iphonesimulator/Dream\ Again.app/tree_fuzzy.png

CopyPNGFile /Users/shiv/Projects/iphone/Dream\ Again/DerivedData/Build/Products/Debug-iphonesimulator/Dream\ Again.app/tree_dead.png /Users/shiv/Projects/iphone/Dream\ Again/Dream\ Again/Resources/DreamCollage/tree_dead.png (in target 'Dream Again' from project 'Dream Again')
    cd /Users/shiv/Projects/iphone/Dream\ Again
    /Applications/Xcode.app/Contents/Developer/usr/bin/copypng -compress -strip-PNG-text /Users/shiv/Projects/iphone/Dream\ Again/Dream\ Again/Resources/DreamCollage/tree_dead.png /Users/shiv/Projects/iphone/Dream\ Again/DerivedData/Build/Products/Debug-iphonesimulator/Dream\ Again.app/tree_dead.png

ProcessInfoPlistFile /Users/shiv/Projects/iphone/Dream\ Again/DerivedData/Build/Products/Debug-iphonesimulator/Dream\ Again.app/Info.plist /Users/shiv/Projects/iphone/Dream\ Again/Configuration/Info.plist (in target 'Dream Again' from project 'Dream Again')
    cd /Users/shiv/Projects/iphone/Dream\ Again
    builtin-infoPlistUtility /Users/shiv/Projects/iphone/Dream\ Again/Configuration/Info.plist -producttype com.apple.product-type.application -genpkginfo /Users/shiv/Projects/iphone/Dream\ Again/DerivedData/Build/Products/Debug-iphonesimulator/Dream\ Again.app/PkgInfo -expandbuildsettings -format binary -platform iphonesimulator -additionalcontentfile /Users/shiv/Projects/iphone/Dream\ Again/DerivedData/Build/Intermediates.noindex/Dream\ Again.build/Debug-iphonesimulator/Dream\ Again.build/assetcatalog_generated_info.plist -o /Users/shiv/Projects/iphone/Dream\ Again/DerivedData/Build/Products/Debug-iphonesimulator/Dream\ Again.app/Info.plist
warning: The application supports opening files, but doesn't declare whether it supports opening them in place. You can add an LSSupportsOpeningDocumentsInPlace entry or an UISupportsDocumentBrowser entry to your Info.plist to declare support. (in target 'Dream Again' from project 'Dream Again')

SwiftDriver Dream\ Again normal arm64 com.apple.xcode.tools.swift.compiler (in target 'Dream Again' from project 'Dream Again')
    cd /Users/shiv/Projects/iphone/Dream\ Again
    builtin-SwiftDriver -- /Applications/Xcode.app/Contents/Developer/Toolchains/XcodeDefault.xctoolchain/usr/bin/swiftc -module-name DreamAgain -Onone @/Users/shiv/Projects/iphone/Dream\ Again/DerivedData/Build/Intermediates.noindex/Dream\ Again.build/Debug-iphonesimulator/Dream\ Again.build/Objects-normal/arm64/Dream\ Again.SwiftFileList -DDEBUG -enable-bare-slash-regex -enable-upcoming-feature DisableOutwardActorInference -enable-upcoming-feature InferSendableFromCaptures -enable-upcoming-feature GlobalActorIsolatedTypesUsability -enable-upcoming-feature MemberImportVisibility -enable-upcoming-feature InferIsolatedConformances -enable-upcoming-feature NonisolatedNonsendingByDefault -enable-experimental-feature DebugDescriptionMacro -sdk /Applications/Xcode.app/Contents/Developer/Platforms/iPhoneSimulator.platform/Developer/SDKs/iPhoneSimulator26.5.sdk -target arm64-apple-ios18.0-simulator -g -module-cache-path /Users/shiv/Projects/iphone/Dream\ Again/DerivedData/ModuleCache.noindex -Xfrontend -serialize-debugging-options -enable-testing -index-store-path /Users/shiv/Projects/iphone/Dream\ Again/DerivedData/Index.noindex/DataStore -Xcc -D_LIBCPP_HARDENING_MODE\=_LIBCPP_HARDENING_MODE_DEBUG -swift-version 5 -I /Users/shiv/Projects/iphone/Dream\ Again/DerivedData/Build/Products/Debug-iphonesimulator -F /Users/shiv/Projects/iphone/Dream\ Again/DerivedData/Build/Products/Debug-iphonesimulator -emit-localized-strings -emit-localized-strings-path /Users/shiv/Projects/iphone/Dream\ Again/DerivedData/Build/Intermediates.noindex/Dream\ Again.build/Debug-iphonesimulator/Dream\ Again.build/Objects-normal/arm64 -c -j8 -enable-batch-mode -incremental -Xcc -ivfsstatcache -Xcc /Users/shiv/Projects/iphone/Dream\ Again/DerivedData/SDKStatCaches.noindex/iphonesimulator26.5-23F81a-688ef53f1462e2c8f657fdc38a81448f6cfe768891a92b912361537c460fe42b.sdkstatcache -output-file-map /Users/shiv/Projects/iphone/Dream\ Again/DerivedData/Build/Intermediates.noindex/Dream\ Again.build/Debug-iphonesimulator/Dream\ Again.build/Objects-normal/arm64/Dream\ Again-OutputFileMap.json -use-frontend-parseable-output -save-temps -no-color-diagnostics -explicit-module-build -module-cache-path /Users/shiv/Projects/iphone/Dream\ Again/DerivedData/Build/Intermediates.noindex/SwiftExplicitPrecompiledModules -clang-scanner-module-cache-path /Users/shiv/Projects/iphone/Dream\ Again/DerivedData/ModuleCache.noindex -sdk-module-cache-path /Users/shiv/Projects/iphone/Dream\ Again/DerivedData/ModuleCache.noindex -serialize-diagnostics -emit-dependencies -emit-module -emit-module-path /Users/shiv/Projects/iphone/Dream\ Again/DerivedData/Build/Intermediates.noindex/Dream\ Again.build/Debug-iphonesimulator/Dream\ Again.build/Objects-normal/arm64/DreamAgain.swiftmodule -validate-clang-modules-once -clang-build-session-file /Users/shiv/Projects/iphone/Dream\ Again/DerivedData/ModuleCache.noindex/Session.modulevalidation -Xcc -I/Users/shiv/Projects/iphone/Dream\ Again/DerivedData/Build/Intermediates.noindex/Dream\ Again.build/Debug-iphonesimulator/Dream\ Again.build/swift-overrides.hmap -emit-const-values -Xfrontend -const-gather-protocols-file -Xfrontend /Users/shiv/Projects/iphone/Dream\ Again/DerivedData/Build/Intermediates.noindex/Dream\ Again.build/Debug-iphonesimulator/Dream\ Again.build/Objects-normal/arm64/Dream\ Again_const_extract_protocols.json -Xcc -iquote -Xcc /Users/shiv/Projects/iphone/Dream\ Again/DerivedData/Build/Intermediates.noindex/Dream\ Again.build/Debug-iphonesimulator/Dream\ Again.build/Dream\ Again-generated-files.hmap -Xcc -I/Users/shiv/Projects/iphone/Dream\ Again/DerivedData/Build/Intermediates.noindex/Dream\ Again.build/Debug-iphonesimulator/Dream\ Again.build/Dream\ Again-own-target-headers.hmap -Xcc -I/Users/shiv/Projects/iphone/Dream\ Again/DerivedData/Build/Intermediates.noindex/Dream\ Again.build/Debug-iphonesimulator/Dream\ Again.build/Dream\ Again-all-target-headers.hmap -Xcc -iquote -Xcc /Users/shiv/Projects/iphone/Dream\ Again/DerivedData/Build/Intermediates.noindex/Dream\ Again.build/Debug-iphonesimulator/Dream\ Again.build/Dream\ Again-project-headers.hmap -Xcc -I/Users/shiv/Projects/iphone/Dream\ Again/DerivedData/Build/Products/Debug-iphonesimulator/include -Xcc -I/Users/shiv/Projects/iphone/Dream\ Again/DerivedData/Build/Intermediates.noindex/Dream\ Again.build/Debug-iphonesimulator/Dream\ Again.build/DerivedSources-normal/arm64 -Xcc -I/Users/shiv/Projects/iphone/Dream\ Again/DerivedData/Build/Intermediates.noindex/Dream\ Again.build/Debug-iphonesimulator/Dream\ Again.build/DerivedSources/arm64 -Xcc -I/Users/shiv/Projects/iphone/Dream\ Again/DerivedData/Build/Intermediates.noindex/Dream\ Again.build/Debug-iphonesimulator/Dream\ Again.build/DerivedSources -Xcc -DDEBUG\=1 -emit-objc-header -emit-objc-header-path /Users/shiv/Projects/iphone/Dream\ Again/DerivedData/Build/Intermediates.noindex/Dream\ Again.build/Debug-iphonesimulator/Dream\ Again.build/Objects-normal/arm64/DreamAgain-Swift.h -working-directory /Users/shiv/Projects/iphone/Dream\ Again -experimental-emit-module-separately -disable-cmo

SwiftDriver Dream\ Again normal x86_64 com.apple.xcode.tools.swift.compiler (in target 'Dream Again' from project 'Dream Again')
    cd /Users/shiv/Projects/iphone/Dream\ Again
    builtin-SwiftDriver -- /Applications/Xcode.app/Contents/Developer/Toolchains/XcodeDefault.xctoolchain/usr/bin/swiftc -module-name DreamAgain -Onone @/Users/shiv/Projects/iphone/Dream\ Again/DerivedData/Build/Intermediates.noindex/Dream\ Again.build/Debug-iphonesimulator/Dream\ Again.build/Objects-normal/x86_64/Dream\ Again.SwiftFileList -DDEBUG -enable-bare-slash-regex -enable-upcoming-feature DisableOutwardActorInference -enable-upcoming-feature InferSendableFromCaptures -enable-upcoming-feature GlobalActorIsolatedTypesUsability -enable-upcoming-feature MemberImportVisibility -enable-upcoming-feature InferIsolatedConformances -enable-upcoming-feature NonisolatedNonsendingByDefault -enable-experimental-feature DebugDescriptionMacro -sdk /Applications/Xcode.app/Contents/Developer/Platforms/iPhoneSimulator.platform/Developer/SDKs/iPhoneSimulator26.5.sdk -target x86_64-apple-ios18.0-simulator -g -module-cache-path /Users/shiv/Projects/iphone/Dream\ Again/DerivedData/ModuleCache.noindex -Xfrontend -serialize-debugging-options -enable-testing -index-store-path /Users/shiv/Projects/iphone/Dream\ Again/DerivedData/Index.noindex/DataStore -Xcc -D_LIBCPP_HARDENING_MODE\=_LIBCPP_HARDENING_MODE_DEBUG -swift-version 5 -I /Users/shiv/Projects/iphone/Dream\ Again/DerivedData/Build/Products/Debug-iphonesimulator -F /Users/shiv/Projects/iphone/Dream\ Again/DerivedData/Build/Products/Debug-iphonesimulator -emit-localized-strings -emit-localized-strings-path /Users/shiv/Projects/iphone/Dream\ Again/DerivedData/Build/Intermediates.noindex/Dream\ Again.build/Debug-iphonesimulator/Dream\ Again.build/Objects-normal/x86_64 -c -j8 -enable-batch-mode -incremental -Xcc -ivfsstatcache -Xcc /Users/shiv/Projects/iphone/Dream\ Again/DerivedData/SDKStatCaches.noindex/iphonesimulator26.5-23F81a-688ef53f1462e2c8f657fdc38a81448f6cfe768891a92b912361537c460fe42b.sdkstatcache -output-file-map /Users/shiv/Projects/iphone/Dream\ Again/DerivedData/Build/Intermediates.noindex/Dream\ Again.build/Debug-iphonesimulator/Dream\ Again.build/Objects-normal/x86_64/Dream\ Again-OutputFileMap.json -use-frontend-parseable-output -save-temps -no-color-diagnostics -explicit-module-build -module-cache-path /Users/shiv/Projects/iphone/Dream\ Again/DerivedData/Build/Intermediates.noindex/SwiftExplicitPrecompiledModules -clang-scanner-module-cache-path /Users/shiv/Projects/iphone/Dream\ Again/DerivedData/ModuleCache.noindex -sdk-module-cache-path /Users/shiv/Projects/iphone/Dream\ Again/DerivedData/ModuleCache.noindex -serialize-diagnostics -emit-dependencies -emit-module -emit-module-path /Users/shiv/Projects/iphone/Dream\ Again/DerivedData/Build/Intermediates.noindex/Dream\ Again.build/Debug-iphonesimulator/Dream\ Again.build/Objects-normal/x86_64/DreamAgain.swiftmodule -validate-clang-modules-once -clang-build-session-file /Users/shiv/Projects/iphone/Dream\ Again/DerivedData/ModuleCache.noindex/Session.modulevalidation -Xcc -I/Users/shiv/Projects/iphone/Dream\ Again/DerivedData/Build/Intermediates.noindex/Dream\ Again.build/Debug-iphonesimulator/Dream\ Again.build/swift-overrides.hmap -emit-const-values -Xfrontend -const-gather-protocols-file -Xfrontend /Users/shiv/Projects/iphone/Dream\ Again/DerivedData/Build/Intermediates.noindex/Dream\ Again.build/Debug-iphonesimulator/Dream\ Again.build/Objects-normal/x86_64/Dream\ Again_const_extract_protocols.json -Xcc -iquote -Xcc /Users/shiv/Projects/iphone/Dream\ Again/DerivedData/Build/Intermediates.noindex/Dream\ Again.build/Debug-iphonesimulator/Dream\ Again.build/Dream\ Again-generated-files.hmap -Xcc -I/Users/shiv/Projects/iphone/Dream\ Again/DerivedData/Build/Intermediates.noindex/Dream\ Again.build/Debug-iphonesimulator/Dream\ Again.build/Dream\ Again-own-target-headers.hmap -Xcc -I/Users/shiv/Projects/iphone/Dream\ Again/DerivedData/Build/Intermediates.noindex/Dream\ Again.build/Debug-iphonesimulator/Dream\ Again.build/Dream\ Again-all-target-headers.hmap -Xcc -iquote -Xcc /Users/shiv/Projects/iphone/Dream\ Again/DerivedData/Build/Intermediates.noindex/Dream\ Again.build/Debug-iphonesimulator/Dream\ Again.build/Dream\ Again-project-headers.hmap -Xcc -I/Users/shiv/Projects/iphone/Dream\ Again/DerivedData/Build/Products/Debug-iphonesimulator/include -Xcc -I/Users/shiv/Projects/iphone/Dream\ Again/DerivedData/Build/Intermediates.noindex/Dream\ Again.build/Debug-iphonesimulator/Dream\ Again.build/DerivedSources-normal/x86_64 -Xcc -I/Users/shiv/Projects/iphone/Dream\ Again/DerivedData/Build/Intermediates.noindex/Dream\ Again.build/Debug-iphonesimulator/Dream\ Again.build/DerivedSources/x86_64 -Xcc -I/Users/shiv/Projects/iphone/Dream\ Again/DerivedData/Build/Intermediates.noindex/Dream\ Again.build/Debug-iphonesimulator/Dream\ Again.build/DerivedSources -Xcc -DDEBUG\=1 -emit-objc-header -emit-objc-header-path /Users/shiv/Projects/iphone/Dream\ Again/DerivedData/Build/Intermediates.noindex/Dream\ Again.build/Debug-iphonesimulator/Dream\ Again.build/Objects-normal/x86_64/DreamAgain-Swift.h -working-directory /Users/shiv/Projects/iphone/Dream\ Again -experimental-emit-module-separately -disable-cmo

CopyPNGFile /Users/shiv/Projects/iphone/Dream\ Again/DerivedData/Build/Products/Debug-iphonesimulator/Dream\ Again.app/tree_blue.png /Users/shiv/Projects/iphone/Dream\ Again/Dream\ Again/Resources/DreamCollage/tree_blue.png (in target 'Dream Again' from project 'Dream Again')
    cd /Users/shiv/Projects/iphone/Dream\ Again
    /Applications/Xcode.app/Contents/Developer/usr/bin/copypng -compress -strip-PNG-text /Users/shiv/Projects/iphone/Dream\ Again/Dream\ Again/Resources/DreamCollage/tree_blue.png /Users/shiv/Projects/iphone/Dream\ Again/DerivedData/Build/Products/Debug-iphonesimulator/Dream\ Again.app/tree_blue.png

CreateUniversalBinary /Users/shiv/Projects/iphone/Dream\ Again/DerivedData/Build/Products/Debug-iphonesimulator/Dream\ Again.app/__preview.dylib normal arm64\ x86_64 (in target 'Dream Again' from project 'Dream Again')
    cd /Users/shiv/Projects/iphone/Dream\ Again
    /Applications/Xcode.app/Contents/Developer/Toolchains/XcodeDefault.xctoolchain/usr/bin/lipo -create /Users/shiv/Projects/iphone/Dream\ Again/DerivedData/Build/Intermediates.noindex/Dream\ Again.build/Debug-iphonesimulator/Dream\ Again.build/Objects-normal/arm64/Binary/__preview.dylib /Users/shiv/Projects/iphone/Dream\ Again/DerivedData/Build/Intermediates.noindex/Dream\ Again.build/Debug-iphonesimulator/Dream\ Again.build/Objects-normal/x86_64/Binary/__preview.dylib -output /Users/shiv/Projects/iphone/Dream\ Again/DerivedData/Build/Products/Debug-iphonesimulator/Dream\ Again.app/__preview.dylib

CopyPNGFile /Users/shiv/Projects/iphone/Dream\ Again/DerivedData/Build/Products/Debug-iphonesimulator/Dream\ Again.app/sky_storm.png /Users/shiv/Projects/iphone/Dream\ Again/Dream\ Again/Resources/DreamCollage/sky_storm.png (in target 'Dream Again' from project 'Dream Again')
    cd /Users/shiv/Projects/iphone/Dream\ Again
    /Applications/Xcode.app/Contents/Developer/usr/bin/copypng -compress -strip-PNG-text /Users/shiv/Projects/iphone/Dream\ Again/Dream\ Again/Resources/DreamCollage/sky_storm.png /Users/shiv/Projects/iphone/Dream\ Again/DerivedData/Build/Products/Debug-iphonesimulator/Dream\ Again.app/sky_storm.png

CopyPNGFile /Users/shiv/Projects/iphone/Dream\ Again/DerivedData/Build/Products/Debug-iphonesimulator/Dream\ Again.app/sky_pink.png /Users/shiv/Projects/iphone/Dream\ Again/Dream\ Again/Resources/DreamCollage/sky_pink.png (in target 'Dream Again' from project 'Dream Again')
    cd /Users/shiv/Projects/iphone/Dream\ Again
    /Applications/Xcode.app/Contents/Developer/usr/bin/copypng -compress -strip-PNG-text /Users/shiv/Projects/iphone/Dream\ Again/Dream\ Again/Resources/DreamCollage/sky_pink.png /Users/shiv/Projects/iphone/Dream\ Again/DerivedData/Build/Products/Debug-iphonesimulator/Dream\ Again.app/sky_pink.png

CopyPNGFile /Users/shiv/Projects/iphone/Dream\ Again/DerivedData/Build/Products/Debug-iphonesimulator/Dream\ Again.app/sky_blue.png /Users/shiv/Projects/iphone/Dream\ Again/Dream\ Again/Resources/DreamCollage/sky_blue.png (in target 'Dream Again' from project 'Dream Again')
    cd /Users/shiv/Projects/iphone/Dream\ Again
    /Applications/Xcode.app/Contents/Developer/usr/bin/copypng -compress -strip-PNG-text /Users/shiv/Projects/iphone/Dream\ Again/Dream\ Again/Resources/DreamCollage/sky_blue.png /Users/shiv/Projects/iphone/Dream\ Again/DerivedData/Build/Products/Debug-iphonesimulator/Dream\ Again.app/sky_blue.png

CopyPNGFile /Users/shiv/Projects/iphone/Dream\ Again/DerivedData/Build/Products/Debug-iphonesimulator/Dream\ Again.app/moon_red.png /Users/shiv/Projects/iphone/Dream\ Again/Dream\ Again/Resources/DreamCollage/moon_red.png (in target 'Dream Again' from project 'Dream Again')
    cd /Users/shiv/Projects/iphone/Dream\ Again
    /Applications/Xcode.app/Contents/Developer/usr/bin/copypng -compress -strip-PNG-text /Users/shiv/Projects/iphone/Dream\ Again/Dream\ Again/Resources/DreamCollage/moon_red.png /Users/shiv/Projects/iphone/Dream\ Again/DerivedData/Build/Products/Debug-iphonesimulator/Dream\ Again.app/moon_red.png

CopyPNGFile /Users/shiv/Projects/iphone/Dream\ Again/DerivedData/Build/Products/Debug-iphonesimulator/Dream\ Again.app/moon_real.png /Users/shiv/Projects/iphone/Dream\ Again/Dream\ Again/Resources/DreamCollage/moon_real.png (in target 'Dream Again' from project 'Dream Again')
    cd /Users/shiv/Projects/iphone/Dream\ Again
    /Applications/Xcode.app/Contents/Developer/usr/bin/copypng -compress -strip-PNG-text /Users/shiv/Projects/iphone/Dream\ Again/Dream\ Again/Resources/DreamCollage/moon_real.png /Users/shiv/Projects/iphone/Dream\ Again/DerivedData/Build/Products/Debug-iphonesimulator/Dream\ Again.app/moon_real.png

CopyPNGFile /Users/shiv/Projects/iphone/Dream\ Again/DerivedData/Build/Products/Debug-iphonesimulator/Dream\ Again.app/moon_pearl.png /Users/shiv/Projects/iphone/Dream\ Again/Dream\ Again/Resources/DreamCollage/moon_pearl.png (in target 'Dream Again' from project 'Dream Again')
    cd /Users/shiv/Projects/iphone/Dream\ Again
    /Applications/Xcode.app/Contents/Developer/usr/bin/copypng -compress -strip-PNG-text /Users/shiv/Projects/iphone/Dream\ Again/Dream\ Again/Resources/DreamCollage/moon_pearl.png /Users/shiv/Projects/iphone/Dream\ Again/DerivedData/Build/Products/Debug-iphonesimulator/Dream\ Again.app/moon_pearl.png

CopyPNGFile /Users/shiv/Projects/iphone/Dream\ Again/DerivedData/Build/Products/Debug-iphonesimulator/Dream\ Again.app/house_photo.png /Users/shiv/Projects/iphone/Dream\ Again/Dream\ Again/Resources/DreamCollage/house_photo.png (in target 'Dream Again' from project 'Dream Again')
    cd /Users/shiv/Projects/iphone/Dream\ Again
    /Applications/Xcode.app/Contents/Developer/usr/bin/copypng -compress -strip-PNG-text /Users/shiv/Projects/iphone/Dream\ Again/Dream\ Again/Resources/DreamCollage/house_photo.png /Users/shiv/Projects/iphone/Dream\ Again/DerivedData/Build/Products/Debug-iphonesimulator/Dream\ Again.app/house_photo.png

CopyPNGFile /Users/shiv/Projects/iphone/Dream\ Again/DerivedData/Build/Products/Debug-iphonesimulator/Dream\ Again.app/house_painted.png /Users/shiv/Projects/iphone/Dream\ Again/Dream\ Again/Resources/DreamCollage/house_painted.png (in target 'Dream Again' from project 'Dream Again')
    cd /Users/shiv/Projects/iphone/Dream\ Again
    /Applications/Xcode.app/Contents/Developer/usr/bin/copypng -compress -strip-PNG-text /Users/shiv/Projects/iphone/Dream\ Again/Dream\ Again/Resources/DreamCollage/house_painted.png /Users/shiv/Projects/iphone/Dream\ Again/DerivedData/Build/Products/Debug-iphonesimulator/Dream\ Again.app/house_painted.png

CopyPNGFile /Users/shiv/Projects/iphone/Dream\ Again/DerivedData/Build/Products/Debug-iphonesimulator/Dream\ Again.app/house_fuzzy.png /Users/shiv/Projects/iphone/Dream\ Again/Dream\ Again/Resources/DreamCollage/house_fuzzy.png (in target 'Dream Again' from project 'Dream Again')
    cd /Users/shiv/Projects/iphone/Dream\ Again
    /Applications/Xcode.app/Contents/Developer/usr/bin/copypng -compress -strip-PNG-text /Users/shiv/Projects/iphone/Dream\ Again/Dream\ Again/Resources/DreamCollage/house_fuzzy.png /Users/shiv/Projects/iphone/Dream\ Again/DerivedData/Build/Products/Debug-iphonesimulator/Dream\ Again.app/house_fuzzy.png

CopyPNGFile /Users/shiv/Projects/iphone/Dream\ Again/DerivedData/Build/Products/Debug-iphonesimulator/Dream\ Again.app/house_brutal.png /Users/shiv/Projects/iphone/Dream\ Again/Dream\ Again/Resources/DreamCollage/house_brutal.png (in target 'Dream Again' from project 'Dream Again')
    cd /Users/shiv/Projects/iphone/Dream\ Again
    /Applications/Xcode.app/Contents/Developer/usr/bin/copypng -compress -strip-PNG-text /Users/shiv/Projects/iphone/Dream\ Again/Dream\ Again/Resources/DreamCollage/house_brutal.png /Users/shiv/Projects/iphone/Dream\ Again/DerivedData/Build/Products/Debug-iphonesimulator/Dream\ Again.app/house_brutal.png

CopyPNGFile /Users/shiv/Projects/iphone/Dream\ Again/DerivedData/Build/Products/Debug-iphonesimulator/Dream\ Again.app/horse_white.png /Users/shiv/Projects/iphone/Dream\ Again/Dream\ Again/Resources/DreamCollage/horse_white.png (in target 'Dream Again' from project 'Dream Again')
    cd /Users/shiv/Projects/iphone/Dream\ Again
    /Applications/Xcode.app/Contents/Developer/usr/bin/copypng -compress -strip-PNG-text /Users/shiv/Projects/iphone/Dream\ Again/Dream\ Again/Resources/DreamCollage/horse_white.png /Users/shiv/Projects/iphone/Dream\ Again/DerivedData/Build/Products/Debug-iphonesimulator/Dream\ Again.app/horse_white.png

CopyPNGFile /Users/shiv/Projects/iphone/Dream\ Again/DerivedData/Build/Products/Debug-iphonesimulator/Dream\ Again.app/horse_red.png /Users/shiv/Projects/iphone/Dream\ Again/Dream\ Again/Resources/DreamCollage/horse_red.png (in target 'Dream Again' from project 'Dream Again')
    cd /Users/shiv/Projects/iphone/Dream\ Again
    /Applications/Xcode.app/Contents/Developer/usr/bin/copypng -compress -strip-PNG-text /Users/shiv/Projects/iphone/Dream\ Again/Dream\ Again/Resources/DreamCollage/horse_red.png /Users/shiv/Projects/iphone/Dream\ Again/DerivedData/Build/Products/Debug-iphonesimulator/Dream\ Again.app/horse_red.png

CopyPNGFile /Users/shiv/Projects/iphone/Dream\ Again/DerivedData/Build/Products/Debug-iphonesimulator/Dream\ Again.app/horse_pink.png /Users/shiv/Projects/iphone/Dream\ Again/Dream\ Again/Resources/DreamCollage/horse_pink.png (in target 'Dream Again' from project 'Dream Again')
    cd /Users/shiv/Projects/iphone/Dream\ Again
    /Applications/Xcode.app/Contents/Developer/usr/bin/copypng -compress -strip-PNG-text /Users/shiv/Projects/iphone/Dream\ Again/Dream\ Again/Resources/DreamCollage/horse_pink.png /Users/shiv/Projects/iphone/Dream\ Again/DerivedData/Build/Products/Debug-iphonesimulator/Dream\ Again.app/horse_pink.png

CopyPNGFile /Users/shiv/Projects/iphone/Dream\ Again/DerivedData/Build/Products/Debug-iphonesimulator/Dream\ Again.app/horse_brown.png /Users/shiv/Projects/iphone/Dream\ Again/Dream\ Again/Resources/DreamCollage/horse_brown.png (in target 'Dream Again' from project 'Dream Again')
    cd /Users/shiv/Projects/iphone/Dream\ Again
    /Applications/Xcode.app/Contents/Developer/usr/bin/copypng -compress -strip-PNG-text /Users/shiv/Projects/iphone/Dream\ Again/Dream\ Again/Resources/DreamCollage/horse_brown.png /Users/shiv/Projects/iphone/Dream\ Again/DerivedData/Build/Products/Debug-iphonesimulator/Dream\ Again.app/horse_brown.png

CopyPNGFile /Users/shiv/Projects/iphone/Dream\ Again/DerivedData/Build/Products/Debug-iphonesimulator/Dream\ Again.app/horse_black.png /Users/shiv/Projects/iphone/Dream\ Again/Dream\ Again/Resources/DreamCollage/horse_black.png (in target 'Dream Again' from project 'Dream Again')
    cd /Users/shiv/Projects/iphone/Dream\ Again
    /Applications/Xcode.app/Contents/Developer/usr/bin/copypng -compress -strip-PNG-text /Users/shiv/Projects/iphone/Dream\ Again/Dream\ Again/Resources/DreamCollage/horse_black.png /Users/shiv/Projects/iphone/Dream\ Again/DerivedData/Build/Products/Debug-iphonesimulator/Dream\ Again.app/horse_black.png

CopyPNGFile /Users/shiv/Projects/iphone/Dream\ Again/DerivedData/Build/Products/Debug-iphonesimulator/Dream\ Again.app/fog_silver.png /Users/shiv/Projects/iphone/Dream\ Again/Dream\ Again/Resources/DreamCollage/fog_silver.png (in target 'Dream Again' from project 'Dream Again')
    cd /Users/shiv/Projects/iphone/Dream\ Again
    /Applications/Xcode.app/Contents/Developer/usr/bin/copypng -compress -strip-PNG-text /Users/shiv/Projects/iphone/Dream\ Again/Dream\ Again/Resources/DreamCollage/fog_silver.png /Users/shiv/Projects/iphone/Dream\ Again/DerivedData/Build/Products/Debug-iphonesimulator/Dream\ Again.app/fog_silver.png

CopyPNGFile /Users/shiv/Projects/iphone/Dream\ Again/DerivedData/Build/Products/Debug-iphonesimulator/Dream\ Again.app/fog_lavender.png /Users/shiv/Projects/iphone/Dream\ Again/Dream\ Again/Resources/DreamCollage/fog_lavender.png (in target 'Dream Again' from project 'Dream Again')
    cd /Users/shiv/Projects/iphone/Dream\ Again
    /Applications/Xcode.app/Contents/Developer/usr/bin/copypng -compress -strip-PNG-text /Users/shiv/Projects/iphone/Dream\ Again/Dream\ Again/Resources/DreamCollage/fog_lavender.png /Users/shiv/Projects/iphone/Dream\ Again/DerivedData/Build/Products/Debug-iphonesimulator/Dream\ Again.app/fog_lavender.png

CopyPNGFile /Users/shiv/Projects/iphone/Dream\ Again/DerivedData/Build/Products/Debug-iphonesimulator/Dream\ Again.app/cloud_white.png /Users/shiv/Projects/iphone/Dream\ Again/Dream\ Again/Resources/DreamCollage/cloud_white.png (in target 'Dream Again' from project 'Dream Again')
    cd /Users/shiv/Projects/iphone/Dream\ Again
    /Applications/Xcode.app/Contents/Developer/usr/bin/copypng -compress -strip-PNG-text /Users/shiv/Projects/iphone/Dream\ Again/Dream\ Again/Resources/DreamCollage/cloud_white.png /Users/shiv/Projects/iphone/Dream\ Again/DerivedData/Build/Products/Debug-iphonesimulator/Dream\ Again.app/cloud_white.png

CopyPNGFile /Users/shiv/Projects/iphone/Dream\ Again/DerivedData/Build/Products/Debug-iphonesimulator/Dream\ Again.app/cloud_pink.png /Users/shiv/Projects/iphone/Dream\ Again/Dream\ Again/Resources/DreamCollage/cloud_pink.png (in target 'Dream Again' from project 'Dream Again')
    cd /Users/shiv/Projects/iphone/Dream\ Again
    /Applications/Xcode.app/Contents/Developer/usr/bin/copypng -compress -strip-PNG-text /Users/shiv/Projects/iphone/Dream\ Again/Dream\ Again/Resources/DreamCollage/cloud_pink.png /Users/shiv/Projects/iphone/Dream\ Again/DerivedData/Build/Products/Debug-iphonesimulator/Dream\ Again.app/cloud_pink.png

CopyPNGFile /Users/shiv/Projects/iphone/Dream\ Again/DerivedData/Build/Products/Debug-iphonesimulator/Dream\ Again.app/cloud_dark.png /Users/shiv/Projects/iphone/Dream\ Again/Dream\ Again/Resources/DreamCollage/cloud_dark.png (in target 'Dream Again' from project 'Dream Again')
    cd /Users/shiv/Projects/iphone/Dream\ Again
    /Applications/Xcode.app/Contents/Developer/usr/bin/copypng -compress -strip-PNG-text /Users/shiv/Projects/iphone/Dream\ Again/Dream\ Again/Resources/DreamCollage/cloud_dark.png /Users/shiv/Projects/iphone/Dream\ Again/DerivedData/Build/Products/Debug-iphonesimulator/Dream\ Again.app/cloud_dark.png

CopyPNGFile /Users/shiv/Projects/iphone/Dream\ Again/DerivedData/Build/Products/Debug-iphonesimulator/Dream\ Again.app/arch_ruined.png /Users/shiv/Projects/iphone/Dream\ Again/Dream\ Again/Resources/DreamCollage/arch_ruined.png (in target 'Dream Again' from project 'Dream Again')
    cd /Users/shiv/Projects/iphone/Dream\ Again
    /Applications/Xcode.app/Contents/Developer/usr/bin/copypng -compress -strip-PNG-text /Users/shiv/Projects/iphone/Dream\ Again/Dream\ Again/Resources/DreamCollage/arch_ruined.png /Users/shiv/Projects/iphone/Dream\ Again/DerivedData/Build/Products/Debug-iphonesimulator/Dream\ Again.app/arch_ruined.png

CopyPNGFile /Users/shiv/Projects/iphone/Dream\ Again/DerivedData/Build/Products/Debug-iphonesimulator/Dream\ Again.app/arch_pearl.png /Users/shiv/Projects/iphone/Dream\ Again/Dream\ Again/Resources/DreamCollage/arch_pearl.png (in target 'Dream Again' from project 'Dream Again')
    cd /Users/shiv/Projects/iphone/Dream\ Again
    /Applications/Xcode.app/Contents/Developer/usr/bin/copypng -compress -strip-PNG-text /Users/shiv/Projects/iphone/Dream\ Again/Dream\ Again/Resources/DreamCollage/arch_pearl.png /Users/shiv/Projects/iphone/Dream\ Again/DerivedData/Build/Products/Debug-iphonesimulator/Dream\ Again.app/arch_pearl.png

CopyPNGFile /Users/shiv/Projects/iphone/Dream\ Again/DerivedData/Build/Products/Debug-iphonesimulator/Dream\ Again.app/arch_glass.png /Users/shiv/Projects/iphone/Dream\ Again/Dream\ Again/Resources/DreamCollage/arch_glass.png (in target 'Dream Again' from project 'Dream Again')
    cd /Users/shiv/Projects/iphone/Dream\ Again
    /Applications/Xcode.app/Contents/Developer/usr/bin/copypng -compress -strip-PNG-text /Users/shiv/Projects/iphone/Dream\ Again/Dream\ Again/Resources/DreamCollage/arch_glass.png /Users/shiv/Projects/iphone/Dream\ Again/DerivedData/Build/Products/Debug-iphonesimulator/Dream\ Again.app/arch_glass.png

CopyPNGFile /Users/shiv/Projects/iphone/Dream\ Again/DerivedData/Build/Products/Debug-iphonesimulator/Dream\ Again.app/DreamAgainIcon.png /Users/shiv/Projects/iphone/Dream\ Again/Dream\ Again/Resources/DreamAgainIcon.png (in target 'Dream Again' from project 'Dream Again')
    cd /Users/shiv/Projects/iphone/Dream\ Again
    /Applications/Xcode.app/Contents/Developer/usr/bin/copypng -compress -strip-PNG-text /Users/shiv/Projects/iphone/Dream\ Again/Dream\ Again/Resources/DreamAgainIcon.png /Users/shiv/Projects/iphone/Dream\ Again/DerivedData/Build/Products/Debug-iphonesimulator/Dream\ Again.app/DreamAgainIcon.png

SwiftCompile normal x86_64 Compiling\ DreamMaterials.swift,\ DreamRenderer.swift,\ FittedHats.swift /Users/shiv/Projects/iphone/Dream\ Again/Dream\ Again/Rendering/DreamMaterials.swift /Users/shiv/Projects/iphone/Dream\ Again/Dream\ Again/Rendering/DreamRenderer.swift /Users/shiv/Projects/iphone/Dream\ Again/Dream\ Again/Rendering/FittedHats.swift (in target 'Dream Again' from project 'Dream Again')

SwiftCompile normal x86_64 /Users/shiv/Projects/iphone/Dream\ Again/Dream\ Again/Rendering/DreamMaterials.swift (in target 'Dream Again' from project 'Dream Again')
    cd /Users/shiv/Projects/iphone/Dream\ Again
    
/Users/shiv/Projects/iphone/Dream Again/Dream Again/Rendering/DreamMaterials.swift:74:42: warning: 'generate(from:withName:options:)' was deprecated in iOS 18.0: replaced by 'init(image:withName:options:)'
              let t=try? TextureResource.generate(from:cg,options:.init(semantic:normal ? .normal : .color)) else{return nil}
                                         ^
/Users/shiv/Projects/iphone/Dream Again/Dream Again/Rendering/DreamMaterials.swift:74:42: note: use 'init(image:withName:options:)' instead
              let t=try? TextureResource.generate(from:cg,options:.init(semantic:normal ? .normal : .color)) else{return nil}
                                        ~^~~~~~~~ ~~~~
                                                  image

SwiftCompile normal x86_64 /Users/shiv/Projects/iphone/Dream\ Again/Dream\ Again/Rendering/DreamRenderer.swift (in target 'Dream Again' from project 'Dream Again')
    cd /Users/shiv/Projects/iphone/Dream\ Again
    

SwiftCompile normal x86_64 /Users/shiv/Projects/iphone/Dream\ Again/Dream\ Again/Rendering/FittedHats.swift (in target 'Dream Again' from project 'Dream Again')
    cd /Users/shiv/Projects/iphone/Dream\ Again
    

SwiftCompile normal x86_64 Compiling\ Persistence.swift,\ Rules.swift,\ Simulation.swift,\ World.swift /Users/shiv/Projects/iphone/Dream\ Again/Dream\ Again/Core/Persistence.swift /Users/shiv/Projects/iphone/Dream\ Again/Dream\ Again/Core/Rules.swift /Users/shiv/Projects/iphone/Dream\ Again/Dream\ Again/Core/Simulation.swift /Users/shiv/Projects/iphone/Dream\ Again/Dream\ Again/Core/World.swift (in target 'Dream Again' from project 'Dream Again')
SwiftCompile normal x86_64 /Users/shiv/Projects/iphone/Dream\ Again/Dream\ Again/Core/Persistence.swift (in target 'Dream Again' from project 'Dream Again')
    cd /Users/shiv/Projects/iphone/Dream\ Again
    

SwiftCompile normal x86_64 /Users/shiv/Projects/iphone/Dream\ Again/Dream\ Again/Core/Rules.swift (in target 'Dream Again' from project 'Dream Again')
    cd /Users/shiv/Projects/iphone/Dream\ Again
    

SwiftCompile normal x86_64 /Users/shiv/Projects/iphone/Dream\ Again/Dream\ Again/Core/Simulation.swift (in target 'Dream Again' from project 'Dream Again')
    cd /Users/shiv/Projects/iphone/Dream\ Again
    

SwiftCompile normal x86_64 /Users/shiv/Projects/iphone/Dream\ Again/Dream\ Again/Core/World.swift (in target 'Dream Again' from project 'Dream Again')
    cd /Users/shiv/Projects/iphone/Dream\ Again
    

SwiftCompile normal x86_64 Compiling\ AuthoredDreamRunner.swift,\ CloudBank.swift,\ DistantPathRenderer.swift,\ DreamArtDirection.swift /Users/shiv/Projects/iphone/Dream\ Again/Dream\ Again/Rendering/AuthoredDreamRunner.swift /Users/shiv/Projects/iphone/Dream\ Again/Dream\ Again/Rendering/CloudBank.swift /Users/shiv/Projects/iphone/Dream\ Again/Dream\ Again/Rendering/DistantPathRenderer.swift /Users/shiv/Projects/iphone/Dream\ Again/Dream\ Again/Rendering/DreamArtDirection.swift (in target 'Dream Again' from project 'Dream Again')

SwiftCompile normal x86_64 /Users/shiv/Projects/iphone/Dream\ Again/Dream\ Again/Rendering/AuthoredDreamRunner.swift (in target 'Dream Again' from project 'Dream Again')
    cd /Users/shiv/Projects/iphone/Dream\ Again
    

SwiftCompile normal x86_64 /Users/shiv/Projects/iphone/Dream\ Again/Dream\ Again/Rendering/CloudBank.swift (in target 'Dream Again' from project 'Dream Again')
    cd /Users/shiv/Projects/iphone/Dream\ Again
    
/Users/shiv/Projects/iphone/Dream Again/Dream Again/Rendering/CloudBank.swift:40:53: warning: 'generate(from:withName:options:)' was deprecated in iOS 18.0: replaced by 'init(image:withName:options:)'
                        return try? TextureResource.generate(from:bitmap,options:.init(semantic:.color))
                                                    ^
/Users/shiv/Projects/iphone/Dream Again/Dream Again/Rendering/CloudBank.swift:40:53: note: use 'init(image:withName:options:)' instead
                        return try? TextureResource.generate(from:bitmap,options:.init(semantic:.color))
                                                   ~^~~~~~~~ ~~~~
                                                             image

SwiftCompile normal x86_64 /Users/shiv/Projects/iphone/Dream\ Again/Dream\ Again/Rendering/DistantPathRenderer.swift (in target 'Dream Again' from project 'Dream Again')
    cd /Users/shiv/Projects/iphone/Dream\ Again
    

SwiftCompile normal x86_64 /Users/shiv/Projects/iphone/Dream\ Again/Dream\ Again/Rendering/DreamArtDirection.swift (in target 'Dream Again' from project 'Dream Again')
    cd /Users/shiv/Projects/iphone/Dream\ Again
    
/Users/shiv/Projects/iphone/Dream Again/Dream Again/Rendering/DreamArtDirection.swift:120:51: warning: 'generate(from:withName:options:)' was deprecated in iOS 18.0: replaced by 'init(image:withName:options:)'
        skyTextures[palette]=try? TextureResource.generate(from:cg,options:.init(semantic:.color));applySkyTexture(palette)
                                                  ^
/Users/shiv/Projects/iphone/Dream Again/Dream Again/Rendering/DreamArtDirection.swift:120:51: note: use 'init(image:withName:options:)' instead
        skyTextures[palette]=try? TextureResource.generate(from:cg,options:.init(semantic:.color));applySkyTexture(palette)
                                                 ~^~~~~~~~ ~~~~
                                                           image

SwiftCompile normal x86_64 Compiling\ Certification.swift,\ Determinism.swift,\ DreamCollageKit.swift,\ DreamRepresentations.swift /Users/shiv/Projects/iphone/Dream\ Again/Dream\ Again/Core/Certification.swift /Users/shiv/Projects/iphone/Dream\ Again/Dream\ Again/Core/Determinism.swift /Users/shiv/Projects/iphone/Dream\ Again/Dream\ Again/Core/DreamCollageKit.swift /Users/shiv/Projects/iphone/Dream\ Again/Dream\ Again/Core/DreamRepresentations.swift (in target 'Dream Again' from project 'Dream Again')

SwiftCompile normal x86_64 /Users/shiv/Projects/iphone/Dream\ Again/Dream\ Again/Core/Certification.swift (in target 'Dream Again' from project 'Dream Again')
    cd /Users/shiv/Projects/iphone/Dream\ Again
    

SwiftCompile normal x86_64 /Users/shiv/Projects/iphone/Dream\ Again/Dream\ Again/Core/Determinism.swift (in target 'Dream Again' from project 'Dream Again')
    cd /Users/shiv/Projects/iphone/Dream\ Again
    

SwiftCompile normal x86_64 /Users/shiv/Projects/iphone/Dream\ Again/Dream\ Again/Core/DreamCollageKit.swift (in target 'Dream Again' from project 'Dream Again')
    cd /Users/shiv/Projects/iphone/Dream\ Again
    

SwiftCompile normal x86_64 /Users/shiv/Projects/iphone/Dream\ Again/Dream\ Again/Core/DreamRepresentations.swift (in target 'Dream Again' from project 'Dream Again')
    cd /Users/shiv/Projects/iphone/Dream\ Again
    

SwiftEmitModule normal x86_64 Emitting\ module\ for\ DreamAgain (in target 'Dream Again' from project 'Dream Again')

EmitSwiftModule normal x86_64 (in target 'Dream Again' from project 'Dream Again')
    cd /Users/shiv/Projects/iphone/Dream\ Again
    

SwiftCompile normal x86_64 Compiling\ ContentView.swift,\ Dream_AgainApp.swift,\ GeneratedAssetSymbols.swift /Users/shiv/Projects/iphone/Dream\ Again/Dream\ Again/ContentView.swift /Users/shiv/Projects/iphone/Dream\ Again/Dream\ Again/Dream_AgainApp.swift /Users/shiv/Projects/iphone/Dream\ Again/DerivedData/Build/Intermediates.noindex/Dream\ Again.build/Debug-iphonesimulator/Dream\ Again.build/DerivedSources/GeneratedAssetSymbols.swift (in target 'Dream Again' from project 'Dream Again')
SwiftCompile normal x86_64 /Users/shiv/Projects/iphone/Dream\ Again/Dream\ Again/ContentView.swift (in target 'Dream Again' from project 'Dream Again')
    cd /Users/shiv/Projects/iphone/Dream\ Again
    

SwiftCompile normal x86_64 /Users/shiv/Projects/iphone/Dream\ Again/Dream\ Again/Dream_AgainApp.swift (in target 'Dream Again' from project 'Dream Again')
    cd /Users/shiv/Projects/iphone/Dream\ Again
    

SwiftCompile normal x86_64 /Users/shiv/Projects/iphone/Dream\ Again/DerivedData/Build/Intermediates.noindex/Dream\ Again.build/Debug-iphonesimulator/Dream\ Again.build/DerivedSources/GeneratedAssetSymbols.swift (in target 'Dream Again' from project 'Dream Again')
    cd /Users/shiv/Projects/iphone/Dream\ Again
    

SwiftEmitModule normal arm64 Emitting\ module\ for\ DreamAgain (in target 'Dream Again' from project 'Dream Again')

EmitSwiftModule normal arm64 (in target 'Dream Again' from project 'Dream Again')
    cd /Users/shiv/Projects/iphone/Dream\ Again
    

SwiftCompile normal arm64 Compiling\ DreamMaterials.swift,\ DreamRenderer.swift,\ FittedHats.swift /Users/shiv/Projects/iphone/Dream\ Again/Dream\ Again/Rendering/DreamMaterials.swift /Users/shiv/Projects/iphone/Dream\ Again/Dream\ Again/Rendering/DreamRenderer.swift /Users/shiv/Projects/iphone/Dream\ Again/Dream\ Again/Rendering/FittedHats.swift (in target 'Dream Again' from project 'Dream Again')

SwiftCompile normal arm64 /Users/shiv/Projects/iphone/Dream\ Again/Dream\ Again/Rendering/DreamMaterials.swift (in target 'Dream Again' from project 'Dream Again')
    cd /Users/shiv/Projects/iphone/Dream\ Again
    
/Users/shiv/Projects/iphone/Dream Again/Dream Again/Rendering/DreamMaterials.swift:74:42: warning: 'generate(from:withName:options:)' was deprecated in iOS 18.0: replaced by 'init(image:withName:options:)'
              let t=try? TextureResource.generate(from:cg,options:.init(semantic:normal ? .normal : .color)) else{return nil}
                                         ^
/Users/shiv/Projects/iphone/Dream Again/Dream Again/Rendering/DreamMaterials.swift:74:42: note: use 'init(image:withName:options:)' instead
              let t=try? TextureResource.generate(from:cg,options:.init(semantic:normal ? .normal : .color)) else{return nil}
                                        ~^~~~~~~~ ~~~~
                                                  image

SwiftCompile normal arm64 /Users/shiv/Projects/iphone/Dream\ Again/Dream\ Again/Rendering/DreamRenderer.swift (in target 'Dream Again' from project 'Dream Again')
    cd /Users/shiv/Projects/iphone/Dream\ Again
    

SwiftCompile normal arm64 /Users/shiv/Projects/iphone/Dream\ Again/Dream\ Again/Rendering/FittedHats.swift (in target 'Dream Again' from project 'Dream Again')
    cd /Users/shiv/Projects/iphone/Dream\ Again
    

SwiftCompile normal arm64 Compiling\ Certification.swift,\ Determinism.swift,\ DreamCollageKit.swift,\ DreamRepresentations.swift /Users/shiv/Projects/iphone/Dream\ Again/Dream\ Again/Core/Certification.swift /Users/shiv/Projects/iphone/Dream\ Again/Dream\ Again/Core/Determinism.swift /Users/shiv/Projects/iphone/Dream\ Again/Dream\ Again/Core/DreamCollageKit.swift /Users/shiv/Projects/iphone/Dream\ Again/Dream\ Again/Core/DreamRepresentations.swift (in target 'Dream Again' from project 'Dream Again')

SwiftCompile normal arm64 /Users/shiv/Projects/iphone/Dream\ Again/Dream\ Again/Core/Certification.swift (in target 'Dream Again' from project 'Dream Again')
    cd /Users/shiv/Projects/iphone/Dream\ Again
    

SwiftCompile normal arm64 /Users/shiv/Projects/iphone/Dream\ Again/Dream\ Again/Core/Determinism.swift (in target 'Dream Again' from project 'Dream Again')
    cd /Users/shiv/Projects/iphone/Dream\ Again
    

SwiftCompile normal arm64 /Users/shiv/Projects/iphone/Dream\ Again/Dream\ Again/Core/DreamCollageKit.swift (in target 'Dream Again' from project 'Dream Again')
    cd /Users/shiv/Projects/iphone/Dream\ Again
    

SwiftCompile normal arm64 /Users/shiv/Projects/iphone/Dream\ Again/Dream\ Again/Core/DreamRepresentations.swift (in target 'Dream Again' from project 'Dream Again')
    cd /Users/shiv/Projects/iphone/Dream\ Again
    

SwiftCompile normal arm64 Compiling\ GameModel.swift,\ OptionalGoogleAds.swift,\ PlatformIntegrations.swift /Users/shiv/Projects/iphone/Dream\ Again/Dream\ Again/Services/GameModel.swift /Users/shiv/Projects/iphone/Dream\ Again/Dream\ Again/Services/OptionalGoogleAds.swift /Users/shiv/Projects/iphone/Dream\ Again/Dream\ Again/Services/PlatformIntegrations.swift (in target 'Dream Again' from project 'Dream Again')

SwiftCompile normal arm64 /Users/shiv/Projects/iphone/Dream\ Again/Dream\ Again/Services/GameModel.swift (in target 'Dream Again' from project 'Dream Again')
    cd /Users/shiv/Projects/iphone/Dream\ Again
    

SwiftCompile normal arm64 /Users/shiv/Projects/iphone/Dream\ Again/Dream\ Again/Services/OptionalGoogleAds.swift (in target 'Dream Again' from project 'Dream Again')
    cd /Users/shiv/Projects/iphone/Dream\ Again
    

SwiftCompile normal arm64 /Users/shiv/Projects/iphone/Dream\ Again/Dream\ Again/Services/PlatformIntegrations.swift (in target 'Dream Again' from project 'Dream Again')
    cd /Users/shiv/Projects/iphone/Dream\ Again
    

SwiftDriverJobDiscovery normal arm64 Emitting module for DreamAgain (in target 'Dream Again' from project 'Dream Again')

SwiftDriverJobDiscovery normal x86_64 Emitting module for DreamAgain (in target 'Dream Again' from project 'Dream Again')

SwiftDriver\ Compilation\ Requirements Dream\ Again normal x86_64 com.apple.xcode.tools.swift.compiler (in target 'Dream Again' from project 'Dream Again')
    cd /Users/shiv/Projects/iphone/Dream\ Again
    builtin-Swift-Compilation-Requirements -- /Applications/Xcode.app/Contents/Developer/Toolchains/XcodeDefault.xctoolchain/usr/bin/swiftc -module-name DreamAgain -Onone @/Users/shiv/Projects/iphone/Dream\ Again/DerivedData/Build/Intermediates.noindex/Dream\ Again.build/Debug-iphonesimulator/Dream\ Again.build/Objects-normal/x86_64/Dream\ Again.SwiftFileList -DDEBUG -enable-bare-slash-regex -enable-upcoming-feature DisableOutwardActorInference -enable-upcoming-feature InferSendableFromCaptures -enable-upcoming-feature GlobalActorIsolatedTypesUsability -enable-upcoming-feature MemberImportVisibility -enable-upcoming-feature InferIsolatedConformances -enable-upcoming-feature NonisolatedNonsendingByDefault -enable-experimental-feature DebugDescriptionMacro -sdk /Applications/Xcode.app/Contents/Developer/Platforms/iPhoneSimulator.platform/Developer/SDKs/iPhoneSimulator26.5.sdk -target x86_64-apple-ios18.0-simulator -g -module-cache-path /Users/shiv/Projects/iphone/Dream\ Again/DerivedData/ModuleCache.noindex -Xfrontend -serialize-debugging-options -enable-testing -index-store-path /Users/shiv/Projects/iphone/Dream\ Again/DerivedData/Index.noindex/DataStore -Xcc -D_LIBCPP_HARDENING_MODE\=_LIBCPP_HARDENING_MODE_DEBUG -swift-version 5 -I /Users/shiv/Projects/iphone/Dream\ Again/DerivedData/Build/Products/Debug-iphonesimulator -F /Users/shiv/Projects/iphone/Dream\ Again/DerivedData/Build/Products/Debug-iphonesimulator -emit-localized-strings -emit-localized-strings-path /Users/shiv/Projects/iphone/Dream\ Again/DerivedData/Build/Intermediates.noindex/Dream\ Again.build/Debug-iphonesimulator/Dream\ Again.build/Objects-normal/x86_64 -c -j8 -enable-batch-mode -incremental -Xcc -ivfsstatcache -Xcc /Users/shiv/Projects/iphone/Dream\ Again/DerivedData/SDKStatCaches.noindex/iphonesimulator26.5-23F81a-688ef53f1462e2c8f657fdc38a81448f6cfe768891a92b912361537c460fe42b.sdkstatcache -output-file-map /Users/shiv/Projects/iphone/Dream\ Again/DerivedData/Build/Intermediates.noindex/Dream\ Again.build/Debug-iphonesimulator/Dream\ Again.build/Objects-normal/x86_64/Dream\ Again-OutputFileMap.json -use-frontend-parseable-output -save-temps -no-color-diagnostics -explicit-module-build -module-cache-path /Users/shiv/Projects/iphone/Dream\ Again/DerivedData/Build/Intermediates.noindex/SwiftExplicitPrecompiledModules -clang-scanner-module-cache-path /Users/shiv/Projects/iphone/Dream\ Again/DerivedData/ModuleCache.noindex -sdk-module-cache-path /Users/shiv/Projects/iphone/Dream\ Again/DerivedData/ModuleCache.noindex -serialize-diagnostics -emit-dependencies -emit-module -emit-module-path /Users/shiv/Projects/iphone/Dream\ Again/DerivedData/Build/Intermediates.noindex/Dream\ Again.build/Debug-iphonesimulator/Dream\ Again.build/Objects-normal/x86_64/DreamAgain.swiftmodule -validate-clang-modules-once -clang-build-session-file /Users/shiv/Projects/iphone/Dream\ Again/DerivedData/ModuleCache.noindex/Session.modulevalidation -Xcc -I/Users/shiv/Projects/iphone/Dream\ Again/DerivedData/Build/Intermediates.noindex/Dream\ Again.build/Debug-iphonesimulator/Dream\ Again.build/swift-overrides.hmap -emit-const-values -Xfrontend -const-gather-protocols-file -Xfrontend /Users/shiv/Projects/iphone/Dream\ Again/DerivedData/Build/Intermediates.noindex/Dream\ Again.build/Debug-iphonesimulator/Dream\ Again.build/Objects-normal/x86_64/Dream\ Again_const_extract_protocols.json -Xcc -iquote -Xcc /Users/shiv/Projects/iphone/Dream\ Again/DerivedData/Build/Intermediates.noindex/Dream\ Again.build/Debug-iphonesimulator/Dream\ Again.build/Dream\ Again-generated-files.hmap -Xcc -I/Users/shiv/Projects/iphone/Dream\ Again/DerivedData/Build/Intermediates.noindex/Dream\ Again.build/Debug-iphonesimulator/Dream\ Again.build/Dream\ Again-own-target-headers.hmap -Xcc -I/Users/shiv/Projects/iphone/Dream\ Again/DerivedData/Build/Intermediates.noindex/Dream\ Again.build/Debug-iphonesimulator/Dream\ Again.build/Dream\ Again-all-target-headers.hmap -Xcc -iquote -Xcc /Users/shiv/Projects/iphone/Dream\ Again/DerivedData/Build/Intermediates.noindex/Dream\ Again.build/Debug-iphonesimulator/Dream\ Again.build/Dream\ Again-project-headers.hmap -Xcc -I/Users/shiv/Projects/iphone/Dream\ Again/DerivedData/Build/Products/Debug-iphonesimulator/include -Xcc -I/Users/shiv/Projects/iphone/Dream\ Again/DerivedData/Build/Intermediates.noindex/Dream\ Again.build/Debug-iphonesimulator/Dream\ Again.build/DerivedSources-normal/x86_64 -Xcc -I/Users/shiv/Projects/iphone/Dream\ Again/DerivedData/Build/Intermediates.noindex/Dream\ Again.build/Debug-iphonesimulator/Dream\ Again.build/DerivedSources/x86_64 -Xcc -I/Users/shiv/Projects/iphone/Dream\ Again/DerivedData/Build/Intermediates.noindex/Dream\ Again.build/Debug-iphonesimulator/Dream\ Again.build/DerivedSources -Xcc -DDEBUG\=1 -emit-objc-header -emit-objc-header-path /Users/shiv/Projects/iphone/Dream\ Again/DerivedData/Build/Intermediates.noindex/Dream\ Again.build/Debug-iphonesimulator/Dream\ Again.build/Objects-normal/x86_64/DreamAgain-Swift.h -working-directory /Users/shiv/Projects/iphone/Dream\ Again -experimental-emit-module-separately -disable-cmo

SwiftDriverJobDiscovery normal x86_64 Compiling Certification.swift, Determinism.swift, DreamCollageKit.swift, DreamRepresentations.swift (in target 'Dream Again' from project 'Dream Again')

SwiftDriver\ Compilation\ Requirements Dream\ Again normal arm64 com.apple.xcode.tools.swift.compiler (in target 'Dream Again' from project 'Dream Again')
    cd /Users/shiv/Projects/iphone/Dream\ Again
    builtin-Swift-Compilation-Requirements -- /Applications/Xcode.app/Contents/Developer/Toolchains/XcodeDefault.xctoolchain/usr/bin/swiftc -module-name DreamAgain -Onone @/Users/shiv/Projects/iphone/Dream\ Again/DerivedData/Build/Intermediates.noindex/Dream\ Again.build/Debug-iphonesimulator/Dream\ Again.build/Objects-normal/arm64/Dream\ Again.SwiftFileList -DDEBUG -enable-bare-slash-regex -enable-upcoming-feature DisableOutwardActorInference -enable-upcoming-feature InferSendableFromCaptures -enable-upcoming-feature GlobalActorIsolatedTypesUsability -enable-upcoming-feature MemberImportVisibility -enable-upcoming-feature InferIsolatedConformances -enable-upcoming-feature NonisolatedNonsendingByDefault -enable-experimental-feature DebugDescriptionMacro -sdk /Applications/Xcode.app/Contents/Developer/Platforms/iPhoneSimulator.platform/Developer/SDKs/iPhoneSimulator26.5.sdk -target arm64-apple-ios18.0-simulator -g -module-cache-path /Users/shiv/Projects/iphone/Dream\ Again/DerivedData/ModuleCache.noindex -Xfrontend -serialize-debugging-options -enable-testing -index-store-path /Users/shiv/Projects/iphone/Dream\ Again/DerivedData/Index.noindex/DataStore -Xcc -D_LIBCPP_HARDENING_MODE\=_LIBCPP_HARDENING_MODE_DEBUG -swift-version 5 -I /Users/shiv/Projects/iphone/Dream\ Again/DerivedData/Build/Products/Debug-iphonesimulator -F /Users/shiv/Projects/iphone/Dream\ Again/DerivedData/Build/Products/Debug-iphonesimulator -emit-localized-strings -emit-localized-strings-path /Users/shiv/Projects/iphone/Dream\ Again/DerivedData/Build/Intermediates.noindex/Dream\ Again.build/Debug-iphonesimulator/Dream\ Again.build/Objects-normal/arm64 -c -j8 -enable-batch-mode -incremental -Xcc -ivfsstatcache -Xcc /Users/shiv/Projects/iphone/Dream\ Again/DerivedData/SDKStatCaches.noindex/iphonesimulator26.5-23F81a-688ef53f1462e2c8f657fdc38a81448f6cfe768891a92b912361537c460fe42b.sdkstatcache -output-file-map /Users/shiv/Projects/iphone/Dream\ Again/DerivedData/Build/Intermediates.noindex/Dream\ Again.build/Debug-iphonesimulator/Dream\ Again.build/Objects-normal/arm64/Dream\ Again-OutputFileMap.json -use-frontend-parseable-output -save-temps -no-color-diagnostics -explicit-module-build -module-cache-path /Users/shiv/Projects/iphone/Dream\ Again/DerivedData/Build/Intermediates.noindex/SwiftExplicitPrecompiledModules -clang-scanner-module-cache-path /Users/shiv/Projects/iphone/Dream\ Again/DerivedData/ModuleCache.noindex -sdk-module-cache-path /Users/shiv/Projects/iphone/Dream\ Again/DerivedData/ModuleCache.noindex -serialize-diagnostics -emit-dependencies -emit-module -emit-module-path /Users/shiv/Projects/iphone/Dream\ Again/DerivedData/Build/Intermediates.noindex/Dream\ Again.build/Debug-iphonesimulator/Dream\ Again.build/Objects-normal/arm64/DreamAgain.swiftmodule -validate-clang-modules-once -clang-build-session-file /Users/shiv/Projects/iphone/Dream\ Again/DerivedData/ModuleCache.noindex/Session.modulevalidation -Xcc -I/Users/shiv/Projects/iphone/Dream\ Again/DerivedData/Build/Intermediates.noindex/Dream\ Again.build/Debug-iphonesimulator/Dream\ Again.build/swift-overrides.hmap -emit-const-values -Xfrontend -const-gather-protocols-file -Xfrontend /Users/shiv/Projects/iphone/Dream\ Again/DerivedData/Build/Intermediates.noindex/Dream\ Again.build/Debug-iphonesimulator/Dream\ Again.build/Objects-normal/arm64/Dream\ Again_const_extract_protocols.json -Xcc -iquote -Xcc /Users/shiv/Projects/iphone/Dream\ Again/DerivedData/Build/Intermediates.noindex/Dream\ Again.build/Debug-iphonesimulator/Dream\ Again.build/Dream\ Again-generated-files.hmap -Xcc -I/Users/shiv/Projects/iphone/Dream\ Again/DerivedData/Build/Intermediates.noindex/Dream\ Again.build/Debug-iphonesimulator/Dream\ Again.build/Dream\ Again-own-target-headers.hmap -Xcc -I/Users/shiv/Projects/iphone/Dream\ Again/DerivedData/Build/Intermediates.noindex/Dream\ Again.build/Debug-iphonesimulator/Dream\ Again.build/Dream\ Again-all-target-headers.hmap -Xcc -iquote -Xcc /Users/shiv/Projects/iphone/Dream\ Again/DerivedData/Build/Intermediates.noindex/Dream\ Again.build/Debug-iphonesimulator/Dream\ Again.build/Dream\ Again-project-headers.hmap -Xcc -I/Users/shiv/Projects/iphone/Dream\ Again/DerivedData/Build/Products/Debug-iphonesimulator/include -Xcc -I/Users/shiv/Projects/iphone/Dream\ Again/DerivedData/Build/Intermediates.noindex/Dream\ Again.build/Debug-iphonesimulator/Dream\ Again.build/DerivedSources-normal/arm64 -Xcc -I/Users/shiv/Projects/iphone/Dream\ Again/DerivedData/Build/Intermediates.noindex/Dream\ Again.build/Debug-iphonesimulator/Dream\ Again.build/DerivedSources/arm64 -Xcc -I/Users/shiv/Projects/iphone/Dream\ Again/DerivedData/Build/Intermediates.noindex/Dream\ Again.build/Debug-iphonesimulator/Dream\ Again.build/DerivedSources -Xcc -DDEBUG\=1 -emit-objc-header -emit-objc-header-path /Users/shiv/Projects/iphone/Dream\ Again/DerivedData/Build/Intermediates.noindex/Dream\ Again.build/Debug-iphonesimulator/Dream\ Again.build/Objects-normal/arm64/DreamAgain-Swift.h -working-directory /Users/shiv/Projects/iphone/Dream\ Again -experimental-emit-module-separately -disable-cmo

SwiftCompile normal arm64 Compiling\ AuthoredDreamRunner.swift,\ CloudBank.swift,\ DistantPathRenderer.swift,\ DreamArtDirection.swift /Users/shiv/Projects/iphone/Dream\ Again/Dream\ Again/Rendering/AuthoredDreamRunner.swift /Users/shiv/Projects/iphone/Dream\ Again/Dream\ Again/Rendering/CloudBank.swift /Users/shiv/Projects/iphone/Dream\ Again/Dream\ Again/Rendering/DistantPathRenderer.swift /Users/shiv/Projects/iphone/Dream\ Again/Dream\ Again/Rendering/DreamArtDirection.swift (in target 'Dream Again' from project 'Dream Again')

SwiftCompile normal arm64 /Users/shiv/Projects/iphone/Dream\ Again/Dream\ Again/Rendering/AuthoredDreamRunner.swift (in target 'Dream Again' from project 'Dream Again')
    cd /Users/shiv/Projects/iphone/Dream\ Again
    

SwiftCompile normal arm64 /Users/shiv/Projects/iphone/Dream\ Again/Dream\ Again/Rendering/CloudBank.swift (in target 'Dream Again' from project 'Dream Again')
    cd /Users/shiv/Projects/iphone/Dream\ Again
    
/Users/shiv/Projects/iphone/Dream Again/Dream Again/Rendering/CloudBank.swift:40:53: warning: 'generate(from:withName:options:)' was deprecated in iOS 18.0: replaced by 'init(image:withName:options:)'
                        return try? TextureResource.generate(from:bitmap,options:.init(semantic:.color))
                                                    ^
/Users/shiv/Projects/iphone/Dream Again/Dream Again/Rendering/CloudBank.swift:40:53: note: use 'init(image:withName:options:)' instead
                        return try? TextureResource.generate(from:bitmap,options:.init(semantic:.color))
                                                   ~^~~~~~~~ ~~~~
                                                             image

SwiftCompile normal arm64 /Users/shiv/Projects/iphone/Dream\ Again/Dream\ Again/Rendering/DistantPathRenderer.swift (in target 'Dream Again' from project 'Dream Again')
    cd /Users/shiv/Projects/iphone/Dream\ Again
    

SwiftCompile normal arm64 /Users/shiv/Projects/iphone/Dream\ Again/Dream\ Again/Rendering/DreamArtDirection.swift (in target 'Dream Again' from project 'Dream Again')
    cd /Users/shiv/Projects/iphone/Dream\ Again
    
/Users/shiv/Projects/iphone/Dream Again/Dream Again/Rendering/DreamArtDirection.swift:120:51: warning: 'generate(from:withName:options:)' was deprecated in iOS 18.0: replaced by 'init(image:withName:options:)'
        skyTextures[palette]=try? TextureResource.generate(from:cg,options:.init(semantic:.color));applySkyTexture(palette)
                                                  ^
/Users/shiv/Projects/iphone/Dream Again/Dream Again/Rendering/DreamArtDirection.swift:120:51: note: use 'init(image:withName:options:)' instead
        skyTextures[palette]=try? TextureResource.generate(from:cg,options:.init(semantic:.color));applySkyTexture(palette)
                                                 ~^~~~~~~~ ~~~~
                                                           image

Copy /Users/shiv/Projects/iphone/Dream\ Again/DerivedData/Build/Products/Debug-iphonesimulator/DreamAgain.swiftmodule/x86_64-apple-ios-simulator.swiftmodule /Users/shiv/Projects/iphone/Dream\ Again/DerivedData/Build/Intermediates.noindex/Dream\ Again.build/Debug-iphonesimulator/Dream\ Again.build/Objects-normal/x86_64/DreamAgain.swiftmodule (in target 'Dream Again' from project 'Dream Again')
    cd /Users/shiv/Projects/iphone/Dream\ Again
    builtin-copy -exclude .DS_Store -exclude CVS -exclude .svn -exclude .git -exclude .hg -resolve-src-symlinks -rename /Users/shiv/Projects/iphone/Dream\ Again/DerivedData/Build/Intermediates.noindex/Dream\ Again.build/Debug-iphonesimulator/Dream\ Again.build/Objects-normal/x86_64/DreamAgain.swiftmodule /Users/shiv/Projects/iphone/Dream\ Again/DerivedData/Build/Products/Debug-iphonesimulator/DreamAgain.swiftmodule/x86_64-apple-ios-simulator.swiftmodule

SwiftDriverJobDiscovery normal x86_64 Compiling AuthoredDreamRunner.swift, CloudBank.swift, DistantPathRenderer.swift, DreamArtDirection.swift (in target 'Dream Again' from project 'Dream Again')

Copy /Users/shiv/Projects/iphone/Dream\ Again/DerivedData/Build/Products/Debug-iphonesimulator/DreamAgain.swiftmodule/x86_64-apple-ios-simulator.swiftdoc /Users/shiv/Projects/iphone/Dream\ Again/DerivedData/Build/Intermediates.noindex/Dream\ Again.build/Debug-iphonesimulator/Dream\ Again.build/Objects-normal/x86_64/DreamAgain.swiftdoc (in target 'Dream Again' from project 'Dream Again')
    cd /Users/shiv/Projects/iphone/Dream\ Again
    builtin-copy -exclude .DS_Store -exclude CVS -exclude .svn -exclude .git -exclude .hg -resolve-src-symlinks -rename /Users/shiv/Projects/iphone/Dream\ Again/DerivedData/Build/Intermediates.noindex/Dream\ Again.build/Debug-iphonesimulator/Dream\ Again.build/Objects-normal/x86_64/DreamAgain.swiftdoc /Users/shiv/Projects/iphone/Dream\ Again/DerivedData/Build/Products/Debug-iphonesimulator/DreamAgain.swiftmodule/x86_64-apple-ios-simulator.swiftdoc

Copy /Users/shiv/Projects/iphone/Dream\ Again/DerivedData/Build/Products/Debug-iphonesimulator/DreamAgain.swiftmodule/x86_64-apple-ios-simulator.abi.json /Users/shiv/Projects/iphone/Dream\ Again/DerivedData/Build/Intermediates.noindex/Dream\ Again.build/Debug-iphonesimulator/Dream\ Again.build/Objects-normal/x86_64/DreamAgain.abi.json (in target 'Dream Again' from project 'Dream Again')
    cd /Users/shiv/Projects/iphone/Dream\ Again
    builtin-copy -exclude .DS_Store -exclude CVS -exclude .svn -exclude .git -exclude .hg -resolve-src-symlinks -rename /Users/shiv/Projects/iphone/Dream\ Again/DerivedData/Build/Intermediates.noindex/Dream\ Again.build/Debug-iphonesimulator/Dream\ Again.build/Objects-normal/x86_64/DreamAgain.abi.json /Users/shiv/Projects/iphone/Dream\ Again/DerivedData/Build/Products/Debug-iphonesimulator/DreamAgain.swiftmodule/x86_64-apple-ios-simulator.abi.json

Copy /Users/shiv/Projects/iphone/Dream\ Again/DerivedData/Build/Products/Debug-iphonesimulator/DreamAgain.swiftmodule/arm64-apple-ios-simulator.swiftmodule /Users/shiv/Projects/iphone/Dream\ Again/DerivedData/Build/Intermediates.noindex/Dream\ Again.build/Debug-iphonesimulator/Dream\ Again.build/Objects-normal/arm64/DreamAgain.swiftmodule (in target 'Dream Again' from project 'Dream Again')
    cd /Users/shiv/Projects/iphone/Dream\ Again
    builtin-copy -exclude .DS_Store -exclude CVS -exclude .svn -exclude .git -exclude .hg -resolve-src-symlinks -rename /Users/shiv/Projects/iphone/Dream\ Again/DerivedData/Build/Intermediates.noindex/Dream\ Again.build/Debug-iphonesimulator/Dream\ Again.build/Objects-normal/arm64/DreamAgain.swiftmodule /Users/shiv/Projects/iphone/Dream\ Again/DerivedData/Build/Products/Debug-iphonesimulator/DreamAgain.swiftmodule/arm64-apple-ios-simulator.swiftmodule

Copy /Users/shiv/Projects/iphone/Dream\ Again/DerivedData/Build/Products/Debug-iphonesimulator/DreamAgain.swiftmodule/arm64-apple-ios-simulator.swiftdoc /Users/shiv/Projects/iphone/Dream\ Again/DerivedData/Build/Intermediates.noindex/Dream\ Again.build/Debug-iphonesimulator/Dream\ Again.build/Objects-normal/arm64/DreamAgain.swiftdoc (in target 'Dream Again' from project 'Dream Again')
    cd /Users/shiv/Projects/iphone/Dream\ Again
    builtin-copy -exclude .DS_Store -exclude CVS -exclude .svn -exclude .git -exclude .hg -resolve-src-symlinks -rename /Users/shiv/Projects/iphone/Dream\ Again/DerivedData/Build/Intermediates.noindex/Dream\ Again.build/Debug-iphonesimulator/Dream\ Again.build/Objects-normal/arm64/DreamAgain.swiftdoc /Users/shiv/Projects/iphone/Dream\ Again/DerivedData/Build/Products/Debug-iphonesimulator/DreamAgain.swiftmodule/arm64-apple-ios-simulator.swiftdoc

Copy /Users/shiv/Projects/iphone/Dream\ Again/DerivedData/Build/Products/Debug-iphonesimulator/DreamAgain.swiftmodule/arm64-apple-ios-simulator.abi.json /Users/shiv/Projects/iphone/Dream\ Again/DerivedData/Build/Intermediates.noindex/Dream\ Again.build/Debug-iphonesimulator/Dream\ Again.build/Objects-normal/arm64/DreamAgain.abi.json (in target 'Dream Again' from project 'Dream Again')
    cd /Users/shiv/Projects/iphone/Dream\ Again
    builtin-copy -exclude .DS_Store -exclude CVS -exclude .svn -exclude .git -exclude .hg -resolve-src-symlinks -rename /Users/shiv/Projects/iphone/Dream\ Again/DerivedData/Build/Intermediates.noindex/Dream\ Again.build/Debug-iphonesimulator/Dream\ Again.build/Objects-normal/arm64/DreamAgain.abi.json /Users/shiv/Projects/iphone/Dream\ Again/DerivedData/Build/Products/Debug-iphonesimulator/DreamAgain.swiftmodule/arm64-apple-ios-simulator.abi.json

Copy /Users/shiv/Projects/iphone/Dream\ Again/DerivedData/Build/Products/Debug-iphonesimulator/DreamAgain.swiftmodule/Project/x86_64-apple-ios-simulator.swiftsourceinfo /Users/shiv/Projects/iphone/Dream\ Again/DerivedData/Build/Intermediates.noindex/Dream\ Again.build/Debug-iphonesimulator/Dream\ Again.build/Objects-normal/x86_64/DreamAgain.swiftsourceinfo (in target 'Dream Again' from project 'Dream Again')
    cd /Users/shiv/Projects/iphone/Dream\ Again
    builtin-copy -exclude .DS_Store -exclude CVS -exclude .svn -exclude .git -exclude .hg -resolve-src-symlinks -rename /Users/shiv/Projects/iphone/Dream\ Again/DerivedData/Build/Intermediates.noindex/Dream\ Again.build/Debug-iphonesimulator/Dream\ Again.build/Objects-normal/x86_64/DreamAgain.swiftsourceinfo /Users/shiv/Projects/iphone/Dream\ Again/DerivedData/Build/Products/Debug-iphonesimulator/DreamAgain.swiftmodule/Project/x86_64-apple-ios-simulator.swiftsourceinfo

Copy /Users/shiv/Projects/iphone/Dream\ Again/DerivedData/Build/Products/Debug-iphonesimulator/DreamAgain.swiftmodule/Project/arm64-apple-ios-simulator.swiftsourceinfo /Users/shiv/Projects/iphone/Dream\ Again/DerivedData/Build/Intermediates.noindex/Dream\ Again.build/Debug-iphonesimulator/Dream\ Again.build/Objects-normal/arm64/DreamAgain.swiftsourceinfo (in target 'Dream Again' from project 'Dream Again')
    cd /Users/shiv/Projects/iphone/Dream\ Again
    builtin-copy -exclude .DS_Store -exclude CVS -exclude .svn -exclude .git -exclude .hg -resolve-src-symlinks -rename /Users/shiv/Projects/iphone/Dream\ Again/DerivedData/Build/Intermediates.noindex/Dream\ Again.build/Debug-iphonesimulator/Dream\ Again.build/Objects-normal/arm64/DreamAgain.swiftsourceinfo /Users/shiv/Projects/iphone/Dream\ Again/DerivedData/Build/Products/Debug-iphonesimulator/DreamAgain.swiftmodule/Project/arm64-apple-ios-simulator.swiftsourceinfo

SwiftCompile normal arm64 Compiling\ ContentView.swift,\ Dream_AgainApp.swift,\ GeneratedAssetSymbols.swift /Users/shiv/Projects/iphone/Dream\ Again/Dream\ Again/ContentView.swift /Users/shiv/Projects/iphone/Dream\ Again/Dream\ Again/Dream_AgainApp.swift /Users/shiv/Projects/iphone/Dream\ Again/DerivedData/Build/Intermediates.noindex/Dream\ Again.build/Debug-iphonesimulator/Dream\ Again.build/DerivedSources/GeneratedAssetSymbols.swift (in target 'Dream Again' from project 'Dream Again')
SwiftCompile normal arm64 /Users/shiv/Projects/iphone/Dream\ Again/Dream\ Again/ContentView.swift (in target 'Dream Again' from project 'Dream Again')
    cd /Users/shiv/Projects/iphone/Dream\ Again
    

SwiftCompile normal arm64 /Users/shiv/Projects/iphone/Dream\ Again/Dream\ Again/Dream_AgainApp.swift (in target 'Dream Again' from project 'Dream Again')
    cd /Users/shiv/Projects/iphone/Dream\ Again
    

SwiftCompile normal arm64 /Users/shiv/Projects/iphone/Dream\ Again/DerivedData/Build/Intermediates.noindex/Dream\ Again.build/Debug-iphonesimulator/Dream\ Again.build/DerivedSources/GeneratedAssetSymbols.swift (in target 'Dream Again' from project 'Dream Again')
    cd /Users/shiv/Projects/iphone/Dream\ Again
    

SwiftCompile normal x86_64 Compiling\ SculptedGeometry.swift,\ Commerce.swift,\ DeviceServices.swift /Users/shiv/Projects/iphone/Dream\ Again/Dream\ Again/Rendering/SculptedGeometry.swift /Users/shiv/Projects/iphone/Dream\ Again/Dream\ Again/Services/Commerce.swift /Users/shiv/Projects/iphone/Dream\ Again/Dream\ Again/Services/DeviceServices.swift (in target 'Dream Again' from project 'Dream Again')

SwiftCompile normal x86_64 /Users/shiv/Projects/iphone/Dream\ Again/Dream\ Again/Rendering/SculptedGeometry.swift (in target 'Dream Again' from project 'Dream Again')
    cd /Users/shiv/Projects/iphone/Dream\ Again
    

SwiftCompile normal x86_64 /Users/shiv/Projects/iphone/Dream\ Again/Dream\ Again/Services/Commerce.swift (in target 'Dream Again' from project 'Dream Again')
    cd /Users/shiv/Projects/iphone/Dream\ Again
    

SwiftCompile normal x86_64 /Users/shiv/Projects/iphone/Dream\ Again/Dream\ Again/Services/DeviceServices.swift (in target 'Dream Again' from project 'Dream Again')
    cd /Users/shiv/Projects/iphone/Dream\ Again
    

SwiftDriverJobDiscovery normal x86_64 Compiling DreamMaterials.swift, DreamRenderer.swift, FittedHats.swift (in target 'Dream Again' from project 'Dream Again')

SwiftCompile normal x86_64 Compiling\ Geometry.swift,\ HybridDreamLayers.swift,\ PaletteEvolution.swift /Users/shiv/Projects/iphone/Dream\ Again/Dream\ Again/Rendering/Geometry.swift /Users/shiv/Projects/iphone/Dream\ Again/Dream\ Again/Rendering/HybridDreamLayers.swift /Users/shiv/Projects/iphone/Dream\ Again/Dream\ Again/Rendering/PaletteEvolution.swift (in target 'Dream Again' from project 'Dream Again')
SwiftCompile normal x86_64 /Users/shiv/Projects/iphone/Dream\ Again/Dream\ Again/Rendering/Geometry.swift (in target 'Dream Again' from project 'Dream Again')
    cd /Users/shiv/Projects/iphone/Dream\ Again
    

SwiftCompile normal x86_64 /Users/shiv/Projects/iphone/Dream\ Again/Dream\ Again/Rendering/HybridDreamLayers.swift (in target 'Dream Again' from project 'Dream Again')
    cd /Users/shiv/Projects/iphone/Dream\ Again
    
/Users/shiv/Projects/iphone/Dream Again/Dream Again/Rendering/HybridDreamLayers.swift:9:40: warning: call to main actor-isolated initializer 'init(mesh:materials:)' in a synchronous nonisolated context
        init(mesh:MeshResource) {model=ModelEntity(mesh:mesh,materials:[]);model.isEnabled=false}
                                       ^
RealityKit.ModelEntity.init:2:35: note: calls to initializer 'init(mesh:materials:)' from outside of its actor context are implicitly asynchronous
@MainActor @preconcurrency public init(mesh: MeshResource, materials: [any Material] = [])}
                                  ^
/Users/shiv/Projects/iphone/Dream Again/Dream Again/Rendering/HybridDreamLayers.swift:9:82: warning: main actor-isolated property 'isEnabled' can not be mutated from a nonisolated context
        init(mesh:MeshResource) {model=ModelEntity(mesh:mesh,materials:[]);model.isEnabled=false}
                                                                                 ^
RealityKit.Entity.isEnabled:2:39: note: mutation of this property is only permitted within the actor
@MainActor @preconcurrency public var isEnabled: Bool { get set }}
                                      ^

SwiftCompile normal x86_64 /Users/shiv/Projects/iphone/Dream\ Again/Dream\ Again/Rendering/PaletteEvolution.swift (in target 'Dream Again' from project 'Dream Again')
    cd /Users/shiv/Projects/iphone/Dream\ Again
    

SwiftDriverJobDiscovery normal arm64 Compiling DreamMaterials.swift, DreamRenderer.swift, FittedHats.swift (in target 'Dream Again' from project 'Dream Again')

SwiftCompile normal arm64 Compiling\ SculptedGeometry.swift,\ Commerce.swift,\ DeviceServices.swift /Users/shiv/Projects/iphone/Dream\ Again/Dream\ Again/Rendering/SculptedGeometry.swift /Users/shiv/Projects/iphone/Dream\ Again/Dream\ Again/Services/Commerce.swift /Users/shiv/Projects/iphone/Dream\ Again/Dream\ Again/Services/DeviceServices.swift (in target 'Dream Again' from project 'Dream Again')

SwiftCompile normal arm64 /Users/shiv/Projects/iphone/Dream\ Again/Dream\ Again/Rendering/SculptedGeometry.swift (in target 'Dream Again' from project 'Dream Again')
    cd /Users/shiv/Projects/iphone/Dream\ Again
    

SwiftCompile normal arm64 /Users/shiv/Projects/iphone/Dream\ Again/Dream\ Again/Services/Commerce.swift (in target 'Dream Again' from project 'Dream Again')
    cd /Users/shiv/Projects/iphone/Dream\ Again
    

SwiftCompile normal arm64 /Users/shiv/Projects/iphone/Dream\ Again/Dream\ Again/Services/DeviceServices.swift (in target 'Dream Again' from project 'Dream Again')
    cd /Users/shiv/Projects/iphone/Dream\ Again
    

SwiftDriverJobDiscovery normal arm64 Compiling Certification.swift, Determinism.swift, DreamCollageKit.swift, DreamRepresentations.swift (in target 'Dream Again' from project 'Dream Again')

SwiftCompile normal x86_64 Compiling\ GameModel.swift,\ OptionalGoogleAds.swift,\ PlatformIntegrations.swift /Users/shiv/Projects/iphone/Dream\ Again/Dream\ Again/Services/GameModel.swift /Users/shiv/Projects/iphone/Dream\ Again/Dream\ Again/Services/OptionalGoogleAds.swift /Users/shiv/Projects/iphone/Dream\ Again/Dream\ Again/Services/PlatformIntegrations.swift (in target 'Dream Again' from project 'Dream Again')

SwiftCompile normal x86_64 /Users/shiv/Projects/iphone/Dream\ Again/Dream\ Again/Services/GameModel.swift (in target 'Dream Again' from project 'Dream Again')
    cd /Users/shiv/Projects/iphone/Dream\ Again
    

SwiftCompile normal x86_64 /Users/shiv/Projects/iphone/Dream\ Again/Dream\ Again/Services/OptionalGoogleAds.swift (in target 'Dream Again' from project 'Dream Again')
    cd /Users/shiv/Projects/iphone/Dream\ Again
    

SwiftCompile normal x86_64 /Users/shiv/Projects/iphone/Dream\ Again/Dream\ Again/Services/PlatformIntegrations.swift (in target 'Dream Again' from project 'Dream Again')
    cd /Users/shiv/Projects/iphone/Dream\ Again
    

SwiftDriverJobDiscovery normal arm64 Compiling GameModel.swift, OptionalGoogleAds.swift, PlatformIntegrations.swift (in target 'Dream Again' from project 'Dream Again')

SwiftCompile normal arm64 Compiling\ Persistence.swift,\ Rules.swift,\ Simulation.swift,\ World.swift /Users/shiv/Projects/iphone/Dream\ Again/Dream\ Again/Core/Persistence.swift /Users/shiv/Projects/iphone/Dream\ Again/Dream\ Again/Core/Rules.swift /Users/shiv/Projects/iphone/Dream\ Again/Dream\ Again/Core/Simulation.swift /Users/shiv/Projects/iphone/Dream\ Again/Dream\ Again/Core/World.swift (in target 'Dream Again' from project 'Dream Again')

SwiftCompile normal arm64 /Users/shiv/Projects/iphone/Dream\ Again/Dream\ Again/Core/Persistence.swift (in target 'Dream Again' from project 'Dream Again')
    cd /Users/shiv/Projects/iphone/Dream\ Again
    

SwiftCompile normal arm64 /Users/shiv/Projects/iphone/Dream\ Again/Dream\ Again/Core/Rules.swift (in target 'Dream Again' from project 'Dream Again')
    cd /Users/shiv/Projects/iphone/Dream\ Again
    

SwiftCompile normal arm64 /Users/shiv/Projects/iphone/Dream\ Again/Dream\ Again/Core/Simulation.swift (in target 'Dream Again' from project 'Dream Again')
    cd /Users/shiv/Projects/iphone/Dream\ Again
    

SwiftCompile normal arm64 /Users/shiv/Projects/iphone/Dream\ Again/Dream\ Again/Core/World.swift (in target 'Dream Again' from project 'Dream Again')
    cd /Users/shiv/Projects/iphone/Dream\ Again
    

SwiftDriverJobDiscovery normal x86_64 Compiling Persistence.swift, Rules.swift, Simulation.swift, World.swift (in target 'Dream Again' from project 'Dream Again')

SwiftCompile normal arm64 Compiling\ Geometry.swift,\ HybridDreamLayers.swift,\ PaletteEvolution.swift /Users/shiv/Projects/iphone/Dream\ Again/Dream\ Again/Rendering/Geometry.swift /Users/shiv/Projects/iphone/Dream\ Again/Dream\ Again/Rendering/HybridDreamLayers.swift /Users/shiv/Projects/iphone/Dream\ Again/Dream\ Again/Rendering/PaletteEvolution.swift (in target 'Dream Again' from project 'Dream Again')
SwiftCompile normal arm64 /Users/shiv/Projects/iphone/Dream\ Again/Dream\ Again/Rendering/Geometry.swift (in target 'Dream Again' from project 'Dream Again')
    cd /Users/shiv/Projects/iphone/Dream\ Again
    

SwiftCompile normal arm64 /Users/shiv/Projects/iphone/Dream\ Again/Dream\ Again/Rendering/HybridDreamLayers.swift (in target 'Dream Again' from project 'Dream Again')
    cd /Users/shiv/Projects/iphone/Dream\ Again
    
/Users/shiv/Projects/iphone/Dream Again/Dream Again/Rendering/HybridDreamLayers.swift:9:40: warning: call to main actor-isolated initializer 'init(mesh:materials:)' in a synchronous nonisolated context
        init(mesh:MeshResource) {model=ModelEntity(mesh:mesh,materials:[]);model.isEnabled=false}
                                       ^
RealityKit.ModelEntity.init:2:35: note: calls to initializer 'init(mesh:materials:)' from outside of its actor context are implicitly asynchronous
@MainActor @preconcurrency public init(mesh: MeshResource, materials: [any Material] = [])}
                                  ^
/Users/shiv/Projects/iphone/Dream Again/Dream Again/Rendering/HybridDreamLayers.swift:9:82: warning: main actor-isolated property 'isEnabled' can not be mutated from a nonisolated context
        init(mesh:MeshResource) {model=ModelEntity(mesh:mesh,materials:[]);model.isEnabled=false}
                                                                                 ^
RealityKit.Entity.isEnabled:2:39: note: mutation of this property is only permitted within the actor
@MainActor @preconcurrency public var isEnabled: Bool { get set }}
                                      ^

SwiftCompile normal arm64 /Users/shiv/Projects/iphone/Dream\ Again/Dream\ Again/Rendering/PaletteEvolution.swift (in target 'Dream Again' from project 'Dream Again')
    cd /Users/shiv/Projects/iphone/Dream\ Again
    

SwiftDriverJobDiscovery normal x86_64 Compiling SculptedGeometry.swift, Commerce.swift, DeviceServices.swift (in target 'Dream Again' from project 'Dream Again')

SwiftDriverJobDiscovery normal arm64 Compiling AuthoredDreamRunner.swift, CloudBank.swift, DistantPathRenderer.swift, DreamArtDirection.swift (in target 'Dream Again' from project 'Dream Again')

SwiftDriverJobDiscovery normal arm64 Compiling SculptedGeometry.swift, Commerce.swift, DeviceServices.swift (in target 'Dream Again' from project 'Dream Again')

SwiftDriverJobDiscovery normal x86_64 Compiling GameModel.swift, OptionalGoogleAds.swift, PlatformIntegrations.swift (in target 'Dream Again' from project 'Dream Again')

SwiftDriverJobDiscovery normal x86_64 Compiling ContentView.swift, Dream_AgainApp.swift, GeneratedAssetSymbols.swift (in target 'Dream Again' from project 'Dream Again')

SwiftDriverJobDiscovery normal arm64 Compiling ContentView.swift, Dream_AgainApp.swift, GeneratedAssetSymbols.swift (in target 'Dream Again' from project 'Dream Again')

SwiftDriverJobDiscovery normal arm64 Compiling Persistence.swift, Rules.swift, Simulation.swift, World.swift (in target 'Dream Again' from project 'Dream Again')

SwiftDriverJobDiscovery normal x86_64 Compiling Geometry.swift, HybridDreamLayers.swift, PaletteEvolution.swift (in target 'Dream Again' from project 'Dream Again')

SwiftDriver\ Compilation Dream\ Again normal x86_64 com.apple.xcode.tools.swift.compiler (in target 'Dream Again' from project 'Dream Again')
    cd /Users/shiv/Projects/iphone/Dream\ Again
    builtin-Swift-Compilation -- /Applications/Xcode.app/Contents/Developer/Toolchains/XcodeDefault.xctoolchain/usr/bin/swiftc -module-name DreamAgain -Onone @/Users/shiv/Projects/iphone/Dream\ Again/DerivedData/Build/Intermediates.noindex/Dream\ Again.build/Debug-iphonesimulator/Dream\ Again.build/Objects-normal/x86_64/Dream\ Again.SwiftFileList -DDEBUG -enable-bare-slash-regex -enable-upcoming-feature DisableOutwardActorInference -enable-upcoming-feature InferSendableFromCaptures -enable-upcoming-feature GlobalActorIsolatedTypesUsability -enable-upcoming-feature MemberImportVisibility -enable-upcoming-feature InferIsolatedConformances -enable-upcoming-feature NonisolatedNonsendingByDefault -enable-experimental-feature DebugDescriptionMacro -sdk /Applications/Xcode.app/Contents/Developer/Platforms/iPhoneSimulator.platform/Developer/SDKs/iPhoneSimulator26.5.sdk -target x86_64-apple-ios18.0-simulator -g -module-cache-path /Users/shiv/Projects/iphone/Dream\ Again/DerivedData/ModuleCache.noindex -Xfrontend -serialize-debugging-options -enable-testing -index-store-path /Users/shiv/Projects/iphone/Dream\ Again/DerivedData/Index.noindex/DataStore -Xcc -D_LIBCPP_HARDENING_MODE\=_LIBCPP_HARDENING_MODE_DEBUG -swift-version 5 -I /Users/shiv/Projects/iphone/Dream\ Again/DerivedData/Build/Products/Debug-iphonesimulator -F /Users/shiv/Projects/iphone/Dream\ Again/DerivedData/Build/Products/Debug-iphonesimulator -emit-localized-strings -emit-localized-strings-path /Users/shiv/Projects/iphone/Dream\ Again/DerivedData/Build/Intermediates.noindex/Dream\ Again.build/Debug-iphonesimulator/Dream\ Again.build/Objects-normal/x86_64 -c -j8 -enable-batch-mode -incremental -Xcc -ivfsstatcache -Xcc /Users/shiv/Projects/iphone/Dream\ Again/DerivedData/SDKStatCaches.noindex/iphonesimulator26.5-23F81a-688ef53f1462e2c8f657fdc38a81448f6cfe768891a92b912361537c460fe42b.sdkstatcache -output-file-map /Users/shiv/Projects/iphone/Dream\ Again/DerivedData/Build/Intermediates.noindex/Dream\ Again.build/Debug-iphonesimulator/Dream\ Again.build/Objects-normal/x86_64/Dream\ Again-OutputFileMap.json -use-frontend-parseable-output -save-temps -no-color-diagnostics -explicit-module-build -module-cache-path /Users/shiv/Projects/iphone/Dream\ Again/DerivedData/Build/Intermediates.noindex/SwiftExplicitPrecompiledModules -clang-scanner-module-cache-path /Users/shiv/Projects/iphone/Dream\ Again/DerivedData/ModuleCache.noindex -sdk-module-cache-path /Users/shiv/Projects/iphone/Dream\ Again/DerivedData/ModuleCache.noindex -serialize-diagnostics -emit-dependencies -emit-module -emit-module-path /Users/shiv/Projects/iphone/Dream\ Again/DerivedData/Build/Intermediates.noindex/Dream\ Again.build/Debug-iphonesimulator/Dream\ Again.build/Objects-normal/x86_64/DreamAgain.swiftmodule -validate-clang-modules-once -clang-build-session-file /Users/shiv/Projects/iphone/Dream\ Again/DerivedData/ModuleCache.noindex/Session.modulevalidation -Xcc -I/Users/shiv/Projects/iphone/Dream\ Again/DerivedData/Build/Intermediates.noindex/Dream\ Again.build/Debug-iphonesimulator/Dream\ Again.build/swift-overrides.hmap -emit-const-values -Xfrontend -const-gather-protocols-file -Xfrontend /Users/shiv/Projects/iphone/Dream\ Again/DerivedData/Build/Intermediates.noindex/Dream\ Again.build/Debug-iphonesimulator/Dream\ Again.build/Objects-normal/x86_64/Dream\ Again_const_extract_protocols.json -Xcc -iquote -Xcc /Users/shiv/Projects/iphone/Dream\ Again/DerivedData/Build/Intermediates.noindex/Dream\ Again.build/Debug-iphonesimulator/Dream\ Again.build/Dream\ Again-generated-files.hmap -Xcc -I/Users/shiv/Projects/iphone/Dream\ Again/DerivedData/Build/Intermediates.noindex/Dream\ Again.build/Debug-iphonesimulator/Dream\ Again.build/Dream\ Again-own-target-headers.hmap -Xcc -I/Users/shiv/Projects/iphone/Dream\ Again/DerivedData/Build/Intermediates.noindex/Dream\ Again.build/Debug-iphonesimulator/Dream\ Again.build/Dream\ Again-all-target-headers.hmap -Xcc -iquote -Xcc /Users/shiv/Projects/iphone/Dream\ Again/DerivedData/Build/Intermediates.noindex/Dream\ Again.build/Debug-iphonesimulator/Dream\ Again.build/Dream\ Again-project-headers.hmap -Xcc -I/Users/shiv/Projects/iphone/Dream\ Again/DerivedData/Build/Products/Debug-iphonesimulator/include -Xcc -I/Users/shiv/Projects/iphone/Dream\ Again/DerivedData/Build/Intermediates.noindex/Dream\ Again.build/Debug-iphonesimulator/Dream\ Again.build/DerivedSources-normal/x86_64 -Xcc -I/Users/shiv/Projects/iphone/Dream\ Again/DerivedData/Build/Intermediates.noindex/Dream\ Again.build/Debug-iphonesimulator/Dream\ Again.build/DerivedSources/x86_64 -Xcc -I/Users/shiv/Projects/iphone/Dream\ Again/DerivedData/Build/Intermediates.noindex/Dream\ Again.build/Debug-iphonesimulator/Dream\ Again.build/DerivedSources -Xcc -DDEBUG\=1 -emit-objc-header -emit-objc-header-path /Users/shiv/Projects/iphone/Dream\ Again/DerivedData/Build/Intermediates.noindex/Dream\ Again.build/Debug-iphonesimulator/Dream\ Again.build/Objects-normal/x86_64/DreamAgain-Swift.h -working-directory /Users/shiv/Projects/iphone/Dream\ Again -experimental-emit-module-separately -disable-cmo

Ld /Users/shiv/Projects/iphone/Dream\ Again/DerivedData/Build/Intermediates.noindex/Dream\ Again.build/Debug-iphonesimulator/Dream\ Again.build/Objects-normal/x86_64/Binary/Dream\ Again.debug.dylib normal x86_64 (in target 'Dream Again' from project 'Dream Again')
    cd /Users/shiv/Projects/iphone/Dream\ Again
    /Applications/Xcode.app/Contents/Developer/Toolchains/XcodeDefault.xctoolchain/usr/bin/clang -Xlinker -reproducible -target x86_64-apple-ios18.0-simulator -dynamiclib -isysroot /Applications/Xcode.app/Contents/Developer/Platforms/iPhoneSimulator.platform/Developer/SDKs/iPhoneSimulator26.5.sdk -O0 -L/Users/shiv/Projects/iphone/Dream\ Again/DerivedData/Build/Intermediates.noindex/EagerLinkingTBDs/Debug-iphonesimulator -L/Users/shiv/Projects/iphone/Dream\ Again/DerivedData/Build/Products/Debug-iphonesimulator -F/Users/shiv/Projects/iphone/Dream\ Again/DerivedData/Build/Intermediates.noindex/EagerLinkingTBDs/Debug-iphonesimulator -F/Users/shiv/Projects/iphone/Dream\ Again/DerivedData/Build/Products/Debug-iphonesimulator -filelist /Users/shiv/Projects/iphone/Dream\ Again/DerivedData/Build/Intermediates.noindex/Dream\ Again.build/Debug-iphonesimulator/Dream\ Again.build/Objects-normal/x86_64/Dream\ Again.LinkFileList -install_name @rpath/Dream\ Again.debug.dylib -Xlinker -rpath -Xlinker /usr/lib/swift -Xlinker -rpath -Xlinker @executable_path/Frameworks -Xlinker -dead_strip -Xlinker -object_path_lto -Xlinker /Users/shiv/Projects/iphone/Dream\ Again/DerivedData/Build/Intermediates.noindex/Dream\ Again.build/Debug-iphonesimulator/Dream\ Again.build/Objects-normal/x86_64/Dream\ Again_lto.o -rdynamic -Xlinker -no_deduplicate -Xlinker -objc_abi_version -Xlinker 2 -Xlinker -dependency_info -Xlinker /Users/shiv/Projects/iphone/Dream\ Again/DerivedData/Build/Intermediates.noindex/Dream\ Again.build/Debug-iphonesimulator/Dream\ Again.build/Objects-normal/x86_64/Dream\ Again_dependency_info.dat -fobjc-link-runtime -L/Applications/Xcode.app/Contents/Developer/Toolchains/XcodeDefault.xctoolchain/usr/lib/swift/iphonesimulator -L/usr/lib/swift -Xlinker -add_ast_path -Xlinker /Users/shiv/Projects/iphone/Dream\ Again/DerivedData/Build/Intermediates.noindex/Dream\ Again.build/Debug-iphonesimulator/Dream\ Again.build/Objects-normal/x86_64/DreamAgain.swiftmodule @/Users/shiv/Projects/iphone/Dream\ Again/DerivedData/Build/Intermediates.noindex/Dream\ Again.build/Debug-iphonesimulator/Dream\ Again.build/Objects-normal/x86_64/DreamAgain-linker-args.resp -Xlinker -alias -Xlinker _main -Xlinker ___debug_main_executable_dylib_entry_point -o /Users/shiv/Projects/iphone/Dream\ Again/DerivedData/Build/Intermediates.noindex/Dream\ Again.build/Debug-iphonesimulator/Dream\ Again.build/Objects-normal/x86_64/Binary/Dream\ Again.debug.dylib

ConstructStubExecutorLinkFileList /Users/shiv/Projects/iphone/Dream\ Again/DerivedData/Build/Intermediates.noindex/Dream\ Again.build/Debug-iphonesimulator/Dream\ Again.build/Dream\ Again-ExecutorLinkFileList-normal-x86_64.txt (in target 'Dream Again' from project 'Dream Again')
    cd /Users/shiv/Projects/iphone/Dream\ Again
    construct-stub-executor-link-file-list /Users/shiv/Projects/iphone/Dream\ Again/DerivedData/Build/Intermediates.noindex/Dream\ Again.build/Debug-iphonesimulator/Dream\ Again.build/Objects-normal/x86_64/Binary/Dream\ Again.debug.dylib /Applications/Xcode.app/Contents/Developer/Platforms/iPhoneSimulator.platform/Developer/usr/lib/libPreviewsJITStubExecutor_no_swift_entry_point.a /Applications/Xcode.app/Contents/Developer/Platforms/iPhoneSimulator.platform/Developer/usr/lib/libPreviewsJITStubExecutor.a --output /Users/shiv/Projects/iphone/Dream\ Again/DerivedData/Build/Intermediates.noindex/Dream\ Again.build/Debug-iphonesimulator/Dream\ Again.build/Dream\ Again-ExecutorLinkFileList-normal-x86_64.txt
note: Using stub executor library with Swift entry point. (in target 'Dream Again' from project 'Dream Again')

Ld /Users/shiv/Projects/iphone/Dream\ Again/DerivedData/Build/Intermediates.noindex/Dream\ Again.build/Debug-iphonesimulator/Dream\ Again.build/Objects-normal/x86_64/Binary/Dream\ Again normal x86_64 (in target 'Dream Again' from project 'Dream Again')
    cd /Users/shiv/Projects/iphone/Dream\ Again
    /Applications/Xcode.app/Contents/Developer/Toolchains/XcodeDefault.xctoolchain/usr/bin/clang -Xlinker -reproducible -target x86_64-apple-ios18.0-simulator -isysroot /Applications/Xcode.app/Contents/Developer/Platforms/iPhoneSimulator.platform/Developer/SDKs/iPhoneSimulator26.5.sdk -O0 -L/Users/shiv/Projects/iphone/Dream\ Again/DerivedData/Build/Products/Debug-iphonesimulator -F/Users/shiv/Projects/iphone/Dream\ Again/DerivedData/Build/Products/Debug-iphonesimulator -Xlinker -rpath -Xlinker @executable_path -Xlinker -rpath -Xlinker @executable_path/Frameworks -rdynamic -Xlinker -no_deduplicate -Xlinker -objc_abi_version -Xlinker 2 -e ___debug_blank_executor_main -Xlinker -sectcreate -Xlinker __TEXT -Xlinker __debug_dylib -Xlinker /Users/shiv/Projects/iphone/Dream\ Again/DerivedData/Build/Intermediates.noindex/Dream\ Again.build/Debug-iphonesimulator/Dream\ Again.build/Dream\ Again-DebugDylibPath-normal-x86_64.txt -Xlinker -sectcreate -Xlinker __TEXT -Xlinker __debug_instlnm -Xlinker /Users/shiv/Projects/iphone/Dream\ Again/DerivedData/Build/Intermediates.noindex/Dream\ Again.build/Debug-iphonesimulator/Dream\ Again.build/Dream\ Again-DebugDylibInstallName-normal-x86_64.txt -Xlinker -filelist -Xlinker /Users/shiv/Projects/iphone/Dream\ Again/DerivedData/Build/Intermediates.noindex/Dream\ Again.build/Debug-iphonesimulator/Dream\ Again.build/Dream\ Again-ExecutorLinkFileList-normal-x86_64.txt /Users/shiv/Projects/iphone/Dream\ Again/DerivedData/Build/Intermediates.noindex/Dream\ Again.build/Debug-iphonesimulator/Dream\ Again.build/Objects-normal/x86_64/Binary/Dream\ Again.debug.dylib -o /Users/shiv/Projects/iphone/Dream\ Again/DerivedData/Build/Intermediates.noindex/Dream\ Again.build/Debug-iphonesimulator/Dream\ Again.build/Objects-normal/x86_64/Binary/Dream\ Again

SwiftDriverJobDiscovery normal arm64 Compiling Geometry.swift, HybridDreamLayers.swift, PaletteEvolution.swift (in target 'Dream Again' from project 'Dream Again')

SwiftDriver\ Compilation Dream\ Again normal arm64 com.apple.xcode.tools.swift.compiler (in target 'Dream Again' from project 'Dream Again')
    cd /Users/shiv/Projects/iphone/Dream\ Again
    builtin-Swift-Compilation -- /Applications/Xcode.app/Contents/Developer/Toolchains/XcodeDefault.xctoolchain/usr/bin/swiftc -module-name DreamAgain -Onone @/Users/shiv/Projects/iphone/Dream\ Again/DerivedData/Build/Intermediates.noindex/Dream\ Again.build/Debug-iphonesimulator/Dream\ Again.build/Objects-normal/arm64/Dream\ Again.SwiftFileList -DDEBUG -enable-bare-slash-regex -enable-upcoming-feature DisableOutwardActorInference -enable-upcoming-feature InferSendableFromCaptures -enable-upcoming-feature GlobalActorIsolatedTypesUsability -enable-upcoming-feature MemberImportVisibility -enable-upcoming-feature InferIsolatedConformances -enable-upcoming-feature NonisolatedNonsendingByDefault -enable-experimental-feature DebugDescriptionMacro -sdk /Applications/Xcode.app/Contents/Developer/Platforms/iPhoneSimulator.platform/Developer/SDKs/iPhoneSimulator26.5.sdk -target arm64-apple-ios18.0-simulator -g -module-cache-path /Users/shiv/Projects/iphone/Dream\ Again/DerivedData/ModuleCache.noindex -Xfrontend -serialize-debugging-options -enable-testing -index-store-path /Users/shiv/Projects/iphone/Dream\ Again/DerivedData/Index.noindex/DataStore -Xcc -D_LIBCPP_HARDENING_MODE\=_LIBCPP_HARDENING_MODE_DEBUG -swift-version 5 -I /Users/shiv/Projects/iphone/Dream\ Again/DerivedData/Build/Products/Debug-iphonesimulator -F /Users/shiv/Projects/iphone/Dream\ Again/DerivedData/Build/Products/Debug-iphonesimulator -emit-localized-strings -emit-localized-strings-path /Users/shiv/Projects/iphone/Dream\ Again/DerivedData/Build/Intermediates.noindex/Dream\ Again.build/Debug-iphonesimulator/Dream\ Again.build/Objects-normal/arm64 -c -j8 -enable-batch-mode -incremental -Xcc -ivfsstatcache -Xcc /Users/shiv/Projects/iphone/Dream\ Again/DerivedData/SDKStatCaches.noindex/iphonesimulator26.5-23F81a-688ef53f1462e2c8f657fdc38a81448f6cfe768891a92b912361537c460fe42b.sdkstatcache -output-file-map /Users/shiv/Projects/iphone/Dream\ Again/DerivedData/Build/Intermediates.noindex/Dream\ Again.build/Debug-iphonesimulator/Dream\ Again.build/Objects-normal/arm64/Dream\ Again-OutputFileMap.json -use-frontend-parseable-output -save-temps -no-color-diagnostics -explicit-module-build -module-cache-path /Users/shiv/Projects/iphone/Dream\ Again/DerivedData/Build/Intermediates.noindex/SwiftExplicitPrecompiledModules -clang-scanner-module-cache-path /Users/shiv/Projects/iphone/Dream\ Again/DerivedData/ModuleCache.noindex -sdk-module-cache-path /Users/shiv/Projects/iphone/Dream\ Again/DerivedData/ModuleCache.noindex -serialize-diagnostics -emit-dependencies -emit-module -emit-module-path /Users/shiv/Projects/iphone/Dream\ Again/DerivedData/Build/Intermediates.noindex/Dream\ Again.build/Debug-iphonesimulator/Dream\ Again.build/Objects-normal/arm64/DreamAgain.swiftmodule -validate-clang-modules-once -clang-build-session-file /Users/shiv/Projects/iphone/Dream\ Again/DerivedData/ModuleCache.noindex/Session.modulevalidation -Xcc -I/Users/shiv/Projects/iphone/Dream\ Again/DerivedData/Build/Intermediates.noindex/Dream\ Again.build/Debug-iphonesimulator/Dream\ Again.build/swift-overrides.hmap -emit-const-values -Xfrontend -const-gather-protocols-file -Xfrontend /Users/shiv/Projects/iphone/Dream\ Again/DerivedData/Build/Intermediates.noindex/Dream\ Again.build/Debug-iphonesimulator/Dream\ Again.build/Objects-normal/arm64/Dream\ Again_const_extract_protocols.json -Xcc -iquote -Xcc /Users/shiv/Projects/iphone/Dream\ Again/DerivedData/Build/Intermediates.noindex/Dream\ Again.build/Debug-iphonesimulator/Dream\ Again.build/Dream\ Again-generated-files.hmap -Xcc -I/Users/shiv/Projects/iphone/Dream\ Again/DerivedData/Build/Intermediates.noindex/Dream\ Again.build/Debug-iphonesimulator/Dream\ Again.build/Dream\ Again-own-target-headers.hmap -Xcc -I/Users/shiv/Projects/iphone/Dream\ Again/DerivedData/Build/Intermediates.noindex/Dream\ Again.build/Debug-iphonesimulator/Dream\ Again.build/Dream\ Again-all-target-headers.hmap -Xcc -iquote -Xcc /Users/shiv/Projects/iphone/Dream\ Again/DerivedData/Build/Intermediates.noindex/Dream\ Again.build/Debug-iphonesimulator/Dream\ Again.build/Dream\ Again-project-headers.hmap -Xcc -I/Users/shiv/Projects/iphone/Dream\ Again/DerivedData/Build/Products/Debug-iphonesimulator/include -Xcc -I/Users/shiv/Projects/iphone/Dream\ Again/DerivedData/Build/Intermediates.noindex/Dream\ Again.build/Debug-iphonesimulator/Dream\ Again.build/DerivedSources-normal/arm64 -Xcc -I/Users/shiv/Projects/iphone/Dream\ Again/DerivedData/Build/Intermediates.noindex/Dream\ Again.build/Debug-iphonesimulator/Dream\ Again.build/DerivedSources/arm64 -Xcc -I/Users/shiv/Projects/iphone/Dream\ Again/DerivedData/Build/Intermediates.noindex/Dream\ Again.build/Debug-iphonesimulator/Dream\ Again.build/DerivedSources -Xcc -DDEBUG\=1 -emit-objc-header -emit-objc-header-path /Users/shiv/Projects/iphone/Dream\ Again/DerivedData/Build/Intermediates.noindex/Dream\ Again.build/Debug-iphonesimulator/Dream\ Again.build/Objects-normal/arm64/DreamAgain-Swift.h -working-directory /Users/shiv/Projects/iphone/Dream\ Again -experimental-emit-module-separately -disable-cmo

Ld /Users/shiv/Projects/iphone/Dream\ Again/DerivedData/Build/Intermediates.noindex/Dream\ Again.build/Debug-iphonesimulator/Dream\ Again.build/Objects-normal/arm64/Binary/Dream\ Again.debug.dylib normal arm64 (in target 'Dream Again' from project 'Dream Again')
    cd /Users/shiv/Projects/iphone/Dream\ Again
    /Applications/Xcode.app/Contents/Developer/Toolchains/XcodeDefault.xctoolchain/usr/bin/clang -Xlinker -reproducible -target arm64-apple-ios18.0-simulator -dynamiclib -isysroot /Applications/Xcode.app/Contents/Developer/Platforms/iPhoneSimulator.platform/Developer/SDKs/iPhoneSimulator26.5.sdk -O0 -L/Users/shiv/Projects/iphone/Dream\ Again/DerivedData/Build/Intermediates.noindex/EagerLinkingTBDs/Debug-iphonesimulator -L/Users/shiv/Projects/iphone/Dream\ Again/DerivedData/Build/Products/Debug-iphonesimulator -F/Users/shiv/Projects/iphone/Dream\ Again/DerivedData/Build/Intermediates.noindex/EagerLinkingTBDs/Debug-iphonesimulator -F/Users/shiv/Projects/iphone/Dream\ Again/DerivedData/Build/Products/Debug-iphonesimulator -filelist /Users/shiv/Projects/iphone/Dream\ Again/DerivedData/Build/Intermediates.noindex/Dream\ Again.build/Debug-iphonesimulator/Dream\ Again.build/Objects-normal/arm64/Dream\ Again.LinkFileList -install_name @rpath/Dream\ Again.debug.dylib -Xlinker -rpath -Xlinker /usr/lib/swift -Xlinker -rpath -Xlinker @executable_path/Frameworks -Xlinker -dead_strip -Xlinker -object_path_lto -Xlinker /Users/shiv/Projects/iphone/Dream\ Again/DerivedData/Build/Intermediates.noindex/Dream\ Again.build/Debug-iphonesimulator/Dream\ Again.build/Objects-normal/arm64/Dream\ Again_lto.o -rdynamic -Xlinker -no_deduplicate -Xlinker -objc_abi_version -Xlinker 2 -Xlinker -dependency_info -Xlinker /Users/shiv/Projects/iphone/Dream\ Again/DerivedData/Build/Intermediates.noindex/Dream\ Again.build/Debug-iphonesimulator/Dream\ Again.build/Objects-normal/arm64/Dream\ Again_dependency_info.dat -fobjc-link-runtime -L/Applications/Xcode.app/Contents/Developer/Toolchains/XcodeDefault.xctoolchain/usr/lib/swift/iphonesimulator -L/usr/lib/swift -Xlinker -add_ast_path -Xlinker /Users/shiv/Projects/iphone/Dream\ Again/DerivedData/Build/Intermediates.noindex/Dream\ Again.build/Debug-iphonesimulator/Dream\ Again.build/Objects-normal/arm64/DreamAgain.swiftmodule @/Users/shiv/Projects/iphone/Dream\ Again/DerivedData/Build/Intermediates.noindex/Dream\ Again.build/Debug-iphonesimulator/Dream\ Again.build/Objects-normal/arm64/DreamAgain-linker-args.resp -Xlinker -alias -Xlinker _main -Xlinker ___debug_main_executable_dylib_entry_point -o /Users/shiv/Projects/iphone/Dream\ Again/DerivedData/Build/Intermediates.noindex/Dream\ Again.build/Debug-iphonesimulator/Dream\ Again.build/Objects-normal/arm64/Binary/Dream\ Again.debug.dylib

ConstructStubExecutorLinkFileList /Users/shiv/Projects/iphone/Dream\ Again/DerivedData/Build/Intermediates.noindex/Dream\ Again.build/Debug-iphonesimulator/Dream\ Again.build/Dream\ Again-ExecutorLinkFileList-normal-arm64.txt (in target 'Dream Again' from project 'Dream Again')
    cd /Users/shiv/Projects/iphone/Dream\ Again
    construct-stub-executor-link-file-list /Users/shiv/Projects/iphone/Dream\ Again/DerivedData/Build/Intermediates.noindex/Dream\ Again.build/Debug-iphonesimulator/Dream\ Again.build/Objects-normal/arm64/Binary/Dream\ Again.debug.dylib /Applications/Xcode.app/Contents/Developer/Platforms/iPhoneSimulator.platform/Developer/usr/lib/libPreviewsJITStubExecutor_no_swift_entry_point.a /Applications/Xcode.app/Contents/Developer/Platforms/iPhoneSimulator.platform/Developer/usr/lib/libPreviewsJITStubExecutor.a --output /Users/shiv/Projects/iphone/Dream\ Again/DerivedData/Build/Intermediates.noindex/Dream\ Again.build/Debug-iphonesimulator/Dream\ Again.build/Dream\ Again-ExecutorLinkFileList-normal-arm64.txt
note: Using stub executor library with Swift entry point. (in target 'Dream Again' from project 'Dream Again')

CreateUniversalBinary /Users/shiv/Projects/iphone/Dream\ Again/DerivedData/Build/Products/Debug-iphonesimulator/Dream\ Again.app/Dream\ Again.debug.dylib normal arm64\ x86_64 (in target 'Dream Again' from project 'Dream Again')
    cd /Users/shiv/Projects/iphone/Dream\ Again
    /Applications/Xcode.app/Contents/Developer/Toolchains/XcodeDefault.xctoolchain/usr/bin/lipo -create /Users/shiv/Projects/iphone/Dream\ Again/DerivedData/Build/Intermediates.noindex/Dream\ Again.build/Debug-iphonesimulator/Dream\ Again.build/Objects-normal/arm64/Binary/Dream\ Again.debug.dylib /Users/shiv/Projects/iphone/Dream\ Again/DerivedData/Build/Intermediates.noindex/Dream\ Again.build/Debug-iphonesimulator/Dream\ Again.build/Objects-normal/x86_64/Binary/Dream\ Again.debug.dylib -output /Users/shiv/Projects/iphone/Dream\ Again/DerivedData/Build/Products/Debug-iphonesimulator/Dream\ Again.app/Dream\ Again.debug.dylib

Ld /Users/shiv/Projects/iphone/Dream\ Again/DerivedData/Build/Intermediates.noindex/Dream\ Again.build/Debug-iphonesimulator/Dream\ Again.build/Objects-normal/arm64/Binary/Dream\ Again normal arm64 (in target 'Dream Again' from project 'Dream Again')
    cd /Users/shiv/Projects/iphone/Dream\ Again
    /Applications/Xcode.app/Contents/Developer/Toolchains/XcodeDefault.xctoolchain/usr/bin/clang -Xlinker -reproducible -target arm64-apple-ios18.0-simulator -isysroot /Applications/Xcode.app/Contents/Developer/Platforms/iPhoneSimulator.platform/Developer/SDKs/iPhoneSimulator26.5.sdk -O0 -L/Users/shiv/Projects/iphone/Dream\ Again/DerivedData/Build/Products/Debug-iphonesimulator -F/Users/shiv/Projects/iphone/Dream\ Again/DerivedData/Build/Products/Debug-iphonesimulator -Xlinker -rpath -Xlinker @executable_path -Xlinker -rpath -Xlinker @executable_path/Frameworks -rdynamic -Xlinker -no_deduplicate -Xlinker -objc_abi_version -Xlinker 2 -e ___debug_blank_executor_main -Xlinker -sectcreate -Xlinker __TEXT -Xlinker __debug_dylib -Xlinker /Users/shiv/Projects/iphone/Dream\ Again/DerivedData/Build/Intermediates.noindex/Dream\ Again.build/Debug-iphonesimulator/Dream\ Again.build/Dream\ Again-DebugDylibPath-normal-arm64.txt -Xlinker -sectcreate -Xlinker __TEXT -Xlinker __debug_instlnm -Xlinker /Users/shiv/Projects/iphone/Dream\ Again/DerivedData/Build/Intermediates.noindex/Dream\ Again.build/Debug-iphonesimulator/Dream\ Again.build/Dream\ Again-DebugDylibInstallName-normal-arm64.txt -Xlinker -filelist -Xlinker /Users/shiv/Projects/iphone/Dream\ Again/DerivedData/Build/Intermediates.noindex/Dream\ Again.build/Debug-iphonesimulator/Dream\ Again.build/Dream\ Again-ExecutorLinkFileList-normal-arm64.txt /Users/shiv/Projects/iphone/Dream\ Again/DerivedData/Build/Intermediates.noindex/Dream\ Again.build/Debug-iphonesimulator/Dream\ Again.build/Objects-normal/arm64/Binary/Dream\ Again.debug.dylib -o /Users/shiv/Projects/iphone/Dream\ Again/DerivedData/Build/Intermediates.noindex/Dream\ Again.build/Debug-iphonesimulator/Dream\ Again.build/Objects-normal/arm64/Binary/Dream\ Again

CreateUniversalBinary /Users/shiv/Projects/iphone/Dream\ Again/DerivedData/Build/Products/Debug-iphonesimulator/Dream\ Again.app/Dream\ Again normal arm64\ x86_64 (in target 'Dream Again' from project 'Dream Again')
    cd /Users/shiv/Projects/iphone/Dream\ Again
    /Applications/Xcode.app/Contents/Developer/Toolchains/XcodeDefault.xctoolchain/usr/bin/lipo -create /Users/shiv/Projects/iphone/Dream\ Again/DerivedData/Build/Intermediates.noindex/Dream\ Again.build/Debug-iphonesimulator/Dream\ Again.build/Objects-normal/arm64/Binary/Dream\ Again /Users/shiv/Projects/iphone/Dream\ Again/DerivedData/Build/Intermediates.noindex/Dream\ Again.build/Debug-iphonesimulator/Dream\ Again.build/Objects-normal/x86_64/Binary/Dream\ Again -output /Users/shiv/Projects/iphone/Dream\ Again/DerivedData/Build/Products/Debug-iphonesimulator/Dream\ Again.app/Dream\ Again

CopySwiftLibs /Users/shiv/Projects/iphone/Dream\ Again/DerivedData/Build/Products/Debug-iphonesimulator/Dream\ Again.app (in target 'Dream Again' from project 'Dream Again')
    cd /Users/shiv/Projects/iphone/Dream\ Again
    builtin-swiftStdLibTool --copy --verbose --scan-executable /Users/shiv/Projects/iphone/Dream\ Again/DerivedData/Build/Products/Debug-iphonesimulator/Dream\ Again.app/Dream\ Again.debug.dylib --scan-folder /Users/shiv/Projects/iphone/Dream\ Again/DerivedData/Build/Products/Debug-iphonesimulator/Dream\ Again.app/Frameworks --scan-folder /Users/shiv/Projects/iphone/Dream\ Again/DerivedData/Build/Products/Debug-iphonesimulator/Dream\ Again.app/PlugIns --scan-folder /Users/shiv/Projects/iphone/Dream\ Again/DerivedData/Build/Products/Debug-iphonesimulator/Dream\ Again.app/SystemExtensions --scan-folder /Users/shiv/Projects/iphone/Dream\ Again/DerivedData/Build/Products/Debug-iphonesimulator/Dream\ Again.app/Extensions --platform iphonesimulator --toolchain /var/run/com.apple.security.cryptexd/mnt/com.apple.MobileAsset.MetalToolchain-v17.6.109.0.bHGsrr/Metal.xctoolchain --toolchain /Applications/Xcode.app/Contents/Developer/Toolchains/XcodeDefault.xctoolchain --destination /Users/shiv/Projects/iphone/Dream\ Again/DerivedData/Build/Products/Debug-iphonesimulator/Dream\ Again.app/Frameworks --strip-bitcode --strip-bitcode-tool /Applications/Xcode.app/Contents/Developer/Toolchains/XcodeDefault.xctoolchain/usr/bin/bitcode_strip --emit-dependency-info /Users/shiv/Projects/iphone/Dream\ Again/DerivedData/Build/Intermediates.noindex/Dream\ Again.build/Debug-iphonesimulator/Dream\ Again.build/SwiftStdLibToolInputDependencies.dep --filter-for-swift-os --back-deploy-swift-span
Ignoring --strip-bitcode because --sign was not passed

ExtractAppIntentsMetadata (in target 'Dream Again' from project 'Dream Again')
    cd /Users/shiv/Projects/iphone/Dream\ Again
    /Applications/Xcode.app/Contents/Developer/Toolchains/XcodeDefault.xctoolchain/usr/bin/appintentsmetadataprocessor --toolchain-dir /var/run/com.apple.security.cryptexd/mnt/com.apple.MobileAsset.MetalToolchain-v17.6.109.0.bHGsrr/Metal.xctoolchain --module-name DreamAgain --sdk-root /Applications/Xcode.app/Contents/Developer/Platforms/iPhoneSimulator.platform/Developer/SDKs/iPhoneSimulator26.5.sdk --xcode-version 17F113 --platform-family iOS --deployment-target 18.0 --bundle-identifier nani.Dream-Again --output /Users/shiv/Projects/iphone/Dream\ Again/DerivedData/Build/Products/Debug-iphonesimulator/Dream\ Again.app --target-triple arm64-apple-ios18.0-simulator --target-triple x86_64-apple-ios18.0-simulator --binary-file /Users/shiv/Projects/iphone/Dream\ Again/DerivedData/Build/Products/Debug-iphonesimulator/Dream\ Again.app/Dream\ Again --dependency-file /Users/shiv/Projects/iphone/Dream\ Again/DerivedData/Build/Intermediates.noindex/Dream\ Again.build/Debug-iphonesimulator/Dream\ Again.build/Objects-normal/arm64/Dream\ Again_dependency_info.dat --dependency-file /Users/shiv/Projects/iphone/Dream\ Again/DerivedData/Build/Intermediates.noindex/Dream\ Again.build/Debug-iphonesimulator/Dream\ Again.build/Objects-normal/x86_64/Dream\ Again_dependency_info.dat --stringsdata-file /Users/shiv/Projects/iphone/Dream\ Again/DerivedData/Build/Intermediates.noindex/Dream\ Again.build/Debug-iphonesimulator/Dream\ Again.build/Objects-normal/arm64/ExtractedAppShortcutsMetadata.stringsdata --stringsdata-file /Users/shiv/Projects/iphone/Dream\ Again/DerivedData/Build/Intermediates.noindex/Dream\ Again.build/Debug-iphonesimulator/Dream\ Again.build/Objects-normal/x86_64/ExtractedAppShortcutsMetadata.stringsdata --source-file-list /Users/shiv/Projects/iphone/Dream\ Again/DerivedData/Build/Intermediates.noindex/Dream\ Again.build/Debug-iphonesimulator/Dream\ Again.build/Objects-normal/arm64/Dream\ Again.SwiftFileList --source-file-list /Users/shiv/Projects/iphone/Dream\ Again/DerivedData/Build/Intermediates.noindex/Dream\ Again.build/Debug-iphonesimulator/Dream\ Again.build/Objects-normal/x86_64/Dream\ Again.SwiftFileList --metadata-file-list /Users/shiv/Projects/iphone/Dream\ Again/DerivedData/Build/Intermediates.noindex/Dream\ Again.build/Debug-iphonesimulator/Dream\ Again.build/Dream\ Again.DependencyMetadataFileList --static-metadata-file-list /Users/shiv/Projects/iphone/Dream\ Again/DerivedData/Build/Intermediates.noindex/Dream\ Again.build/Debug-iphonesimulator/Dream\ Again.build/Dream\ Again.DependencyStaticMetadataFileList --swift-const-vals-list /Users/shiv/Projects/iphone/Dream\ Again/DerivedData/Build/Intermediates.noindex/Dream\ Again.build/Debug-iphonesimulator/Dream\ Again.build/Objects-normal/arm64/Dream\ Again.SwiftConstValuesFileList --swift-const-vals-list /Users/shiv/Projects/iphone/Dream\ Again/DerivedData/Build/Intermediates.noindex/Dream\ Again.build/Debug-iphonesimulator/Dream\ Again.build/Objects-normal/x86_64/Dream\ Again.SwiftConstValuesFileList --compile-time-extraction --deployment-aware-processing --validate-assistant-intents --no-app-shortcuts-localization
2026-09-14 06:09:04.107 appintentsmetadataprocessor[86184:10579381] Starting appintentsmetadataprocessor export
2026-09-14 06:09:04.221 appintentsmetadataprocessor[86184:10579381] warning: Metadata extraction skipped. No AppIntents.framework dependency found.

note: Removed stale file '/Users/shiv/Projects/iphone/Dream Again/DerivedData/Build/Products/Debug-iphonesimulator/Dream Again.app/plate_cloud_city.png'

note: Removed stale file '/Users/shiv/Projects/iphone/Dream Again/DerivedData/Build/Products/Debug-iphonesimulator/Dream Again.app/plate_rose_void.png'

note: Removed stale file '/Users/shiv/Projects/iphone/Dream Again/DerivedData/Build/Products/Debug-iphonesimulator/Dream Again.app/scenic_fuzzy_tree.png'

note: Removed stale file '/Users/shiv/Projects/iphone/Dream Again/DerivedData/Build/Products/Debug-iphonesimulator/Dream Again.app/scenic_pearl_staircase.png'

** BUILD SUCCEEDED **

