Command line invocation:
    /Applications/Xcode.app/Contents/Developer/usr/bin/xcodebuild -project "Dream Again.xcodeproj" -scheme "Dream Again" -configuration Release -destination generic/platform=iOS -derivedDataPath /tmp/dreamlooper-signed-build build

ComputePackagePrebuildTargetDependencyGraph

Prepare packages

CreateBuildRequest

SendProjectDescription

CreateBuildOperation

ComputeTargetDependencyGraph
note: Building targets in dependency order
note: Target dependency graph (1 target)
    Target 'Dream Again' in project 'Dream Again' (no dependencies)

GatherProvisioningInputs

CreateBuildDescription

ExecuteExternalTool /Applications/Xcode.app/Contents/Developer/Toolchains/XcodeDefault.xctoolchain/usr/bin/clang -v -E -dM -isysroot /Applications/Xcode.app/Contents/Developer/Platforms/iPhoneOS.platform/Developer/SDKs/iPhoneOS26.5.sdk -x c -c /dev/null

ExecuteExternalTool /Applications/Xcode.app/Contents/Developer/usr/bin/actool --print-asset-tag-combinations --output-format xml1 /Users/shiv/Projects/iphone/Dream Again/Dream Again/Assets.xcassets

ExecuteExternalTool /Applications/Xcode.app/Contents/Developer/usr/bin/actool --version --output-format xml1

ExecuteExternalTool /Applications/Xcode.app/Contents/Developer/Toolchains/XcodeDefault.xctoolchain/usr/bin/swiftc --version

ExecuteExternalTool /Applications/Xcode.app/Contents/Developer/Toolchains/XcodeDefault.xctoolchain/usr/bin/ld -version_details

Build description signature: e5356bf9bcda8ad844005197598e2d14
Build description path: /tmp/dreamlooper-signed-build/Build/Intermediates.noindex/XCBuildData/e5356bf9bcda8ad844005197598e2d14.xcbuilddata
ClangStatCache /Applications/Xcode.app/Contents/Developer/Toolchains/XcodeDefault.xctoolchain/usr/bin/clang-stat-cache /Applications/Xcode.app/Contents/Developer/Platforms/iPhoneOS.platform/Developer/SDKs/iPhoneOS26.5.sdk /tmp/dreamlooper-signed-build/SDKStatCaches.noindex/iphoneos26.5-23F81a-688ef53f1462e2c8f657fdc38a81448f32daed1954a7d5dd0789fcaf2a9bb78b.sdkstatcache
    cd /Users/shiv/Projects/iphone/Dream\ Again/Dream\ Again.xcodeproj
    /Applications/Xcode.app/Contents/Developer/Toolchains/XcodeDefault.xctoolchain/usr/bin/clang-stat-cache /Applications/Xcode.app/Contents/Developer/Platforms/iPhoneOS.platform/Developer/SDKs/iPhoneOS26.5.sdk -o /tmp/dreamlooper-signed-build/SDKStatCaches.noindex/iphoneos26.5-23F81a-688ef53f1462e2c8f657fdc38a81448f32daed1954a7d5dd0789fcaf2a9bb78b.sdkstatcache

CreateBuildDirectory /tmp/dreamlooper-signed-build/Build/Products
    cd /Users/shiv/Projects/iphone/Dream\ Again/Dream\ Again.xcodeproj
    builtin-create-build-directory /tmp/dreamlooper-signed-build/Build/Products

CreateBuildDirectory /tmp/dreamlooper-signed-build/Build/Intermediates.noindex
    cd /Users/shiv/Projects/iphone/Dream\ Again/Dream\ Again.xcodeproj
    builtin-create-build-directory /tmp/dreamlooper-signed-build/Build/Intermediates.noindex

CreateBuildDirectory /tmp/dreamlooper-signed-build/Build/Products/Release-iphoneos
    cd /Users/shiv/Projects/iphone/Dream\ Again/Dream\ Again.xcodeproj
    builtin-create-build-directory /tmp/dreamlooper-signed-build/Build/Products/Release-iphoneos

CreateBuildDirectory /tmp/dreamlooper-signed-build/Build/Intermediates.noindex/SwiftExplicitPrecompiledModules
    cd /Users/shiv/Projects/iphone/Dream\ Again/Dream\ Again.xcodeproj
    builtin-create-build-directory /tmp/dreamlooper-signed-build/Build/Intermediates.noindex/SwiftExplicitPrecompiledModules

CreateBuildDirectory /tmp/dreamlooper-signed-build/Build/Intermediates.noindex/ExplicitPrecompiledModules
    cd /Users/shiv/Projects/iphone/Dream\ Again/Dream\ Again.xcodeproj
    builtin-create-build-directory /tmp/dreamlooper-signed-build/Build/Intermediates.noindex/ExplicitPrecompiledModules

CreateBuildDirectory /tmp/dreamlooper-signed-build/Build/Intermediates.noindex/EagerLinkingTBDs/Release-iphoneos
    cd /Users/shiv/Projects/iphone/Dream\ Again/Dream\ Again.xcodeproj
    builtin-create-build-directory /tmp/dreamlooper-signed-build/Build/Intermediates.noindex/EagerLinkingTBDs/Release-iphoneos

WriteAuxiliaryFile /tmp/dreamlooper-signed-build/Build/Intermediates.noindex/Dream\ Again.build/Release-iphoneos/Dream\ Again-dc3cd7fd94f59cbbebbf9aeab705b006-VFS-iphoneos/all-product-headers.yaml
    cd /Users/shiv/Projects/iphone/Dream\ Again/Dream\ Again.xcodeproj
    write-file /tmp/dreamlooper-signed-build/Build/Intermediates.noindex/Dream\ Again.build/Release-iphoneos/Dream\ Again-dc3cd7fd94f59cbbebbf9aeab705b006-VFS-iphoneos/all-product-headers.yaml

WriteAuxiliaryFile /tmp/dreamlooper-signed-build/Build/Intermediates.noindex/Dream\ Again.build/Release-iphoneos/Dream\ Again.build/Dream\ Again.hmap (in target 'Dream Again' from project 'Dream Again')
    cd /Users/shiv/Projects/iphone/Dream\ Again
    write-file /tmp/dreamlooper-signed-build/Build/Intermediates.noindex/Dream\ Again.build/Release-iphoneos/Dream\ Again.build/Dream\ Again.hmap

WriteAuxiliaryFile /tmp/dreamlooper-signed-build/Build/Intermediates.noindex/Dream\ Again.build/Release-iphoneos/Dream\ Again.build/Dream\ Again-own-target-headers.hmap (in target 'Dream Again' from project 'Dream Again')
    cd /Users/shiv/Projects/iphone/Dream\ Again
    write-file /tmp/dreamlooper-signed-build/Build/Intermediates.noindex/Dream\ Again.build/Release-iphoneos/Dream\ Again.build/Dream\ Again-own-target-headers.hmap

WriteAuxiliaryFile /tmp/dreamlooper-signed-build/Build/Intermediates.noindex/Dream\ Again.build/Release-iphoneos/Dream\ Again.build/Dream\ Again-project-headers.hmap (in target 'Dream Again' from project 'Dream Again')
    cd /Users/shiv/Projects/iphone/Dream\ Again
    write-file /tmp/dreamlooper-signed-build/Build/Intermediates.noindex/Dream\ Again.build/Release-iphoneos/Dream\ Again.build/Dream\ Again-project-headers.hmap

WriteAuxiliaryFile /tmp/dreamlooper-signed-build/Build/Intermediates.noindex/Dream\ Again.build/Release-iphoneos/Dream\ Again.build/Objects-normal/arm64/Dream\ Again.SwiftFileList (in target 'Dream Again' from project 'Dream Again')
    cd /Users/shiv/Projects/iphone/Dream\ Again
    write-file /tmp/dreamlooper-signed-build/Build/Intermediates.noindex/Dream\ Again.build/Release-iphoneos/Dream\ Again.build/Objects-normal/arm64/Dream\ Again.SwiftFileList

WriteAuxiliaryFile /tmp/dreamlooper-signed-build/Build/Intermediates.noindex/Dream\ Again.build/Release-iphoneos/Dream\ Again.build/Objects-normal/arm64/Dream\ Again_const_extract_protocols.json (in target 'Dream Again' from project 'Dream Again')
    cd /Users/shiv/Projects/iphone/Dream\ Again
    write-file /tmp/dreamlooper-signed-build/Build/Intermediates.noindex/Dream\ Again.build/Release-iphoneos/Dream\ Again.build/Objects-normal/arm64/Dream\ Again_const_extract_protocols.json

WriteAuxiliaryFile /tmp/dreamlooper-signed-build/Build/Intermediates.noindex/Dream\ Again.build/Release-iphoneos/Dream\ Again.build/Objects-normal/arm64/Dream\ Again.LinkFileList (in target 'Dream Again' from project 'Dream Again')
    cd /Users/shiv/Projects/iphone/Dream\ Again
    write-file /tmp/dreamlooper-signed-build/Build/Intermediates.noindex/Dream\ Again.build/Release-iphoneos/Dream\ Again.build/Objects-normal/arm64/Dream\ Again.LinkFileList

WriteAuxiliaryFile /tmp/dreamlooper-signed-build/Build/Intermediates.noindex/Dream\ Again.build/Release-iphoneos/Dream\ Again.build/Objects-normal/arm64/Dream\ Again-OutputFileMap.json (in target 'Dream Again' from project 'Dream Again')
    cd /Users/shiv/Projects/iphone/Dream\ Again
    write-file /tmp/dreamlooper-signed-build/Build/Intermediates.noindex/Dream\ Again.build/Release-iphoneos/Dream\ Again.build/Objects-normal/arm64/Dream\ Again-OutputFileMap.json

WriteAuxiliaryFile /tmp/dreamlooper-signed-build/Build/Intermediates.noindex/Dream\ Again.build/Release-iphoneos/Dream\ Again.build/Dream\ Again.DependencyStaticMetadataFileList (in target 'Dream Again' from project 'Dream Again')
    cd /Users/shiv/Projects/iphone/Dream\ Again
    write-file /tmp/dreamlooper-signed-build/Build/Intermediates.noindex/Dream\ Again.build/Release-iphoneos/Dream\ Again.build/Dream\ Again.DependencyStaticMetadataFileList

WriteAuxiliaryFile /tmp/dreamlooper-signed-build/Build/Intermediates.noindex/Dream\ Again.build/Release-iphoneos/Dream\ Again.build/Dream\ Again.DependencyMetadataFileList (in target 'Dream Again' from project 'Dream Again')
    cd /Users/shiv/Projects/iphone/Dream\ Again
    write-file /tmp/dreamlooper-signed-build/Build/Intermediates.noindex/Dream\ Again.build/Release-iphoneos/Dream\ Again.build/Dream\ Again.DependencyMetadataFileList

WriteAuxiliaryFile /tmp/dreamlooper-signed-build/Build/Intermediates.noindex/Dream\ Again.build/Release-iphoneos/Dream\ Again.build/Dream\ Again-generated-files.hmap (in target 'Dream Again' from project 'Dream Again')
    cd /Users/shiv/Projects/iphone/Dream\ Again
    write-file /tmp/dreamlooper-signed-build/Build/Intermediates.noindex/Dream\ Again.build/Release-iphoneos/Dream\ Again.build/Dream\ Again-generated-files.hmap

WriteAuxiliaryFile /tmp/dreamlooper-signed-build/Build/Intermediates.noindex/Dream\ Again.build/Release-iphoneos/Dream\ Again.build/Objects-normal/arm64/Dream\ Again.SwiftConstValuesFileList (in target 'Dream Again' from project 'Dream Again')
    cd /Users/shiv/Projects/iphone/Dream\ Again
    write-file /tmp/dreamlooper-signed-build/Build/Intermediates.noindex/Dream\ Again.build/Release-iphoneos/Dream\ Again.build/Objects-normal/arm64/Dream\ Again.SwiftConstValuesFileList

WriteAuxiliaryFile /tmp/dreamlooper-signed-build/Build/Intermediates.noindex/Dream\ Again.build/Release-iphoneos/Dream\ Again.build/Dream\ Again-all-non-framework-target-headers.hmap (in target 'Dream Again' from project 'Dream Again')
    cd /Users/shiv/Projects/iphone/Dream\ Again
    write-file /tmp/dreamlooper-signed-build/Build/Intermediates.noindex/Dream\ Again.build/Release-iphoneos/Dream\ Again.build/Dream\ Again-all-non-framework-target-headers.hmap

WriteAuxiliaryFile /tmp/dreamlooper-signed-build/Build/Intermediates.noindex/Dream\ Again.build/Release-iphoneos/Dream\ Again.build/Dream\ Again-all-target-headers.hmap (in target 'Dream Again' from project 'Dream Again')
    cd /Users/shiv/Projects/iphone/Dream\ Again
    write-file /tmp/dreamlooper-signed-build/Build/Intermediates.noindex/Dream\ Again.build/Release-iphoneos/Dream\ Again.build/Dream\ Again-all-target-headers.hmap

MkDir /tmp/dreamlooper-signed-build/Build/Products/Release-iphoneos/Dream\ Again.app (in target 'Dream Again' from project 'Dream Again')
    cd /Users/shiv/Projects/iphone/Dream\ Again
    /bin/mkdir -p /tmp/dreamlooper-signed-build/Build/Products/Release-iphoneos/Dream\ Again.app

WriteAuxiliaryFile /tmp/dreamlooper-signed-build/Build/Intermediates.noindex/Dream\ Again.build/Release-iphoneos/Dream\ Again.build/DerivedSources/Entitlements.plist (in target 'Dream Again' from project 'Dream Again')
    cd /Users/shiv/Projects/iphone/Dream\ Again
    write-file /tmp/dreamlooper-signed-build/Build/Intermediates.noindex/Dream\ Again.build/Release-iphoneos/Dream\ Again.build/DerivedSources/Entitlements.plist

ProcessProductPackaging /Users/shiv/Library/Developer/Xcode/UserData/Provisioning\ Profiles/0d07fb5e-8eaa-4049-8708-83a56572035f.mobileprovision /tmp/dreamlooper-signed-build/Build/Products/Release-iphoneos/Dream\ Again.app/embedded.mobileprovision (in target 'Dream Again' from project 'Dream Again')
    cd /Users/shiv/Projects/iphone/Dream\ Again
    builtin-productPackagingUtility /Users/shiv/Library/Developer/Xcode/UserData/Provisioning\ Profiles/0d07fb5e-8eaa-4049-8708-83a56572035f.mobileprovision -o /tmp/dreamlooper-signed-build/Build/Products/Release-iphoneos/Dream\ Again.app/embedded.mobileprovision

ProcessProductPackaging "" /tmp/dreamlooper-signed-build/Build/Intermediates.noindex/Dream\ Again.build/Release-iphoneos/Dream\ Again.build/Dream\ Again.app.xcent (in target 'Dream Again' from project 'Dream Again')
    cd /Users/shiv/Projects/iphone/Dream\ Again
    
    Entitlements:
    
    {
    "application-identifier" = "BZ2SH7NUDM.dev.shivanshi.dream-run";
    "com.apple.developer.team-identifier" = BZ2SH7NUDM;
    "get-task-allow" = 1;
}
    
    builtin-productPackagingUtility -entitlements -format xml -o /tmp/dreamlooper-signed-build/Build/Intermediates.noindex/Dream\ Again.build/Release-iphoneos/Dream\ Again.build/Dream\ Again.app.xcent

ProcessProductPackagingDER /tmp/dreamlooper-signed-build/Build/Intermediates.noindex/Dream\ Again.build/Release-iphoneos/Dream\ Again.build/Dream\ Again.app.xcent /tmp/dreamlooper-signed-build/Build/Intermediates.noindex/Dream\ Again.build/Release-iphoneos/Dream\ Again.build/Dream\ Again.app.xcent.der (in target 'Dream Again' from project 'Dream Again')
    cd /Users/shiv/Projects/iphone/Dream\ Again
    /usr/bin/derq query -f xml -i /tmp/dreamlooper-signed-build/Build/Intermediates.noindex/Dream\ Again.build/Release-iphoneos/Dream\ Again.build/Dream\ Again.app.xcent -o /tmp/dreamlooper-signed-build/Build/Intermediates.noindex/Dream\ Again.build/Release-iphoneos/Dream\ Again.build/Dream\ Again.app.xcent.der --raw

GenerateAssetSymbols /Users/shiv/Projects/iphone/Dream\ Again/Dream\ Again/Assets.xcassets (in target 'Dream Again' from project 'Dream Again')
    cd /Users/shiv/Projects/iphone/Dream\ Again
    /Applications/Xcode.app/Contents/Developer/usr/bin/actool /Users/shiv/Projects/iphone/Dream\ Again/Dream\ Again/Assets.xcassets --compile /tmp/dreamlooper-signed-build/Build/Products/Release-iphoneos/Dream\ Again.app --output-format human-readable-text --notices --warnings --export-dependency-info /tmp/dreamlooper-signed-build/Build/Intermediates.noindex/Dream\ Again.build/Release-iphoneos/Dream\ Again.build/assetcatalog_dependencies --output-partial-info-plist /tmp/dreamlooper-signed-build/Build/Intermediates.noindex/Dream\ Again.build/Release-iphoneos/Dream\ Again.build/assetcatalog_generated_info.plist --app-icon AppIcon --accent-color AccentColor --compress-pngs --enable-on-demand-resources YES --development-region en --target-device iphone --target-device ipad --minimum-deployment-target 18.0 --platform iphoneos --bundle-identifier dev.shivanshi.dream-run --generate-swift-asset-symbols /tmp/dreamlooper-signed-build/Build/Intermediates.noindex/Dream\ Again.build/Release-iphoneos/Dream\ Again.build/DerivedSources/GeneratedAssetSymbols.swift --generate-objc-asset-symbols /tmp/dreamlooper-signed-build/Build/Intermediates.noindex/Dream\ Again.build/Release-iphoneos/Dream\ Again.build/DerivedSources/GeneratedAssetSymbols.h --generate-asset-symbol-index /tmp/dreamlooper-signed-build/Build/Intermediates.noindex/Dream\ Again.build/Release-iphoneos/Dream\ Again.build/DerivedSources/GeneratedAssetSymbols-Index.plist
/* com.apple.actool.compilation-results */
/tmp/dreamlooper-signed-build/Build/Intermediates.noindex/Dream Again.build/Release-iphoneos/Dream Again.build/DerivedSources/GeneratedAssetSymbols-Index.plist
/tmp/dreamlooper-signed-build/Build/Intermediates.noindex/Dream Again.build/Release-iphoneos/Dream Again.build/DerivedSources/GeneratedAssetSymbols.h
/tmp/dreamlooper-signed-build/Build/Intermediates.noindex/Dream Again.build/Release-iphoneos/Dream Again.build/DerivedSources/GeneratedAssetSymbols.swift


CpResource /tmp/dreamlooper-signed-build/Build/Products/Release-iphoneos/Dream\ Again.app/thunder-strike.wav /Users/shiv/Projects/iphone/Dream\ Again/Dream\ Again/Resources/Audio/thunder-strike.wav (in target 'Dream Again' from project 'Dream Again')
    cd /Users/shiv/Projects/iphone/Dream\ Again
    builtin-copy -exclude .DS_Store -exclude CVS -exclude .svn -exclude .git -exclude .hg -resolve-src-symlinks /Users/shiv/Projects/iphone/Dream\ Again/Dream\ Again/Resources/Audio/thunder-strike.wav /tmp/dreamlooper-signed-build/Build/Products/Release-iphoneos/Dream\ Again.app

MkDir /tmp/dreamlooper-signed-build/Build/Intermediates.noindex/Dream\ Again.build/Release-iphoneos/Dream\ Again.build/assetcatalog_output/thinned (in target 'Dream Again' from project 'Dream Again')
    cd /Users/shiv/Projects/iphone/Dream\ Again
    /bin/mkdir -p /tmp/dreamlooper-signed-build/Build/Intermediates.noindex/Dream\ Again.build/Release-iphoneos/Dream\ Again.build/assetcatalog_output/thinned

CpResource /tmp/dreamlooper-signed-build/Build/Products/Release-iphoneos/Dream\ Again.app/store_products.json /Users/shiv/Projects/iphone/Dream\ Again/Dream\ Again/Resources/store_products.json (in target 'Dream Again' from project 'Dream Again')
    cd /Users/shiv/Projects/iphone/Dream\ Again
    builtin-copy -exclude .DS_Store -exclude CVS -exclude .svn -exclude .git -exclude .hg -resolve-src-symlinks /Users/shiv/Projects/iphone/Dream\ Again/Dream\ Again/Resources/store_products.json /tmp/dreamlooper-signed-build/Build/Products/Release-iphoneos/Dream\ Again.app

MkDir /tmp/dreamlooper-signed-build/Build/Intermediates.noindex/Dream\ Again.build/Release-iphoneos/Dream\ Again.build/assetcatalog_output/unthinned (in target 'Dream Again' from project 'Dream Again')
    cd /Users/shiv/Projects/iphone/Dream\ Again
    /bin/mkdir -p /tmp/dreamlooper-signed-build/Build/Intermediates.noindex/Dream\ Again.build/Release-iphoneos/Dream\ Again.build/assetcatalog_output/unthinned

CpResource /tmp/dreamlooper-signed-build/Build/Products/Release-iphoneos/Dream\ Again.app/plate_fdc5a00817be3aad.jpg /Users/shiv/Projects/iphone/Dream\ Again/Dream\ Again/Resources/DreamPlates/plate_fdc5a00817be3aad.jpg (in target 'Dream Again' from project 'Dream Again')
    cd /Users/shiv/Projects/iphone/Dream\ Again
    builtin-copy -exclude .DS_Store -exclude CVS -exclude .svn -exclude .git -exclude .hg -resolve-src-symlinks /Users/shiv/Projects/iphone/Dream\ Again/Dream\ Again/Resources/DreamPlates/plate_fdc5a00817be3aad.jpg /tmp/dreamlooper-signed-build/Build/Products/Release-iphoneos/Dream\ Again.app

CpResource /tmp/dreamlooper-signed-build/Build/Products/Release-iphoneos/Dream\ Again.app/plate_fbcac3b3cc5d4ded.jpg /Users/shiv/Projects/iphone/Dream\ Again/Dream\ Again/Resources/DreamPlates/plate_fbcac3b3cc5d4ded.jpg (in target 'Dream Again' from project 'Dream Again')
    cd /Users/shiv/Projects/iphone/Dream\ Again
    builtin-copy -exclude .DS_Store -exclude CVS -exclude .svn -exclude .git -exclude .hg -resolve-src-symlinks /Users/shiv/Projects/iphone/Dream\ Again/Dream\ Again/Resources/DreamPlates/plate_fbcac3b3cc5d4ded.jpg /tmp/dreamlooper-signed-build/Build/Products/Release-iphoneos/Dream\ Again.app

CpResource /tmp/dreamlooper-signed-build/Build/Products/Release-iphoneos/Dream\ Again.app/plate_f9f0a648143b5968.jpg /Users/shiv/Projects/iphone/Dream\ Again/Dream\ Again/Resources/DreamPlates/plate_f9f0a648143b5968.jpg (in target 'Dream Again' from project 'Dream Again')
    cd /Users/shiv/Projects/iphone/Dream\ Again
    builtin-copy -exclude .DS_Store -exclude CVS -exclude .svn -exclude .git -exclude .hg -resolve-src-symlinks /Users/shiv/Projects/iphone/Dream\ Again/Dream\ Again/Resources/DreamPlates/plate_f9f0a648143b5968.jpg /tmp/dreamlooper-signed-build/Build/Products/Release-iphoneos/Dream\ Again.app

CpResource /tmp/dreamlooper-signed-build/Build/Products/Release-iphoneos/Dream\ Again.app/plate_f5f0a802e401329e.jpg /Users/shiv/Projects/iphone/Dream\ Again/Dream\ Again/Resources/DreamPlates/plate_f5f0a802e401329e.jpg (in target 'Dream Again' from project 'Dream Again')
    cd /Users/shiv/Projects/iphone/Dream\ Again
    builtin-copy -exclude .DS_Store -exclude CVS -exclude .svn -exclude .git -exclude .hg -resolve-src-symlinks /Users/shiv/Projects/iphone/Dream\ Again/Dream\ Again/Resources/DreamPlates/plate_f5f0a802e401329e.jpg /tmp/dreamlooper-signed-build/Build/Products/Release-iphoneos/Dream\ Again.app

CpResource /tmp/dreamlooper-signed-build/Build/Products/Release-iphoneos/Dream\ Again.app/plate_f49dd3bb1dbda9e2.jpg /Users/shiv/Projects/iphone/Dream\ Again/Dream\ Again/Resources/DreamPlates/plate_f49dd3bb1dbda9e2.jpg (in target 'Dream Again' from project 'Dream Again')
    cd /Users/shiv/Projects/iphone/Dream\ Again
    builtin-copy -exclude .DS_Store -exclude CVS -exclude .svn -exclude .git -exclude .hg -resolve-src-symlinks /Users/shiv/Projects/iphone/Dream\ Again/Dream\ Again/Resources/DreamPlates/plate_f49dd3bb1dbda9e2.jpg /tmp/dreamlooper-signed-build/Build/Products/Release-iphoneos/Dream\ Again.app

CpResource /tmp/dreamlooper-signed-build/Build/Products/Release-iphoneos/Dream\ Again.app/plate_f46f34cb8f3c1332.jpg /Users/shiv/Projects/iphone/Dream\ Again/Dream\ Again/Resources/DreamPlates/plate_f46f34cb8f3c1332.jpg (in target 'Dream Again' from project 'Dream Again')
    cd /Users/shiv/Projects/iphone/Dream\ Again
    builtin-copy -exclude .DS_Store -exclude CVS -exclude .svn -exclude .git -exclude .hg -resolve-src-symlinks /Users/shiv/Projects/iphone/Dream\ Again/Dream\ Again/Resources/DreamPlates/plate_f46f34cb8f3c1332.jpg /tmp/dreamlooper-signed-build/Build/Products/Release-iphoneos/Dream\ Again.app

CpResource /tmp/dreamlooper-signed-build/Build/Products/Release-iphoneos/Dream\ Again.app/plate_ef70cca1d2951854.jpg /Users/shiv/Projects/iphone/Dream\ Again/Dream\ Again/Resources/DreamPlates/plate_ef70cca1d2951854.jpg (in target 'Dream Again' from project 'Dream Again')
    cd /Users/shiv/Projects/iphone/Dream\ Again
    builtin-copy -exclude .DS_Store -exclude CVS -exclude .svn -exclude .git -exclude .hg -resolve-src-symlinks /Users/shiv/Projects/iphone/Dream\ Again/Dream\ Again/Resources/DreamPlates/plate_ef70cca1d2951854.jpg /tmp/dreamlooper-signed-build/Build/Products/Release-iphoneos/Dream\ Again.app

CpResource /tmp/dreamlooper-signed-build/Build/Products/Release-iphoneos/Dream\ Again.app/plate_ecd512c43e289a02.jpg /Users/shiv/Projects/iphone/Dream\ Again/Dream\ Again/Resources/DreamPlates/plate_ecd512c43e289a02.jpg (in target 'Dream Again' from project 'Dream Again')
    cd /Users/shiv/Projects/iphone/Dream\ Again
    builtin-copy -exclude .DS_Store -exclude CVS -exclude .svn -exclude .git -exclude .hg -resolve-src-symlinks /Users/shiv/Projects/iphone/Dream\ Again/Dream\ Again/Resources/DreamPlates/plate_ecd512c43e289a02.jpg /tmp/dreamlooper-signed-build/Build/Products/Release-iphoneos/Dream\ Again.app

CpResource /tmp/dreamlooper-signed-build/Build/Products/Release-iphoneos/Dream\ Again.app/plate_ec4379a9f7378d28.jpg /Users/shiv/Projects/iphone/Dream\ Again/Dream\ Again/Resources/DreamPlates/plate_ec4379a9f7378d28.jpg (in target 'Dream Again' from project 'Dream Again')
    cd /Users/shiv/Projects/iphone/Dream\ Again
    builtin-copy -exclude .DS_Store -exclude CVS -exclude .svn -exclude .git -exclude .hg -resolve-src-symlinks /Users/shiv/Projects/iphone/Dream\ Again/Dream\ Again/Resources/DreamPlates/plate_ec4379a9f7378d28.jpg /tmp/dreamlooper-signed-build/Build/Products/Release-iphoneos/Dream\ Again.app

CpResource /tmp/dreamlooper-signed-build/Build/Products/Release-iphoneos/Dream\ Again.app/plate_ec0cad03b573943d.jpg /Users/shiv/Projects/iphone/Dream\ Again/Dream\ Again/Resources/DreamPlates/plate_ec0cad03b573943d.jpg (in target 'Dream Again' from project 'Dream Again')
    cd /Users/shiv/Projects/iphone/Dream\ Again
    builtin-copy -exclude .DS_Store -exclude CVS -exclude .svn -exclude .git -exclude .hg -resolve-src-symlinks /Users/shiv/Projects/iphone/Dream\ Again/Dream\ Again/Resources/DreamPlates/plate_ec0cad03b573943d.jpg /tmp/dreamlooper-signed-build/Build/Products/Release-iphoneos/Dream\ Again.app

CpResource /tmp/dreamlooper-signed-build/Build/Products/Release-iphoneos/Dream\ Again.app/plate_ea232b6568888739.jpg /Users/shiv/Projects/iphone/Dream\ Again/Dream\ Again/Resources/DreamPlates/plate_ea232b6568888739.jpg (in target 'Dream Again' from project 'Dream Again')
    cd /Users/shiv/Projects/iphone/Dream\ Again
    builtin-copy -exclude .DS_Store -exclude CVS -exclude .svn -exclude .git -exclude .hg -resolve-src-symlinks /Users/shiv/Projects/iphone/Dream\ Again/Dream\ Again/Resources/DreamPlates/plate_ea232b6568888739.jpg /tmp/dreamlooper-signed-build/Build/Products/Release-iphoneos/Dream\ Again.app

CpResource /tmp/dreamlooper-signed-build/Build/Products/Release-iphoneos/Dream\ Again.app/plate_e4a587107fedd553.jpg /Users/shiv/Projects/iphone/Dream\ Again/Dream\ Again/Resources/DreamPlates/plate_e4a587107fedd553.jpg (in target 'Dream Again' from project 'Dream Again')
    cd /Users/shiv/Projects/iphone/Dream\ Again
    builtin-copy -exclude .DS_Store -exclude CVS -exclude .svn -exclude .git -exclude .hg -resolve-src-symlinks /Users/shiv/Projects/iphone/Dream\ Again/Dream\ Again/Resources/DreamPlates/plate_e4a587107fedd553.jpg /tmp/dreamlooper-signed-build/Build/Products/Release-iphoneos/Dream\ Again.app

CpResource /tmp/dreamlooper-signed-build/Build/Products/Release-iphoneos/Dream\ Again.app/plate_e41363a71b59d367.jpg /Users/shiv/Projects/iphone/Dream\ Again/Dream\ Again/Resources/DreamPlates/plate_e41363a71b59d367.jpg (in target 'Dream Again' from project 'Dream Again')
    cd /Users/shiv/Projects/iphone/Dream\ Again
    builtin-copy -exclude .DS_Store -exclude CVS -exclude .svn -exclude .git -exclude .hg -resolve-src-symlinks /Users/shiv/Projects/iphone/Dream\ Again/Dream\ Again/Resources/DreamPlates/plate_e41363a71b59d367.jpg /tmp/dreamlooper-signed-build/Build/Products/Release-iphoneos/Dream\ Again.app

CpResource /tmp/dreamlooper-signed-build/Build/Products/Release-iphoneos/Dream\ Again.app/plate_e301754ea22a992b.jpg /Users/shiv/Projects/iphone/Dream\ Again/Dream\ Again/Resources/DreamPlates/plate_e301754ea22a992b.jpg (in target 'Dream Again' from project 'Dream Again')
    cd /Users/shiv/Projects/iphone/Dream\ Again
    builtin-copy -exclude .DS_Store -exclude CVS -exclude .svn -exclude .git -exclude .hg -resolve-src-symlinks /Users/shiv/Projects/iphone/Dream\ Again/Dream\ Again/Resources/DreamPlates/plate_e301754ea22a992b.jpg /tmp/dreamlooper-signed-build/Build/Products/Release-iphoneos/Dream\ Again.app

CpResource /tmp/dreamlooper-signed-build/Build/Products/Release-iphoneos/Dream\ Again.app/plate_e1a3e6910b6d5677.jpg /Users/shiv/Projects/iphone/Dream\ Again/Dream\ Again/Resources/DreamPlates/plate_e1a3e6910b6d5677.jpg (in target 'Dream Again' from project 'Dream Again')
    cd /Users/shiv/Projects/iphone/Dream\ Again
    builtin-copy -exclude .DS_Store -exclude CVS -exclude .svn -exclude .git -exclude .hg -resolve-src-symlinks /Users/shiv/Projects/iphone/Dream\ Again/Dream\ Again/Resources/DreamPlates/plate_e1a3e6910b6d5677.jpg /tmp/dreamlooper-signed-build/Build/Products/Release-iphoneos/Dream\ Again.app

CpResource /tmp/dreamlooper-signed-build/Build/Products/Release-iphoneos/Dream\ Again.app/plate_d361f3315cbcf44c.jpg /Users/shiv/Projects/iphone/Dream\ Again/Dream\ Again/Resources/DreamPlates/plate_d361f3315cbcf44c.jpg (in target 'Dream Again' from project 'Dream Again')
    cd /Users/shiv/Projects/iphone/Dream\ Again
    builtin-copy -exclude .DS_Store -exclude CVS -exclude .svn -exclude .git -exclude .hg -resolve-src-symlinks /Users/shiv/Projects/iphone/Dream\ Again/Dream\ Again/Resources/DreamPlates/plate_d361f3315cbcf44c.jpg /tmp/dreamlooper-signed-build/Build/Products/Release-iphoneos/Dream\ Again.app

CpResource /tmp/dreamlooper-signed-build/Build/Products/Release-iphoneos/Dream\ Again.app/plate_cae15aa19f70079a.jpg /Users/shiv/Projects/iphone/Dream\ Again/Dream\ Again/Resources/DreamPlates/plate_cae15aa19f70079a.jpg (in target 'Dream Again' from project 'Dream Again')
    cd /Users/shiv/Projects/iphone/Dream\ Again
    builtin-copy -exclude .DS_Store -exclude CVS -exclude .svn -exclude .git -exclude .hg -resolve-src-symlinks /Users/shiv/Projects/iphone/Dream\ Again/Dream\ Again/Resources/DreamPlates/plate_cae15aa19f70079a.jpg /tmp/dreamlooper-signed-build/Build/Products/Release-iphoneos/Dream\ Again.app

CpResource /tmp/dreamlooper-signed-build/Build/Products/Release-iphoneos/Dream\ Again.app/plate_c9d2b8f49d85a3fd.jpg /Users/shiv/Projects/iphone/Dream\ Again/Dream\ Again/Resources/DreamPlates/plate_c9d2b8f49d85a3fd.jpg (in target 'Dream Again' from project 'Dream Again')
    cd /Users/shiv/Projects/iphone/Dream\ Again
    builtin-copy -exclude .DS_Store -exclude CVS -exclude .svn -exclude .git -exclude .hg -resolve-src-symlinks /Users/shiv/Projects/iphone/Dream\ Again/Dream\ Again/Resources/DreamPlates/plate_c9d2b8f49d85a3fd.jpg /tmp/dreamlooper-signed-build/Build/Products/Release-iphoneos/Dream\ Again.app

CpResource /tmp/dreamlooper-signed-build/Build/Products/Release-iphoneos/Dream\ Again.app/plate_c8fb7c084d62424d.jpg /Users/shiv/Projects/iphone/Dream\ Again/Dream\ Again/Resources/DreamPlates/plate_c8fb7c084d62424d.jpg (in target 'Dream Again' from project 'Dream Again')
    cd /Users/shiv/Projects/iphone/Dream\ Again
    builtin-copy -exclude .DS_Store -exclude CVS -exclude .svn -exclude .git -exclude .hg -resolve-src-symlinks /Users/shiv/Projects/iphone/Dream\ Again/Dream\ Again/Resources/DreamPlates/plate_c8fb7c084d62424d.jpg /tmp/dreamlooper-signed-build/Build/Products/Release-iphoneos/Dream\ Again.app

CpResource /tmp/dreamlooper-signed-build/Build/Products/Release-iphoneos/Dream\ Again.app/plate_c80e54ade74e68f5.jpg /Users/shiv/Projects/iphone/Dream\ Again/Dream\ Again/Resources/DreamPlates/plate_c80e54ade74e68f5.jpg (in target 'Dream Again' from project 'Dream Again')
    cd /Users/shiv/Projects/iphone/Dream\ Again
    builtin-copy -exclude .DS_Store -exclude CVS -exclude .svn -exclude .git -exclude .hg -resolve-src-symlinks /Users/shiv/Projects/iphone/Dream\ Again/Dream\ Again/Resources/DreamPlates/plate_c80e54ade74e68f5.jpg /tmp/dreamlooper-signed-build/Build/Products/Release-iphoneos/Dream\ Again.app

CpResource /tmp/dreamlooper-signed-build/Build/Products/Release-iphoneos/Dream\ Again.app/plate_c773fc4033f84eef.jpg /Users/shiv/Projects/iphone/Dream\ Again/Dream\ Again/Resources/DreamPlates/plate_c773fc4033f84eef.jpg (in target 'Dream Again' from project 'Dream Again')
    cd /Users/shiv/Projects/iphone/Dream\ Again
    builtin-copy -exclude .DS_Store -exclude CVS -exclude .svn -exclude .git -exclude .hg -resolve-src-symlinks /Users/shiv/Projects/iphone/Dream\ Again/Dream\ Again/Resources/DreamPlates/plate_c773fc4033f84eef.jpg /tmp/dreamlooper-signed-build/Build/Products/Release-iphoneos/Dream\ Again.app

CpResource /tmp/dreamlooper-signed-build/Build/Products/Release-iphoneos/Dream\ Again.app/plate_c6a3879de94a7735.jpg /Users/shiv/Projects/iphone/Dream\ Again/Dream\ Again/Resources/DreamPlates/plate_c6a3879de94a7735.jpg (in target 'Dream Again' from project 'Dream Again')
    cd /Users/shiv/Projects/iphone/Dream\ Again
    builtin-copy -exclude .DS_Store -exclude CVS -exclude .svn -exclude .git -exclude .hg -resolve-src-symlinks /Users/shiv/Projects/iphone/Dream\ Again/Dream\ Again/Resources/DreamPlates/plate_c6a3879de94a7735.jpg /tmp/dreamlooper-signed-build/Build/Products/Release-iphoneos/Dream\ Again.app

CpResource /tmp/dreamlooper-signed-build/Build/Products/Release-iphoneos/Dream\ Again.app/plate_c498c8cf3b89e616.jpg /Users/shiv/Projects/iphone/Dream\ Again/Dream\ Again/Resources/DreamPlates/plate_c498c8cf3b89e616.jpg (in target 'Dream Again' from project 'Dream Again')
    cd /Users/shiv/Projects/iphone/Dream\ Again
    builtin-copy -exclude .DS_Store -exclude CVS -exclude .svn -exclude .git -exclude .hg -resolve-src-symlinks /Users/shiv/Projects/iphone/Dream\ Again/Dream\ Again/Resources/DreamPlates/plate_c498c8cf3b89e616.jpg /tmp/dreamlooper-signed-build/Build/Products/Release-iphoneos/Dream\ Again.app

CpResource /tmp/dreamlooper-signed-build/Build/Products/Release-iphoneos/Dream\ Again.app/plate_c364e2e601a0c815.jpg /Users/shiv/Projects/iphone/Dream\ Again/Dream\ Again/Resources/DreamPlates/plate_c364e2e601a0c815.jpg (in target 'Dream Again' from project 'Dream Again')
    cd /Users/shiv/Projects/iphone/Dream\ Again
    builtin-copy -exclude .DS_Store -exclude CVS -exclude .svn -exclude .git -exclude .hg -resolve-src-symlinks /Users/shiv/Projects/iphone/Dream\ Again/Dream\ Again/Resources/DreamPlates/plate_c364e2e601a0c815.jpg /tmp/dreamlooper-signed-build/Build/Products/Release-iphoneos/Dream\ Again.app

CpResource /tmp/dreamlooper-signed-build/Build/Products/Release-iphoneos/Dream\ Again.app/plate_c03c2d3cf51fc6a1.jpg /Users/shiv/Projects/iphone/Dream\ Again/Dream\ Again/Resources/DreamPlates/plate_c03c2d3cf51fc6a1.jpg (in target 'Dream Again' from project 'Dream Again')
    cd /Users/shiv/Projects/iphone/Dream\ Again
    builtin-copy -exclude .DS_Store -exclude CVS -exclude .svn -exclude .git -exclude .hg -resolve-src-symlinks /Users/shiv/Projects/iphone/Dream\ Again/Dream\ Again/Resources/DreamPlates/plate_c03c2d3cf51fc6a1.jpg /tmp/dreamlooper-signed-build/Build/Products/Release-iphoneos/Dream\ Again.app

CpResource /tmp/dreamlooper-signed-build/Build/Products/Release-iphoneos/Dream\ Again.app/plate_bbcd4180473738a9.jpg /Users/shiv/Projects/iphone/Dream\ Again/Dream\ Again/Resources/DreamPlates/plate_bbcd4180473738a9.jpg (in target 'Dream Again' from project 'Dream Again')
    cd /Users/shiv/Projects/iphone/Dream\ Again
    builtin-copy -exclude .DS_Store -exclude CVS -exclude .svn -exclude .git -exclude .hg -resolve-src-symlinks /Users/shiv/Projects/iphone/Dream\ Again/Dream\ Again/Resources/DreamPlates/plate_bbcd4180473738a9.jpg /tmp/dreamlooper-signed-build/Build/Products/Release-iphoneos/Dream\ Again.app

CpResource /tmp/dreamlooper-signed-build/Build/Products/Release-iphoneos/Dream\ Again.app/plate_ba3c372e0c944302.jpg /Users/shiv/Projects/iphone/Dream\ Again/Dream\ Again/Resources/DreamPlates/plate_ba3c372e0c944302.jpg (in target 'Dream Again' from project 'Dream Again')
    cd /Users/shiv/Projects/iphone/Dream\ Again
    builtin-copy -exclude .DS_Store -exclude CVS -exclude .svn -exclude .git -exclude .hg -resolve-src-symlinks /Users/shiv/Projects/iphone/Dream\ Again/Dream\ Again/Resources/DreamPlates/plate_ba3c372e0c944302.jpg /tmp/dreamlooper-signed-build/Build/Products/Release-iphoneos/Dream\ Again.app

CpResource /tmp/dreamlooper-signed-build/Build/Products/Release-iphoneos/Dream\ Again.app/plate_b9c4039e7a5eb1ed.jpg /Users/shiv/Projects/iphone/Dream\ Again/Dream\ Again/Resources/DreamPlates/plate_b9c4039e7a5eb1ed.jpg (in target 'Dream Again' from project 'Dream Again')
    cd /Users/shiv/Projects/iphone/Dream\ Again
    builtin-copy -exclude .DS_Store -exclude CVS -exclude .svn -exclude .git -exclude .hg -resolve-src-symlinks /Users/shiv/Projects/iphone/Dream\ Again/Dream\ Again/Resources/DreamPlates/plate_b9c4039e7a5eb1ed.jpg /tmp/dreamlooper-signed-build/Build/Products/Release-iphoneos/Dream\ Again.app

CpResource /tmp/dreamlooper-signed-build/Build/Products/Release-iphoneos/Dream\ Again.app/plate_b87b19eb01215185.jpg /Users/shiv/Projects/iphone/Dream\ Again/Dream\ Again/Resources/DreamPlates/plate_b87b19eb01215185.jpg (in target 'Dream Again' from project 'Dream Again')
    cd /Users/shiv/Projects/iphone/Dream\ Again
    builtin-copy -exclude .DS_Store -exclude CVS -exclude .svn -exclude .git -exclude .hg -resolve-src-symlinks /Users/shiv/Projects/iphone/Dream\ Again/Dream\ Again/Resources/DreamPlates/plate_b87b19eb01215185.jpg /tmp/dreamlooper-signed-build/Build/Products/Release-iphoneos/Dream\ Again.app

CpResource /tmp/dreamlooper-signed-build/Build/Products/Release-iphoneos/Dream\ Again.app/plate_b713dfeef513a538.jpg /Users/shiv/Projects/iphone/Dream\ Again/Dream\ Again/Resources/DreamPlates/plate_b713dfeef513a538.jpg (in target 'Dream Again' from project 'Dream Again')
    cd /Users/shiv/Projects/iphone/Dream\ Again
    builtin-copy -exclude .DS_Store -exclude CVS -exclude .svn -exclude .git -exclude .hg -resolve-src-symlinks /Users/shiv/Projects/iphone/Dream\ Again/Dream\ Again/Resources/DreamPlates/plate_b713dfeef513a538.jpg /tmp/dreamlooper-signed-build/Build/Products/Release-iphoneos/Dream\ Again.app

CpResource /tmp/dreamlooper-signed-build/Build/Products/Release-iphoneos/Dream\ Again.app/plate_a94bdf7cfd2d84b8.jpg /Users/shiv/Projects/iphone/Dream\ Again/Dream\ Again/Resources/DreamPlates/plate_a94bdf7cfd2d84b8.jpg (in target 'Dream Again' from project 'Dream Again')
    cd /Users/shiv/Projects/iphone/Dream\ Again
    builtin-copy -exclude .DS_Store -exclude CVS -exclude .svn -exclude .git -exclude .hg -resolve-src-symlinks /Users/shiv/Projects/iphone/Dream\ Again/Dream\ Again/Resources/DreamPlates/plate_a94bdf7cfd2d84b8.jpg /tmp/dreamlooper-signed-build/Build/Products/Release-iphoneos/Dream\ Again.app

CpResource /tmp/dreamlooper-signed-build/Build/Products/Release-iphoneos/Dream\ Again.app/plate_a9029363b3bae74f.jpg /Users/shiv/Projects/iphone/Dream\ Again/Dream\ Again/Resources/DreamPlates/plate_a9029363b3bae74f.jpg (in target 'Dream Again' from project 'Dream Again')
    cd /Users/shiv/Projects/iphone/Dream\ Again
    builtin-copy -exclude .DS_Store -exclude CVS -exclude .svn -exclude .git -exclude .hg -resolve-src-symlinks /Users/shiv/Projects/iphone/Dream\ Again/Dream\ Again/Resources/DreamPlates/plate_a9029363b3bae74f.jpg /tmp/dreamlooper-signed-build/Build/Products/Release-iphoneos/Dream\ Again.app

CpResource /tmp/dreamlooper-signed-build/Build/Products/Release-iphoneos/Dream\ Again.app/plate_a37de95b3ec35792.jpg /Users/shiv/Projects/iphone/Dream\ Again/Dream\ Again/Resources/DreamPlates/plate_a37de95b3ec35792.jpg (in target 'Dream Again' from project 'Dream Again')
    cd /Users/shiv/Projects/iphone/Dream\ Again
    builtin-copy -exclude .DS_Store -exclude CVS -exclude .svn -exclude .git -exclude .hg -resolve-src-symlinks /Users/shiv/Projects/iphone/Dream\ Again/Dream\ Again/Resources/DreamPlates/plate_a37de95b3ec35792.jpg /tmp/dreamlooper-signed-build/Build/Products/Release-iphoneos/Dream\ Again.app

CpResource /tmp/dreamlooper-signed-build/Build/Products/Release-iphoneos/Dream\ Again.app/plate_a1515ab2b749e8b2.jpg /Users/shiv/Projects/iphone/Dream\ Again/Dream\ Again/Resources/DreamPlates/plate_a1515ab2b749e8b2.jpg (in target 'Dream Again' from project 'Dream Again')
    cd /Users/shiv/Projects/iphone/Dream\ Again
    builtin-copy -exclude .DS_Store -exclude CVS -exclude .svn -exclude .git -exclude .hg -resolve-src-symlinks /Users/shiv/Projects/iphone/Dream\ Again/Dream\ Again/Resources/DreamPlates/plate_a1515ab2b749e8b2.jpg /tmp/dreamlooper-signed-build/Build/Products/Release-iphoneos/Dream\ Again.app

CpResource /tmp/dreamlooper-signed-build/Build/Products/Release-iphoneos/Dream\ Again.app/plate_9b8053c73796bd9e.jpg /Users/shiv/Projects/iphone/Dream\ Again/Dream\ Again/Resources/DreamPlates/plate_9b8053c73796bd9e.jpg (in target 'Dream Again' from project 'Dream Again')
    cd /Users/shiv/Projects/iphone/Dream\ Again
    builtin-copy -exclude .DS_Store -exclude CVS -exclude .svn -exclude .git -exclude .hg -resolve-src-symlinks /Users/shiv/Projects/iphone/Dream\ Again/Dream\ Again/Resources/DreamPlates/plate_9b8053c73796bd9e.jpg /tmp/dreamlooper-signed-build/Build/Products/Release-iphoneos/Dream\ Again.app

CpResource /tmp/dreamlooper-signed-build/Build/Products/Release-iphoneos/Dream\ Again.app/plate_978844c5d798a194.jpg /Users/shiv/Projects/iphone/Dream\ Again/Dream\ Again/Resources/DreamPlates/plate_978844c5d798a194.jpg (in target 'Dream Again' from project 'Dream Again')
    cd /Users/shiv/Projects/iphone/Dream\ Again
    builtin-copy -exclude .DS_Store -exclude CVS -exclude .svn -exclude .git -exclude .hg -resolve-src-symlinks /Users/shiv/Projects/iphone/Dream\ Again/Dream\ Again/Resources/DreamPlates/plate_978844c5d798a194.jpg /tmp/dreamlooper-signed-build/Build/Products/Release-iphoneos/Dream\ Again.app

CpResource /tmp/dreamlooper-signed-build/Build/Products/Release-iphoneos/Dream\ Again.app/plate_95288e5ebafe9a66.jpg /Users/shiv/Projects/iphone/Dream\ Again/Dream\ Again/Resources/DreamPlates/plate_95288e5ebafe9a66.jpg (in target 'Dream Again' from project 'Dream Again')
    cd /Users/shiv/Projects/iphone/Dream\ Again
    builtin-copy -exclude .DS_Store -exclude CVS -exclude .svn -exclude .git -exclude .hg -resolve-src-symlinks /Users/shiv/Projects/iphone/Dream\ Again/Dream\ Again/Resources/DreamPlates/plate_95288e5ebafe9a66.jpg /tmp/dreamlooper-signed-build/Build/Products/Release-iphoneos/Dream\ Again.app

CpResource /tmp/dreamlooper-signed-build/Build/Products/Release-iphoneos/Dream\ Again.app/plate_950f7f047299d6ad.jpg /Users/shiv/Projects/iphone/Dream\ Again/Dream\ Again/Resources/DreamPlates/plate_950f7f047299d6ad.jpg (in target 'Dream Again' from project 'Dream Again')
    cd /Users/shiv/Projects/iphone/Dream\ Again
    builtin-copy -exclude .DS_Store -exclude CVS -exclude .svn -exclude .git -exclude .hg -resolve-src-symlinks /Users/shiv/Projects/iphone/Dream\ Again/Dream\ Again/Resources/DreamPlates/plate_950f7f047299d6ad.jpg /tmp/dreamlooper-signed-build/Build/Products/Release-iphoneos/Dream\ Again.app

CpResource /tmp/dreamlooper-signed-build/Build/Products/Release-iphoneos/Dream\ Again.app/plate_948d1f6efbcf4473.jpg /Users/shiv/Projects/iphone/Dream\ Again/Dream\ Again/Resources/DreamPlates/plate_948d1f6efbcf4473.jpg (in target 'Dream Again' from project 'Dream Again')
    cd /Users/shiv/Projects/iphone/Dream\ Again
    builtin-copy -exclude .DS_Store -exclude CVS -exclude .svn -exclude .git -exclude .hg -resolve-src-symlinks /Users/shiv/Projects/iphone/Dream\ Again/Dream\ Again/Resources/DreamPlates/plate_948d1f6efbcf4473.jpg /tmp/dreamlooper-signed-build/Build/Products/Release-iphoneos/Dream\ Again.app

CpResource /tmp/dreamlooper-signed-build/Build/Products/Release-iphoneos/Dream\ Again.app/plate_938c164633d67f1c.jpg /Users/shiv/Projects/iphone/Dream\ Again/Dream\ Again/Resources/DreamPlates/plate_938c164633d67f1c.jpg (in target 'Dream Again' from project 'Dream Again')
    cd /Users/shiv/Projects/iphone/Dream\ Again
    builtin-copy -exclude .DS_Store -exclude CVS -exclude .svn -exclude .git -exclude .hg -resolve-src-symlinks /Users/shiv/Projects/iphone/Dream\ Again/Dream\ Again/Resources/DreamPlates/plate_938c164633d67f1c.jpg /tmp/dreamlooper-signed-build/Build/Products/Release-iphoneos/Dream\ Again.app

CpResource /tmp/dreamlooper-signed-build/Build/Products/Release-iphoneos/Dream\ Again.app/plate_92b722ef52baa042.jpg /Users/shiv/Projects/iphone/Dream\ Again/Dream\ Again/Resources/DreamPlates/plate_92b722ef52baa042.jpg (in target 'Dream Again' from project 'Dream Again')
    cd /Users/shiv/Projects/iphone/Dream\ Again
    builtin-copy -exclude .DS_Store -exclude CVS -exclude .svn -exclude .git -exclude .hg -resolve-src-symlinks /Users/shiv/Projects/iphone/Dream\ Again/Dream\ Again/Resources/DreamPlates/plate_92b722ef52baa042.jpg /tmp/dreamlooper-signed-build/Build/Products/Release-iphoneos/Dream\ Again.app

CpResource /tmp/dreamlooper-signed-build/Build/Products/Release-iphoneos/Dream\ Again.app/plate_918cd448c30b062b.jpg /Users/shiv/Projects/iphone/Dream\ Again/Dream\ Again/Resources/DreamPlates/plate_918cd448c30b062b.jpg (in target 'Dream Again' from project 'Dream Again')
    cd /Users/shiv/Projects/iphone/Dream\ Again
    builtin-copy -exclude .DS_Store -exclude CVS -exclude .svn -exclude .git -exclude .hg -resolve-src-symlinks /Users/shiv/Projects/iphone/Dream\ Again/Dream\ Again/Resources/DreamPlates/plate_918cd448c30b062b.jpg /tmp/dreamlooper-signed-build/Build/Products/Release-iphoneos/Dream\ Again.app

CpResource /tmp/dreamlooper-signed-build/Build/Products/Release-iphoneos/Dream\ Again.app/plate_913dbfa18e092ab4.jpg /Users/shiv/Projects/iphone/Dream\ Again/Dream\ Again/Resources/DreamPlates/plate_913dbfa18e092ab4.jpg (in target 'Dream Again' from project 'Dream Again')
    cd /Users/shiv/Projects/iphone/Dream\ Again
    builtin-copy -exclude .DS_Store -exclude CVS -exclude .svn -exclude .git -exclude .hg -resolve-src-symlinks /Users/shiv/Projects/iphone/Dream\ Again/Dream\ Again/Resources/DreamPlates/plate_913dbfa18e092ab4.jpg /tmp/dreamlooper-signed-build/Build/Products/Release-iphoneos/Dream\ Again.app

CpResource /tmp/dreamlooper-signed-build/Build/Products/Release-iphoneos/Dream\ Again.app/plate_90dfdddca94a7661.jpg /Users/shiv/Projects/iphone/Dream\ Again/Dream\ Again/Resources/DreamPlates/plate_90dfdddca94a7661.jpg (in target 'Dream Again' from project 'Dream Again')
    cd /Users/shiv/Projects/iphone/Dream\ Again
    builtin-copy -exclude .DS_Store -exclude CVS -exclude .svn -exclude .git -exclude .hg -resolve-src-symlinks /Users/shiv/Projects/iphone/Dream\ Again/Dream\ Again/Resources/DreamPlates/plate_90dfdddca94a7661.jpg /tmp/dreamlooper-signed-build/Build/Products/Release-iphoneos/Dream\ Again.app

CpResource /tmp/dreamlooper-signed-build/Build/Products/Release-iphoneos/Dream\ Again.app/plate_8556cc92a9d4822e.jpg /Users/shiv/Projects/iphone/Dream\ Again/Dream\ Again/Resources/DreamPlates/plate_8556cc92a9d4822e.jpg (in target 'Dream Again' from project 'Dream Again')
    cd /Users/shiv/Projects/iphone/Dream\ Again
    builtin-copy -exclude .DS_Store -exclude CVS -exclude .svn -exclude .git -exclude .hg -resolve-src-symlinks /Users/shiv/Projects/iphone/Dream\ Again/Dream\ Again/Resources/DreamPlates/plate_8556cc92a9d4822e.jpg /tmp/dreamlooper-signed-build/Build/Products/Release-iphoneos/Dream\ Again.app

CpResource /tmp/dreamlooper-signed-build/Build/Products/Release-iphoneos/Dream\ Again.app/plate_83f7dfb084d66be9.jpg /Users/shiv/Projects/iphone/Dream\ Again/Dream\ Again/Resources/DreamPlates/plate_83f7dfb084d66be9.jpg (in target 'Dream Again' from project 'Dream Again')
    cd /Users/shiv/Projects/iphone/Dream\ Again
    builtin-copy -exclude .DS_Store -exclude CVS -exclude .svn -exclude .git -exclude .hg -resolve-src-symlinks /Users/shiv/Projects/iphone/Dream\ Again/Dream\ Again/Resources/DreamPlates/plate_83f7dfb084d66be9.jpg /tmp/dreamlooper-signed-build/Build/Products/Release-iphoneos/Dream\ Again.app

CpResource /tmp/dreamlooper-signed-build/Build/Products/Release-iphoneos/Dream\ Again.app/plate_83038b5d67bc41c4.jpg /Users/shiv/Projects/iphone/Dream\ Again/Dream\ Again/Resources/DreamPlates/plate_83038b5d67bc41c4.jpg (in target 'Dream Again' from project 'Dream Again')
    cd /Users/shiv/Projects/iphone/Dream\ Again
    builtin-copy -exclude .DS_Store -exclude CVS -exclude .svn -exclude .git -exclude .hg -resolve-src-symlinks /Users/shiv/Projects/iphone/Dream\ Again/Dream\ Again/Resources/DreamPlates/plate_83038b5d67bc41c4.jpg /tmp/dreamlooper-signed-build/Build/Products/Release-iphoneos/Dream\ Again.app

CpResource /tmp/dreamlooper-signed-build/Build/Products/Release-iphoneos/Dream\ Again.app/plate_83005e5d98639054.jpg /Users/shiv/Projects/iphone/Dream\ Again/Dream\ Again/Resources/DreamPlates/plate_83005e5d98639054.jpg (in target 'Dream Again' from project 'Dream Again')
    cd /Users/shiv/Projects/iphone/Dream\ Again
    builtin-copy -exclude .DS_Store -exclude CVS -exclude .svn -exclude .git -exclude .hg -resolve-src-symlinks /Users/shiv/Projects/iphone/Dream\ Again/Dream\ Again/Resources/DreamPlates/plate_83005e5d98639054.jpg /tmp/dreamlooper-signed-build/Build/Products/Release-iphoneos/Dream\ Again.app

CpResource /tmp/dreamlooper-signed-build/Build/Products/Release-iphoneos/Dream\ Again.app/plate_82b47f45bf3ad2d8.jpg /Users/shiv/Projects/iphone/Dream\ Again/Dream\ Again/Resources/DreamPlates/plate_82b47f45bf3ad2d8.jpg (in target 'Dream Again' from project 'Dream Again')
    cd /Users/shiv/Projects/iphone/Dream\ Again
    builtin-copy -exclude .DS_Store -exclude CVS -exclude .svn -exclude .git -exclude .hg -resolve-src-symlinks /Users/shiv/Projects/iphone/Dream\ Again/Dream\ Again/Resources/DreamPlates/plate_82b47f45bf3ad2d8.jpg /tmp/dreamlooper-signed-build/Build/Products/Release-iphoneos/Dream\ Again.app

CpResource /tmp/dreamlooper-signed-build/Build/Products/Release-iphoneos/Dream\ Again.app/plate_82716ff5436ddd3c.jpg /Users/shiv/Projects/iphone/Dream\ Again/Dream\ Again/Resources/DreamPlates/plate_82716ff5436ddd3c.jpg (in target 'Dream Again' from project 'Dream Again')
    cd /Users/shiv/Projects/iphone/Dream\ Again
    builtin-copy -exclude .DS_Store -exclude CVS -exclude .svn -exclude .git -exclude .hg -resolve-src-symlinks /Users/shiv/Projects/iphone/Dream\ Again/Dream\ Again/Resources/DreamPlates/plate_82716ff5436ddd3c.jpg /tmp/dreamlooper-signed-build/Build/Products/Release-iphoneos/Dream\ Again.app

CpResource /tmp/dreamlooper-signed-build/Build/Products/Release-iphoneos/Dream\ Again.app/plate_7d530110f30c18bf.jpg /Users/shiv/Projects/iphone/Dream\ Again/Dream\ Again/Resources/DreamPlates/plate_7d530110f30c18bf.jpg (in target 'Dream Again' from project 'Dream Again')
    cd /Users/shiv/Projects/iphone/Dream\ Again
    builtin-copy -exclude .DS_Store -exclude CVS -exclude .svn -exclude .git -exclude .hg -resolve-src-symlinks /Users/shiv/Projects/iphone/Dream\ Again/Dream\ Again/Resources/DreamPlates/plate_7d530110f30c18bf.jpg /tmp/dreamlooper-signed-build/Build/Products/Release-iphoneos/Dream\ Again.app

CpResource /tmp/dreamlooper-signed-build/Build/Products/Release-iphoneos/Dream\ Again.app/plate_7c1b8c88dd397226.jpg /Users/shiv/Projects/iphone/Dream\ Again/Dream\ Again/Resources/DreamPlates/plate_7c1b8c88dd397226.jpg (in target 'Dream Again' from project 'Dream Again')
    cd /Users/shiv/Projects/iphone/Dream\ Again
    builtin-copy -exclude .DS_Store -exclude CVS -exclude .svn -exclude .git -exclude .hg -resolve-src-symlinks /Users/shiv/Projects/iphone/Dream\ Again/Dream\ Again/Resources/DreamPlates/plate_7c1b8c88dd397226.jpg /tmp/dreamlooper-signed-build/Build/Products/Release-iphoneos/Dream\ Again.app

CpResource /tmp/dreamlooper-signed-build/Build/Products/Release-iphoneos/Dream\ Again.app/plate_7bfd2ece69c11fbe.jpg /Users/shiv/Projects/iphone/Dream\ Again/Dream\ Again/Resources/DreamPlates/plate_7bfd2ece69c11fbe.jpg (in target 'Dream Again' from project 'Dream Again')
    cd /Users/shiv/Projects/iphone/Dream\ Again
    builtin-copy -exclude .DS_Store -exclude CVS -exclude .svn -exclude .git -exclude .hg -resolve-src-symlinks /Users/shiv/Projects/iphone/Dream\ Again/Dream\ Again/Resources/DreamPlates/plate_7bfd2ece69c11fbe.jpg /tmp/dreamlooper-signed-build/Build/Products/Release-iphoneos/Dream\ Again.app

CpResource /tmp/dreamlooper-signed-build/Build/Products/Release-iphoneos/Dream\ Again.app/plate_7ae076a7092c083a.jpg /Users/shiv/Projects/iphone/Dream\ Again/Dream\ Again/Resources/DreamPlates/plate_7ae076a7092c083a.jpg (in target 'Dream Again' from project 'Dream Again')
    cd /Users/shiv/Projects/iphone/Dream\ Again
    builtin-copy -exclude .DS_Store -exclude CVS -exclude .svn -exclude .git -exclude .hg -resolve-src-symlinks /Users/shiv/Projects/iphone/Dream\ Again/Dream\ Again/Resources/DreamPlates/plate_7ae076a7092c083a.jpg /tmp/dreamlooper-signed-build/Build/Products/Release-iphoneos/Dream\ Again.app

CpResource /tmp/dreamlooper-signed-build/Build/Products/Release-iphoneos/Dream\ Again.app/plate_76031a4faf92a467.jpg /Users/shiv/Projects/iphone/Dream\ Again/Dream\ Again/Resources/DreamPlates/plate_76031a4faf92a467.jpg (in target 'Dream Again' from project 'Dream Again')
    cd /Users/shiv/Projects/iphone/Dream\ Again
    builtin-copy -exclude .DS_Store -exclude CVS -exclude .svn -exclude .git -exclude .hg -resolve-src-symlinks /Users/shiv/Projects/iphone/Dream\ Again/Dream\ Again/Resources/DreamPlates/plate_76031a4faf92a467.jpg /tmp/dreamlooper-signed-build/Build/Products/Release-iphoneos/Dream\ Again.app

CpResource /tmp/dreamlooper-signed-build/Build/Products/Release-iphoneos/Dream\ Again.app/plate_6fec0e3734e5f568.jpg /Users/shiv/Projects/iphone/Dream\ Again/Dream\ Again/Resources/DreamPlates/plate_6fec0e3734e5f568.jpg (in target 'Dream Again' from project 'Dream Again')
    cd /Users/shiv/Projects/iphone/Dream\ Again
    builtin-copy -exclude .DS_Store -exclude CVS -exclude .svn -exclude .git -exclude .hg -resolve-src-symlinks /Users/shiv/Projects/iphone/Dream\ Again/Dream\ Again/Resources/DreamPlates/plate_6fec0e3734e5f568.jpg /tmp/dreamlooper-signed-build/Build/Products/Release-iphoneos/Dream\ Again.app

CpResource /tmp/dreamlooper-signed-build/Build/Products/Release-iphoneos/Dream\ Again.app/plate_6d10254d8619c185.jpg /Users/shiv/Projects/iphone/Dream\ Again/Dream\ Again/Resources/DreamPlates/plate_6d10254d8619c185.jpg (in target 'Dream Again' from project 'Dream Again')
    cd /Users/shiv/Projects/iphone/Dream\ Again
    builtin-copy -exclude .DS_Store -exclude CVS -exclude .svn -exclude .git -exclude .hg -resolve-src-symlinks /Users/shiv/Projects/iphone/Dream\ Again/Dream\ Again/Resources/DreamPlates/plate_6d10254d8619c185.jpg /tmp/dreamlooper-signed-build/Build/Products/Release-iphoneos/Dream\ Again.app

CpResource /tmp/dreamlooper-signed-build/Build/Products/Release-iphoneos/Dream\ Again.app/plate_6c88bfea43e9e085.jpg /Users/shiv/Projects/iphone/Dream\ Again/Dream\ Again/Resources/DreamPlates/plate_6c88bfea43e9e085.jpg (in target 'Dream Again' from project 'Dream Again')
    cd /Users/shiv/Projects/iphone/Dream\ Again
    builtin-copy -exclude .DS_Store -exclude CVS -exclude .svn -exclude .git -exclude .hg -resolve-src-symlinks /Users/shiv/Projects/iphone/Dream\ Again/Dream\ Again/Resources/DreamPlates/plate_6c88bfea43e9e085.jpg /tmp/dreamlooper-signed-build/Build/Products/Release-iphoneos/Dream\ Again.app

CpResource /tmp/dreamlooper-signed-build/Build/Products/Release-iphoneos/Dream\ Again.app/plate_6a40f1a18f3771a9.jpg /Users/shiv/Projects/iphone/Dream\ Again/Dream\ Again/Resources/DreamPlates/plate_6a40f1a18f3771a9.jpg (in target 'Dream Again' from project 'Dream Again')
    cd /Users/shiv/Projects/iphone/Dream\ Again
    builtin-copy -exclude .DS_Store -exclude CVS -exclude .svn -exclude .git -exclude .hg -resolve-src-symlinks /Users/shiv/Projects/iphone/Dream\ Again/Dream\ Again/Resources/DreamPlates/plate_6a40f1a18f3771a9.jpg /tmp/dreamlooper-signed-build/Build/Products/Release-iphoneos/Dream\ Again.app

CpResource /tmp/dreamlooper-signed-build/Build/Products/Release-iphoneos/Dream\ Again.app/plate_677e6a55f82fa9d7.jpg /Users/shiv/Projects/iphone/Dream\ Again/Dream\ Again/Resources/DreamPlates/plate_677e6a55f82fa9d7.jpg (in target 'Dream Again' from project 'Dream Again')
    cd /Users/shiv/Projects/iphone/Dream\ Again
    builtin-copy -exclude .DS_Store -exclude CVS -exclude .svn -exclude .git -exclude .hg -resolve-src-symlinks /Users/shiv/Projects/iphone/Dream\ Again/Dream\ Again/Resources/DreamPlates/plate_677e6a55f82fa9d7.jpg /tmp/dreamlooper-signed-build/Build/Products/Release-iphoneos/Dream\ Again.app

CpResource /tmp/dreamlooper-signed-build/Build/Products/Release-iphoneos/Dream\ Again.app/plate_662d159fea69190e.jpg /Users/shiv/Projects/iphone/Dream\ Again/Dream\ Again/Resources/DreamPlates/plate_662d159fea69190e.jpg (in target 'Dream Again' from project 'Dream Again')
    cd /Users/shiv/Projects/iphone/Dream\ Again
    builtin-copy -exclude .DS_Store -exclude CVS -exclude .svn -exclude .git -exclude .hg -resolve-src-symlinks /Users/shiv/Projects/iphone/Dream\ Again/Dream\ Again/Resources/DreamPlates/plate_662d159fea69190e.jpg /tmp/dreamlooper-signed-build/Build/Products/Release-iphoneos/Dream\ Again.app

CpResource /tmp/dreamlooper-signed-build/Build/Products/Release-iphoneos/Dream\ Again.app/plate_63b6ae2bcecbdf73.jpg /Users/shiv/Projects/iphone/Dream\ Again/Dream\ Again/Resources/DreamPlates/plate_63b6ae2bcecbdf73.jpg (in target 'Dream Again' from project 'Dream Again')
    cd /Users/shiv/Projects/iphone/Dream\ Again
    builtin-copy -exclude .DS_Store -exclude CVS -exclude .svn -exclude .git -exclude .hg -resolve-src-symlinks /Users/shiv/Projects/iphone/Dream\ Again/Dream\ Again/Resources/DreamPlates/plate_63b6ae2bcecbdf73.jpg /tmp/dreamlooper-signed-build/Build/Products/Release-iphoneos/Dream\ Again.app

CpResource /tmp/dreamlooper-signed-build/Build/Products/Release-iphoneos/Dream\ Again.app/plate_5f098c70984a5956.jpg /Users/shiv/Projects/iphone/Dream\ Again/Dream\ Again/Resources/DreamPlates/plate_5f098c70984a5956.jpg (in target 'Dream Again' from project 'Dream Again')
    cd /Users/shiv/Projects/iphone/Dream\ Again
    builtin-copy -exclude .DS_Store -exclude CVS -exclude .svn -exclude .git -exclude .hg -resolve-src-symlinks /Users/shiv/Projects/iphone/Dream\ Again/Dream\ Again/Resources/DreamPlates/plate_5f098c70984a5956.jpg /tmp/dreamlooper-signed-build/Build/Products/Release-iphoneos/Dream\ Again.app

CpResource /tmp/dreamlooper-signed-build/Build/Products/Release-iphoneos/Dream\ Again.app/plate_5d5d102326712d0c.jpg /Users/shiv/Projects/iphone/Dream\ Again/Dream\ Again/Resources/DreamPlates/plate_5d5d102326712d0c.jpg (in target 'Dream Again' from project 'Dream Again')
    cd /Users/shiv/Projects/iphone/Dream\ Again
    builtin-copy -exclude .DS_Store -exclude CVS -exclude .svn -exclude .git -exclude .hg -resolve-src-symlinks /Users/shiv/Projects/iphone/Dream\ Again/Dream\ Again/Resources/DreamPlates/plate_5d5d102326712d0c.jpg /tmp/dreamlooper-signed-build/Build/Products/Release-iphoneos/Dream\ Again.app

CpResource /tmp/dreamlooper-signed-build/Build/Products/Release-iphoneos/Dream\ Again.app/plate_5c90781f963a52fe.jpg /Users/shiv/Projects/iphone/Dream\ Again/Dream\ Again/Resources/DreamPlates/plate_5c90781f963a52fe.jpg (in target 'Dream Again' from project 'Dream Again')
    cd /Users/shiv/Projects/iphone/Dream\ Again
    builtin-copy -exclude .DS_Store -exclude CVS -exclude .svn -exclude .git -exclude .hg -resolve-src-symlinks /Users/shiv/Projects/iphone/Dream\ Again/Dream\ Again/Resources/DreamPlates/plate_5c90781f963a52fe.jpg /tmp/dreamlooper-signed-build/Build/Products/Release-iphoneos/Dream\ Again.app

CpResource /tmp/dreamlooper-signed-build/Build/Products/Release-iphoneos/Dream\ Again.app/plate_5afadbefc32c635b.jpg /Users/shiv/Projects/iphone/Dream\ Again/Dream\ Again/Resources/DreamPlates/plate_5afadbefc32c635b.jpg (in target 'Dream Again' from project 'Dream Again')
    cd /Users/shiv/Projects/iphone/Dream\ Again
    builtin-copy -exclude .DS_Store -exclude CVS -exclude .svn -exclude .git -exclude .hg -resolve-src-symlinks /Users/shiv/Projects/iphone/Dream\ Again/Dream\ Again/Resources/DreamPlates/plate_5afadbefc32c635b.jpg /tmp/dreamlooper-signed-build/Build/Products/Release-iphoneos/Dream\ Again.app

CpResource /tmp/dreamlooper-signed-build/Build/Products/Release-iphoneos/Dream\ Again.app/plate_583d86231f26cbe0.jpg /Users/shiv/Projects/iphone/Dream\ Again/Dream\ Again/Resources/DreamPlates/plate_583d86231f26cbe0.jpg (in target 'Dream Again' from project 'Dream Again')
    cd /Users/shiv/Projects/iphone/Dream\ Again
    builtin-copy -exclude .DS_Store -exclude CVS -exclude .svn -exclude .git -exclude .hg -resolve-src-symlinks /Users/shiv/Projects/iphone/Dream\ Again/Dream\ Again/Resources/DreamPlates/plate_583d86231f26cbe0.jpg /tmp/dreamlooper-signed-build/Build/Products/Release-iphoneos/Dream\ Again.app

CpResource /tmp/dreamlooper-signed-build/Build/Products/Release-iphoneos/Dream\ Again.app/plate_53a09290cea286f0.jpg /Users/shiv/Projects/iphone/Dream\ Again/Dream\ Again/Resources/DreamPlates/plate_53a09290cea286f0.jpg (in target 'Dream Again' from project 'Dream Again')
    cd /Users/shiv/Projects/iphone/Dream\ Again
    builtin-copy -exclude .DS_Store -exclude CVS -exclude .svn -exclude .git -exclude .hg -resolve-src-symlinks /Users/shiv/Projects/iphone/Dream\ Again/Dream\ Again/Resources/DreamPlates/plate_53a09290cea286f0.jpg /tmp/dreamlooper-signed-build/Build/Products/Release-iphoneos/Dream\ Again.app

CpResource /tmp/dreamlooper-signed-build/Build/Products/Release-iphoneos/Dream\ Again.app/plate_533fc69f7c270618.jpg /Users/shiv/Projects/iphone/Dream\ Again/Dream\ Again/Resources/DreamPlates/plate_533fc69f7c270618.jpg (in target 'Dream Again' from project 'Dream Again')
    cd /Users/shiv/Projects/iphone/Dream\ Again
    builtin-copy -exclude .DS_Store -exclude CVS -exclude .svn -exclude .git -exclude .hg -resolve-src-symlinks /Users/shiv/Projects/iphone/Dream\ Again/Dream\ Again/Resources/DreamPlates/plate_533fc69f7c270618.jpg /tmp/dreamlooper-signed-build/Build/Products/Release-iphoneos/Dream\ Again.app

CpResource /tmp/dreamlooper-signed-build/Build/Products/Release-iphoneos/Dream\ Again.app/plate_4f5dcf2683cffdd0.jpg /Users/shiv/Projects/iphone/Dream\ Again/Dream\ Again/Resources/DreamPlates/plate_4f5dcf2683cffdd0.jpg (in target 'Dream Again' from project 'Dream Again')
    cd /Users/shiv/Projects/iphone/Dream\ Again
    builtin-copy -exclude .DS_Store -exclude CVS -exclude .svn -exclude .git -exclude .hg -resolve-src-symlinks /Users/shiv/Projects/iphone/Dream\ Again/Dream\ Again/Resources/DreamPlates/plate_4f5dcf2683cffdd0.jpg /tmp/dreamlooper-signed-build/Build/Products/Release-iphoneos/Dream\ Again.app

CpResource /tmp/dreamlooper-signed-build/Build/Products/Release-iphoneos/Dream\ Again.app/plate_4f1ec5c1452dbb4d.jpg /Users/shiv/Projects/iphone/Dream\ Again/Dream\ Again/Resources/DreamPlates/plate_4f1ec5c1452dbb4d.jpg (in target 'Dream Again' from project 'Dream Again')
    cd /Users/shiv/Projects/iphone/Dream\ Again
    builtin-copy -exclude .DS_Store -exclude CVS -exclude .svn -exclude .git -exclude .hg -resolve-src-symlinks /Users/shiv/Projects/iphone/Dream\ Again/Dream\ Again/Resources/DreamPlates/plate_4f1ec5c1452dbb4d.jpg /tmp/dreamlooper-signed-build/Build/Products/Release-iphoneos/Dream\ Again.app

CpResource /tmp/dreamlooper-signed-build/Build/Products/Release-iphoneos/Dream\ Again.app/plate_4bdf371e36f0a206.jpg /Users/shiv/Projects/iphone/Dream\ Again/Dream\ Again/Resources/DreamPlates/plate_4bdf371e36f0a206.jpg (in target 'Dream Again' from project 'Dream Again')
    cd /Users/shiv/Projects/iphone/Dream\ Again
    builtin-copy -exclude .DS_Store -exclude CVS -exclude .svn -exclude .git -exclude .hg -resolve-src-symlinks /Users/shiv/Projects/iphone/Dream\ Again/Dream\ Again/Resources/DreamPlates/plate_4bdf371e36f0a206.jpg /tmp/dreamlooper-signed-build/Build/Products/Release-iphoneos/Dream\ Again.app

CpResource /tmp/dreamlooper-signed-build/Build/Products/Release-iphoneos/Dream\ Again.app/plate_4b7843e866c83488.jpg /Users/shiv/Projects/iphone/Dream\ Again/Dream\ Again/Resources/DreamPlates/plate_4b7843e866c83488.jpg (in target 'Dream Again' from project 'Dream Again')
    cd /Users/shiv/Projects/iphone/Dream\ Again
    builtin-copy -exclude .DS_Store -exclude CVS -exclude .svn -exclude .git -exclude .hg -resolve-src-symlinks /Users/shiv/Projects/iphone/Dream\ Again/Dream\ Again/Resources/DreamPlates/plate_4b7843e866c83488.jpg /tmp/dreamlooper-signed-build/Build/Products/Release-iphoneos/Dream\ Again.app

CpResource /tmp/dreamlooper-signed-build/Build/Products/Release-iphoneos/Dream\ Again.app/plate_4ae2f2400f00adc4.jpg /Users/shiv/Projects/iphone/Dream\ Again/Dream\ Again/Resources/DreamPlates/plate_4ae2f2400f00adc4.jpg (in target 'Dream Again' from project 'Dream Again')
    cd /Users/shiv/Projects/iphone/Dream\ Again
    builtin-copy -exclude .DS_Store -exclude CVS -exclude .svn -exclude .git -exclude .hg -resolve-src-symlinks /Users/shiv/Projects/iphone/Dream\ Again/Dream\ Again/Resources/DreamPlates/plate_4ae2f2400f00adc4.jpg /tmp/dreamlooper-signed-build/Build/Products/Release-iphoneos/Dream\ Again.app

CpResource /tmp/dreamlooper-signed-build/Build/Products/Release-iphoneos/Dream\ Again.app/plate_49c1af7be43dd2f3.jpg /Users/shiv/Projects/iphone/Dream\ Again/Dream\ Again/Resources/DreamPlates/plate_49c1af7be43dd2f3.jpg (in target 'Dream Again' from project 'Dream Again')
    cd /Users/shiv/Projects/iphone/Dream\ Again
    builtin-copy -exclude .DS_Store -exclude CVS -exclude .svn -exclude .git -exclude .hg -resolve-src-symlinks /Users/shiv/Projects/iphone/Dream\ Again/Dream\ Again/Resources/DreamPlates/plate_49c1af7be43dd2f3.jpg /tmp/dreamlooper-signed-build/Build/Products/Release-iphoneos/Dream\ Again.app

CpResource /tmp/dreamlooper-signed-build/Build/Products/Release-iphoneos/Dream\ Again.app/plate_479b6cd2ba621a82.jpg /Users/shiv/Projects/iphone/Dream\ Again/Dream\ Again/Resources/DreamPlates/plate_479b6cd2ba621a82.jpg (in target 'Dream Again' from project 'Dream Again')
    cd /Users/shiv/Projects/iphone/Dream\ Again
    builtin-copy -exclude .DS_Store -exclude CVS -exclude .svn -exclude .git -exclude .hg -resolve-src-symlinks /Users/shiv/Projects/iphone/Dream\ Again/Dream\ Again/Resources/DreamPlates/plate_479b6cd2ba621a82.jpg /tmp/dreamlooper-signed-build/Build/Products/Release-iphoneos/Dream\ Again.app

CpResource /tmp/dreamlooper-signed-build/Build/Products/Release-iphoneos/Dream\ Again.app/plate_44960ae1133a8ba8.jpg /Users/shiv/Projects/iphone/Dream\ Again/Dream\ Again/Resources/DreamPlates/plate_44960ae1133a8ba8.jpg (in target 'Dream Again' from project 'Dream Again')
    cd /Users/shiv/Projects/iphone/Dream\ Again
    builtin-copy -exclude .DS_Store -exclude CVS -exclude .svn -exclude .git -exclude .hg -resolve-src-symlinks /Users/shiv/Projects/iphone/Dream\ Again/Dream\ Again/Resources/DreamPlates/plate_44960ae1133a8ba8.jpg /tmp/dreamlooper-signed-build/Build/Products/Release-iphoneos/Dream\ Again.app

CpResource /tmp/dreamlooper-signed-build/Build/Products/Release-iphoneos/Dream\ Again.app/plate_4426f6d51bfc480c.jpg /Users/shiv/Projects/iphone/Dream\ Again/Dream\ Again/Resources/DreamPlates/plate_4426f6d51bfc480c.jpg (in target 'Dream Again' from project 'Dream Again')
    cd /Users/shiv/Projects/iphone/Dream\ Again
    builtin-copy -exclude .DS_Store -exclude CVS -exclude .svn -exclude .git -exclude .hg -resolve-src-symlinks /Users/shiv/Projects/iphone/Dream\ Again/Dream\ Again/Resources/DreamPlates/plate_4426f6d51bfc480c.jpg /tmp/dreamlooper-signed-build/Build/Products/Release-iphoneos/Dream\ Again.app

CpResource /tmp/dreamlooper-signed-build/Build/Products/Release-iphoneos/Dream\ Again.app/plate_41386621d5928f97.jpg /Users/shiv/Projects/iphone/Dream\ Again/Dream\ Again/Resources/DreamPlates/plate_41386621d5928f97.jpg (in target 'Dream Again' from project 'Dream Again')
    cd /Users/shiv/Projects/iphone/Dream\ Again
    builtin-copy -exclude .DS_Store -exclude CVS -exclude .svn -exclude .git -exclude .hg -resolve-src-symlinks /Users/shiv/Projects/iphone/Dream\ Again/Dream\ Again/Resources/DreamPlates/plate_41386621d5928f97.jpg /tmp/dreamlooper-signed-build/Build/Products/Release-iphoneos/Dream\ Again.app

CpResource /tmp/dreamlooper-signed-build/Build/Products/Release-iphoneos/Dream\ Again.app/plate_3f7be5473602a4e3.jpg /Users/shiv/Projects/iphone/Dream\ Again/Dream\ Again/Resources/DreamPlates/plate_3f7be5473602a4e3.jpg (in target 'Dream Again' from project 'Dream Again')
    cd /Users/shiv/Projects/iphone/Dream\ Again
    builtin-copy -exclude .DS_Store -exclude CVS -exclude .svn -exclude .git -exclude .hg -resolve-src-symlinks /Users/shiv/Projects/iphone/Dream\ Again/Dream\ Again/Resources/DreamPlates/plate_3f7be5473602a4e3.jpg /tmp/dreamlooper-signed-build/Build/Products/Release-iphoneos/Dream\ Again.app

CpResource /tmp/dreamlooper-signed-build/Build/Products/Release-iphoneos/Dream\ Again.app/plate_3d45be122bf61d13.jpg /Users/shiv/Projects/iphone/Dream\ Again/Dream\ Again/Resources/DreamPlates/plate_3d45be122bf61d13.jpg (in target 'Dream Again' from project 'Dream Again')
    cd /Users/shiv/Projects/iphone/Dream\ Again
    builtin-copy -exclude .DS_Store -exclude CVS -exclude .svn -exclude .git -exclude .hg -resolve-src-symlinks /Users/shiv/Projects/iphone/Dream\ Again/Dream\ Again/Resources/DreamPlates/plate_3d45be122bf61d13.jpg /tmp/dreamlooper-signed-build/Build/Products/Release-iphoneos/Dream\ Again.app

CpResource /tmp/dreamlooper-signed-build/Build/Products/Release-iphoneos/Dream\ Again.app/plate_3bdf1516ac66c48c.jpg /Users/shiv/Projects/iphone/Dream\ Again/Dream\ Again/Resources/DreamPlates/plate_3bdf1516ac66c48c.jpg (in target 'Dream Again' from project 'Dream Again')
    cd /Users/shiv/Projects/iphone/Dream\ Again
    builtin-copy -exclude .DS_Store -exclude CVS -exclude .svn -exclude .git -exclude .hg -resolve-src-symlinks /Users/shiv/Projects/iphone/Dream\ Again/Dream\ Again/Resources/DreamPlates/plate_3bdf1516ac66c48c.jpg /tmp/dreamlooper-signed-build/Build/Products/Release-iphoneos/Dream\ Again.app

CpResource /tmp/dreamlooper-signed-build/Build/Products/Release-iphoneos/Dream\ Again.app/plate_3b9bc02471caf6e8.jpg /Users/shiv/Projects/iphone/Dream\ Again/Dream\ Again/Resources/DreamPlates/plate_3b9bc02471caf6e8.jpg (in target 'Dream Again' from project 'Dream Again')
    cd /Users/shiv/Projects/iphone/Dream\ Again
    builtin-copy -exclude .DS_Store -exclude CVS -exclude .svn -exclude .git -exclude .hg -resolve-src-symlinks /Users/shiv/Projects/iphone/Dream\ Again/Dream\ Again/Resources/DreamPlates/plate_3b9bc02471caf6e8.jpg /tmp/dreamlooper-signed-build/Build/Products/Release-iphoneos/Dream\ Again.app

CpResource /tmp/dreamlooper-signed-build/Build/Products/Release-iphoneos/Dream\ Again.app/plate_396b0f6b97e63ae1.jpg /Users/shiv/Projects/iphone/Dream\ Again/Dream\ Again/Resources/DreamPlates/plate_396b0f6b97e63ae1.jpg (in target 'Dream Again' from project 'Dream Again')
    cd /Users/shiv/Projects/iphone/Dream\ Again
    builtin-copy -exclude .DS_Store -exclude CVS -exclude .svn -exclude .git -exclude .hg -resolve-src-symlinks /Users/shiv/Projects/iphone/Dream\ Again/Dream\ Again/Resources/DreamPlates/plate_396b0f6b97e63ae1.jpg /tmp/dreamlooper-signed-build/Build/Products/Release-iphoneos/Dream\ Again.app

CpResource /tmp/dreamlooper-signed-build/Build/Products/Release-iphoneos/Dream\ Again.app/plate_38e9c5fcc46fcc8f.jpg /Users/shiv/Projects/iphone/Dream\ Again/Dream\ Again/Resources/DreamPlates/plate_38e9c5fcc46fcc8f.jpg (in target 'Dream Again' from project 'Dream Again')
    cd /Users/shiv/Projects/iphone/Dream\ Again
    builtin-copy -exclude .DS_Store -exclude CVS -exclude .svn -exclude .git -exclude .hg -resolve-src-symlinks /Users/shiv/Projects/iphone/Dream\ Again/Dream\ Again/Resources/DreamPlates/plate_38e9c5fcc46fcc8f.jpg /tmp/dreamlooper-signed-build/Build/Products/Release-iphoneos/Dream\ Again.app

CpResource /tmp/dreamlooper-signed-build/Build/Products/Release-iphoneos/Dream\ Again.app/plate_34e8a7989c5abbc9.jpg /Users/shiv/Projects/iphone/Dream\ Again/Dream\ Again/Resources/DreamPlates/plate_34e8a7989c5abbc9.jpg (in target 'Dream Again' from project 'Dream Again')
    cd /Users/shiv/Projects/iphone/Dream\ Again
    builtin-copy -exclude .DS_Store -exclude CVS -exclude .svn -exclude .git -exclude .hg -resolve-src-symlinks /Users/shiv/Projects/iphone/Dream\ Again/Dream\ Again/Resources/DreamPlates/plate_34e8a7989c5abbc9.jpg /tmp/dreamlooper-signed-build/Build/Products/Release-iphoneos/Dream\ Again.app

CpResource /tmp/dreamlooper-signed-build/Build/Products/Release-iphoneos/Dream\ Again.app/plate_347434236490fc39.jpg /Users/shiv/Projects/iphone/Dream\ Again/Dream\ Again/Resources/DreamPlates/plate_347434236490fc39.jpg (in target 'Dream Again' from project 'Dream Again')
    cd /Users/shiv/Projects/iphone/Dream\ Again
    builtin-copy -exclude .DS_Store -exclude CVS -exclude .svn -exclude .git -exclude .hg -resolve-src-symlinks /Users/shiv/Projects/iphone/Dream\ Again/Dream\ Again/Resources/DreamPlates/plate_347434236490fc39.jpg /tmp/dreamlooper-signed-build/Build/Products/Release-iphoneos/Dream\ Again.app

CpResource /tmp/dreamlooper-signed-build/Build/Products/Release-iphoneos/Dream\ Again.app/plate_2f9ef79dd7f0ff61.jpg /Users/shiv/Projects/iphone/Dream\ Again/Dream\ Again/Resources/DreamPlates/plate_2f9ef79dd7f0ff61.jpg (in target 'Dream Again' from project 'Dream Again')
    cd /Users/shiv/Projects/iphone/Dream\ Again
    builtin-copy -exclude .DS_Store -exclude CVS -exclude .svn -exclude .git -exclude .hg -resolve-src-symlinks /Users/shiv/Projects/iphone/Dream\ Again/Dream\ Again/Resources/DreamPlates/plate_2f9ef79dd7f0ff61.jpg /tmp/dreamlooper-signed-build/Build/Products/Release-iphoneos/Dream\ Again.app

CpResource /tmp/dreamlooper-signed-build/Build/Products/Release-iphoneos/Dream\ Again.app/plate_2e7c3d9bc20d47a7.jpg /Users/shiv/Projects/iphone/Dream\ Again/Dream\ Again/Resources/DreamPlates/plate_2e7c3d9bc20d47a7.jpg (in target 'Dream Again' from project 'Dream Again')
    cd /Users/shiv/Projects/iphone/Dream\ Again
    builtin-copy -exclude .DS_Store -exclude CVS -exclude .svn -exclude .git -exclude .hg -resolve-src-symlinks /Users/shiv/Projects/iphone/Dream\ Again/Dream\ Again/Resources/DreamPlates/plate_2e7c3d9bc20d47a7.jpg /tmp/dreamlooper-signed-build/Build/Products/Release-iphoneos/Dream\ Again.app

CpResource /tmp/dreamlooper-signed-build/Build/Products/Release-iphoneos/Dream\ Again.app/plate_2b4350a6aad57178.jpg /Users/shiv/Projects/iphone/Dream\ Again/Dream\ Again/Resources/DreamPlates/plate_2b4350a6aad57178.jpg (in target 'Dream Again' from project 'Dream Again')
    cd /Users/shiv/Projects/iphone/Dream\ Again
    builtin-copy -exclude .DS_Store -exclude CVS -exclude .svn -exclude .git -exclude .hg -resolve-src-symlinks /Users/shiv/Projects/iphone/Dream\ Again/Dream\ Again/Resources/DreamPlates/plate_2b4350a6aad57178.jpg /tmp/dreamlooper-signed-build/Build/Products/Release-iphoneos/Dream\ Again.app

CpResource /tmp/dreamlooper-signed-build/Build/Products/Release-iphoneos/Dream\ Again.app/plate_27da765854329009.jpg /Users/shiv/Projects/iphone/Dream\ Again/Dream\ Again/Resources/DreamPlates/plate_27da765854329009.jpg (in target 'Dream Again' from project 'Dream Again')
    cd /Users/shiv/Projects/iphone/Dream\ Again
    builtin-copy -exclude .DS_Store -exclude CVS -exclude .svn -exclude .git -exclude .hg -resolve-src-symlinks /Users/shiv/Projects/iphone/Dream\ Again/Dream\ Again/Resources/DreamPlates/plate_27da765854329009.jpg /tmp/dreamlooper-signed-build/Build/Products/Release-iphoneos/Dream\ Again.app

CpResource /tmp/dreamlooper-signed-build/Build/Products/Release-iphoneos/Dream\ Again.app/plate_27448dfc2b7b34b4.jpg /Users/shiv/Projects/iphone/Dream\ Again/Dream\ Again/Resources/DreamPlates/plate_27448dfc2b7b34b4.jpg (in target 'Dream Again' from project 'Dream Again')
    cd /Users/shiv/Projects/iphone/Dream\ Again
    builtin-copy -exclude .DS_Store -exclude CVS -exclude .svn -exclude .git -exclude .hg -resolve-src-symlinks /Users/shiv/Projects/iphone/Dream\ Again/Dream\ Again/Resources/DreamPlates/plate_27448dfc2b7b34b4.jpg /tmp/dreamlooper-signed-build/Build/Products/Release-iphoneos/Dream\ Again.app

CpResource /tmp/dreamlooper-signed-build/Build/Products/Release-iphoneos/Dream\ Again.app/plate_1f70acfd11152d8d.jpg /Users/shiv/Projects/iphone/Dream\ Again/Dream\ Again/Resources/DreamPlates/plate_1f70acfd11152d8d.jpg (in target 'Dream Again' from project 'Dream Again')
    cd /Users/shiv/Projects/iphone/Dream\ Again
    builtin-copy -exclude .DS_Store -exclude CVS -exclude .svn -exclude .git -exclude .hg -resolve-src-symlinks /Users/shiv/Projects/iphone/Dream\ Again/Dream\ Again/Resources/DreamPlates/plate_1f70acfd11152d8d.jpg /tmp/dreamlooper-signed-build/Build/Products/Release-iphoneos/Dream\ Again.app

CpResource /tmp/dreamlooper-signed-build/Build/Products/Release-iphoneos/Dream\ Again.app/plate_1dfd170e4f4081dc.jpg /Users/shiv/Projects/iphone/Dream\ Again/Dream\ Again/Resources/DreamPlates/plate_1dfd170e4f4081dc.jpg (in target 'Dream Again' from project 'Dream Again')
    cd /Users/shiv/Projects/iphone/Dream\ Again
    builtin-copy -exclude .DS_Store -exclude CVS -exclude .svn -exclude .git -exclude .hg -resolve-src-symlinks /Users/shiv/Projects/iphone/Dream\ Again/Dream\ Again/Resources/DreamPlates/plate_1dfd170e4f4081dc.jpg /tmp/dreamlooper-signed-build/Build/Products/Release-iphoneos/Dream\ Again.app

CpResource /tmp/dreamlooper-signed-build/Build/Products/Release-iphoneos/Dream\ Again.app/plate_1c8c3b87557c9dfc.jpg /Users/shiv/Projects/iphone/Dream\ Again/Dream\ Again/Resources/DreamPlates/plate_1c8c3b87557c9dfc.jpg (in target 'Dream Again' from project 'Dream Again')
    cd /Users/shiv/Projects/iphone/Dream\ Again
    builtin-copy -exclude .DS_Store -exclude CVS -exclude .svn -exclude .git -exclude .hg -resolve-src-symlinks /Users/shiv/Projects/iphone/Dream\ Again/Dream\ Again/Resources/DreamPlates/plate_1c8c3b87557c9dfc.jpg /tmp/dreamlooper-signed-build/Build/Products/Release-iphoneos/Dream\ Again.app

CpResource /tmp/dreamlooper-signed-build/Build/Products/Release-iphoneos/Dream\ Again.app/plate_1c1da76baf7f7aaa.jpg /Users/shiv/Projects/iphone/Dream\ Again/Dream\ Again/Resources/DreamPlates/plate_1c1da76baf7f7aaa.jpg (in target 'Dream Again' from project 'Dream Again')
    cd /Users/shiv/Projects/iphone/Dream\ Again
    builtin-copy -exclude .DS_Store -exclude CVS -exclude .svn -exclude .git -exclude .hg -resolve-src-symlinks /Users/shiv/Projects/iphone/Dream\ Again/Dream\ Again/Resources/DreamPlates/plate_1c1da76baf7f7aaa.jpg /tmp/dreamlooper-signed-build/Build/Products/Release-iphoneos/Dream\ Again.app

CpResource /tmp/dreamlooper-signed-build/Build/Products/Release-iphoneos/Dream\ Again.app/plate_1917a97c9539d625.jpg /Users/shiv/Projects/iphone/Dream\ Again/Dream\ Again/Resources/DreamPlates/plate_1917a97c9539d625.jpg (in target 'Dream Again' from project 'Dream Again')
    cd /Users/shiv/Projects/iphone/Dream\ Again
    builtin-copy -exclude .DS_Store -exclude CVS -exclude .svn -exclude .git -exclude .hg -resolve-src-symlinks /Users/shiv/Projects/iphone/Dream\ Again/Dream\ Again/Resources/DreamPlates/plate_1917a97c9539d625.jpg /tmp/dreamlooper-signed-build/Build/Products/Release-iphoneos/Dream\ Again.app

CpResource /tmp/dreamlooper-signed-build/Build/Products/Release-iphoneos/Dream\ Again.app/plate_11e008d85cf343c6.jpg /Users/shiv/Projects/iphone/Dream\ Again/Dream\ Again/Resources/DreamPlates/plate_11e008d85cf343c6.jpg (in target 'Dream Again' from project 'Dream Again')
    cd /Users/shiv/Projects/iphone/Dream\ Again
    builtin-copy -exclude .DS_Store -exclude CVS -exclude .svn -exclude .git -exclude .hg -resolve-src-symlinks /Users/shiv/Projects/iphone/Dream\ Again/Dream\ Again/Resources/DreamPlates/plate_11e008d85cf343c6.jpg /tmp/dreamlooper-signed-build/Build/Products/Release-iphoneos/Dream\ Again.app

CpResource /tmp/dreamlooper-signed-build/Build/Products/Release-iphoneos/Dream\ Again.app/plate_0f9b9ac547035936.jpg /Users/shiv/Projects/iphone/Dream\ Again/Dream\ Again/Resources/DreamPlates/plate_0f9b9ac547035936.jpg (in target 'Dream Again' from project 'Dream Again')
    cd /Users/shiv/Projects/iphone/Dream\ Again
    builtin-copy -exclude .DS_Store -exclude CVS -exclude .svn -exclude .git -exclude .hg -resolve-src-symlinks /Users/shiv/Projects/iphone/Dream\ Again/Dream\ Again/Resources/DreamPlates/plate_0f9b9ac547035936.jpg /tmp/dreamlooper-signed-build/Build/Products/Release-iphoneos/Dream\ Again.app

CpResource /tmp/dreamlooper-signed-build/Build/Products/Release-iphoneos/Dream\ Again.app/plate_0f4d3ca32433d6e2.jpg /Users/shiv/Projects/iphone/Dream\ Again/Dream\ Again/Resources/DreamPlates/plate_0f4d3ca32433d6e2.jpg (in target 'Dream Again' from project 'Dream Again')
    cd /Users/shiv/Projects/iphone/Dream\ Again
    builtin-copy -exclude .DS_Store -exclude CVS -exclude .svn -exclude .git -exclude .hg -resolve-src-symlinks /Users/shiv/Projects/iphone/Dream\ Again/Dream\ Again/Resources/DreamPlates/plate_0f4d3ca32433d6e2.jpg /tmp/dreamlooper-signed-build/Build/Products/Release-iphoneos/Dream\ Again.app

CpResource /tmp/dreamlooper-signed-build/Build/Products/Release-iphoneos/Dream\ Again.app/plate_04a6fe46f99f2608.jpg /Users/shiv/Projects/iphone/Dream\ Again/Dream\ Again/Resources/DreamPlates/plate_04a6fe46f99f2608.jpg (in target 'Dream Again' from project 'Dream Again')
    cd /Users/shiv/Projects/iphone/Dream\ Again
    builtin-copy -exclude .DS_Store -exclude CVS -exclude .svn -exclude .git -exclude .hg -resolve-src-symlinks /Users/shiv/Projects/iphone/Dream\ Again/Dream\ Again/Resources/DreamPlates/plate_04a6fe46f99f2608.jpg /tmp/dreamlooper-signed-build/Build/Products/Release-iphoneos/Dream\ Again.app

CpResource /tmp/dreamlooper-signed-build/Build/Products/Release-iphoneos/Dream\ Again.app/plate_0422e75d6ab205e9.jpg /Users/shiv/Projects/iphone/Dream\ Again/Dream\ Again/Resources/DreamPlates/plate_0422e75d6ab205e9.jpg (in target 'Dream Again' from project 'Dream Again')
    cd /Users/shiv/Projects/iphone/Dream\ Again
    builtin-copy -exclude .DS_Store -exclude CVS -exclude .svn -exclude .git -exclude .hg -resolve-src-symlinks /Users/shiv/Projects/iphone/Dream\ Again/Dream\ Again/Resources/DreamPlates/plate_0422e75d6ab205e9.jpg /tmp/dreamlooper-signed-build/Build/Products/Release-iphoneos/Dream\ Again.app

CpResource /tmp/dreamlooper-signed-build/Build/Products/Release-iphoneos/Dream\ Again.app/palettes.json /Users/shiv/Projects/iphone/Dream\ Again/Dream\ Again/Resources/palettes.json (in target 'Dream Again' from project 'Dream Again')
    cd /Users/shiv/Projects/iphone/Dream\ Again
    builtin-copy -exclude .DS_Store -exclude CVS -exclude .svn -exclude .git -exclude .hg -resolve-src-symlinks /Users/shiv/Projects/iphone/Dream\ Again/Dream\ Again/Resources/palettes.json /tmp/dreamlooper-signed-build/Build/Products/Release-iphoneos/Dream\ Again.app

CpResource /tmp/dreamlooper-signed-build/Build/Products/Release-iphoneos/Dream\ Again.app/game_config.json /Users/shiv/Projects/iphone/Dream\ Again/Dream\ Again/Resources/game_config.json (in target 'Dream Again' from project 'Dream Again')
    cd /Users/shiv/Projects/iphone/Dream\ Again
    builtin-copy -exclude .DS_Store -exclude CVS -exclude .svn -exclude .git -exclude .hg -resolve-src-symlinks /Users/shiv/Projects/iphone/Dream\ Again/Dream\ Again/Resources/game_config.json /tmp/dreamlooper-signed-build/Build/Products/Release-iphoneos/Dream\ Again.app

CpResource /tmp/dreamlooper-signed-build/Build/Products/Release-iphoneos/Dream\ Again.app/dream-white.wav /Users/shiv/Projects/iphone/Dream\ Again/Dream\ Again/Resources/Audio/dream-white.wav (in target 'Dream Again' from project 'Dream Again')
    cd /Users/shiv/Projects/iphone/Dream\ Again
    builtin-copy -exclude .DS_Store -exclude CVS -exclude .svn -exclude .git -exclude .hg -resolve-src-symlinks /Users/shiv/Projects/iphone/Dream\ Again/Dream\ Again/Resources/Audio/dream-white.wav /tmp/dreamlooper-signed-build/Build/Products/Release-iphoneos/Dream\ Again.app

CpResource /tmp/dreamlooper-signed-build/Build/Products/Release-iphoneos/Dream\ Again.app/dream-waterStep.wav /Users/shiv/Projects/iphone/Dream\ Again/Dream\ Again/Resources/Audio/dream-waterStep.wav (in target 'Dream Again' from project 'Dream Again')
    cd /Users/shiv/Projects/iphone/Dream\ Again
    builtin-copy -exclude .DS_Store -exclude CVS -exclude .svn -exclude .git -exclude .hg -resolve-src-symlinks /Users/shiv/Projects/iphone/Dream\ Again/Dream\ Again/Resources/Audio/dream-waterStep.wav /tmp/dreamlooper-signed-build/Build/Products/Release-iphoneos/Dream\ Again.app

CpResource /tmp/dreamlooper-signed-build/Build/Products/Release-iphoneos/Dream\ Again.app/dream-water.wav /Users/shiv/Projects/iphone/Dream\ Again/Dream\ Again/Resources/Audio/dream-water.wav (in target 'Dream Again' from project 'Dream Again')
    cd /Users/shiv/Projects/iphone/Dream\ Again
    builtin-copy -exclude .DS_Store -exclude CVS -exclude .svn -exclude .git -exclude .hg -resolve-src-symlinks /Users/shiv/Projects/iphone/Dream\ Again/Dream\ Again/Resources/Audio/dream-water.wav /tmp/dreamlooper-signed-build/Build/Products/Release-iphoneos/Dream\ Again.app

CpResource /tmp/dreamlooper-signed-build/Build/Products/Release-iphoneos/Dream\ Again.app/dream-void.wav /Users/shiv/Projects/iphone/Dream\ Again/Dream\ Again/Resources/Audio/dream-void.wav (in target 'Dream Again' from project 'Dream Again')
    cd /Users/shiv/Projects/iphone/Dream\ Again
    builtin-copy -exclude .DS_Store -exclude CVS -exclude .svn -exclude .git -exclude .hg -resolve-src-symlinks /Users/shiv/Projects/iphone/Dream\ Again/Dream\ Again/Resources/Audio/dream-void.wav /tmp/dreamlooper-signed-build/Build/Products/Release-iphoneos/Dream\ Again.app

CpResource /tmp/dreamlooper-signed-build/Build/Products/Release-iphoneos/Dream\ Again.app/dream-uncanny.wav /Users/shiv/Projects/iphone/Dream\ Again/Dream\ Again/Resources/Audio/dream-uncanny.wav (in target 'Dream Again' from project 'Dream Again')
    cd /Users/shiv/Projects/iphone/Dream\ Again
    builtin-copy -exclude .DS_Store -exclude CVS -exclude .svn -exclude .git -exclude .hg -resolve-src-symlinks /Users/shiv/Projects/iphone/Dream\ Again/Dream\ Again/Resources/Audio/dream-uncanny.wav /tmp/dreamlooper-signed-build/Build/Products/Release-iphoneos/Dream\ Again.app

CpResource /tmp/dreamlooper-signed-build/Build/Products/Release-iphoneos/Dream\ Again.app/dream-theta.wav /Users/shiv/Projects/iphone/Dream\ Again/Dream\ Again/Resources/Audio/dream-theta.wav (in target 'Dream Again' from project 'Dream Again')
    cd /Users/shiv/Projects/iphone/Dream\ Again
    builtin-copy -exclude .DS_Store -exclude CVS -exclude .svn -exclude .git -exclude .hg -resolve-src-symlinks /Users/shiv/Projects/iphone/Dream\ Again/Dream\ Again/Resources/Audio/dream-theta.wav /tmp/dreamlooper-signed-build/Build/Products/Release-iphoneos/Dream\ Again.app

CpResource /tmp/dreamlooper-signed-build/Build/Products/Release-iphoneos/Dream\ Again.app/dream-stumble.wav /Users/shiv/Projects/iphone/Dream\ Again/Dream\ Again/Resources/Audio/dream-stumble.wav (in target 'Dream Again' from project 'Dream Again')
    cd /Users/shiv/Projects/iphone/Dream\ Again
    builtin-copy -exclude .DS_Store -exclude CVS -exclude .svn -exclude .git -exclude .hg -resolve-src-symlinks /Users/shiv/Projects/iphone/Dream\ Again/Dream\ Again/Resources/Audio/dream-stumble.wav /tmp/dreamlooper-signed-build/Build/Products/Release-iphoneos/Dream\ Again.app

CpResource /tmp/dreamlooper-signed-build/Build/Products/Release-iphoneos/Dream\ Again.app/dream-strawRepair.wav /Users/shiv/Projects/iphone/Dream\ Again/Dream\ Again/Resources/Audio/dream-strawRepair.wav (in target 'Dream Again' from project 'Dream Again')
    cd /Users/shiv/Projects/iphone/Dream\ Again
    builtin-copy -exclude .DS_Store -exclude CVS -exclude .svn -exclude .git -exclude .hg -resolve-src-symlinks /Users/shiv/Projects/iphone/Dream\ Again/Dream\ Again/Resources/Audio/dream-strawRepair.wav /tmp/dreamlooper-signed-build/Build/Products/Release-iphoneos/Dream\ Again.app

CpResource /tmp/dreamlooper-signed-build/Build/Products/Release-iphoneos/Dream\ Again.app/dream-strawBreak.wav /Users/shiv/Projects/iphone/Dream\ Again/Dream\ Again/Resources/Audio/dream-strawBreak.wav (in target 'Dream Again' from project 'Dream Again')
    cd /Users/shiv/Projects/iphone/Dream\ Again
    builtin-copy -exclude .DS_Store -exclude CVS -exclude .svn -exclude .git -exclude .hg -resolve-src-symlinks /Users/shiv/Projects/iphone/Dream\ Again/Dream\ Again/Resources/Audio/dream-strawBreak.wav /tmp/dreamlooper-signed-build/Build/Products/Release-iphoneos/Dream\ Again.app

CpResource /tmp/dreamlooper-signed-build/Build/Products/Release-iphoneos/Dream\ Again.app/dream-stoneStep.wav /Users/shiv/Projects/iphone/Dream\ Again/Dream\ Again/Resources/Audio/dream-stoneStep.wav (in target 'Dream Again' from project 'Dream Again')
    cd /Users/shiv/Projects/iphone/Dream\ Again
    builtin-copy -exclude .DS_Store -exclude CVS -exclude .svn -exclude .git -exclude .hg -resolve-src-symlinks /Users/shiv/Projects/iphone/Dream\ Again/Dream\ Again/Resources/Audio/dream-stoneStep.wav /tmp/dreamlooper-signed-build/Build/Products/Release-iphoneos/Dream\ Again.app

CpResource /tmp/dreamlooper-signed-build/Build/Products/Release-iphoneos/Dream\ Again.app/dream-step.wav /Users/shiv/Projects/iphone/Dream\ Again/Dream\ Again/Resources/Audio/dream-step.wav (in target 'Dream Again' from project 'Dream Again')
    cd /Users/shiv/Projects/iphone/Dream\ Again
    builtin-copy -exclude .DS_Store -exclude CVS -exclude .svn -exclude .git -exclude .hg -resolve-src-symlinks /Users/shiv/Projects/iphone/Dream\ Again/Dream\ Again/Resources/Audio/dream-step.wav /tmp/dreamlooper-signed-build/Build/Products/Release-iphoneos/Dream\ Again.app

CpResource /tmp/dreamlooper-signed-build/Build/Products/Release-iphoneos/Dream\ Again.app/dream-slide.wav /Users/shiv/Projects/iphone/Dream\ Again/Dream\ Again/Resources/Audio/dream-slide.wav (in target 'Dream Again' from project 'Dream Again')
    cd /Users/shiv/Projects/iphone/Dream\ Again
    builtin-copy -exclude .DS_Store -exclude CVS -exclude .svn -exclude .git -exclude .hg -resolve-src-symlinks /Users/shiv/Projects/iphone/Dream\ Again/Dream\ Again/Resources/Audio/dream-slide.wav /tmp/dreamlooper-signed-build/Build/Products/Release-iphoneos/Dream\ Again.app

CpResource /tmp/dreamlooper-signed-build/Build/Products/Release-iphoneos/Dream\ Again.app/dream-pulse.wav /Users/shiv/Projects/iphone/Dream\ Again/Dream\ Again/Resources/Audio/dream-pulse.wav (in target 'Dream Again' from project 'Dream Again')
    cd /Users/shiv/Projects/iphone/Dream\ Again
    builtin-copy -exclude .DS_Store -exclude CVS -exclude .svn -exclude .git -exclude .hg -resolve-src-symlinks /Users/shiv/Projects/iphone/Dream\ Again/Dream\ Again/Resources/Audio/dream-pulse.wav /tmp/dreamlooper-signed-build/Build/Products/Release-iphoneos/Dream\ Again.app

CpResource /tmp/dreamlooper-signed-build/Build/Products/Release-iphoneos/Dream\ Again.app/dream-motif-2.wav /Users/shiv/Projects/iphone/Dream\ Again/Dream\ Again/Resources/Audio/dream-motif-2.wav (in target 'Dream Again' from project 'Dream Again')
    cd /Users/shiv/Projects/iphone/Dream\ Again
    builtin-copy -exclude .DS_Store -exclude CVS -exclude .svn -exclude .git -exclude .hg -resolve-src-symlinks /Users/shiv/Projects/iphone/Dream\ Again/Dream\ Again/Resources/Audio/dream-motif-2.wav /tmp/dreamlooper-signed-build/Build/Products/Release-iphoneos/Dream\ Again.app

CpResource /tmp/dreamlooper-signed-build/Build/Products/Release-iphoneos/Dream\ Again.app/dream-motif-1.wav /Users/shiv/Projects/iphone/Dream\ Again/Dream\ Again/Resources/Audio/dream-motif-1.wav (in target 'Dream Again' from project 'Dream Again')
    cd /Users/shiv/Projects/iphone/Dream\ Again
    builtin-copy -exclude .DS_Store -exclude CVS -exclude .svn -exclude .git -exclude .hg -resolve-src-symlinks /Users/shiv/Projects/iphone/Dream\ Again/Dream\ Again/Resources/Audio/dream-motif-1.wav /tmp/dreamlooper-signed-build/Build/Products/Release-iphoneos/Dream\ Again.app

CpResource /tmp/dreamlooper-signed-build/Build/Products/Release-iphoneos/Dream\ Again.app/dream-motif-0.wav /Users/shiv/Projects/iphone/Dream\ Again/Dream\ Again/Resources/Audio/dream-motif-0.wav (in target 'Dream Again' from project 'Dream Again')
    cd /Users/shiv/Projects/iphone/Dream\ Again
    builtin-copy -exclude .DS_Store -exclude CVS -exclude .svn -exclude .git -exclude .hg -resolve-src-symlinks /Users/shiv/Projects/iphone/Dream\ Again/Dream\ Again/Resources/Audio/dream-motif-0.wav /tmp/dreamlooper-signed-build/Build/Products/Release-iphoneos/Dream\ Again.app

CpResource /tmp/dreamlooper-signed-build/Build/Products/Release-iphoneos/Dream\ Again.app/dream-mirror.wav /Users/shiv/Projects/iphone/Dream\ Again/Dream\ Again/Resources/Audio/dream-mirror.wav (in target 'Dream Again' from project 'Dream Again')
    cd /Users/shiv/Projects/iphone/Dream\ Again
    builtin-copy -exclude .DS_Store -exclude CVS -exclude .svn -exclude .git -exclude .hg -resolve-src-symlinks /Users/shiv/Projects/iphone/Dream\ Again/Dream\ Again/Resources/Audio/dream-mirror.wav /tmp/dreamlooper-signed-build/Build/Products/Release-iphoneos/Dream\ Again.app

CpResource /tmp/dreamlooper-signed-build/Build/Products/Release-iphoneos/Dream\ Again.app/dream-menu.wav /Users/shiv/Projects/iphone/Dream\ Again/Dream\ Again/Resources/Audio/dream-menu.wav (in target 'Dream Again' from project 'Dream Again')
    cd /Users/shiv/Projects/iphone/Dream\ Again
    builtin-copy -exclude .DS_Store -exclude CVS -exclude .svn -exclude .git -exclude .hg -resolve-src-symlinks /Users/shiv/Projects/iphone/Dream\ Again/Dream\ Again/Resources/Audio/dream-menu.wav /tmp/dreamlooper-signed-build/Build/Products/Release-iphoneos/Dream\ Again.app

CpResource /tmp/dreamlooper-signed-build/Build/Products/Release-iphoneos/Dream\ Again.app/dream-land.wav /Users/shiv/Projects/iphone/Dream\ Again/Dream\ Again/Resources/Audio/dream-land.wav (in target 'Dream Again' from project 'Dream Again')
    cd /Users/shiv/Projects/iphone/Dream\ Again
    builtin-copy -exclude .DS_Store -exclude CVS -exclude .svn -exclude .git -exclude .hg -resolve-src-symlinks /Users/shiv/Projects/iphone/Dream\ Again/Dream\ Again/Resources/Audio/dream-land.wav /tmp/dreamlooper-signed-build/Build/Products/Release-iphoneos/Dream\ Again.app

CpResource /tmp/dreamlooper-signed-build/Build/Products/Release-iphoneos/Dream\ Again.app/dream-jump.wav /Users/shiv/Projects/iphone/Dream\ Again/Dream\ Again/Resources/Audio/dream-jump.wav (in target 'Dream Again' from project 'Dream Again')
    cd /Users/shiv/Projects/iphone/Dream\ Again
    builtin-copy -exclude .DS_Store -exclude CVS -exclude .svn -exclude .git -exclude .hg -resolve-src-symlinks /Users/shiv/Projects/iphone/Dream\ Again/Dream\ Again/Resources/Audio/dream-jump.wav /tmp/dreamlooper-signed-build/Build/Products/Release-iphoneos/Dream\ Again.app

CpResource /tmp/dreamlooper-signed-build/Build/Products/Release-iphoneos/Dream\ Again.app/dream-drop.wav /Users/shiv/Projects/iphone/Dream\ Again/Dream\ Again/Resources/Audio/dream-drop.wav (in target 'Dream Again' from project 'Dream Again')
    cd /Users/shiv/Projects/iphone/Dream\ Again
    builtin-copy -exclude .DS_Store -exclude CVS -exclude .svn -exclude .git -exclude .hg -resolve-src-symlinks /Users/shiv/Projects/iphone/Dream\ Again/Dream\ Again/Resources/Audio/dream-drop.wav /tmp/dreamlooper-signed-build/Build/Products/Release-iphoneos/Dream\ Again.app

CpResource /tmp/dreamlooper-signed-build/Build/Products/Release-iphoneos/Dream\ Again.app/dream-clover.wav /Users/shiv/Projects/iphone/Dream\ Again/Dream\ Again/Resources/Audio/dream-clover.wav (in target 'Dream Again' from project 'Dream Again')
    cd /Users/shiv/Projects/iphone/Dream\ Again
    builtin-copy -exclude .DS_Store -exclude CVS -exclude .svn -exclude .git -exclude .hg -resolve-src-symlinks /Users/shiv/Projects/iphone/Dream\ Again/Dream\ Again/Resources/Audio/dream-clover.wav /tmp/dreamlooper-signed-build/Build/Products/Release-iphoneos/Dream\ Again.app

CpResource /tmp/dreamlooper-signed-build/Build/Products/Release-iphoneos/Dream\ Again.app/dream-balloon.wav /Users/shiv/Projects/iphone/Dream\ Again/Dream\ Again/Resources/Audio/dream-balloon.wav (in target 'Dream Again' from project 'Dream Again')
    cd /Users/shiv/Projects/iphone/Dream\ Again
    builtin-copy -exclude .DS_Store -exclude CVS -exclude .svn -exclude .git -exclude .hg -resolve-src-symlinks /Users/shiv/Projects/iphone/Dream\ Again/Dream\ Again/Resources/Audio/dream-balloon.wav /tmp/dreamlooper-signed-build/Build/Products/Release-iphoneos/Dream\ Again.app

CpResource /tmp/dreamlooper-signed-build/Build/Products/Release-iphoneos/Dream\ Again.app/dream-balloon-2.wav /Users/shiv/Projects/iphone/Dream\ Again/Dream\ Again/Resources/Audio/dream-balloon-2.wav (in target 'Dream Again' from project 'Dream Again')
    cd /Users/shiv/Projects/iphone/Dream\ Again
    builtin-copy -exclude .DS_Store -exclude CVS -exclude .svn -exclude .git -exclude .hg -resolve-src-symlinks /Users/shiv/Projects/iphone/Dream\ Again/Dream\ Again/Resources/Audio/dream-balloon-2.wav /tmp/dreamlooper-signed-build/Build/Products/Release-iphoneos/Dream\ Again.app

CpResource /tmp/dreamlooper-signed-build/Build/Products/Release-iphoneos/Dream\ Again.app/dream-balloon-1.wav /Users/shiv/Projects/iphone/Dream\ Again/Dream\ Again/Resources/Audio/dream-balloon-1.wav (in target 'Dream Again' from project 'Dream Again')
    cd /Users/shiv/Projects/iphone/Dream\ Again
    builtin-copy -exclude .DS_Store -exclude CVS -exclude .svn -exclude .git -exclude .hg -resolve-src-symlinks /Users/shiv/Projects/iphone/Dream\ Again/Dream\ Again/Resources/Audio/dream-balloon-1.wav /tmp/dreamlooper-signed-build/Build/Products/Release-iphoneos/Dream\ Again.app

CpResource /tmp/dreamlooper-signed-build/Build/Products/Release-iphoneos/Dream\ Again.app/dream-alien.wav /Users/shiv/Projects/iphone/Dream\ Again/Dream\ Again/Resources/Audio/dream-alien.wav (in target 'Dream Again' from project 'Dream Again')
    cd /Users/shiv/Projects/iphone/Dream\ Again
    builtin-copy -exclude .DS_Store -exclude CVS -exclude .svn -exclude .git -exclude .hg -resolve-src-symlinks /Users/shiv/Projects/iphone/Dream\ Again/Dream\ Again/Resources/Audio/dream-alien.wav /tmp/dreamlooper-signed-build/Build/Products/Release-iphoneos/Dream\ Again.app

CpResource /tmp/dreamlooper-signed-build/Build/Products/Release-iphoneos/Dream\ Again.app/dream-air.wav /Users/shiv/Projects/iphone/Dream\ Again/Dream\ Again/Resources/Audio/dream-air.wav (in target 'Dream Again' from project 'Dream Again')
    cd /Users/shiv/Projects/iphone/Dream\ Again
    builtin-copy -exclude .DS_Store -exclude CVS -exclude .svn -exclude .git -exclude .hg -resolve-src-symlinks /Users/shiv/Projects/iphone/Dream\ Again/Dream\ Again/Resources/Audio/dream-air.wav /tmp/dreamlooper-signed-build/Build/Products/Release-iphoneos/Dream\ Again.app

CpResource /tmp/dreamlooper-signed-build/Build/Products/Release-iphoneos/Dream\ Again.app/cosmetics.json /Users/shiv/Projects/iphone/Dream\ Again/Dream\ Again/Resources/cosmetics.json (in target 'Dream Again' from project 'Dream Again')
    cd /Users/shiv/Projects/iphone/Dream\ Again
    builtin-copy -exclude .DS_Store -exclude CVS -exclude .svn -exclude .git -exclude .hg -resolve-src-symlinks /Users/shiv/Projects/iphone/Dream\ Again/Dream\ Again/Resources/cosmetics.json /tmp/dreamlooper-signed-build/Build/Products/Release-iphoneos/Dream\ Again.app

CpResource /tmp/dreamlooper-signed-build/Build/Products/Release-iphoneos/Dream\ Again.app/conformance_vectors.json /Users/shiv/Projects/iphone/Dream\ Again/Dream\ Again/Resources/conformance_vectors.json (in target 'Dream Again' from project 'Dream Again')
    cd /Users/shiv/Projects/iphone/Dream\ Again
    builtin-copy -exclude .DS_Store -exclude CVS -exclude .svn -exclude .git -exclude .hg -resolve-src-symlinks /Users/shiv/Projects/iphone/Dream\ Again/Dream\ Again/Resources/conformance_vectors.json /tmp/dreamlooper-signed-build/Build/Products/Release-iphoneos/Dream\ Again.app

CpResource /tmp/dreamlooper-signed-build/Build/Products/Release-iphoneos/Dream\ Again.app/asset_catalog.json /Users/shiv/Projects/iphone/Dream\ Again/Dream\ Again/Resources/asset_catalog.json (in target 'Dream Again' from project 'Dream Again')
    cd /Users/shiv/Projects/iphone/Dream\ Again
    builtin-copy -exclude .DS_Store -exclude CVS -exclude .svn -exclude .git -exclude .hg -resolve-src-symlinks /Users/shiv/Projects/iphone/Dream\ Again/Dream\ Again/Resources/asset_catalog.json /tmp/dreamlooper-signed-build/Build/Products/Release-iphoneos/Dream\ Again.app

CpResource /tmp/dreamlooper-signed-build/Build/Products/Release-iphoneos/Dream\ Again.app/achievements.json /Users/shiv/Projects/iphone/Dream\ Again/Dream\ Again/Resources/achievements.json (in target 'Dream Again' from project 'Dream Again')
    cd /Users/shiv/Projects/iphone/Dream\ Again
    builtin-copy -exclude .DS_Store -exclude CVS -exclude .svn -exclude .git -exclude .hg -resolve-src-symlinks /Users/shiv/Projects/iphone/Dream\ Again/Dream\ Again/Resources/achievements.json /tmp/dreamlooper-signed-build/Build/Products/Release-iphoneos/Dream\ Again.app

CpResource /tmp/dreamlooper-signed-build/Build/Products/Release-iphoneos/Dream\ Again.app/Services.example.json /Users/shiv/Projects/iphone/Dream\ Again/Dream\ Again/Configuration/Services.example.json (in target 'Dream Again' from project 'Dream Again')
    cd /Users/shiv/Projects/iphone/Dream\ Again
    builtin-copy -exclude .DS_Store -exclude CVS -exclude .svn -exclude .git -exclude .hg -resolve-src-symlinks /Users/shiv/Projects/iphone/Dream\ Again/Dream\ Again/Configuration/Services.example.json /tmp/dreamlooper-signed-build/Build/Products/Release-iphoneos/Dream\ Again.app

CpResource /tmp/dreamlooper-signed-build/Build/Products/Release-iphoneos/Dream\ Again.app/DreamAgain.storekit /Users/shiv/Projects/iphone/Dream\ Again/Dream\ Again/Resources/DreamAgain.storekit (in target 'Dream Again' from project 'Dream Again')
    cd /Users/shiv/Projects/iphone/Dream\ Again
    builtin-copy -exclude .DS_Store -exclude CVS -exclude .svn -exclude .git -exclude .hg -resolve-src-symlinks /Users/shiv/Projects/iphone/Dream\ Again/Dream\ Again/Resources/DreamAgain.storekit /tmp/dreamlooper-signed-build/Build/Products/Release-iphoneos/Dream\ Again.app

CopyPNGFile /tmp/dreamlooper-signed-build/Build/Products/Release-iphoneos/Dream\ Again.app/window_pink.png /Users/shiv/Projects/iphone/Dream\ Again/Dream\ Again/Resources/DreamCollage/window_pink.png (in target 'Dream Again' from project 'Dream Again')
    cd /Users/shiv/Projects/iphone/Dream\ Again
    /Applications/Xcode.app/Contents/Developer/usr/bin/copypng -compress -strip-PNG-text /Users/shiv/Projects/iphone/Dream\ Again/Dream\ Again/Resources/DreamCollage/window_pink.png /tmp/dreamlooper-signed-build/Build/Products/Release-iphoneos/Dream\ Again.app/window_pink.png

CopyPNGFile /tmp/dreamlooper-signed-build/Build/Products/Release-iphoneos/Dream\ Again.app/window_aqua.png /Users/shiv/Projects/iphone/Dream\ Again/Dream\ Again/Resources/DreamCollage/window_aqua.png (in target 'Dream Again' from project 'Dream Again')
    cd /Users/shiv/Projects/iphone/Dream\ Again
    /Applications/Xcode.app/Contents/Developer/usr/bin/copypng -compress -strip-PNG-text /Users/shiv/Projects/iphone/Dream\ Again/Dream\ Again/Resources/DreamCollage/window_aqua.png /tmp/dreamlooper-signed-build/Build/Products/Release-iphoneos/Dream\ Again.app/window_aqua.png

CopyPNGFile /tmp/dreamlooper-signed-build/Build/Products/Release-iphoneos/Dream\ Again.app/whale_opal.png /Users/shiv/Projects/iphone/Dream\ Again/Dream\ Again/Resources/DreamCollage/whale_opal.png (in target 'Dream Again' from project 'Dream Again')
    cd /Users/shiv/Projects/iphone/Dream\ Again
    /Applications/Xcode.app/Contents/Developer/usr/bin/copypng -compress -strip-PNG-text /Users/shiv/Projects/iphone/Dream\ Again/Dream\ Again/Resources/DreamCollage/whale_opal.png /tmp/dreamlooper-signed-build/Build/Products/Release-iphoneos/Dream\ Again.app/whale_opal.png

CopyPNGFile /tmp/dreamlooper-signed-build/Build/Products/Release-iphoneos/Dream\ Again.app/water_curtain.png /Users/shiv/Projects/iphone/Dream\ Again/Dream\ Again/Resources/DreamCollage/water_curtain.png (in target 'Dream Again' from project 'Dream Again')
    cd /Users/shiv/Projects/iphone/Dream\ Again
    /Applications/Xcode.app/Contents/Developer/usr/bin/copypng -compress -strip-PNG-text /Users/shiv/Projects/iphone/Dream\ Again/Dream\ Again/Resources/DreamCollage/water_curtain.png /tmp/dreamlooper-signed-build/Build/Products/Release-iphoneos/Dream\ Again.app/water_curtain.png

CopyPNGFile /tmp/dreamlooper-signed-build/Build/Products/Release-iphoneos/Dream\ Again.app/tv_cloud.png /Users/shiv/Projects/iphone/Dream\ Again/Dream\ Again/Resources/DreamCollage/tv_cloud.png (in target 'Dream Again' from project 'Dream Again')
    cd /Users/shiv/Projects/iphone/Dream\ Again
    /Applications/Xcode.app/Contents/Developer/usr/bin/copypng -compress -strip-PNG-text /Users/shiv/Projects/iphone/Dream\ Again/Dream\ Again/Resources/DreamCollage/tv_cloud.png /tmp/dreamlooper-signed-build/Build/Products/Release-iphoneos/Dream\ Again.app/tv_cloud.png

CopyPNGFile /tmp/dreamlooper-signed-build/Build/Products/Release-iphoneos/Dream\ Again.app/tree_painted.png /Users/shiv/Projects/iphone/Dream\ Again/Dream\ Again/Resources/DreamCollage/tree_painted.png (in target 'Dream Again' from project 'Dream Again')
    cd /Users/shiv/Projects/iphone/Dream\ Again
    /Applications/Xcode.app/Contents/Developer/usr/bin/copypng -compress -strip-PNG-text /Users/shiv/Projects/iphone/Dream\ Again/Dream\ Again/Resources/DreamCollage/tree_painted.png /tmp/dreamlooper-signed-build/Build/Products/Release-iphoneos/Dream\ Again.app/tree_painted.png

CopyPNGFile /tmp/dreamlooper-signed-build/Build/Products/Release-iphoneos/Dream\ Again.app/tree_oak.png /Users/shiv/Projects/iphone/Dream\ Again/Dream\ Again/Resources/DreamCollage/tree_oak.png (in target 'Dream Again' from project 'Dream Again')
    cd /Users/shiv/Projects/iphone/Dream\ Again
    /Applications/Xcode.app/Contents/Developer/usr/bin/copypng -compress -strip-PNG-text /Users/shiv/Projects/iphone/Dream\ Again/Dream\ Again/Resources/DreamCollage/tree_oak.png /tmp/dreamlooper-signed-build/Build/Products/Release-iphoneos/Dream\ Again.app/tree_oak.png

CopyPNGFile /tmp/dreamlooper-signed-build/Build/Products/Release-iphoneos/Dream\ Again.app/tree_fuzzy.png /Users/shiv/Projects/iphone/Dream\ Again/Dream\ Again/Resources/DreamCollage/tree_fuzzy.png (in target 'Dream Again' from project 'Dream Again')
    cd /Users/shiv/Projects/iphone/Dream\ Again
    /Applications/Xcode.app/Contents/Developer/usr/bin/copypng -compress -strip-PNG-text /Users/shiv/Projects/iphone/Dream\ Again/Dream\ Again/Resources/DreamCollage/tree_fuzzy.png /tmp/dreamlooper-signed-build/Build/Products/Release-iphoneos/Dream\ Again.app/tree_fuzzy.png

CopyPNGFile /tmp/dreamlooper-signed-build/Build/Products/Release-iphoneos/Dream\ Again.app/tree_dead.png /Users/shiv/Projects/iphone/Dream\ Again/Dream\ Again/Resources/DreamCollage/tree_dead.png (in target 'Dream Again' from project 'Dream Again')
    cd /Users/shiv/Projects/iphone/Dream\ Again
    /Applications/Xcode.app/Contents/Developer/usr/bin/copypng -compress -strip-PNG-text /Users/shiv/Projects/iphone/Dream\ Again/Dream\ Again/Resources/DreamCollage/tree_dead.png /tmp/dreamlooper-signed-build/Build/Products/Release-iphoneos/Dream\ Again.app/tree_dead.png

CopyPNGFile /tmp/dreamlooper-signed-build/Build/Products/Release-iphoneos/Dream\ Again.app/tree_blue.png /Users/shiv/Projects/iphone/Dream\ Again/Dream\ Again/Resources/DreamCollage/tree_blue.png (in target 'Dream Again' from project 'Dream Again')
    cd /Users/shiv/Projects/iphone/Dream\ Again
    /Applications/Xcode.app/Contents/Developer/usr/bin/copypng -compress -strip-PNG-text /Users/shiv/Projects/iphone/Dream\ Again/Dream\ Again/Resources/DreamCollage/tree_blue.png /tmp/dreamlooper-signed-build/Build/Products/Release-iphoneos/Dream\ Again.app/tree_blue.png

CopyPNGFile /tmp/dreamlooper-signed-build/Build/Products/Release-iphoneos/Dream\ Again.app/telephone_banana.png /Users/shiv/Projects/iphone/Dream\ Again/Dream\ Again/Resources/DreamCollage/telephone_banana.png (in target 'Dream Again' from project 'Dream Again')
    cd /Users/shiv/Projects/iphone/Dream\ Again
    /Applications/Xcode.app/Contents/Developer/usr/bin/copypng -compress -strip-PNG-text /Users/shiv/Projects/iphone/Dream\ Again/Dream\ Again/Resources/DreamCollage/telephone_banana.png /tmp/dreamlooper-signed-build/Build/Products/Release-iphoneos/Dream\ Again.app/telephone_banana.png

CopyPNGFile /tmp/dreamlooper-signed-build/Build/Products/Release-iphoneos/Dream\ Again.app/stove_chrome.png /Users/shiv/Projects/iphone/Dream\ Again/Dream\ Again/Resources/DreamCollage/stove_chrome.png (in target 'Dream Again' from project 'Dream Again')
    cd /Users/shiv/Projects/iphone/Dream\ Again
    /Applications/Xcode.app/Contents/Developer/usr/bin/copypng -compress -strip-PNG-text /Users/shiv/Projects/iphone/Dream\ Again/Dream\ Again/Resources/DreamCollage/stove_chrome.png /tmp/dreamlooper-signed-build/Build/Products/Release-iphoneos/Dream\ Again.app/stove_chrome.png

CopyPNGFile /tmp/dreamlooper-signed-build/Build/Products/Release-iphoneos/Dream\ Again.app/storm-threat.png /Users/shiv/Projects/iphone/Dream\ Again/Dream\ Again/Resources/Weather/storm-threat.png (in target 'Dream Again' from project 'Dream Again')
    cd /Users/shiv/Projects/iphone/Dream\ Again
    /Applications/Xcode.app/Contents/Developer/usr/bin/copypng -compress -strip-PNG-text /Users/shiv/Projects/iphone/Dream\ Again/Dream\ Again/Resources/Weather/storm-threat.png /tmp/dreamlooper-signed-build/Build/Products/Release-iphoneos/Dream\ Again.app/storm-threat.png

CopyPNGFile /tmp/dreamlooper-signed-build/Build/Products/Release-iphoneos/Dream\ Again.app/seahorse_gold.png /Users/shiv/Projects/iphone/Dream\ Again/Dream\ Again/Resources/DreamCollage/seahorse_gold.png (in target 'Dream Again' from project 'Dream Again')
    cd /Users/shiv/Projects/iphone/Dream\ Again
    /Applications/Xcode.app/Contents/Developer/usr/bin/copypng -compress -strip-PNG-text /Users/shiv/Projects/iphone/Dream\ Again/Dream\ Again/Resources/DreamCollage/seahorse_gold.png /tmp/dreamlooper-signed-build/Build/Products/Release-iphoneos/Dream\ Again.app/seahorse_gold.png

CopyPNGFile /tmp/dreamlooper-signed-build/Build/Products/Release-iphoneos/Dream\ Again.app/rock_amethyst.png /Users/shiv/Projects/iphone/Dream\ Again/Dream\ Again/Resources/DreamCollage/rock_amethyst.png (in target 'Dream Again' from project 'Dream Again')
    cd /Users/shiv/Projects/iphone/Dream\ Again
    /Applications/Xcode.app/Contents/Developer/usr/bin/copypng -compress -strip-PNG-text /Users/shiv/Projects/iphone/Dream\ Again/Dream\ Again/Resources/DreamCollage/rock_amethyst.png /tmp/dreamlooper-signed-build/Build/Products/Release-iphoneos/Dream\ Again.app/rock_amethyst.png

CopyPNGFile /tmp/dreamlooper-signed-build/Build/Products/Release-iphoneos/Dream\ Again.app/ribbon_iridescent.png /Users/shiv/Projects/iphone/Dream\ Again/Dream\ Again/Resources/DreamCollage/ribbon_iridescent.png (in target 'Dream Again' from project 'Dream Again')
    cd /Users/shiv/Projects/iphone/Dream\ Again
    /Applications/Xcode.app/Contents/Developer/usr/bin/copypng -compress -strip-PNG-text /Users/shiv/Projects/iphone/Dream\ Again/Dream\ Again/Resources/DreamCollage/ribbon_iridescent.png /tmp/dreamlooper-signed-build/Build/Products/Release-iphoneos/Dream\ Again.app/ribbon_iridescent.png

CopyPNGFile /tmp/dreamlooper-signed-build/Build/Products/Release-iphoneos/Dream\ Again.app/nautilus_pearl.png /Users/shiv/Projects/iphone/Dream\ Again/Dream\ Again/Resources/DreamCollage/nautilus_pearl.png (in target 'Dream Again' from project 'Dream Again')
    cd /Users/shiv/Projects/iphone/Dream\ Again
    /Applications/Xcode.app/Contents/Developer/usr/bin/copypng -compress -strip-PNG-text /Users/shiv/Projects/iphone/Dream\ Again/Dream\ Again/Resources/DreamCollage/nautilus_pearl.png /tmp/dreamlooper-signed-build/Build/Products/Release-iphoneos/Dream\ Again.app/nautilus_pearl.png

CopyPNGFile /tmp/dreamlooper-signed-build/Build/Products/Release-iphoneos/Dream\ Again.app/moon_red.png /Users/shiv/Projects/iphone/Dream\ Again/Dream\ Again/Resources/DreamCollage/moon_red.png (in target 'Dream Again' from project 'Dream Again')
    cd /Users/shiv/Projects/iphone/Dream\ Again
    /Applications/Xcode.app/Contents/Developer/usr/bin/copypng -compress -strip-PNG-text /Users/shiv/Projects/iphone/Dream\ Again/Dream\ Again/Resources/DreamCollage/moon_red.png /tmp/dreamlooper-signed-build/Build/Products/Release-iphoneos/Dream\ Again.app/moon_red.png

CopyPNGFile /tmp/dreamlooper-signed-build/Build/Products/Release-iphoneos/Dream\ Again.app/moon_real.png /Users/shiv/Projects/iphone/Dream\ Again/Dream\ Again/Resources/DreamCollage/moon_real.png (in target 'Dream Again' from project 'Dream Again')
    cd /Users/shiv/Projects/iphone/Dream\ Again
    /Applications/Xcode.app/Contents/Developer/usr/bin/copypng -compress -strip-PNG-text /Users/shiv/Projects/iphone/Dream\ Again/Dream\ Again/Resources/DreamCollage/moon_real.png /tmp/dreamlooper-signed-build/Build/Products/Release-iphoneos/Dream\ Again.app/moon_real.png

CopyPNGFile /tmp/dreamlooper-signed-build/Build/Products/Release-iphoneos/Dream\ Again.app/moon_pearl.png /Users/shiv/Projects/iphone/Dream\ Again/Dream\ Again/Resources/DreamCollage/moon_pearl.png (in target 'Dream Again' from project 'Dream Again')
    cd /Users/shiv/Projects/iphone/Dream\ Again
    /Applications/Xcode.app/Contents/Developer/usr/bin/copypng -compress -strip-PNG-text /Users/shiv/Projects/iphone/Dream\ Again/Dream\ Again/Resources/DreamCollage/moon_pearl.png /tmp/dreamlooper-signed-build/Build/Products/Release-iphoneos/Dream\ Again.app/moon_pearl.png

CopyPNGFile /tmp/dreamlooper-signed-build/Build/Products/Release-iphoneos/Dream\ Again.app/manta_silk.png /Users/shiv/Projects/iphone/Dream\ Again/Dream\ Again/Resources/DreamCollage/manta_silk.png (in target 'Dream Again' from project 'Dream Again')
    cd /Users/shiv/Projects/iphone/Dream\ Again
    /Applications/Xcode.app/Contents/Developer/usr/bin/copypng -compress -strip-PNG-text /Users/shiv/Projects/iphone/Dream\ Again/Dream\ Again/Resources/DreamCollage/manta_silk.png /tmp/dreamlooper-signed-build/Build/Products/Release-iphoneos/Dream\ Again.app/manta_silk.png

CopyPNGFile /tmp/dreamlooper-signed-build/Build/Products/Release-iphoneos/Dream\ Again.app/jellyfish_lilac.png /Users/shiv/Projects/iphone/Dream\ Again/Dream\ Again/Resources/DreamCollage/jellyfish_lilac.png (in target 'Dream Again' from project 'Dream Again')
    cd /Users/shiv/Projects/iphone/Dream\ Again
    /Applications/Xcode.app/Contents/Developer/usr/bin/copypng -compress -strip-PNG-text /Users/shiv/Projects/iphone/Dream\ Again/Dream\ Again/Resources/DreamCollage/jellyfish_lilac.png /tmp/dreamlooper-signed-build/Build/Products/Release-iphoneos/Dream\ Again.app/jellyfish_lilac.png

CopyPNGFile /tmp/dreamlooper-signed-build/Build/Products/Release-iphoneos/Dream\ Again.app/house_stilt.png /Users/shiv/Projects/iphone/Dream\ Again/Dream\ Again/Resources/DreamCollage/house_stilt.png (in target 'Dream Again' from project 'Dream Again')
    cd /Users/shiv/Projects/iphone/Dream\ Again
    /Applications/Xcode.app/Contents/Developer/usr/bin/copypng -compress -strip-PNG-text /Users/shiv/Projects/iphone/Dream\ Again/Dream\ Again/Resources/DreamCollage/house_stilt.png /tmp/dreamlooper-signed-build/Build/Products/Release-iphoneos/Dream\ Again.app/house_stilt.png

CopyPNGFile /tmp/dreamlooper-signed-build/Build/Products/Release-iphoneos/Dream\ Again.app/house_photo.png /Users/shiv/Projects/iphone/Dream\ Again/Dream\ Again/Resources/DreamCollage/house_photo.png (in target 'Dream Again' from project 'Dream Again')
    cd /Users/shiv/Projects/iphone/Dream\ Again
    /Applications/Xcode.app/Contents/Developer/usr/bin/copypng -compress -strip-PNG-text /Users/shiv/Projects/iphone/Dream\ Again/Dream\ Again/Resources/DreamCollage/house_photo.png /tmp/dreamlooper-signed-build/Build/Products/Release-iphoneos/Dream\ Again.app/house_photo.png

CopyPNGFile /tmp/dreamlooper-signed-build/Build/Products/Release-iphoneos/Dream\ Again.app/house_painted.png /Users/shiv/Projects/iphone/Dream\ Again/Dream\ Again/Resources/DreamCollage/house_painted.png (in target 'Dream Again' from project 'Dream Again')
    cd /Users/shiv/Projects/iphone/Dream\ Again
    /Applications/Xcode.app/Contents/Developer/usr/bin/copypng -compress -strip-PNG-text /Users/shiv/Projects/iphone/Dream\ Again/Dream\ Again/Resources/DreamCollage/house_painted.png /tmp/dreamlooper-signed-build/Build/Products/Release-iphoneos/Dream\ Again.app/house_painted.png

CopyPNGFile /tmp/dreamlooper-signed-build/Build/Products/Release-iphoneos/Dream\ Again.app/house_fuzzy.png /Users/shiv/Projects/iphone/Dream\ Again/Dream\ Again/Resources/DreamCollage/house_fuzzy.png (in target 'Dream Again' from project 'Dream Again')
    cd /Users/shiv/Projects/iphone/Dream\ Again
    /Applications/Xcode.app/Contents/Developer/usr/bin/copypng -compress -strip-PNG-text /Users/shiv/Projects/iphone/Dream\ Again/Dream\ Again/Resources/DreamCollage/house_fuzzy.png /tmp/dreamlooper-signed-build/Build/Products/Release-iphoneos/Dream\ Again.app/house_fuzzy.png

CopyPNGFile /tmp/dreamlooper-signed-build/Build/Products/Release-iphoneos/Dream\ Again.app/house_brutal.png /Users/shiv/Projects/iphone/Dream\ Again/Dream\ Again/Resources/DreamCollage/house_brutal.png (in target 'Dream Again' from project 'Dream Again')
    cd /Users/shiv/Projects/iphone/Dream\ Again
    /Applications/Xcode.app/Contents/Developer/usr/bin/copypng -compress -strip-PNG-text /Users/shiv/Projects/iphone/Dream\ Again/Dream\ Again/Resources/DreamCollage/house_brutal.png /tmp/dreamlooper-signed-build/Build/Products/Release-iphoneos/Dream\ Again.app/house_brutal.png

CopyPNGFile /tmp/dreamlooper-signed-build/Build/Products/Release-iphoneos/Dream\ Again.app/horse_white.png /Users/shiv/Projects/iphone/Dream\ Again/Dream\ Again/Resources/DreamCollage/horse_white.png (in target 'Dream Again' from project 'Dream Again')
    cd /Users/shiv/Projects/iphone/Dream\ Again
    /Applications/Xcode.app/Contents/Developer/usr/bin/copypng -compress -strip-PNG-text /Users/shiv/Projects/iphone/Dream\ Again/Dream\ Again/Resources/DreamCollage/horse_white.png /tmp/dreamlooper-signed-build/Build/Products/Release-iphoneos/Dream\ Again.app/horse_white.png

CopyPNGFile /tmp/dreamlooper-signed-build/Build/Products/Release-iphoneos/Dream\ Again.app/horse_red.png /Users/shiv/Projects/iphone/Dream\ Again/Dream\ Again/Resources/DreamCollage/horse_red.png (in target 'Dream Again' from project 'Dream Again')
    cd /Users/shiv/Projects/iphone/Dream\ Again
    /Applications/Xcode.app/Contents/Developer/usr/bin/copypng -compress -strip-PNG-text /Users/shiv/Projects/iphone/Dream\ Again/Dream\ Again/Resources/DreamCollage/horse_red.png /tmp/dreamlooper-signed-build/Build/Products/Release-iphoneos/Dream\ Again.app/horse_red.png

CopyPNGFile /tmp/dreamlooper-signed-build/Build/Products/Release-iphoneos/Dream\ Again.app/horse_pink.png /Users/shiv/Projects/iphone/Dream\ Again/Dream\ Again/Resources/DreamCollage/horse_pink.png (in target 'Dream Again' from project 'Dream Again')
    cd /Users/shiv/Projects/iphone/Dream\ Again
    /Applications/Xcode.app/Contents/Developer/usr/bin/copypng -compress -strip-PNG-text /Users/shiv/Projects/iphone/Dream\ Again/Dream\ Again/Resources/DreamCollage/horse_pink.png /tmp/dreamlooper-signed-build/Build/Products/Release-iphoneos/Dream\ Again.app/horse_pink.png

CopyPNGFile /tmp/dreamlooper-signed-build/Build/Products/Release-iphoneos/Dream\ Again.app/horse_brown.png /Users/shiv/Projects/iphone/Dream\ Again/Dream\ Again/Resources/DreamCollage/horse_brown.png (in target 'Dream Again' from project 'Dream Again')
    cd /Users/shiv/Projects/iphone/Dream\ Again
    /Applications/Xcode.app/Contents/Developer/usr/bin/copypng -compress -strip-PNG-text /Users/shiv/Projects/iphone/Dream\ Again/Dream\ Again/Resources/DreamCollage/horse_brown.png /tmp/dreamlooper-signed-build/Build/Products/Release-iphoneos/Dream\ Again.app/horse_brown.png

CopyPNGFile /tmp/dreamlooper-signed-build/Build/Products/Release-iphoneos/Dream\ Again.app/horse_black.png /Users/shiv/Projects/iphone/Dream\ Again/Dream\ Again/Resources/DreamCollage/horse_black.png (in target 'Dream Again' from project 'Dream Again')
    cd /Users/shiv/Projects/iphone/Dream\ Again
    /Applications/Xcode.app/Contents/Developer/usr/bin/copypng -compress -strip-PNG-text /Users/shiv/Projects/iphone/Dream\ Again/Dream\ Again/Resources/DreamCollage/horse_black.png /tmp/dreamlooper-signed-build/Build/Products/Release-iphoneos/Dream\ Again.app/horse_black.png

CopyPNGFile /tmp/dreamlooper-signed-build/Build/Products/Release-iphoneos/Dream\ Again.app/fog_silver.png /Users/shiv/Projects/iphone/Dream\ Again/Dream\ Again/Resources/DreamCollage/fog_silver.png (in target 'Dream Again' from project 'Dream Again')
    cd /Users/shiv/Projects/iphone/Dream\ Again
    /Applications/Xcode.app/Contents/Developer/usr/bin/copypng -compress -strip-PNG-text /Users/shiv/Projects/iphone/Dream\ Again/Dream\ Again/Resources/DreamCollage/fog_silver.png /tmp/dreamlooper-signed-build/Build/Products/Release-iphoneos/Dream\ Again.app/fog_silver.png

CopyPNGFile /tmp/dreamlooper-signed-build/Build/Products/Release-iphoneos/Dream\ Again.app/fog_lavender.png /Users/shiv/Projects/iphone/Dream\ Again/Dream\ Again/Resources/DreamCollage/fog_lavender.png (in target 'Dream Again' from project 'Dream Again')
    cd /Users/shiv/Projects/iphone/Dream\ Again
    /Applications/Xcode.app/Contents/Developer/usr/bin/copypng -compress -strip-PNG-text /Users/shiv/Projects/iphone/Dream\ Again/Dream\ Again/Resources/DreamCollage/fog_lavender.png /tmp/dreamlooper-signed-build/Build/Products/Release-iphoneos/Dream\ Again.app/fog_lavender.png

CopyPNGFile /tmp/dreamlooper-signed-build/Build/Products/Release-iphoneos/Dream\ Again.app/flower_orchid.png /Users/shiv/Projects/iphone/Dream\ Again/Dream\ Again/Resources/DreamCollage/flower_orchid.png (in target 'Dream Again' from project 'Dream Again')
    cd /Users/shiv/Projects/iphone/Dream\ Again
    /Applications/Xcode.app/Contents/Developer/usr/bin/copypng -compress -strip-PNG-text /Users/shiv/Projects/iphone/Dream\ Again/Dream\ Again/Resources/DreamCollage/flower_orchid.png /tmp/dreamlooper-signed-build/Build/Products/Release-iphoneos/Dream\ Again.app/flower_orchid.png

CopyPNGFile /tmp/dreamlooper-signed-build/Build/Products/Release-iphoneos/Dream\ Again.app/eel_ribbon.png /Users/shiv/Projects/iphone/Dream\ Again/Dream\ Again/Resources/DreamCollage/eel_ribbon.png (in target 'Dream Again' from project 'Dream Again')
    cd /Users/shiv/Projects/iphone/Dream\ Again
    /Applications/Xcode.app/Contents/Developer/usr/bin/copypng -compress -strip-PNG-text /Users/shiv/Projects/iphone/Dream\ Again/Dream\ Again/Resources/DreamCollage/eel_ribbon.png /tmp/dreamlooper-signed-build/Build/Products/Release-iphoneos/Dream\ Again.app/eel_ribbon.png

CopyPNGFile /tmp/dreamlooper-signed-build/Build/Products/Release-iphoneos/Dream\ Again.app/cloud_white.png /Users/shiv/Projects/iphone/Dream\ Again/Dream\ Again/Resources/DreamCollage/cloud_white.png (in target 'Dream Again' from project 'Dream Again')
    cd /Users/shiv/Projects/iphone/Dream\ Again
    /Applications/Xcode.app/Contents/Developer/usr/bin/copypng -compress -strip-PNG-text /Users/shiv/Projects/iphone/Dream\ Again/Dream\ Again/Resources/DreamCollage/cloud_white.png /tmp/dreamlooper-signed-build/Build/Products/Release-iphoneos/Dream\ Again.app/cloud_white.png

CopyPNGFile /tmp/dreamlooper-signed-build/Build/Products/Release-iphoneos/Dream\ Again.app/cloud_tower.png /Users/shiv/Projects/iphone/Dream\ Again/Dream\ Again/Resources/DreamCollage/cloud_tower.png (in target 'Dream Again' from project 'Dream Again')
    cd /Users/shiv/Projects/iphone/Dream\ Again
    /Applications/Xcode.app/Contents/Developer/usr/bin/copypng -compress -strip-PNG-text /Users/shiv/Projects/iphone/Dream\ Again/Dream\ Again/Resources/DreamCollage/cloud_tower.png /tmp/dreamlooper-signed-build/Build/Products/Release-iphoneos/Dream\ Again.app/cloud_tower.png

CopyPNGFile /tmp/dreamlooper-signed-build/Build/Products/Release-iphoneos/Dream\ Again.app/cloud_pink.png /Users/shiv/Projects/iphone/Dream\ Again/Dream\ Again/Resources/DreamCollage/cloud_pink.png (in target 'Dream Again' from project 'Dream Again')
    cd /Users/shiv/Projects/iphone/Dream\ Again
    /Applications/Xcode.app/Contents/Developer/usr/bin/copypng -compress -strip-PNG-text /Users/shiv/Projects/iphone/Dream\ Again/Dream\ Again/Resources/DreamCollage/cloud_pink.png /tmp/dreamlooper-signed-build/Build/Products/Release-iphoneos/Dream\ Again.app/cloud_pink.png

CopyPNGFile /tmp/dreamlooper-signed-build/Build/Products/Release-iphoneos/Dream\ Again.app/cloud_dark.png /Users/shiv/Projects/iphone/Dream\ Again/Dream\ Again/Resources/DreamCollage/cloud_dark.png (in target 'Dream Again' from project 'Dream Again')
    cd /Users/shiv/Projects/iphone/Dream\ Again
    /Applications/Xcode.app/Contents/Developer/usr/bin/copypng -compress -strip-PNG-text /Users/shiv/Projects/iphone/Dream\ Again/Dream\ Again/Resources/DreamCollage/cloud_dark.png /tmp/dreamlooper-signed-build/Build/Products/Release-iphoneos/Dream\ Again.app/cloud_dark.png

CopyPNGFile /tmp/dreamlooper-signed-build/Build/Products/Release-iphoneos/Dream\ Again.app/chicken_chef.png /Users/shiv/Projects/iphone/Dream\ Again/Dream\ Again/Resources/DreamCollage/chicken_chef.png (in target 'Dream Again' from project 'Dream Again')
    cd /Users/shiv/Projects/iphone/Dream\ Again
    /Applications/Xcode.app/Contents/Developer/usr/bin/copypng -compress -strip-PNG-text /Users/shiv/Projects/iphone/Dream\ Again/Dream\ Again/Resources/DreamCollage/chicken_chef.png /tmp/dreamlooper-signed-build/Build/Products/Release-iphoneos/Dream\ Again.app/chicken_chef.png

CopyPNGFile /tmp/dreamlooper-signed-build/Build/Products/Release-iphoneos/Dream\ Again.app/chair_velvet.png /Users/shiv/Projects/iphone/Dream\ Again/Dream\ Again/Resources/DreamCollage/chair_velvet.png (in target 'Dream Again' from project 'Dream Again')
    cd /Users/shiv/Projects/iphone/Dream\ Again
    /Applications/Xcode.app/Contents/Developer/usr/bin/copypng -compress -strip-PNG-text /Users/shiv/Projects/iphone/Dream\ Again/Dream\ Again/Resources/DreamCollage/chair_velvet.png /tmp/dreamlooper-signed-build/Build/Products/Release-iphoneos/Dream\ Again.app/chair_velvet.png

CopyPNGFile /tmp/dreamlooper-signed-build/Build/Products/Release-iphoneos/Dream\ Again.app/bubbles_pearl.png /Users/shiv/Projects/iphone/Dream\ Again/Dream\ Again/Resources/DreamCollage/bubbles_pearl.png (in target 'Dream Again' from project 'Dream Again')
    cd /Users/shiv/Projects/iphone/Dream\ Again
    /Applications/Xcode.app/Contents/Developer/usr/bin/copypng -compress -strip-PNG-text /Users/shiv/Projects/iphone/Dream\ Again/Dream\ Again/Resources/DreamCollage/bubbles_pearl.png /tmp/dreamlooper-signed-build/Build/Products/Release-iphoneos/Dream\ Again.app/bubbles_pearl.png

CopyPNGFile /tmp/dreamlooper-signed-build/Build/Products/Release-iphoneos/Dream\ Again.app/bed_linen.png /Users/shiv/Projects/iphone/Dream\ Again/Dream\ Again/Resources/DreamCollage/bed_linen.png (in target 'Dream Again' from project 'Dream Again')
    cd /Users/shiv/Projects/iphone/Dream\ Again
    /Applications/Xcode.app/Contents/Developer/usr/bin/copypng -compress -strip-PNG-text /Users/shiv/Projects/iphone/Dream\ Again/Dream\ Again/Resources/DreamCollage/bed_linen.png /tmp/dreamlooper-signed-build/Build/Products/Release-iphoneos/Dream\ Again.app/bed_linen.png

CopyPNGFile /tmp/dreamlooper-signed-build/Build/Products/Release-iphoneos/Dream\ Again.app/arch_ruined.png /Users/shiv/Projects/iphone/Dream\ Again/Dream\ Again/Resources/DreamCollage/arch_ruined.png (in target 'Dream Again' from project 'Dream Again')
    cd /Users/shiv/Projects/iphone/Dream\ Again
    /Applications/Xcode.app/Contents/Developer/usr/bin/copypng -compress -strip-PNG-text /Users/shiv/Projects/iphone/Dream\ Again/Dream\ Again/Resources/DreamCollage/arch_ruined.png /tmp/dreamlooper-signed-build/Build/Products/Release-iphoneos/Dream\ Again.app/arch_ruined.png

CopyPNGFile /tmp/dreamlooper-signed-build/Build/Products/Release-iphoneos/Dream\ Again.app/arch_pearl.png /Users/shiv/Projects/iphone/Dream\ Again/Dream\ Again/Resources/DreamCollage/arch_pearl.png (in target 'Dream Again' from project 'Dream Again')
    cd /Users/shiv/Projects/iphone/Dream\ Again
    /Applications/Xcode.app/Contents/Developer/usr/bin/copypng -compress -strip-PNG-text /Users/shiv/Projects/iphone/Dream\ Again/Dream\ Again/Resources/DreamCollage/arch_pearl.png /tmp/dreamlooper-signed-build/Build/Products/Release-iphoneos/Dream\ Again.app/arch_pearl.png

CopyPNGFile /tmp/dreamlooper-signed-build/Build/Products/Release-iphoneos/Dream\ Again.app/arch_glass.png /Users/shiv/Projects/iphone/Dream\ Again/Dream\ Again/Resources/DreamCollage/arch_glass.png (in target 'Dream Again' from project 'Dream Again')
    cd /Users/shiv/Projects/iphone/Dream\ Again
    /Applications/Xcode.app/Contents/Developer/usr/bin/copypng -compress -strip-PNG-text /Users/shiv/Projects/iphone/Dream\ Again/Dream\ Again/Resources/DreamCollage/arch_glass.png /tmp/dreamlooper-signed-build/Build/Products/Release-iphoneos/Dream\ Again.app/arch_glass.png

CopyPNGFile /tmp/dreamlooper-signed-build/Build/Products/Release-iphoneos/Dream\ Again.app/DreamAgainIcon.png /Users/shiv/Projects/iphone/Dream\ Again/Dream\ Again/Resources/DreamAgainIcon.png (in target 'Dream Again' from project 'Dream Again')
    cd /Users/shiv/Projects/iphone/Dream\ Again
    /Applications/Xcode.app/Contents/Developer/usr/bin/copypng -compress -strip-PNG-text /Users/shiv/Projects/iphone/Dream\ Again/Dream\ Again/Resources/DreamAgainIcon.png /tmp/dreamlooper-signed-build/Build/Products/Release-iphoneos/Dream\ Again.app/DreamAgainIcon.png

CompileAssetCatalogVariant thinned /tmp/dreamlooper-signed-build/Build/Products/Release-iphoneos/Dream\ Again.app /Users/shiv/Projects/iphone/Dream\ Again/Dream\ Again/Assets.xcassets (in target 'Dream Again' from project 'Dream Again')
    cd /Users/shiv/Projects/iphone/Dream\ Again
    /Applications/Xcode.app/Contents/Developer/usr/bin/actool /Users/shiv/Projects/iphone/Dream\ Again/Dream\ Again/Assets.xcassets --compile /tmp/dreamlooper-signed-build/Build/Intermediates.noindex/Dream\ Again.build/Release-iphoneos/Dream\ Again.build/assetcatalog_output/thinned --output-format human-readable-text --notices --warnings --export-dependency-info /tmp/dreamlooper-signed-build/Build/Intermediates.noindex/Dream\ Again.build/Release-iphoneos/Dream\ Again.build/assetcatalog_dependencies_thinned --output-partial-info-plist /tmp/dreamlooper-signed-build/Build/Intermediates.noindex/Dream\ Again.build/Release-iphoneos/Dream\ Again.build/assetcatalog_generated_info.plist_thinned --app-icon AppIcon --accent-color AccentColor --compress-pngs --enable-on-demand-resources YES --development-region en --target-device iphone --target-device ipad --minimum-deployment-target 18.0 --platform iphoneos
/* com.apple.actool.compilation-results */
/tmp/dreamlooper-signed-build/Build/Intermediates.noindex/Dream Again.build/Release-iphoneos/Dream Again.build/assetcatalog_generated_info.plist_thinned


SwiftDriver Dream\ Again normal arm64 com.apple.xcode.tools.swift.compiler (in target 'Dream Again' from project 'Dream Again')
    cd /Users/shiv/Projects/iphone/Dream\ Again
    builtin-SwiftDriver -- /Applications/Xcode.app/Contents/Developer/Toolchains/XcodeDefault.xctoolchain/usr/bin/swiftc -module-name DreamAgain -O -whole-module-optimization @/tmp/dreamlooper-signed-build/Build/Intermediates.noindex/Dream\ Again.build/Release-iphoneos/Dream\ Again.build/Objects-normal/arm64/Dream\ Again.SwiftFileList -enable-bare-slash-regex -enable-upcoming-feature DisableOutwardActorInference -enable-upcoming-feature InferSendableFromCaptures -enable-upcoming-feature GlobalActorIsolatedTypesUsability -enable-upcoming-feature MemberImportVisibility -enable-upcoming-feature InferIsolatedConformances -enable-upcoming-feature NonisolatedNonsendingByDefault -enable-experimental-feature DebugDescriptionMacro -sdk /Applications/Xcode.app/Contents/Developer/Platforms/iPhoneOS.platform/Developer/SDKs/iPhoneOS26.5.sdk -target arm64-apple-ios18.0 -g -module-cache-path /tmp/dreamlooper-signed-build/ModuleCache.noindex -Xfrontend -serialize-debugging-options -swift-version 5 -I /tmp/dreamlooper-signed-build/Build/Products/Release-iphoneos -F /tmp/dreamlooper-signed-build/Build/Products/Release-iphoneos -emit-localized-strings -emit-localized-strings-path /tmp/dreamlooper-signed-build/Build/Intermediates.noindex/Dream\ Again.build/Release-iphoneos/Dream\ Again.build/Objects-normal/arm64 -c -num-threads 8 -Xcc -ivfsstatcache -Xcc /tmp/dreamlooper-signed-build/SDKStatCaches.noindex/iphoneos26.5-23F81a-688ef53f1462e2c8f657fdc38a81448f32daed1954a7d5dd0789fcaf2a9bb78b.sdkstatcache -output-file-map /tmp/dreamlooper-signed-build/Build/Intermediates.noindex/Dream\ Again.build/Release-iphoneos/Dream\ Again.build/Objects-normal/arm64/Dream\ Again-OutputFileMap.json -use-frontend-parseable-output -save-temps -no-color-diagnostics -explicit-module-build -module-cache-path /tmp/dreamlooper-signed-build/Build/Intermediates.noindex/SwiftExplicitPrecompiledModules -clang-scanner-module-cache-path /tmp/dreamlooper-signed-build/ModuleCache.noindex -sdk-module-cache-path /tmp/dreamlooper-signed-build/ModuleCache.noindex -serialize-diagnostics -emit-dependencies -emit-module -emit-module-path /tmp/dreamlooper-signed-build/Build/Intermediates.noindex/Dream\ Again.build/Release-iphoneos/Dream\ Again.build/Objects-normal/arm64/DreamAgain.swiftmodule -validate-clang-modules-once -clang-build-session-file /tmp/dreamlooper-signed-build/ModuleCache.noindex/Session.modulevalidation -Xcc -I/tmp/dreamlooper-signed-build/Build/Intermediates.noindex/Dream\ Again.build/Release-iphoneos/Dream\ Again.build/swift-overrides.hmap -emit-const-values -Xfrontend -const-gather-protocols-file -Xfrontend /tmp/dreamlooper-signed-build/Build/Intermediates.noindex/Dream\ Again.build/Release-iphoneos/Dream\ Again.build/Objects-normal/arm64/Dream\ Again_const_extract_protocols.json -Xcc -iquote -Xcc /tmp/dreamlooper-signed-build/Build/Intermediates.noindex/Dream\ Again.build/Release-iphoneos/Dream\ Again.build/Dream\ Again-generated-files.hmap -Xcc -I/tmp/dreamlooper-signed-build/Build/Intermediates.noindex/Dream\ Again.build/Release-iphoneos/Dream\ Again.build/Dream\ Again-own-target-headers.hmap -Xcc -I/tmp/dreamlooper-signed-build/Build/Intermediates.noindex/Dream\ Again.build/Release-iphoneos/Dream\ Again.build/Dream\ Again-all-target-headers.hmap -Xcc -iquote -Xcc /tmp/dreamlooper-signed-build/Build/Intermediates.noindex/Dream\ Again.build/Release-iphoneos/Dream\ Again.build/Dream\ Again-project-headers.hmap -Xcc -I/tmp/dreamlooper-signed-build/Build/Products/Release-iphoneos/include -Xcc -I/tmp/dreamlooper-signed-build/Build/Intermediates.noindex/Dream\ Again.build/Release-iphoneos/Dream\ Again.build/DerivedSources-normal/arm64 -Xcc -I/tmp/dreamlooper-signed-build/Build/Intermediates.noindex/Dream\ Again.build/Release-iphoneos/Dream\ Again.build/DerivedSources/arm64 -Xcc -I/tmp/dreamlooper-signed-build/Build/Intermediates.noindex/Dream\ Again.build/Release-iphoneos/Dream\ Again.build/DerivedSources -emit-objc-header -emit-objc-header-path /tmp/dreamlooper-signed-build/Build/Intermediates.noindex/Dream\ Again.build/Release-iphoneos/Dream\ Again.build/Objects-normal/arm64/DreamAgain-Swift.h -working-directory /Users/shiv/Projects/iphone/Dream\ Again -no-emit-module-separately-wmo

LinkAssetCatalog /Users/shiv/Projects/iphone/Dream\ Again/Dream\ Again/Assets.xcassets (in target 'Dream Again' from project 'Dream Again')
    cd /Users/shiv/Projects/iphone/Dream\ Again
    builtin-linkAssetCatalog --thinned /tmp/dreamlooper-signed-build/Build/Intermediates.noindex/Dream\ Again.build/Release-iphoneos/Dream\ Again.build/assetcatalog_output/thinned --thinned-dependencies /tmp/dreamlooper-signed-build/Build/Intermediates.noindex/Dream\ Again.build/Release-iphoneos/Dream\ Again.build/assetcatalog_dependencies_thinned --thinned-info-plist-content /tmp/dreamlooper-signed-build/Build/Intermediates.noindex/Dream\ Again.build/Release-iphoneos/Dream\ Again.build/assetcatalog_generated_info.plist_thinned --unthinned /tmp/dreamlooper-signed-build/Build/Intermediates.noindex/Dream\ Again.build/Release-iphoneos/Dream\ Again.build/assetcatalog_output/unthinned --unthinned-dependencies /tmp/dreamlooper-signed-build/Build/Intermediates.noindex/Dream\ Again.build/Release-iphoneos/Dream\ Again.build/assetcatalog_dependencies_unthinned --unthinned-info-plist-content /tmp/dreamlooper-signed-build/Build/Intermediates.noindex/Dream\ Again.build/Release-iphoneos/Dream\ Again.build/assetcatalog_generated_info.plist_unthinned --output /tmp/dreamlooper-signed-build/Build/Products/Release-iphoneos/Dream\ Again.app --plist-output /tmp/dreamlooper-signed-build/Build/Intermediates.noindex/Dream\ Again.build/Release-iphoneos/Dream\ Again.build/assetcatalog_generated_info.plist

ProcessInfoPlistFile /tmp/dreamlooper-signed-build/Build/Products/Release-iphoneos/Dream\ Again.app/Info.plist /Users/shiv/Projects/iphone/Dream\ Again/Configuration/Info.plist (in target 'Dream Again' from project 'Dream Again')
    cd /Users/shiv/Projects/iphone/Dream\ Again
    builtin-infoPlistUtility /Users/shiv/Projects/iphone/Dream\ Again/Configuration/Info.plist -producttype com.apple.product-type.application -genpkginfo /tmp/dreamlooper-signed-build/Build/Products/Release-iphoneos/Dream\ Again.app/PkgInfo -expandbuildsettings -format binary -platform iphoneos -additionalcontentfile /tmp/dreamlooper-signed-build/Build/Intermediates.noindex/Dream\ Again.build/Release-iphoneos/Dream\ Again.build/assetcatalog_generated_info.plist -requiredArchitecture arm64 -o /tmp/dreamlooper-signed-build/Build/Products/Release-iphoneos/Dream\ Again.app/Info.plist
warning: The application supports opening files, but doesn't declare whether it supports opening them in place. You can add an LSSupportsOpeningDocumentsInPlace entry or an UISupportsDocumentBrowser entry to your Info.plist to declare support. (in target 'Dream Again' from project 'Dream Again')

SwiftDriver\ Compilation Dream\ Again normal arm64 com.apple.xcode.tools.swift.compiler (in target 'Dream Again' from project 'Dream Again')
    cd /Users/shiv/Projects/iphone/Dream\ Again
    builtin-Swift-Compilation -- /Applications/Xcode.app/Contents/Developer/Toolchains/XcodeDefault.xctoolchain/usr/bin/swiftc -module-name DreamAgain -O -whole-module-optimization @/tmp/dreamlooper-signed-build/Build/Intermediates.noindex/Dream\ Again.build/Release-iphoneos/Dream\ Again.build/Objects-normal/arm64/Dream\ Again.SwiftFileList -enable-bare-slash-regex -enable-upcoming-feature DisableOutwardActorInference -enable-upcoming-feature InferSendableFromCaptures -enable-upcoming-feature GlobalActorIsolatedTypesUsability -enable-upcoming-feature MemberImportVisibility -enable-upcoming-feature InferIsolatedConformances -enable-upcoming-feature NonisolatedNonsendingByDefault -enable-experimental-feature DebugDescriptionMacro -sdk /Applications/Xcode.app/Contents/Developer/Platforms/iPhoneOS.platform/Developer/SDKs/iPhoneOS26.5.sdk -target arm64-apple-ios18.0 -g -module-cache-path /tmp/dreamlooper-signed-build/ModuleCache.noindex -Xfrontend -serialize-debugging-options -swift-version 5 -I /tmp/dreamlooper-signed-build/Build/Products/Release-iphoneos -F /tmp/dreamlooper-signed-build/Build/Products/Release-iphoneos -emit-localized-strings -emit-localized-strings-path /tmp/dreamlooper-signed-build/Build/Intermediates.noindex/Dream\ Again.build/Release-iphoneos/Dream\ Again.build/Objects-normal/arm64 -c -num-threads 8 -Xcc -ivfsstatcache -Xcc /tmp/dreamlooper-signed-build/SDKStatCaches.noindex/iphoneos26.5-23F81a-688ef53f1462e2c8f657fdc38a81448f32daed1954a7d5dd0789fcaf2a9bb78b.sdkstatcache -output-file-map /tmp/dreamlooper-signed-build/Build/Intermediates.noindex/Dream\ Again.build/Release-iphoneos/Dream\ Again.build/Objects-normal/arm64/Dream\ Again-OutputFileMap.json -use-frontend-parseable-output -save-temps -no-color-diagnostics -explicit-module-build -module-cache-path /tmp/dreamlooper-signed-build/Build/Intermediates.noindex/SwiftExplicitPrecompiledModules -clang-scanner-module-cache-path /tmp/dreamlooper-signed-build/ModuleCache.noindex -sdk-module-cache-path /tmp/dreamlooper-signed-build/ModuleCache.noindex -serialize-diagnostics -emit-dependencies -emit-module -emit-module-path /tmp/dreamlooper-signed-build/Build/Intermediates.noindex/Dream\ Again.build/Release-iphoneos/Dream\ Again.build/Objects-normal/arm64/DreamAgain.swiftmodule -validate-clang-modules-once -clang-build-session-file /tmp/dreamlooper-signed-build/ModuleCache.noindex/Session.modulevalidation -Xcc -I/tmp/dreamlooper-signed-build/Build/Intermediates.noindex/Dream\ Again.build/Release-iphoneos/Dream\ Again.build/swift-overrides.hmap -emit-const-values -Xfrontend -const-gather-protocols-file -Xfrontend /tmp/dreamlooper-signed-build/Build/Intermediates.noindex/Dream\ Again.build/Release-iphoneos/Dream\ Again.build/Objects-normal/arm64/Dream\ Again_const_extract_protocols.json -Xcc -iquote -Xcc /tmp/dreamlooper-signed-build/Build/Intermediates.noindex/Dream\ Again.build/Release-iphoneos/Dream\ Again.build/Dream\ Again-generated-files.hmap -Xcc -I/tmp/dreamlooper-signed-build/Build/Intermediates.noindex/Dream\ Again.build/Release-iphoneos/Dream\ Again.build/Dream\ Again-own-target-headers.hmap -Xcc -I/tmp/dreamlooper-signed-build/Build/Intermediates.noindex/Dream\ Again.build/Release-iphoneos/Dream\ Again.build/Dream\ Again-all-target-headers.hmap -Xcc -iquote -Xcc /tmp/dreamlooper-signed-build/Build/Intermediates.noindex/Dream\ Again.build/Release-iphoneos/Dream\ Again.build/Dream\ Again-project-headers.hmap -Xcc -I/tmp/dreamlooper-signed-build/Build/Products/Release-iphoneos/include -Xcc -I/tmp/dreamlooper-signed-build/Build/Intermediates.noindex/Dream\ Again.build/Release-iphoneos/Dream\ Again.build/DerivedSources-normal/arm64 -Xcc -I/tmp/dreamlooper-signed-build/Build/Intermediates.noindex/Dream\ Again.build/Release-iphoneos/Dream\ Again.build/DerivedSources/arm64 -Xcc -I/tmp/dreamlooper-signed-build/Build/Intermediates.noindex/Dream\ Again.build/Release-iphoneos/Dream\ Again.build/DerivedSources -emit-objc-header -emit-objc-header-path /tmp/dreamlooper-signed-build/Build/Intermediates.noindex/Dream\ Again.build/Release-iphoneos/Dream\ Again.build/Objects-normal/arm64/DreamAgain-Swift.h -working-directory /Users/shiv/Projects/iphone/Dream\ Again -no-emit-module-separately-wmo

SwiftExplicitDependencyGeneratePcm arm64 /tmp/dreamlooper-signed-build/ModuleCache.noindex/_StoreKit_SwiftUI-E53CA8T6WRNMXSBBA2N5PWIA9.pcm

SwiftExplicitDependencyGeneratePcm arm64 /tmp/dreamlooper-signed-build/ModuleCache.noindex/ptrcheck-30CTVUCJN4I3P1RX4F9IFCTEM.pcm

SwiftExplicitDependencyGeneratePcm arm64 /tmp/dreamlooper-signed-build/ModuleCache.noindex/SwiftShims-34V36PH27QNIOFV0CTLEN8WXN.pcm

SwiftExplicitDependencyGeneratePcm arm64 /tmp/dreamlooper-signed-build/ModuleCache.noindex/_Builtin_float-2IBVMKR5OXBWML3PG24Q21N5M.pcm

SwiftExplicitDependencyGeneratePcm arm64 /tmp/dreamlooper-signed-build/ModuleCache.noindex/_AvailabilityInternal-1CRP2GKJIBK1SN7YUPFD75SEA.pcm

SwiftExplicitDependencyGeneratePcm arm64 /tmp/dreamlooper-signed-build/ModuleCache.noindex/_Builtin_stddef-2BZ1WRSJZMOA2DJ8S4E87Z58A.pcm

SwiftExplicitDependencyGeneratePcm arm64 /tmp/dreamlooper-signed-build/ModuleCache.noindex/_Builtin_stdarg-C3AWSUATOFVDMYWC7J1D2M4J8.pcm

SwiftExplicitDependencyGeneratePcm arm64 /tmp/dreamlooper-signed-build/ModuleCache.noindex/_SwiftConcurrencyShims-WBJVSJ7U0YN87R7PNGKTH4PR.pcm

SwiftExplicitDependencyGeneratePcm arm64 /tmp/dreamlooper-signed-build/ModuleCache.noindex/GroupActivities-60R6VJ200F6IA9KZPG1J7F0EW.pcm

SwiftExplicitDependencyGeneratePcm arm64 /tmp/dreamlooper-signed-build/ModuleCache.noindex/ptrauth-5YMDC5EYNQ7YPAV7MA8MCTO6R.pcm

SwiftExplicitDependencyGeneratePcm arm64 /tmp/dreamlooper-signed-build/ModuleCache.noindex/DeveloperToolsSupport-7ESA3GE0BL08YI1598HWSGNLE.pcm

SwiftExplicitDependencyGeneratePcm arm64 /tmp/dreamlooper-signed-build/ModuleCache.noindex/_Builtin_stdbool-CCA46922UIEITV9880IV02HH5.pcm

SwiftExplicitDependencyGeneratePcm arm64 /tmp/dreamlooper-signed-build/ModuleCache.noindex/_DarwinFoundation1-D3HJNF5GFOVVA9107MVSJ1C4M.pcm

SwiftExplicitDependencyGeneratePcm arm64 /tmp/dreamlooper-signed-build/ModuleCache.noindex/_Builtin_limits-4MASX87A5SL4MOFSXUHUFQAYX.pcm

SwiftExplicitDependencyGeneratePcm arm64 /tmp/dreamlooper-signed-build/ModuleCache.noindex/ExtensionFoundation-19IF10MDIWNR662PVYIIDGVHT.pcm

SwiftExplicitDependencyGeneratePcm arm64 /tmp/dreamlooper-signed-build/ModuleCache.noindex/_DarwinFoundation2-99OAX5NJPDZ02ELHJ8ZM8EKF4.pcm

SwiftExplicitDependencyGeneratePcm arm64 /tmp/dreamlooper-signed-build/ModuleCache.noindex/sys_types-AJW591X524NJWU9HM9QA3Y9YA.pcm

SwiftExplicitDependencyGeneratePcm arm64 /tmp/dreamlooper-signed-build/ModuleCache.noindex/_Builtin_tgmath-9ZFPB3FJ7ACQEO67Z1B5EQV4Y.pcm

SwiftExplicitDependencyGeneratePcm arm64 /tmp/dreamlooper-signed-build/ModuleCache.noindex/_Builtin_stdint-9714RPQZ5YV18756KQTMCYLAW.pcm

SwiftExplicitDependencyGeneratePcm arm64 /tmp/dreamlooper-signed-build/ModuleCache.noindex/_Builtin_stdatomic-EXYXIGL0F7TM7WCO40GD59WRX.pcm

SwiftExplicitDependencyGeneratePcm arm64 /tmp/dreamlooper-signed-build/ModuleCache.noindex/_Builtin_intrinsics-521XAPFUINXL1ZCI1GPY9VXVU.pcm

SwiftExplicitDependencyGeneratePcm arm64 /tmp/dreamlooper-signed-build/ModuleCache.noindex/_DarwinFoundation3-59T95MCXMIPQ957NTXQ0K3AVV.pcm

SwiftExplicitDependencyGeneratePcm arm64 /tmp/dreamlooper-signed-build/ModuleCache.noindex/_Builtin_inttypes-7HZ4WAYMXC28N5RB2OSF8JSZM.pcm

SwiftExplicitDependencyGeneratePcm arm64 /tmp/dreamlooper-signed-build/ModuleCache.noindex/Darwin-3MP68PQ6BXD0U1P5ZHZQ0FVHG.pcm

SwiftExplicitDependencyGeneratePcm arm64 /tmp/dreamlooper-signed-build/ModuleCache.noindex/simd-946TPJP2EPVNESPCZ3C61F0SI.pcm

SwiftExplicitDependencyGeneratePcm arm64 /tmp/dreamlooper-signed-build/ModuleCache.noindex/ObjectiveC-CURGNBDRPGK3AZ9PG7AUN0TJ9.pcm

SwiftExplicitDependencyGeneratePcm arm64 /tmp/dreamlooper-signed-build/ModuleCache.noindex/MachO-5W1SWDAQJFE3WTWA9R1O98JLU.pcm

SwiftExplicitDependencyGeneratePcm arm64 /tmp/dreamlooper-signed-build/ModuleCache.noindex/os_object-2E46ZYZTWIKJTF0AZQFGWITDR.pcm

SwiftExplicitDependencyGeneratePcm arm64 /tmp/dreamlooper-signed-build/ModuleCache.noindex/os_workgroup-C4IHS7I4IISTY2YWSUF1ZTJOI.pcm

SwiftExplicitDependencyGeneratePcm arm64 /tmp/dreamlooper-signed-build/ModuleCache.noindex/Spatial-69O7V3P78HBQUT2F59DPNV1B0.pcm

SwiftExplicitDependencyGeneratePcm arm64 /tmp/dreamlooper-signed-build/ModuleCache.noindex/Dispatch-8BUMXVYBAAGQRSCCX9YXZA3DI.pcm

SwiftExplicitDependencyGeneratePcm arm64 /tmp/dreamlooper-signed-build/ModuleCache.noindex/XPC-2MUKGNP9IGOKKA7YX9HB55HO9.pcm

SwiftExplicitDependencyGeneratePcm arm64 /tmp/dreamlooper-signed-build/ModuleCache.noindex/dnssd-BWJ1VCMZ3SM1UW4LW9H9D740F.pcm

SwiftExplicitDependencyGeneratePcm arm64 /tmp/dreamlooper-signed-build/ModuleCache.noindex/CoreFoundation-EX38Y6YF294INIRCD3R0HVSHC.pcm

SwiftExplicitDependencyGeneratePcm arm64 /tmp/dreamlooper-signed-build/ModuleCache.noindex/os-8AMHYI1B7006CQTW0V505YS45.pcm

SwiftExplicitDependencyGeneratePcm arm64 /tmp/dreamlooper-signed-build/ModuleCache.noindex/Security-DL9LC8ZADQNCO4259NS0MIXOU.pcm

SwiftExplicitDependencyGeneratePcm arm64 /tmp/dreamlooper-signed-build/ModuleCache.noindex/CoreAudioTypes-19MBZ203BUOKE3JULDRB3KFEP.pcm

SwiftExplicitDependencyGeneratePcm arm64 /tmp/dreamlooper-signed-build/ModuleCache.noindex/CoreGraphics-HL79Q1DGHA4KK8ZII4KULZX9.pcm

SwiftExplicitDependencyGeneratePcm arm64 /tmp/dreamlooper-signed-build/ModuleCache.noindex/CFNetwork-EUF1FPWNJ62PS3G6NRYXYDJIU.pcm

SwiftExplicitDependencyGeneratePcm arm64 /tmp/dreamlooper-signed-build/ModuleCache.noindex/CoreServices-6SK8LJN4NNYCINAGOI6JBJIKO.pcm

SwiftExplicitDependencyGeneratePcm arm64 /tmp/dreamlooper-signed-build/ModuleCache.noindex/CoreAudio-CWCZM6SPMAUJAKIVQQB4DJP4Y.pcm

SwiftExplicitDependencyGeneratePcm arm64 /tmp/dreamlooper-signed-build/ModuleCache.noindex/Foundation-73MKW77EIN2ZQEVDYAXWMPBAU.pcm

SwiftExplicitDependencyGeneratePcm arm64 /tmp/dreamlooper-signed-build/ModuleCache.noindex/ImageIO-9YYPDSPDXU6O6OVRFJVPSOPYZ.pcm

SwiftExplicitDependencyGeneratePcm arm64 /tmp/dreamlooper-signed-build/ModuleCache.noindex/CoreText-BE4NN5TJAHDT11GE24AYMWNZR.pcm

SwiftExplicitDependencyGeneratePcm arm64 /tmp/dreamlooper-signed-build/ModuleCache.noindex/Symbols-39RYPIWNRCG3FRZ9GG1LDB2TX.pcm

SwiftExplicitDependencyGeneratePcm arm64 /tmp/dreamlooper-signed-build/ModuleCache.noindex/_LocationEssentials-8R0YV90ZU8R2R7TRU19SBPTNW.pcm

SwiftExplicitDependencyGeneratePcm arm64 /tmp/dreamlooper-signed-build/ModuleCache.noindex/BackgroundAssets-4H45OXANZLG61JYNU1SR7CLDY.pcm

SwiftExplicitDependencyGeneratePcm arm64 /tmp/dreamlooper-signed-build/ModuleCache.noindex/CoreHaptics-4AX0H7EPLROGUG55CP7KVRBRS.pcm

SwiftExplicitDependencyGeneratePcm arm64 /tmp/dreamlooper-signed-build/ModuleCache.noindex/Network-6OLL6HFXG0TW8KYLQAY2NRQJF.pcm

SwiftExplicitDependencyGeneratePcm arm64 /tmp/dreamlooper-signed-build/ModuleCache.noindex/OSLog-DO7O2I352B92BANY48ZOXZOND.pcm

SwiftExplicitDependencyGeneratePcm arm64 /tmp/dreamlooper-signed-build/ModuleCache.noindex/UniformTypeIdentifiers-5070VDOLIEB1COVRBCX3AQNDJ.pcm

SwiftExplicitDependencyGeneratePcm arm64 /tmp/dreamlooper-signed-build/ModuleCache.noindex/UserNotifications-78BKASAARF5RC5I7WV65ZS3ZC.pcm

SwiftExplicitDependencyGeneratePcm arm64 /tmp/dreamlooper-signed-build/ModuleCache.noindex/ModelIO-51JA0FM0IQPUK77CBQCB9H10O.pcm

SwiftExplicitDependencyGeneratePcm arm64 /tmp/dreamlooper-signed-build/ModuleCache.noindex/CoreData-CKD67YKMG8ASAKR1QJSGNM7IP.pcm

SwiftExplicitDependencyGeneratePcm arm64 /tmp/dreamlooper-signed-build/ModuleCache.noindex/CoreLocation-3CESNYOHAIT31SIPMIKV124S6.pcm

SwiftExplicitDependencyGeneratePcm arm64 /tmp/dreamlooper-signed-build/ModuleCache.noindex/Accessibility-CWUSPZO7Y2TB2QY9WNHQJRD8C.pcm

SwiftExplicitDependencyGeneratePcm arm64 /tmp/dreamlooper-signed-build/ModuleCache.noindex/CoreMIDI-8U88RUXMG11J2AB4DGAI5DWV4.pcm

SwiftExplicitDependencyGeneratePcm arm64 /tmp/dreamlooper-signed-build/ModuleCache.noindex/FileProvider-7LDV779U5B2V4FPACREH8VWHK.pcm

SwiftExplicitDependencyGeneratePcm arm64 /tmp/dreamlooper-signed-build/ModuleCache.noindex/LocalAuthentication-75OD2J4TJ08ULHH0R5YY25783.pcm

SwiftExplicitDependencyGeneratePcm arm64 /tmp/dreamlooper-signed-build/ModuleCache.noindex/CoreTransferable-DF0OPMOH82K1MW2AO1W945Y2V.pcm

SwiftExplicitDependencyGeneratePcm arm64 /tmp/dreamlooper-signed-build/ModuleCache.noindex/AVRouting-DKIDKLEB16YNZ1STK25ZULV6S.pcm

SwiftExplicitDependencyGeneratePcm arm64 /tmp/dreamlooper-signed-build/ModuleCache.noindex/Contacts-4TCIZM5TEO6M77G0NZ2GVO8GI.pcm

SwiftExplicitDependencyGeneratePcm arm64 /tmp/dreamlooper-signed-build/ModuleCache.noindex/CoreMotion-CIX68GQ40INZHB6R3IZ7OLODC.pcm

SwiftExplicitDependencyGeneratePcm arm64 /tmp/dreamlooper-signed-build/ModuleCache.noindex/CloudKit-7QHCHW3CFSY73G5WSUJKP04WI.pcm

SwiftExplicitDependencyGeneratePcm arm64 /tmp/dreamlooper-signed-build/ModuleCache.noindex/DataDetection-21KGYH19F8PRLBO91HDZ6SZ3D.pcm

SwiftExplicitDependencyGeneratePcm arm64 /tmp/dreamlooper-signed-build/ModuleCache.noindex/IOSurface-A9GZ65N5STRXCODW7A9QOYJPP.pcm

SwiftExplicitDependencyGeneratePcm arm64 /tmp/dreamlooper-signed-build/ModuleCache.noindex/UIUtilities-C74JS1NR1Y0MNUEBJUKMV7X7T.pcm

SwiftExplicitDependencyGeneratePcm arm64 /tmp/dreamlooper-signed-build/ModuleCache.noindex/AudioToolbox-DM7CULHFVNA0R7KCMRGIXFE4P.pcm

SwiftExplicitDependencyGeneratePcm arm64 /tmp/dreamlooper-signed-build/ModuleCache.noindex/OpenGLES-6KOGPEH6WUIGGF9ENOAOGA74U.pcm

SwiftExplicitDependencyGeneratePcm arm64 /tmp/dreamlooper-signed-build/ModuleCache.noindex/Metal-9JFA4IJBHUKLUNBF717WK5UH3.pcm

SwiftExplicitDependencyGeneratePcm arm64 /tmp/dreamlooper-signed-build/ModuleCache.noindex/CoreVideo-ES8ZV5C86YCIZR5L3DP9W3BWK.pcm

SwiftExplicitDependencyGeneratePcm arm64 /tmp/dreamlooper-signed-build/ModuleCache.noindex/CoreImage-84I06HYD4S43I655LWQ88OXO3.pcm

SwiftExplicitDependencyGeneratePcm arm64 /tmp/dreamlooper-signed-build/ModuleCache.noindex/CoreML-65W75MLL7E9YI66L47USGSPLW.pcm

SwiftExplicitDependencyGeneratePcm arm64 /tmp/dreamlooper-signed-build/ModuleCache.noindex/Accelerate-7M7G0XIQ3W866X3X59B8213F9.pcm

SwiftExplicitDependencyGeneratePcm arm64 /tmp/dreamlooper-signed-build/ModuleCache.noindex/CoreMedia-3Y4MU2Q0KWL2ABJOPRJB1F2Q0.pcm

SwiftExplicitDependencyGeneratePcm arm64 /tmp/dreamlooper-signed-build/ModuleCache.noindex/QuartzCore-5W6TSRSBAH1C1S7GMMOZFIRC9.pcm

SwiftExplicitDependencyGeneratePcm arm64 /tmp/dreamlooper-signed-build/ModuleCache.noindex/SwiftUICore-7G1WVSEYKB0S805JKIF0R453I.pcm

SwiftExplicitDependencyGeneratePcm arm64 /tmp/dreamlooper-signed-build/ModuleCache.noindex/UIKit-BAY6TDZIL652JIPG3CB6UHJBZ.pcm

SwiftExplicitDependencyGeneratePcm arm64 /tmp/dreamlooper-signed-build/ModuleCache.noindex/Vision-AJUBCE01SW0MQ3LQYL3VC5JDH.pcm

SwiftExplicitDependencyGeneratePcm arm64 /tmp/dreamlooper-signed-build/ModuleCache.noindex/AVFAudio-CES04HW5KM4GT9PQ2YMY4KJ2C.pcm

SwiftExplicitDependencyGeneratePcm arm64 /tmp/dreamlooper-signed-build/ModuleCache.noindex/MediaToolbox-2AB2GL85X8URBWZKMR816BMNC.pcm

SwiftExplicitDependencyGeneratePcm arm64 /tmp/dreamlooper-signed-build/ModuleCache.noindex/AVFoundation-3V6653VX8CARVE6GPPMRH1A5L.pcm

SwiftExplicitDependencyGeneratePcm arm64 /tmp/dreamlooper-signed-build/ModuleCache.noindex/ReplayKit-9FNLXQVPE7LL1C93YXGQVXAKN.pcm

SwiftExplicitDependencyGeneratePcm arm64 /tmp/dreamlooper-signed-build/ModuleCache.noindex/GLKit-AG30YRM3YA0S3QSAD4KZHQFI1.pcm

SwiftExplicitDependencyGeneratePcm arm64 /tmp/dreamlooper-signed-build/ModuleCache.noindex/MetalKit-A65WU8WWX0VC55MMW76TW3GR3.pcm

SwiftExplicitDependencyGeneratePcm arm64 /tmp/dreamlooper-signed-build/ModuleCache.noindex/GameController-5BCFXE1PFIRZ026UYL1EZIH7S.pcm

SwiftExplicitDependencyGeneratePcm arm64 /tmp/dreamlooper-signed-build/ModuleCache.noindex/StoreKit-30JUUFXZ2UNVJWMS97SOX3GPI.pcm

SwiftExplicitDependencyGeneratePcm arm64 /tmp/dreamlooper-signed-build/ModuleCache.noindex/SwiftUI-8ADWQ1N8UZGL5ZUNL4OAGC8YX.pcm

SwiftExplicitDependencyGeneratePcm arm64 /tmp/dreamlooper-signed-build/ModuleCache.noindex/MultipeerConnectivity-4OZMD0M4BIPVRSEGDFZDD1A42.pcm

SwiftExplicitDependencyGeneratePcm arm64 /tmp/dreamlooper-signed-build/ModuleCache.noindex/SpriteKit-9JZNWG3I5LPQU91L9NGEL1012.pcm

SwiftExplicitDependencyGeneratePcm arm64 /tmp/dreamlooper-signed-build/ModuleCache.noindex/SceneKit-AVGIP3SL4KPNNSUL7YRCP4MF9.pcm

SwiftExplicitDependencyGeneratePcm arm64 /tmp/dreamlooper-signed-build/ModuleCache.noindex/ARKit-2OXZ3NGJCXMHQAEXWSNI169J6.pcm

SwiftExplicitDependencyGeneratePcm arm64 /tmp/dreamlooper-signed-build/ModuleCache.noindex/GameplayKit-1IPKOB43L9DZKCTJ0ZP0T3G3L.pcm

SwiftExplicitDependencyGeneratePcm arm64 /tmp/dreamlooper-signed-build/ModuleCache.noindex/GameKit-1AA3W1A219BS89N110V7VY6RE.pcm

SwiftCompile normal arm64 Compiling\ BalloonMotion.swift,\ Certification.swift,\ Determinism.swift,\ Difficulty.swift,\ DreamAtmosphere.swift,\ DreamCollageKit.swift,\ DreamPilotKit.swift,\ DreamPlateLibrary.swift,\ DreamRepresentations.swift,\ DreamScaleComposition.swift,\ DreamSoundscape.swift,\ DreamTransitionCadence.swift,\ DreamVignettes.swift,\ Persistence.swift,\ Rules.swift,\ RunnerSwipe.swift,\ Simulation.swift,\ TrackArt.swift,\ TrackTranslucency.swift,\ World.swift,\ BalloonPopEffects.swift,\ DistantPathRenderer.swift,\ DreamArtDirection.swift,\ DreamMaterials.swift,\ DreamObstacles.swift,\ DreamRenderer.swift,\ FittedHats.swift,\ Geometry.swift,\ HybridDreamLayers.swift,\ PaletteEvolution.swift,\ SculptedGeometry.swift,\ SoccerPanels.swift,\ StormVFX.swift,\ StrawDoll.swift,\ StrawRepairVisuals.swift,\ ToyZebra.swift,\ Commerce.swift,\ DeviceServices.swift,\ DreamAudio.swift,\ GameModel.swift,\ OptionalGoogleAds.swift,\ PlatformIntegrations.swift,\ BalloonCounter.swift,\ ContentView.swift,\ Dream_AgainApp.swift,\ GeneratedAssetSymbols.swift /Users/shiv/Projects/iphone/Dream\ Again/Dream\ Again/Core/BalloonMotion.swift /Users/shiv/Projects/iphone/Dream\ Again/Dream\ Again/Core/Certification.swift /Users/shiv/Projects/iphone/Dream\ Again/Dream\ Again/Core/Determinism.swift /Users/shiv/Projects/iphone/Dream\ Again/Dream\ Again/Core/Difficulty.swift /Users/shiv/Projects/iphone/Dream\ Again/Dream\ Again/Core/DreamAtmosphere.swift /Users/shiv/Projects/iphone/Dream\ Again/Dream\ Again/Core/DreamCollageKit.swift /Users/shiv/Projects/iphone/Dream\ Again/Dream\ Again/Core/DreamPilotKit.swift /Users/shiv/Projects/iphone/Dream\ Again/Dream\ Again/Core/DreamPlateLibrary.swift /Users/shiv/Projects/iphone/Dream\ Again/Dream\ Again/Core/DreamRepresentations.swift /Users/shiv/Projects/iphone/Dream\ Again/Dream\ Again/Core/DreamScaleComposition.swift /Users/shiv/Projects/iphone/Dream\ Again/Dream\ Again/Core/DreamSoundscape.swift /Users/shiv/Projects/iphone/Dream\ Again/Dream\ Again/Core/DreamTransitionCadence.swift /Users/shiv/Projects/iphone/Dream\ Again/Dream\ Again/Core/DreamVignettes.swift /Users/shiv/Projects/iphone/Dream\ Again/Dream\ Again/Core/Persistence.swift /Users/shiv/Projects/iphone/Dream\ Again/Dream\ Again/Core/Rules.swift /Users/shiv/Projects/iphone/Dream\ Again/Dream\ Again/Core/RunnerSwipe.swift /Users/shiv/Projects/iphone/Dream\ Again/Dream\ Again/Core/Simulation.swift /Users/shiv/Projects/iphone/Dream\ Again/Dream\ Again/Core/TrackArt.swift /Users/shiv/Projects/iphone/Dream\ Again/Dream\ Again/Core/TrackTranslucency.swift /Users/shiv/Projects/iphone/Dream\ Again/Dream\ Again/Core/World.swift /Users/shiv/Projects/iphone/Dream\ Again/Dream\ Again/Rendering/BalloonPopEffects.swift /Users/shiv/Projects/iphone/Dream\ Again/Dream\ Again/Rendering/DistantPathRenderer.swift /Users/shiv/Projects/iphone/Dream\ Again/Dream\ Again/Rendering/DreamArtDirection.swift /Users/shiv/Projects/iphone/Dream\ Again/Dream\ Again/Rendering/DreamMaterials.swift /Users/shiv/Projects/iphone/Dream\ Again/Dream\ Again/Rendering/DreamObstacles.swift /Users/shiv/Projects/iphone/Dream\ Again/Dream\ Again/Rendering/DreamRenderer.swift /Users/shiv/Projects/iphone/Dream\ Again/Dream\ Again/Rendering/FittedHats.swift /Users/shiv/Projects/iphone/Dream\ Again/Dream\ Again/Rendering/Geometry.swift /Users/shiv/Projects/iphone/Dream\ Again/Dream\ Again/Rendering/HybridDreamLayers.swift /Users/shiv/Projects/iphone/Dream\ Again/Dream\ Again/Rendering/PaletteEvolution.swift /Users/shiv/Projects/iphone/Dream\ Again/Dream\ Again/Rendering/SculptedGeometry.swift /Users/shiv/Projects/iphone/Dream\ Again/Dream\ Again/Rendering/SoccerPanels.swift /Users/shiv/Projects/iphone/Dream\ Again/Dream\ Again/Rendering/StormVFX.swift /Users/shiv/Projects/iphone/Dream\ Again/Dream\ Again/Rendering/StrawDoll.swift /Users/shiv/Projects/iphone/Dream\ Again/Dream\ Again/Rendering/StrawRepairVisuals.swift /Users/shiv/Projects/iphone/Dream\ Again/Dream\ Again/Rendering/ToyZebra.swift /Users/shiv/Projects/iphone/Dream\ Again/Dream\ Again/Services/Commerce.swift /Users/shiv/Projects/iphone/Dream\ Again/Dream\ Again/Services/DeviceServices.swift /Users/shiv/Projects/iphone/Dream\ Again/Dream\ Again/Services/DreamAudio.swift /Users/shiv/Projects/iphone/Dream\ Again/Dream\ Again/Services/GameModel.swift /Users/shiv/Projects/iphone/Dream\ Again/Dream\ Again/Services/OptionalGoogleAds.swift /Users/shiv/Projects/iphone/Dream\ Again/Dream\ Again/Services/PlatformIntegrations.swift /Users/shiv/Projects/iphone/Dream\ Again/Dream\ Again/BalloonCounter.swift /Users/shiv/Projects/iphone/Dream\ Again/Dream\ Again/ContentView.swift /Users/shiv/Projects/iphone/Dream\ Again/Dream\ Again/Dream_AgainApp.swift /tmp/dreamlooper-signed-build/Build/Intermediates.noindex/Dream\ Again.build/Release-iphoneos/Dream\ Again.build/DerivedSources/GeneratedAssetSymbols.swift /Applications/Xcode.app/Contents/Developer/Toolchains/XcodeDefault.xctoolchain/usr/lib/swift/iphoneos/prebuilt-modules/26.5/Symbols.swiftmodule/arm64e-apple-ios.swiftmodule /Applications/Xcode.app/Contents/Developer/Toolchains/XcodeDefault.xctoolchain/usr/lib/swift/iphoneos/prebuilt-modules/26.5/SwiftUICore.swiftmodule/arm64e-apple-ios.swiftmodule /Applications/Xcode.app/Contents/Developer/Toolchains/XcodeDefault.xctoolchain/usr/lib/swift/iphoneos/prebuilt-modules/26.5/GameController.swiftmodule/arm64e-apple-ios.swiftmodule /Applications/Xcode.app/Contents/Developer/Toolchains/XcodeDefault.xctoolchain/usr/lib/swift/iphoneos/prebuilt-modules/26.5/_Builtin_float.swiftmodule/arm64e-apple-ios.swiftmodule /Applications/Xcode.app/Contents/Developer/Toolchains/XcodeDefault.xctoolchain/usr/lib/swift/iphoneos/prebuilt-modules/26.5/os.swiftmodule/arm64e-apple-ios.swiftmodule /Applications/Xcode.app/Contents/Developer/Toolchains/XcodeDefault.xctoolchain/usr/lib/swift/iphoneos/prebuilt-modules/26.5/CryptoKit.swiftmodule/arm64e-apple-ios.swiftmodule /Applications/Xcode.app/Contents/Developer/Toolchains/XcodeDefault.xctoolchain/usr/lib/swift/iphoneos/prebuilt-modules/26.5/QuartzCore.swiftmodule/arm64e-apple-ios.swiftmodule /Applications/Xcode.app/Contents/Developer/Toolchains/XcodeDefault.xctoolchain/usr/lib/swift/iphoneos/prebuilt-modules/26.5/CoreData.swiftmodule/arm64e-apple-ios.swiftmodule /Applications/Xcode.app/Contents/Developer/Toolchains/XcodeDefault.xctoolchain/usr/lib/swift/iphoneos/prebuilt-modules/26.5/LightweightCodeRequirements.swiftmodule/arm64e-apple-ios.swiftmodule /Applications/Xcode.app/Contents/Developer/Toolchains/XcodeDefault.xctoolchain/usr/lib/swift/iphoneos/prebuilt-modules/26.5/System.swiftmodule/arm64e-apple-ios.swiftmodule /Applications/Xcode.app/Contents/Developer/Toolchains/XcodeDefault.xctoolchain/usr/lib/swift/iphoneos/prebuilt-modules/26.5/SceneKit.swiftmodule/arm64e-apple-ios.swiftmodule /Applications/Xcode.app/Contents/Developer/Toolchains/XcodeDefault.xctoolchain/usr/lib/swift/iphoneos/prebuilt-modules/26.5/AudioToolbox.swiftmodule/arm64e-apple-ios.swiftmodule /Applications/Xcode.app/Contents/Developer/Toolchains/XcodeDefault.xctoolchain/usr/lib/swift/iphoneos/prebuilt-modules/26.5/AVFoundation.swiftmodule/arm64e-apple-ios.swiftmodule /Applications/Xcode.app/Contents/Developer/Toolchains/XcodeDefault.xctoolchain/usr/lib/swift/iphoneos/prebuilt-modules/26.5/MetalKit.swiftmodule/arm64e-apple-ios.swiftmodule /Applications/Xcode.app/Contents/Developer/Toolchains/XcodeDefault.xctoolchain/usr/lib/swift/iphoneos/prebuilt-modules/26.5/LocalAuthentication.swiftmodule/arm64e-apple-ios.swiftmodule /Applications/Xcode.app/Contents/Developer/Toolchains/XcodeDefault.xctoolchain/usr/lib/swift/iphoneos/prebuilt-modules/26.5/Vision.swiftmodule/arm64e-apple-ios.swiftmodule /Applications/Xcode.app/Contents/Developer/Toolchains/XcodeDefault.xctoolchain/usr/lib/swift/iphoneos/prebuilt-modules/26.5/CoreImage.swiftmodule/arm64e-apple-ios.swiftmodule /Applications/Xcode.app/Contents/Developer/Toolchains/XcodeDefault.xctoolchain/usr/lib/swift/iphoneos/prebuilt-modules/26.5/CoreTransferable.swiftmodule/arm64e-apple-ios.swiftmodule /Applications/Xcode.app/Contents/Developer/Toolchains/XcodeDefault.xctoolchain/usr/lib/swift/iphoneos/prebuilt-modules/26.5/StoreKit.swiftmodule/arm64e-apple-ios.swiftmodule /Applications/Xcode.app/Contents/Developer/Toolchains/XcodeDefault.xctoolchain/usr/lib/swift/iphoneos/prebuilt-modules/26.5/Combine.swiftmodule/arm64e-apple-ios.swiftmodule /Applications/Xcode.app/Contents/Developer/Toolchains/XcodeDefault.xctoolchain/usr/lib/swift/iphoneos/prebuilt-modules/26.5/Darwin.swiftmodule/arm64e-apple-ios.swiftmodule /Applications/Xcode.app/Contents/Developer/Toolchains/XcodeDefault.xctoolchain/usr/lib/swift/iphoneos/prebuilt-modules/26.5/CoreVideo.swiftmodule/arm64e-apple-ios.swiftmodule /Applications/Xcode.app/Contents/Developer/Toolchains/XcodeDefault.xctoolchain/usr/lib/swift/iphoneos/prebuilt-modules/26.5/Synchronization.swiftmodule/arm64e-apple-ios.swiftmodule /Applications/Xcode.app/Contents/Developer/Toolchains/XcodeDefault.xctoolchain/usr/lib/swift/iphoneos/prebuilt-modules/26.5/_DarwinFoundation1.swiftmodule/arm64e-apple-ios.swiftmodule /Applications/Xcode.app/Contents/Developer/Toolchains/XcodeDefault.xctoolchain/usr/lib/swift/iphoneos/prebuilt-modules/26.5/RealityFoundation.swiftmodule/arm64e-apple-ios.swiftmodule /Applications/Xcode.app/Contents/Developer/Toolchains/XcodeDefault.xctoolchain/usr/lib/swift/iphoneos/prebuilt-modules/26.5/SwiftUI.swiftmodule/arm64e-apple-ios.swiftmodule /Applications/Xcode.app/Contents/Developer/Toolchains/XcodeDefault.xctoolchain/usr/lib/swift/iphoneos/prebuilt-modules/26.5/DataDetection.swiftmodule/arm64e-apple-ios.swiftmodule /Applications/Xcode.app/Contents/Developer/Toolchains/XcodeDefault.xctoolchain/usr/lib/swift/iphoneos/prebuilt-modules/26.5/CoreGraphics.swiftmodule/arm64e-apple-ios.swiftmodule /Applications/Xcode.app/Contents/Developer/Toolchains/XcodeDefault.xctoolchain/usr/lib/swift/iphoneos/prebuilt-modules/26.5/_DarwinFoundation3.swiftmodule/arm64e-apple-ios.swiftmodule /Applications/Xcode.app/Contents/Developer/Toolchains/XcodeDefault.xctoolchain/usr/lib/swift/iphoneos/prebuilt-modules/26.5/RealityKit.swiftmodule/arm64e-apple-ios.swiftmodule /Applications/Xcode.app/Contents/Developer/Toolchains/XcodeDefault.xctoolchain/usr/lib/swift/iphoneos/prebuilt-modules/26.5/GLKit.swiftmodule/arm64e-apple-ios.swiftmodule /Applications/Xcode.app/Contents/Developer/Toolchains/XcodeDefault.xctoolchain/usr/lib/swift/iphoneos/prebuilt-modules/26.5/CoreMIDI.swiftmodule/arm64e-apple-ios.swiftmodule /Applications/Xcode.app/Contents/Developer/Toolchains/XcodeDefault.xctoolchain/usr/lib/swift/iphoneos/prebuilt-modules/26.5/GroupActivities.swiftmodule/arm64e-apple-ios.swiftmodule /Applications/Xcode.app/Contents/Developer/Toolchains/XcodeDefault.xctoolchain/usr/lib/swift/iphoneos/prebuilt-modules/26.5/UniformTypeIdentifiers.swiftmodule/arm64e-apple-ios.swiftmodule /Applications/Xcode.app/Contents/Developer/Toolchains/XcodeDefault.xctoolchain/usr/lib/swift/iphoneos/prebuilt-modules/26.5/_StringProcessing.swiftmodule/arm64e-apple-ios.swiftmodule /Applications/Xcode.app/Contents/Developer/Toolchains/XcodeDefault.xctoolchain/usr/lib/swift/iphoneos/prebuilt-modules/26.5/CoreMedia.swiftmodule/arm64e-apple-ios.swiftmodule /Applications/Xcode.app/Contents/Developer/Toolchains/XcodeDefault.xctoolchain/usr/lib/swift/iphoneos/prebuilt-modules/26.5/CoreAudio.swiftmodule/arm64e-apple-ios.swiftmodule /Applications/Xcode.app/Contents/Developer/Toolchains/XcodeDefault.xctoolchain/usr/lib/swift/iphoneos/prebuilt-modules/26.5/XPC.swiftmodule/arm64e-apple-ios.swiftmodule /Applications/Xcode.app/Contents/Developer/Toolchains/XcodeDefault.xctoolchain/usr/lib/swift/iphoneos/prebuilt-modules/26.5/CoreMotion.swiftmodule/arm64e-apple-ios.swiftmodule /Applications/Xcode.app/Contents/Developer/Toolchains/XcodeDefault.xctoolchain/usr/lib/swift/iphoneos/prebuilt-modules/26.5/ModelIO.swiftmodule/arm64e-apple-ios.swiftmodule /Applications/Xcode.app/Contents/Developer/Toolchains/XcodeDefault.xctoolchain/usr/lib/swift/iphoneos/prebuilt-modules/26.5/SpriteKit.swiftmodule/arm64e-apple-ios.swiftmodule /Applications/Xcode.app/Contents/Developer/Toolchains/XcodeDefault.xctoolchain/usr/lib/swift/iphoneos/prebuilt-modules/26.5/_StoreKit_SwiftUI.swiftmodule/arm64e-apple-ios.swiftmodule /Applications/Xcode.app/Contents/Developer/Toolchains/XcodeDefault.xctoolchain/usr/lib/swift/iphoneos/prebuilt-modules/26.5/Swift.swiftmodule/arm64e-apple-ios.swiftmodule /Applications/Xcode.app/Contents/Developer/Toolchains/XcodeDefault.xctoolchain/usr/lib/swift/iphoneos/prebuilt-modules/26.5/GameplayKit.swiftmodule/arm64e-apple-ios.swiftmodule /Applications/Xcode.app/Contents/Developer/Toolchains/XcodeDefault.xctoolchain/usr/lib/swift/iphoneos/prebuilt-modules/26.5/BackgroundAssets.swiftmodule/arm64e-apple-ios.swiftmodule /Applications/Xcode.app/Contents/Developer/Toolchains/XcodeDefault.xctoolchain/usr/lib/swift/iphoneos/prebuilt-modules/26.5/Metal.swiftmodule/arm64e-apple-ios.swiftmodule /Applications/Xcode.app/Contents/Developer/Toolchains/XcodeDefault.xctoolchain/usr/lib/swift/iphoneos/prebuilt-modules/26.5/_DarwinFoundation2.swiftmodule/arm64e-apple-ios.swiftmodule /Applications/Xcode.app/Contents/Developer/Toolchains/XcodeDefault.xctoolchain/usr/lib/swift/iphoneos/prebuilt-modules/26.5/Network.swiftmodule/arm64e-apple-ios.swiftmodule /Applications/Xcode.app/Contents/Developer/Toolchains/XcodeDefault.xctoolchain/usr/lib/swift/iphoneos/prebuilt-modules/26.5/DeveloperToolsSupport.swiftmodule/arm64e-apple-ios.swiftmodule /Applications/Xcode.app/Contents/Developer/Toolchains/XcodeDefault.xctoolchain/usr/lib/swift/iphoneos/prebuilt-modules/26.5/Distributed.swiftmodule/arm64e-apple-ios.swiftmodule /Applications/Xcode.app/Contents/Developer/Toolchains/XcodeDefault.xctoolchain/usr/lib/swift/iphoneos/prebuilt-modules/26.5/Foundation.swiftmodule/arm64e-apple-ios.swiftmodule /Applications/Xcode.app/Contents/Developer/Toolchains/XcodeDefault.xctoolchain/usr/lib/swift/iphoneos/prebuilt-modules/26.5/FileProvider.swiftmodule/arm64e-apple-ios.swiftmodule /Applications/Xcode.app/Contents/Developer/Toolchains/XcodeDefault.xctoolchain/usr/lib/swift/iphoneos/prebuilt-modules/26.5/CoreText.swiftmodule/arm64e-apple-ios.swiftmodule /Applications/Xcode.app/Contents/Developer/Toolchains/XcodeDefault.xctoolchain/usr/lib/swift/iphoneos/prebuilt-modules/26.5/CoreML.swiftmodule/arm64e-apple-ios.swiftmodule /Applications/Xcode.app/Contents/Developer/Toolchains/XcodeDefault.xctoolchain/usr/lib/swift/iphoneos/prebuilt-modules/26.5/ARKit.swiftmodule/arm64e-apple-ios.swiftmodule /Applications/Xcode.app/Contents/Developer/Toolchains/XcodeDefault.xctoolchain/usr/lib/swift/iphoneos/prebuilt-modules/26.5/CoreLocation.swiftmodule/arm64e-apple-ios.swiftmodule /Applications/Xcode.app/Contents/Developer/Toolchains/XcodeDefault.xctoolchain/usr/lib/swift/iphoneos/prebuilt-modules/26.5/ExtensionFoundation.swiftmodule/arm64e-apple-ios.swiftmodule /Applications/Xcode.app/Contents/Developer/Toolchains/XcodeDefault.xctoolchain/usr/lib/swift/iphoneos/prebuilt-modules/26.5/GameKit.swiftmodule/arm64e-apple-ios.swiftmodule /Applications/Xcode.app/Contents/Developer/Toolchains/XcodeDefault.xctoolchain/usr/lib/swift/iphoneos/prebuilt-modules/26.5/ObjectiveC.swiftmodule/arm64e-apple-ios.swiftmodule /Applications/Xcode.app/Contents/Developer/Toolchains/XcodeDefault.xctoolchain/usr/lib/swift/iphoneos/prebuilt-modules/26.5/UIKit.swiftmodule/arm64e-apple-ios.swiftmodule /Applications/Xcode.app/Contents/Developer/Toolchains/XcodeDefault.xctoolchain/usr/lib/swift/iphoneos/prebuilt-modules/26.5/AVFAudio.swiftmodule/arm64e-apple-ios.swiftmodule /Applications/Xcode.app/Contents/Developer/Toolchains/XcodeDefault.xctoolchain/usr/lib/swift/iphoneos/prebuilt-modules/26.5/Dispatch.swiftmodule/arm64e-apple-ios.swiftmodule /Applications/Xcode.app/Contents/Developer/Toolchains/XcodeDefault.xctoolchain/usr/lib/swift/iphoneos/prebuilt-modules/26.5/Contacts.swiftmodule/arm64e-apple-ios.swiftmodule /Applications/Xcode.app/Contents/Developer/Toolchains/XcodeDefault.xctoolchain/usr/lib/swift/iphoneos/prebuilt-modules/26.5/Spatial.swiftmodule/arm64e-apple-ios.swiftmodule /Applications/Xcode.app/Contents/Developer/Toolchains/XcodeDefault.xctoolchain/usr/lib/swift/iphoneos/prebuilt-modules/26.5/CloudKit.swiftmodule/arm64e-apple-ios.swiftmodule /Applications/Xcode.app/Contents/Developer/Toolchains/XcodeDefault.xctoolchain/usr/lib/swift/iphoneos/prebuilt-modules/26.5/CoreFoundation.swiftmodule/arm64e-apple-ios.swiftmodule /Applications/Xcode.app/Contents/Developer/Toolchains/XcodeDefault.xctoolchain/usr/lib/swift/iphoneos/prebuilt-modules/26.5/Observation.swiftmodule/arm64e-apple-ios.swiftmodule /Applications/Xcode.app/Contents/Developer/Toolchains/XcodeDefault.xctoolchain/usr/lib/swift/iphoneos/prebuilt-modules/26.5/_RealityKit_SwiftUI.swiftmodule/arm64e-apple-ios.swiftmodule /Applications/Xcode.app/Contents/Developer/Toolchains/XcodeDefault.xctoolchain/usr/lib/swift/iphoneos/prebuilt-modules/26.5/OSLog.swiftmodule/arm64e-apple-ios.swiftmodule /Applications/Xcode.app/Contents/Developer/Toolchains/XcodeDefault.xctoolchain/usr/lib/swift/iphoneos/prebuilt-modules/26.5/Accelerate.swiftmodule/arm64e-apple-ios.swiftmodule /Applications/Xcode.app/Contents/Developer/Toolchains/XcodeDefault.xctoolchain/usr/lib/swift/iphoneos/prebuilt-modules/26.5/_Concurrency.swiftmodule/arm64e-apple-ios.swiftmodule /Applications/Xcode.app/Contents/Developer/Toolchains/XcodeDefault.xctoolchain/usr/lib/swift/iphoneos/prebuilt-modules/26.5/Accessibility.swiftmodule/arm64e-apple-ios.swiftmodule /Applications/Xcode.app/Contents/Developer/Toolchains/XcodeDefault.xctoolchain/usr/lib/swift/iphoneos/prebuilt-modules/26.5/simd.swiftmodule/arm64e-apple-ios.swiftmodule /tmp/dreamlooper-signed-build/ModuleCache.noindex/_Builtin_stdatomic-EXYXIGL0F7TM7WCO40GD59WRX.pcm /tmp/dreamlooper-signed-build/ModuleCache.noindex/Dispatch-8BUMXVYBAAGQRSCCX9YXZA3DI.pcm /tmp/dreamlooper-signed-build/ModuleCache.noindex/_StoreKit_SwiftUI-E53CA8T6WRNMXSBBA2N5PWIA9.pcm /tmp/dreamlooper-signed-build/ModuleCache.noindex/CoreText-BE4NN5TJAHDT11GE24AYMWNZR.pcm /tmp/dreamlooper-signed-build/ModuleCache.noindex/Contacts-4TCIZM5TEO6M77G0NZ2GVO8GI.pcm /tmp/dreamlooper-signed-build/ModuleCache.noindex/Security-DL9LC8ZADQNCO4259NS0MIXOU.pcm /tmp/dreamlooper-signed-build/ModuleCache.noindex/GLKit-AG30YRM3YA0S3QSAD4KZHQFI1.pcm /tmp/dreamlooper-signed-build/ModuleCache.noindex/GameplayKit-1IPKOB43L9DZKCTJ0ZP0T3G3L.pcm /tmp/dreamlooper-signed-build/ModuleCache.noindex/GroupActivities-60R6VJ200F6IA9KZPG1J7F0EW.pcm /tmp/dreamlooper-signed-build/ModuleCache.noindex/FileProvider-7LDV779U5B2V4FPACREH8VWHK.pcm /tmp/dreamlooper-signed-build/ModuleCache.noindex/ptrauth-5YMDC5EYNQ7YPAV7MA8MCTO6R.pcm /tmp/dreamlooper-signed-build/ModuleCache.noindex/ObjectiveC-CURGNBDRPGK3AZ9PG7AUN0TJ9.pcm /tmp/dreamlooper-signed-build/ModuleCache.noindex/_DarwinFoundation1-D3HJNF5GFOVVA9107MVSJ1C4M.pcm /tmp/dreamlooper-signed-build/ModuleCache.noindex/SceneKit-AVGIP3SL4KPNNSUL7YRCP4MF9.pcm /tmp/dreamlooper-signed-build/ModuleCache.noindex/AudioToolbox-DM7CULHFVNA0R7KCMRGIXFE4P.pcm /tmp/dreamlooper-signed-build/ModuleCache.noindex/_Builtin_float-2IBVMKR5OXBWML3PG24Q21N5M.pcm /tmp/dreamlooper-signed-build/ModuleCache.noindex/MetalKit-A65WU8WWX0VC55MMW76TW3GR3.pcm /tmp/dreamlooper-signed-build/ModuleCache.noindex/IOSurface-A9GZ65N5STRXCODW7A9QOYJPP.pcm /tmp/dreamlooper-signed-build/ModuleCache.noindex/SwiftShims-34V36PH27QNIOFV0CTLEN8WXN.pcm /tmp/dreamlooper-signed-build/ModuleCache.noindex/Darwin-3MP68PQ6BXD0U1P5ZHZQ0FVHG.pcm /tmp/dreamlooper-signed-build/ModuleCache.noindex/CoreAudio-CWCZM6SPMAUJAKIVQQB4DJP4Y.pcm /tmp/dreamlooper-signed-build/ModuleCache.noindex/Foundation-73MKW77EIN2ZQEVDYAXWMPBAU.pcm /tmp/dreamlooper-signed-build/ModuleCache.noindex/Network-6OLL6HFXG0TW8KYLQAY2NRQJF.pcm /tmp/dreamlooper-signed-build/ModuleCache.noindex/_Builtin_tgmath-9ZFPB3FJ7ACQEO67Z1B5EQV4Y.pcm /tmp/dreamlooper-signed-build/ModuleCache.noindex/CoreLocation-3CESNYOHAIT31SIPMIKV124S6.pcm /tmp/dreamlooper-signed-build/ModuleCache.noindex/ReplayKit-9FNLXQVPE7LL1C93YXGQVXAKN.pcm /tmp/dreamlooper-signed-build/ModuleCache.noindex/CoreImage-84I06HYD4S43I655LWQ88OXO3.pcm /tmp/dreamlooper-signed-build/ModuleCache.noindex/DataDetection-21KGYH19F8PRLBO91HDZ6SZ3D.pcm /tmp/dreamlooper-signed-build/ModuleCache.noindex/Symbols-39RYPIWNRCG3FRZ9GG1LDB2TX.pcm /tmp/dreamlooper-signed-build/ModuleCache.noindex/UniformTypeIdentifiers-5070VDOLIEB1COVRBCX3AQNDJ.pcm /tmp/dreamlooper-signed-build/ModuleCache.noindex/dnssd-BWJ1VCMZ3SM1UW4LW9H9D740F.pcm /tmp/dreamlooper-signed-build/ModuleCache.noindex/Spatial-69O7V3P78HBQUT2F59DPNV1B0.pcm /tmp/dreamlooper-signed-build/ModuleCache.noindex/sys_types-AJW591X524NJWU9HM9QA3Y9YA.pcm /tmp/dreamlooper-signed-build/ModuleCache.noindex/_DarwinFoundation2-99OAX5NJPDZ02ELHJ8ZM8EKF4.pcm /tmp/dreamlooper-signed-build/ModuleCache.noindex/_Builtin_limits-4MASX87A5SL4MOFSXUHUFQAYX.pcm /tmp/dreamlooper-signed-build/ModuleCache.noindex/_Builtin_stddef-2BZ1WRSJZMOA2DJ8S4E87Z58A.pcm /tmp/dreamlooper-signed-build/ModuleCache.noindex/AVRouting-DKIDKLEB16YNZ1STK25ZULV6S.pcm /tmp/dreamlooper-signed-build/ModuleCache.noindex/CoreFoundation-EX38Y6YF294INIRCD3R0HVSHC.pcm /tmp/dreamlooper-signed-build/ModuleCache.noindex/ptrcheck-30CTVUCJN4I3P1RX4F9IFCTEM.pcm /tmp/dreamlooper-signed-build/ModuleCache.noindex/_AvailabilityInternal-1CRP2GKJIBK1SN7YUPFD75SEA.pcm /tmp/dreamlooper-signed-build/ModuleCache.noindex/_Builtin_stdarg-C3AWSUATOFVDMYWC7J1D2M4J8.pcm /tmp/dreamlooper-signed-build/ModuleCache.noindex/QuartzCore-5W6TSRSBAH1C1S7GMMOZFIRC9.pcm /tmp/dreamlooper-signed-build/ModuleCache.noindex/GameController-5BCFXE1PFIRZ026UYL1EZIH7S.pcm /tmp/dreamlooper-signed-build/ModuleCache.noindex/MultipeerConnectivity-4OZMD0M4BIPVRSEGDFZDD1A42.pcm /tmp/dreamlooper-signed-build/ModuleCache.noindex/os_object-2E46ZYZTWIKJTF0AZQFGWITDR.pcm /tmp/dreamlooper-signed-build/ModuleCache.noindex/_Builtin_stdint-9714RPQZ5YV18756KQTMCYLAW.pcm /tmp/dreamlooper-signed-build/ModuleCache.noindex/_DarwinFoundation3-59T95MCXMIPQ957NTXQ0K3AVV.pcm /tmp/dreamlooper-signed-build/ModuleCache.noindex/UserNotifications-78BKASAARF5RC5I7WV65ZS3ZC.pcm /tmp/dreamlooper-signed-build/ModuleCache.noindex/SwiftUI-8ADWQ1N8UZGL5ZUNL4OAGC8YX.pcm /tmp/dreamlooper-signed-build/ModuleCache.noindex/MachO-5W1SWDAQJFE3WTWA9R1O98JLU.pcm /tmp/dreamlooper-signed-build/ModuleCache.noindex/OpenGLES-6KOGPEH6WUIGGF9ENOAOGA74U.pcm /tmp/dreamlooper-signed-build/ModuleCache.noindex/MediaToolbox-2AB2GL85X8URBWZKMR816BMNC.pcm /tmp/dreamlooper-signed-build/ModuleCache.noindex/CoreServices-6SK8LJN4NNYCINAGOI6JBJIKO.pcm /tmp/dreamlooper-signed-build/ModuleCache.noindex/os_workgroup-C4IHS7I4IISTY2YWSUF1ZTJOI.pcm /tmp/dreamlooper-signed-build/ModuleCache.noindex/simd-946TPJP2EPVNESPCZ3C61F0SI.pcm /tmp/dreamlooper-signed-build/ModuleCache.noindex/AVFoundation-3V6653VX8CARVE6GPPMRH1A5L.pcm /tmp/dreamlooper-signed-build/ModuleCache.noindex/CoreData-CKD67YKMG8ASAKR1QJSGNM7IP.pcm /tmp/dreamlooper-signed-build/ModuleCache.noindex/UIUtilities-C74JS1NR1Y0MNUEBJUKMV7X7T.pcm /tmp/dreamlooper-signed-build/ModuleCache.noindex/ModelIO-51JA0FM0IQPUK77CBQCB9H10O.pcm /tmp/dreamlooper-signed-build/ModuleCache.noindex/SpriteKit-9JZNWG3I5LPQU91L9NGEL1012.pcm /tmp/dreamlooper-signed-build/ModuleCache.noindex/Accessibility-CWUSPZO7Y2TB2QY9WNHQJRD8C.pcm /tmp/dreamlooper-signed-build/ModuleCache.noindex/_Builtin_inttypes-7HZ4WAYMXC28N5RB2OSF8JSZM.pcm /tmp/dreamlooper-signed-build/ModuleCache.noindex/CoreTransferable-DF0OPMOH82K1MW2AO1W945Y2V.pcm /tmp/dreamlooper-signed-build/ModuleCache.noindex/Accelerate-7M7G0XIQ3W866X3X59B8213F9.pcm /tmp/dreamlooper-signed-build/ModuleCache.noindex/Vision-AJUBCE01SW0MQ3LQYL3VC5JDH.pcm /tmp/dreamlooper-signed-build/ModuleCache.noindex/_SwiftConcurrencyShims-WBJVSJ7U0YN87R7PNGKTH4PR.pcm /tmp/dreamlooper-signed-build/ModuleCache.noindex/GameKit-1AA3W1A219BS89N110V7VY6RE.pcm /tmp/dreamlooper-signed-build/ModuleCache.noindex/os-8AMHYI1B7006CQTW0V505YS45.pcm /tmp/dreamlooper-signed-build/ModuleCache.noindex/_LocationEssentials-8R0YV90ZU8R2R7TRU19SBPTNW.pcm /tmp/dreamlooper-signed-build/ModuleCache.noindex/UIKit-BAY6TDZIL652JIPG3CB6UHJBZ.pcm /tmp/dreamlooper-signed-build/ModuleCache.noindex/StoreKit-30JUUFXZ2UNVJWMS97SOX3GPI.pcm /tmp/dreamlooper-signed-build/ModuleCache.noindex/AVFAudio-CES04HW5KM4GT9PQ2YMY4KJ2C.pcm /tmp/dreamlooper-signed-build/ModuleCache.noindex/CoreMotion-CIX68GQ40INZHB6R3IZ7OLODC.pcm /tmp/dreamlooper-signed-build/ModuleCache.noindex/CloudKit-7QHCHW3CFSY73G5WSUJKP04WI.pcm /tmp/dreamlooper-signed-build/ModuleCache.noindex/CFNetwork-EUF1FPWNJ62PS3G6NRYXYDJIU.pcm /tmp/dreamlooper-signed-build/ModuleCache.noindex/ARKit-2OXZ3NGJCXMHQAEXWSNI169J6.pcm /tmp/dreamlooper-signed-build/ModuleCache.noindex/Metal-9JFA4IJBHUKLUNBF717WK5UH3.pcm /tmp/dreamlooper-signed-build/ModuleCache.noindex/BackgroundAssets-4H45OXANZLG61JYNU1SR7CLDY.pcm /tmp/dreamlooper-signed-build/ModuleCache.noindex/_Builtin_intrinsics-521XAPFUINXL1ZCI1GPY9VXVU.pcm /tmp/dreamlooper-signed-build/ModuleCache.noindex/XPC-2MUKGNP9IGOKKA7YX9HB55HO9.pcm /tmp/dreamlooper-signed-build/ModuleCache.noindex/_Builtin_stdbool-CCA46922UIEITV9880IV02HH5.pcm /tmp/dreamlooper-signed-build/ModuleCache.noindex/CoreMIDI-8U88RUXMG11J2AB4DGAI5DWV4.pcm /tmp/dreamlooper-signed-build/ModuleCache.noindex/CoreVideo-ES8ZV5C86YCIZR5L3DP9W3BWK.pcm /tmp/dreamlooper-signed-build/ModuleCache.noindex/CoreMedia-3Y4MU2Q0KWL2ABJOPRJB1F2Q0.pcm /tmp/dreamlooper-signed-build/ModuleCache.noindex/CoreHaptics-4AX0H7EPLROGUG55CP7KVRBRS.pcm /tmp/dreamlooper-signed-build/ModuleCache.noindex/CoreAudioTypes-19MBZ203BUOKE3JULDRB3KFEP.pcm /tmp/dreamlooper-signed-build/ModuleCache.noindex/LocalAuthentication-75OD2J4TJ08ULHH0R5YY25783.pcm /tmp/dreamlooper-signed-build/ModuleCache.noindex/ExtensionFoundation-19IF10MDIWNR662PVYIIDGVHT.pcm /tmp/dreamlooper-signed-build/ModuleCache.noindex/SwiftUICore-7G1WVSEYKB0S805JKIF0R453I.pcm /tmp/dreamlooper-signed-build/ModuleCache.noindex/DeveloperToolsSupport-7ESA3GE0BL08YI1598HWSGNLE.pcm /tmp/dreamlooper-signed-build/ModuleCache.noindex/CoreGraphics-HL79Q1DGHA4KK8ZII4KULZX9.pcm /tmp/dreamlooper-signed-build/ModuleCache.noindex/CoreML-65W75MLL7E9YI66L47USGSPLW.pcm /tmp/dreamlooper-signed-build/ModuleCache.noindex/OSLog-DO7O2I352B92BANY48ZOXZOND.pcm /tmp/dreamlooper-signed-build/ModuleCache.noindex/ImageIO-9YYPDSPDXU6O6OVRFJVPSOPYZ.pcm /tmp/dreamlooper-signed-build/Build/Intermediates.noindex/Dream\ Again.build/Release-iphoneos/Dream\ Again.build/Objects-normal/arm64/DreamAgain-dependencies-1.json (in target 'Dream Again' from project 'Dream Again')

CompileSwift normal arm64 (in target 'Dream Again' from project 'Dream Again')
    cd /Users/shiv/Projects/iphone/Dream\ Again
    
/Users/shiv/Projects/iphone/Dream Again/Dream Again/Rendering/DreamMaterials.swift:76:42: warning: 'generate(from:withName:options:)' was deprecated in iOS 18.0: replaced by 'init(image:withName:options:)'
              let t=try? TextureResource.generate(from:cg,options:.init(semantic:normal ? .normal : .color)) else{return nil}
                                         ^
/Users/shiv/Projects/iphone/Dream Again/Dream Again/Rendering/DreamMaterials.swift:76:42: note: use 'init(image:withName:options:)' instead
              let t=try? TextureResource.generate(from:cg,options:.init(semantic:normal ? .normal : .color)) else{return nil}
                                        ~^~~~~~~~ ~~~~
                                                  image

SwiftDriverJobDiscovery normal arm64 Compiling BalloonMotion.swift, Certification.swift, Determinism.swift, Difficulty.swift, DreamAtmosphere.swift, DreamCollageKit.swift, DreamPilotKit.swift, DreamPlateLibrary.swift, DreamRepresentations.swift, DreamScaleComposition.swift, DreamSoundscape.swift, DreamTransitionCadence.swift, DreamVignettes.swift, Persistence.swift, Rules.swift, RunnerSwipe.swift, Simulation.swift, TrackArt.swift, TrackTranslucency.swift, World.swift, BalloonPopEffects.swift, DistantPathRenderer.swift, DreamArtDirection.swift, DreamMaterials.swift, DreamObstacles.swift, DreamRenderer.swift, FittedHats.swift, Geometry.swift, HybridDreamLayers.swift, PaletteEvolution.swift, SculptedGeometry.swift, SoccerPanels.swift, StormVFX.swift, StrawDoll.swift, StrawRepairVisuals.swift, ToyZebra.swift, Commerce.swift, DeviceServices.swift, DreamAudio.swift, GameModel.swift, OptionalGoogleAds.swift, PlatformIntegrations.swift, BalloonCounter.swift, ContentView.swift, Dream_AgainApp.swift, GeneratedAssetSymbols.swift (in target 'Dream Again' from project 'Dream Again')

SwiftDriver\ Compilation\ Requirements Dream\ Again normal arm64 com.apple.xcode.tools.swift.compiler (in target 'Dream Again' from project 'Dream Again')
    cd /Users/shiv/Projects/iphone/Dream\ Again
    builtin-Swift-Compilation-Requirements -- /Applications/Xcode.app/Contents/Developer/Toolchains/XcodeDefault.xctoolchain/usr/bin/swiftc -module-name DreamAgain -O -whole-module-optimization @/tmp/dreamlooper-signed-build/Build/Intermediates.noindex/Dream\ Again.build/Release-iphoneos/Dream\ Again.build/Objects-normal/arm64/Dream\ Again.SwiftFileList -enable-bare-slash-regex -enable-upcoming-feature DisableOutwardActorInference -enable-upcoming-feature InferSendableFromCaptures -enable-upcoming-feature GlobalActorIsolatedTypesUsability -enable-upcoming-feature MemberImportVisibility -enable-upcoming-feature InferIsolatedConformances -enable-upcoming-feature NonisolatedNonsendingByDefault -enable-experimental-feature DebugDescriptionMacro -sdk /Applications/Xcode.app/Contents/Developer/Platforms/iPhoneOS.platform/Developer/SDKs/iPhoneOS26.5.sdk -target arm64-apple-ios18.0 -g -module-cache-path /tmp/dreamlooper-signed-build/ModuleCache.noindex -Xfrontend -serialize-debugging-options -swift-version 5 -I /tmp/dreamlooper-signed-build/Build/Products/Release-iphoneos -F /tmp/dreamlooper-signed-build/Build/Products/Release-iphoneos -emit-localized-strings -emit-localized-strings-path /tmp/dreamlooper-signed-build/Build/Intermediates.noindex/Dream\ Again.build/Release-iphoneos/Dream\ Again.build/Objects-normal/arm64 -c -num-threads 8 -Xcc -ivfsstatcache -Xcc /tmp/dreamlooper-signed-build/SDKStatCaches.noindex/iphoneos26.5-23F81a-688ef53f1462e2c8f657fdc38a81448f32daed1954a7d5dd0789fcaf2a9bb78b.sdkstatcache -output-file-map /tmp/dreamlooper-signed-build/Build/Intermediates.noindex/Dream\ Again.build/Release-iphoneos/Dream\ Again.build/Objects-normal/arm64/Dream\ Again-OutputFileMap.json -use-frontend-parseable-output -save-temps -no-color-diagnostics -explicit-module-build -module-cache-path /tmp/dreamlooper-signed-build/Build/Intermediates.noindex/SwiftExplicitPrecompiledModules -clang-scanner-module-cache-path /tmp/dreamlooper-signed-build/ModuleCache.noindex -sdk-module-cache-path /tmp/dreamlooper-signed-build/ModuleCache.noindex -serialize-diagnostics -emit-dependencies -emit-module -emit-module-path /tmp/dreamlooper-signed-build/Build/Intermediates.noindex/Dream\ Again.build/Release-iphoneos/Dream\ Again.build/Objects-normal/arm64/DreamAgain.swiftmodule -validate-clang-modules-once -clang-build-session-file /tmp/dreamlooper-signed-build/ModuleCache.noindex/Session.modulevalidation -Xcc -I/tmp/dreamlooper-signed-build/Build/Intermediates.noindex/Dream\ Again.build/Release-iphoneos/Dream\ Again.build/swift-overrides.hmap -emit-const-values -Xfrontend -const-gather-protocols-file -Xfrontend /tmp/dreamlooper-signed-build/Build/Intermediates.noindex/Dream\ Again.build/Release-iphoneos/Dream\ Again.build/Objects-normal/arm64/Dream\ Again_const_extract_protocols.json -Xcc -iquote -Xcc /tmp/dreamlooper-signed-build/Build/Intermediates.noindex/Dream\ Again.build/Release-iphoneos/Dream\ Again.build/Dream\ Again-generated-files.hmap -Xcc -I/tmp/dreamlooper-signed-build/Build/Intermediates.noindex/Dream\ Again.build/Release-iphoneos/Dream\ Again.build/Dream\ Again-own-target-headers.hmap -Xcc -I/tmp/dreamlooper-signed-build/Build/Intermediates.noindex/Dream\ Again.build/Release-iphoneos/Dream\ Again.build/Dream\ Again-all-target-headers.hmap -Xcc -iquote -Xcc /tmp/dreamlooper-signed-build/Build/Intermediates.noindex/Dream\ Again.build/Release-iphoneos/Dream\ Again.build/Dream\ Again-project-headers.hmap -Xcc -I/tmp/dreamlooper-signed-build/Build/Products/Release-iphoneos/include -Xcc -I/tmp/dreamlooper-signed-build/Build/Intermediates.noindex/Dream\ Again.build/Release-iphoneos/Dream\ Again.build/DerivedSources-normal/arm64 -Xcc -I/tmp/dreamlooper-signed-build/Build/Intermediates.noindex/Dream\ Again.build/Release-iphoneos/Dream\ Again.build/DerivedSources/arm64 -Xcc -I/tmp/dreamlooper-signed-build/Build/Intermediates.noindex/Dream\ Again.build/Release-iphoneos/Dream\ Again.build/DerivedSources -emit-objc-header -emit-objc-header-path /tmp/dreamlooper-signed-build/Build/Intermediates.noindex/Dream\ Again.build/Release-iphoneos/Dream\ Again.build/Objects-normal/arm64/DreamAgain-Swift.h -working-directory /Users/shiv/Projects/iphone/Dream\ Again -no-emit-module-separately-wmo

SwiftMergeGeneratedHeaders /tmp/dreamlooper-signed-build/Build/Intermediates.noindex/Dream\ Again.build/Release-iphoneos/Dream\ Again.build/DerivedSources/DreamAgain-Swift.h /tmp/dreamlooper-signed-build/Build/Intermediates.noindex/Dream\ Again.build/Release-iphoneos/Dream\ Again.build/Objects-normal/arm64/DreamAgain-Swift.h (in target 'Dream Again' from project 'Dream Again')
    cd /Users/shiv/Projects/iphone/Dream\ Again
    builtin-swiftHeaderTool -arch arm64 /tmp/dreamlooper-signed-build/Build/Intermediates.noindex/Dream\ Again.build/Release-iphoneos/Dream\ Again.build/Objects-normal/arm64/DreamAgain-Swift.h -o /tmp/dreamlooper-signed-build/Build/Intermediates.noindex/Dream\ Again.build/Release-iphoneos/Dream\ Again.build/DerivedSources/DreamAgain-Swift.h

Copy /tmp/dreamlooper-signed-build/Build/Products/Release-iphoneos/DreamAgain.swiftmodule/arm64-apple-ios.swiftmodule /tmp/dreamlooper-signed-build/Build/Intermediates.noindex/Dream\ Again.build/Release-iphoneos/Dream\ Again.build/Objects-normal/arm64/DreamAgain.swiftmodule (in target 'Dream Again' from project 'Dream Again')
    cd /Users/shiv/Projects/iphone/Dream\ Again
    builtin-copy -exclude .DS_Store -exclude CVS -exclude .svn -exclude .git -exclude .hg -resolve-src-symlinks -rename /tmp/dreamlooper-signed-build/Build/Intermediates.noindex/Dream\ Again.build/Release-iphoneos/Dream\ Again.build/Objects-normal/arm64/DreamAgain.swiftmodule /tmp/dreamlooper-signed-build/Build/Products/Release-iphoneos/DreamAgain.swiftmodule/arm64-apple-ios.swiftmodule

Copy /tmp/dreamlooper-signed-build/Build/Products/Release-iphoneos/DreamAgain.swiftmodule/arm64-apple-ios.swiftdoc /tmp/dreamlooper-signed-build/Build/Intermediates.noindex/Dream\ Again.build/Release-iphoneos/Dream\ Again.build/Objects-normal/arm64/DreamAgain.swiftdoc (in target 'Dream Again' from project 'Dream Again')
    cd /Users/shiv/Projects/iphone/Dream\ Again
    builtin-copy -exclude .DS_Store -exclude CVS -exclude .svn -exclude .git -exclude .hg -resolve-src-symlinks -rename /tmp/dreamlooper-signed-build/Build/Intermediates.noindex/Dream\ Again.build/Release-iphoneos/Dream\ Again.build/Objects-normal/arm64/DreamAgain.swiftdoc /tmp/dreamlooper-signed-build/Build/Products/Release-iphoneos/DreamAgain.swiftmodule/arm64-apple-ios.swiftdoc

Copy /tmp/dreamlooper-signed-build/Build/Products/Release-iphoneos/DreamAgain.swiftmodule/arm64-apple-ios.abi.json /tmp/dreamlooper-signed-build/Build/Intermediates.noindex/Dream\ Again.build/Release-iphoneos/Dream\ Again.build/Objects-normal/arm64/DreamAgain.abi.json (in target 'Dream Again' from project 'Dream Again')
    cd /Users/shiv/Projects/iphone/Dream\ Again
    builtin-copy -exclude .DS_Store -exclude CVS -exclude .svn -exclude .git -exclude .hg -resolve-src-symlinks -rename /tmp/dreamlooper-signed-build/Build/Intermediates.noindex/Dream\ Again.build/Release-iphoneos/Dream\ Again.build/Objects-normal/arm64/DreamAgain.abi.json /tmp/dreamlooper-signed-build/Build/Products/Release-iphoneos/DreamAgain.swiftmodule/arm64-apple-ios.abi.json

Copy /tmp/dreamlooper-signed-build/Build/Products/Release-iphoneos/DreamAgain.swiftmodule/Project/arm64-apple-ios.swiftsourceinfo /tmp/dreamlooper-signed-build/Build/Intermediates.noindex/Dream\ Again.build/Release-iphoneos/Dream\ Again.build/Objects-normal/arm64/DreamAgain.swiftsourceinfo (in target 'Dream Again' from project 'Dream Again')
    cd /Users/shiv/Projects/iphone/Dream\ Again
    builtin-copy -exclude .DS_Store -exclude CVS -exclude .svn -exclude .git -exclude .hg -resolve-src-symlinks -rename /tmp/dreamlooper-signed-build/Build/Intermediates.noindex/Dream\ Again.build/Release-iphoneos/Dream\ Again.build/Objects-normal/arm64/DreamAgain.swiftsourceinfo /tmp/dreamlooper-signed-build/Build/Products/Release-iphoneos/DreamAgain.swiftmodule/Project/arm64-apple-ios.swiftsourceinfo

Ld /tmp/dreamlooper-signed-build/Build/Products/Release-iphoneos/Dream\ Again.app/Dream\ Again normal (in target 'Dream Again' from project 'Dream Again')
    cd /Users/shiv/Projects/iphone/Dream\ Again
    /Applications/Xcode.app/Contents/Developer/Toolchains/XcodeDefault.xctoolchain/usr/bin/clang -Xlinker -reproducible -target arm64-apple-ios18.0 -isysroot /Applications/Xcode.app/Contents/Developer/Platforms/iPhoneOS.platform/Developer/SDKs/iPhoneOS26.5.sdk -Os -L/tmp/dreamlooper-signed-build/Build/Intermediates.noindex/EagerLinkingTBDs/Release-iphoneos -L/tmp/dreamlooper-signed-build/Build/Products/Release-iphoneos -F/tmp/dreamlooper-signed-build/Build/Intermediates.noindex/EagerLinkingTBDs/Release-iphoneos -F/tmp/dreamlooper-signed-build/Build/Products/Release-iphoneos -filelist /tmp/dreamlooper-signed-build/Build/Intermediates.noindex/Dream\ Again.build/Release-iphoneos/Dream\ Again.build/Objects-normal/arm64/Dream\ Again.LinkFileList -Xlinker -rpath -Xlinker /usr/lib/swift -Xlinker -rpath -Xlinker @executable_path/Frameworks -Xlinker -dead_strip -Xlinker -object_path_lto -Xlinker /tmp/dreamlooper-signed-build/Build/Intermediates.noindex/Dream\ Again.build/Release-iphoneos/Dream\ Again.build/Objects-normal/arm64/Dream\ Again_lto.o -Xlinker -dependency_info -Xlinker /tmp/dreamlooper-signed-build/Build/Intermediates.noindex/Dream\ Again.build/Release-iphoneos/Dream\ Again.build/Objects-normal/arm64/Dream\ Again_dependency_info.dat -fobjc-link-runtime -L/Applications/Xcode.app/Contents/Developer/Toolchains/XcodeDefault.xctoolchain/usr/lib/swift/iphoneos -L/usr/lib/swift -Xlinker -add_ast_path -Xlinker /tmp/dreamlooper-signed-build/Build/Intermediates.noindex/Dream\ Again.build/Release-iphoneos/Dream\ Again.build/Objects-normal/arm64/DreamAgain.swiftmodule @/tmp/dreamlooper-signed-build/Build/Intermediates.noindex/Dream\ Again.build/Release-iphoneos/Dream\ Again.build/Objects-normal/arm64/DreamAgain-linker-args.resp -Xlinker -no_adhoc_codesign -o /tmp/dreamlooper-signed-build/Build/Products/Release-iphoneos/Dream\ Again.app/Dream\ Again

CopySwiftLibs /tmp/dreamlooper-signed-build/Build/Products/Release-iphoneos/Dream\ Again.app (in target 'Dream Again' from project 'Dream Again')
    cd /Users/shiv/Projects/iphone/Dream\ Again
    builtin-swiftStdLibTool --copy --verbose --sign 6B0DECFC6E4B115C799D5DEDE7D6D349F18A30A8 --scan-executable /tmp/dreamlooper-signed-build/Build/Products/Release-iphoneos/Dream\ Again.app/Dream\ Again --scan-folder /tmp/dreamlooper-signed-build/Build/Products/Release-iphoneos/Dream\ Again.app/Frameworks --scan-folder /tmp/dreamlooper-signed-build/Build/Products/Release-iphoneos/Dream\ Again.app/PlugIns --scan-folder /tmp/dreamlooper-signed-build/Build/Products/Release-iphoneos/Dream\ Again.app/SystemExtensions --scan-folder /tmp/dreamlooper-signed-build/Build/Products/Release-iphoneos/Dream\ Again.app/Extensions --platform iphoneos --toolchain /var/run/com.apple.security.cryptexd/mnt/com.apple.MobileAsset.MetalToolchain-v17.6.109.0.3j1gY1/Metal.xctoolchain --toolchain /Applications/Xcode.app/Contents/Developer/Toolchains/XcodeDefault.xctoolchain --destination /tmp/dreamlooper-signed-build/Build/Products/Release-iphoneos/Dream\ Again.app/Frameworks --strip-bitcode --strip-bitcode-tool /Applications/Xcode.app/Contents/Developer/Toolchains/XcodeDefault.xctoolchain/usr/bin/bitcode_strip --emit-dependency-info /tmp/dreamlooper-signed-build/Build/Intermediates.noindex/Dream\ Again.build/Release-iphoneos/Dream\ Again.build/SwiftStdLibToolInputDependencies.dep --filter-for-swift-os --back-deploy-swift-span

ExtractAppIntentsMetadata (in target 'Dream Again' from project 'Dream Again')
    cd /Users/shiv/Projects/iphone/Dream\ Again
    /Applications/Xcode.app/Contents/Developer/Toolchains/XcodeDefault.xctoolchain/usr/bin/appintentsmetadataprocessor --toolchain-dir /var/run/com.apple.security.cryptexd/mnt/com.apple.MobileAsset.MetalToolchain-v17.6.109.0.3j1gY1/Metal.xctoolchain --module-name DreamAgain --sdk-root /Applications/Xcode.app/Contents/Developer/Platforms/iPhoneOS.platform/Developer/SDKs/iPhoneOS26.5.sdk --xcode-version 17F113 --platform-family iOS --deployment-target 18.0 --bundle-identifier dev.shivanshi.dream-run --output /tmp/dreamlooper-signed-build/Build/Products/Release-iphoneos/Dream\ Again.app --target-triple arm64-apple-ios18.0 --binary-file /tmp/dreamlooper-signed-build/Build/Products/Release-iphoneos/Dream\ Again.app/Dream\ Again --dependency-file /tmp/dreamlooper-signed-build/Build/Intermediates.noindex/Dream\ Again.build/Release-iphoneos/Dream\ Again.build/Objects-normal/arm64/Dream\ Again_dependency_info.dat --stringsdata-file /tmp/dreamlooper-signed-build/Build/Intermediates.noindex/Dream\ Again.build/Release-iphoneos/Dream\ Again.build/Objects-normal/arm64/ExtractedAppShortcutsMetadata.stringsdata --source-file-list /tmp/dreamlooper-signed-build/Build/Intermediates.noindex/Dream\ Again.build/Release-iphoneos/Dream\ Again.build/Objects-normal/arm64/Dream\ Again.SwiftFileList --metadata-file-list /tmp/dreamlooper-signed-build/Build/Intermediates.noindex/Dream\ Again.build/Release-iphoneos/Dream\ Again.build/Dream\ Again.DependencyMetadataFileList --static-metadata-file-list /tmp/dreamlooper-signed-build/Build/Intermediates.noindex/Dream\ Again.build/Release-iphoneos/Dream\ Again.build/Dream\ Again.DependencyStaticMetadataFileList --swift-const-vals-list /tmp/dreamlooper-signed-build/Build/Intermediates.noindex/Dream\ Again.build/Release-iphoneos/Dream\ Again.build/Objects-normal/arm64/Dream\ Again.SwiftConstValuesFileList --compile-time-extraction --deployment-aware-processing --validate-assistant-intents --no-app-shortcuts-localization
2026-09-17 01:50:28.932 appintentsmetadataprocessor[21660:297400] Starting appintentsmetadataprocessor export
2026-09-17 01:50:28.939 appintentsmetadataprocessor[21660:297400] warning: Metadata extraction skipped. No AppIntents.framework dependency found.

GenerateDSYMFile /tmp/dreamlooper-signed-build/Build/Products/Release-iphoneos/Dream\ Again.app.dSYM /tmp/dreamlooper-signed-build/Build/Products/Release-iphoneos/Dream\ Again.app/Dream\ Again (in target 'Dream Again' from project 'Dream Again')
    cd /Users/shiv/Projects/iphone/Dream\ Again
    /Applications/Xcode.app/Contents/Developer/Toolchains/XcodeDefault.xctoolchain/usr/bin/dsymutil /tmp/dreamlooper-signed-build/Build/Products/Release-iphoneos/Dream\ Again.app/Dream\ Again -o /tmp/dreamlooper-signed-build/Build/Products/Release-iphoneos/Dream\ Again.app.dSYM

AppIntentsSSUTraining (in target 'Dream Again' from project 'Dream Again')
    cd /Users/shiv/Projects/iphone/Dream\ Again
    /Applications/Xcode.app/Contents/Developer/Toolchains/XcodeDefault.xctoolchain/usr/bin/appintentsnltrainingprocessor --infoplist-path /tmp/dreamlooper-signed-build/Build/Products/Release-iphoneos/Dream\ Again.app/Info.plist --temp-dir-path /tmp/dreamlooper-signed-build/Build/Intermediates.noindex/Dream\ Again.build/Release-iphoneos/Dream\ Again.build/ssu --bundle-id dev.shivanshi.dream-run --product-path /tmp/dreamlooper-signed-build/Build/Products/Release-iphoneos/Dream\ Again.app --extracted-metadata-path /tmp/dreamlooper-signed-build/Build/Products/Release-iphoneos/Dream\ Again.app/Metadata.appintents --metadata-file-list /tmp/dreamlooper-signed-build/Build/Intermediates.noindex/Dream\ Again.build/Release-iphoneos/Dream\ Again.build/Dream\ Again.DependencyMetadataFileList --source-file /tmp/dreamlooper-signed-build/Build/Products/Release-iphoneos/Dream\ Again.app/Info.plist --archive-ssu-assets
2026-09-17 01:50:28.977 appintentsnltrainingprocessor[21662:297406] Parsing options for appintentsnltrainingprocessor
2026-09-17 01:50:28.977 appintentsnltrainingprocessor[21662:297406] Starting AppIntents SSU YAML Generation
2026-09-17 01:50:28.980 appintentsnltrainingprocessor[21662:297406] No AppShortcuts found - Skipping.

CodeSign /tmp/dreamlooper-signed-build/Build/Products/Release-iphoneos/Dream\ Again.app (in target 'Dream Again' from project 'Dream Again')
    cd /Users/shiv/Projects/iphone/Dream\ Again
    
    Signing Identity:     "Apple Development: Shivanshi Tyagi (RS52HCDR44)"
    Provisioning Profile: "iOS Team Provisioning Profile: *"
                          (0d07fb5e-8eaa-4049-8708-83a56572035f)
    
    /usr/bin/codesign --force --sign 6B0DECFC6E4B115C799D5DEDE7D6D349F18A30A8 --entitlements /tmp/dreamlooper-signed-build/Build/Intermediates.noindex/Dream\ Again.build/Release-iphoneos/Dream\ Again.build/Dream\ Again.app.xcent --timestamp\=none --generate-entitlement-der /tmp/dreamlooper-signed-build/Build/Products/Release-iphoneos/Dream\ Again.app

RegisterExecutionPolicyException /tmp/dreamlooper-signed-build/Build/Products/Release-iphoneos/Dream\ Again.app (in target 'Dream Again' from project 'Dream Again')
    cd /Users/shiv/Projects/iphone/Dream\ Again
    builtin-RegisterExecutionPolicyException /tmp/dreamlooper-signed-build/Build/Products/Release-iphoneos/Dream\ Again.app

Validate /tmp/dreamlooper-signed-build/Build/Products/Release-iphoneos/Dream\ Again.app (in target 'Dream Again' from project 'Dream Again')
    cd /Users/shiv/Projects/iphone/Dream\ Again
    builtin-validationUtility /tmp/dreamlooper-signed-build/Build/Products/Release-iphoneos/Dream\ Again.app -validate-for-store -shallow-bundle -infoplist-subpath Info.plist
warning: All interface orientations must be supported unless the app requires full screen. (in target 'Dream Again' from project 'Dream Again')

Touch /tmp/dreamlooper-signed-build/Build/Products/Release-iphoneos/Dream\ Again.app (in target 'Dream Again' from project 'Dream Again')
    cd /Users/shiv/Projects/iphone/Dream\ Again
    /usr/bin/touch -c /tmp/dreamlooper-signed-build/Build/Products/Release-iphoneos/Dream\ Again.app

** BUILD SUCCEEDED **

