Command line invocation:
    /Applications/Xcode.app/Contents/Developer/usr/bin/xcodebuild -project "Dream Again.xcodeproj" -scheme "Dream Again" -configuration Debug -sdk iphonesimulator -destination "generic/platform=iOS Simulator" -derivedDataPath /tmp/dreamlooper-identity-build CODE_SIGNING_ALLOWED=NO build

Build settings from command line:
    CODE_SIGNING_ALLOWED = NO
    SDKROOT = iphonesimulator26.5

ComputePackagePrebuildTargetDependencyGraph

Prepare packages

CreateBuildRequest

SendProjectDescription

CreateBuildOperation

ComputeTargetDependencyGraph
note: Building targets in dependency order
note: Target dependency graph (1 target)
    Target 'Dream Again' in project 'Dream Again' (no dependencies)

GatherProvisioningInputs

CreateBuildDescription

ExecuteExternalTool /Applications/Xcode.app/Contents/Developer/Toolchains/XcodeDefault.xctoolchain/usr/bin/clang -v -E -dM -isysroot /Applications/Xcode.app/Contents/Developer/Platforms/iPhoneSimulator.platform/Developer/SDKs/iPhoneSimulator26.5.sdk -x c -c /dev/null

ExecuteExternalTool /Applications/Xcode.app/Contents/Developer/usr/bin/actool --print-asset-tag-combinations --output-format xml1 /Users/shiv/Projects/iphone/Dream Again/Dream Again/Assets.xcassets

ExecuteExternalTool /Applications/Xcode.app/Contents/Developer/usr/bin/actool --version --output-format xml1

ExecuteExternalTool /Applications/Xcode.app/Contents/Developer/Toolchains/XcodeDefault.xctoolchain/usr/bin/swiftc --version

ExecuteExternalTool /Applications/Xcode.app/Contents/Developer/Toolchains/XcodeDefault.xctoolchain/usr/bin/ld -version_details

Build description signature: dae8935078c0f3e6abf76132b3de6872
Build description path: /tmp/dreamlooper-identity-build/Build/Intermediates.noindex/XCBuildData/dae8935078c0f3e6abf76132b3de6872.xcbuilddata
CreateBuildDirectory /tmp/dreamlooper-identity-build/Build/Intermediates.noindex
    cd /Users/shiv/Projects/iphone/Dream\ Again/Dream\ Again.xcodeproj
    builtin-create-build-directory /tmp/dreamlooper-identity-build/Build/Intermediates.noindex

ClangStatCache /Applications/Xcode.app/Contents/Developer/Toolchains/XcodeDefault.xctoolchain/usr/bin/clang-stat-cache /Applications/Xcode.app/Contents/Developer/Platforms/iPhoneSimulator.platform/Developer/SDKs/iPhoneSimulator26.5.sdk /tmp/dreamlooper-identity-build/SDKStatCaches.noindex/iphonesimulator26.5-23F81a-688ef53f1462e2c8f657fdc38a81448f6cfe768891a92b912361537c460fe42b.sdkstatcache
    cd /Users/shiv/Projects/iphone/Dream\ Again/Dream\ Again.xcodeproj
    /Applications/Xcode.app/Contents/Developer/Toolchains/XcodeDefault.xctoolchain/usr/bin/clang-stat-cache /Applications/Xcode.app/Contents/Developer/Platforms/iPhoneSimulator.platform/Developer/SDKs/iPhoneSimulator26.5.sdk -o /tmp/dreamlooper-identity-build/SDKStatCaches.noindex/iphonesimulator26.5-23F81a-688ef53f1462e2c8f657fdc38a81448f6cfe768891a92b912361537c460fe42b.sdkstatcache

CreateBuildDirectory /tmp/dreamlooper-identity-build/Build/Products
    cd /Users/shiv/Projects/iphone/Dream\ Again/Dream\ Again.xcodeproj
    builtin-create-build-directory /tmp/dreamlooper-identity-build/Build/Products

CreateBuildDirectory /tmp/dreamlooper-identity-build/Build/Products/Debug-iphonesimulator
    cd /Users/shiv/Projects/iphone/Dream\ Again/Dream\ Again.xcodeproj
    builtin-create-build-directory /tmp/dreamlooper-identity-build/Build/Products/Debug-iphonesimulator

CreateBuildDirectory /tmp/dreamlooper-identity-build/Build/Intermediates.noindex/SwiftExplicitPrecompiledModules
    cd /Users/shiv/Projects/iphone/Dream\ Again/Dream\ Again.xcodeproj
    builtin-create-build-directory /tmp/dreamlooper-identity-build/Build/Intermediates.noindex/SwiftExplicitPrecompiledModules

CreateBuildDirectory /tmp/dreamlooper-identity-build/Build/Intermediates.noindex/ExplicitPrecompiledModules
    cd /Users/shiv/Projects/iphone/Dream\ Again/Dream\ Again.xcodeproj
    builtin-create-build-directory /tmp/dreamlooper-identity-build/Build/Intermediates.noindex/ExplicitPrecompiledModules

CreateBuildDirectory /tmp/dreamlooper-identity-build/Build/Intermediates.noindex/EagerLinkingTBDs/Debug-iphonesimulator
    cd /Users/shiv/Projects/iphone/Dream\ Again/Dream\ Again.xcodeproj
    builtin-create-build-directory /tmp/dreamlooper-identity-build/Build/Intermediates.noindex/EagerLinkingTBDs/Debug-iphonesimulator

WriteAuxiliaryFile /tmp/dreamlooper-identity-build/Build/Intermediates.noindex/Dream\ Again.build/Debug-iphonesimulator/Dream\ Again-dc3cd7fd94f59cbbebbf9aeab705b006-VFS-iphonesimulator/all-product-headers.yaml
    cd /Users/shiv/Projects/iphone/Dream\ Again/Dream\ Again.xcodeproj
    write-file /tmp/dreamlooper-identity-build/Build/Intermediates.noindex/Dream\ Again.build/Debug-iphonesimulator/Dream\ Again-dc3cd7fd94f59cbbebbf9aeab705b006-VFS-iphonesimulator/all-product-headers.yaml

WriteAuxiliaryFile /tmp/dreamlooper-identity-build/Build/Intermediates.noindex/Dream\ Again.build/Debug-iphonesimulator/Dream\ Again.build/Objects-normal/x86_64/Dream\ Again.LinkFileList (in target 'Dream Again' from project 'Dream Again')
    cd /Users/shiv/Projects/iphone/Dream\ Again
    write-file /tmp/dreamlooper-identity-build/Build/Intermediates.noindex/Dream\ Again.build/Debug-iphonesimulator/Dream\ Again.build/Objects-normal/x86_64/Dream\ Again.LinkFileList

WriteAuxiliaryFile /tmp/dreamlooper-identity-build/Build/Intermediates.noindex/Dream\ Again.build/Debug-iphonesimulator/Dream\ Again.build/Objects-normal/x86_64/Dream\ Again-OutputFileMap.json (in target 'Dream Again' from project 'Dream Again')
    cd /Users/shiv/Projects/iphone/Dream\ Again
    write-file /tmp/dreamlooper-identity-build/Build/Intermediates.noindex/Dream\ Again.build/Debug-iphonesimulator/Dream\ Again.build/Objects-normal/x86_64/Dream\ Again-OutputFileMap.json

WriteAuxiliaryFile /tmp/dreamlooper-identity-build/Build/Intermediates.noindex/Dream\ Again.build/Debug-iphonesimulator/Dream\ Again.build/Objects-normal/x86_64/Dream\ Again_const_extract_protocols.json (in target 'Dream Again' from project 'Dream Again')
    cd /Users/shiv/Projects/iphone/Dream\ Again
    write-file /tmp/dreamlooper-identity-build/Build/Intermediates.noindex/Dream\ Again.build/Debug-iphonesimulator/Dream\ Again.build/Objects-normal/x86_64/Dream\ Again_const_extract_protocols.json

WriteAuxiliaryFile /tmp/dreamlooper-identity-build/Build/Intermediates.noindex/Dream\ Again.build/Debug-iphonesimulator/Dream\ Again.build/Objects-normal/x86_64/Dream\ Again.SwiftFileList (in target 'Dream Again' from project 'Dream Again')
    cd /Users/shiv/Projects/iphone/Dream\ Again
    write-file /tmp/dreamlooper-identity-build/Build/Intermediates.noindex/Dream\ Again.build/Debug-iphonesimulator/Dream\ Again.build/Objects-normal/x86_64/Dream\ Again.SwiftFileList

WriteAuxiliaryFile /tmp/dreamlooper-identity-build/Build/Intermediates.noindex/Dream\ Again.build/Debug-iphonesimulator/Dream\ Again.build/Objects-normal/x86_64/Dream\ Again.SwiftConstValuesFileList (in target 'Dream Again' from project 'Dream Again')
    cd /Users/shiv/Projects/iphone/Dream\ Again
    write-file /tmp/dreamlooper-identity-build/Build/Intermediates.noindex/Dream\ Again.build/Debug-iphonesimulator/Dream\ Again.build/Objects-normal/x86_64/Dream\ Again.SwiftConstValuesFileList

WriteAuxiliaryFile /tmp/dreamlooper-identity-build/Build/Intermediates.noindex/Dream\ Again.build/Debug-iphonesimulator/Dream\ Again.build/Objects-normal/arm64/Dream\ Again_const_extract_protocols.json (in target 'Dream Again' from project 'Dream Again')
    cd /Users/shiv/Projects/iphone/Dream\ Again
    write-file /tmp/dreamlooper-identity-build/Build/Intermediates.noindex/Dream\ Again.build/Debug-iphonesimulator/Dream\ Again.build/Objects-normal/arm64/Dream\ Again_const_extract_protocols.json

WriteAuxiliaryFile /tmp/dreamlooper-identity-build/Build/Intermediates.noindex/Dream\ Again.build/Debug-iphonesimulator/Dream\ Again.build/Objects-normal/arm64/Dream\ Again.SwiftFileList (in target 'Dream Again' from project 'Dream Again')
    cd /Users/shiv/Projects/iphone/Dream\ Again
    write-file /tmp/dreamlooper-identity-build/Build/Intermediates.noindex/Dream\ Again.build/Debug-iphonesimulator/Dream\ Again.build/Objects-normal/arm64/Dream\ Again.SwiftFileList

WriteAuxiliaryFile /tmp/dreamlooper-identity-build/Build/Intermediates.noindex/Dream\ Again.build/Debug-iphonesimulator/Dream\ Again.build/Objects-normal/arm64/Dream\ Again.SwiftConstValuesFileList (in target 'Dream Again' from project 'Dream Again')
    cd /Users/shiv/Projects/iphone/Dream\ Again
    write-file /tmp/dreamlooper-identity-build/Build/Intermediates.noindex/Dream\ Again.build/Debug-iphonesimulator/Dream\ Again.build/Objects-normal/arm64/Dream\ Again.SwiftConstValuesFileList

WriteAuxiliaryFile /tmp/dreamlooper-identity-build/Build/Intermediates.noindex/Dream\ Again.build/Debug-iphonesimulator/Dream\ Again.build/Objects-normal/arm64/Dream\ Again.LinkFileList (in target 'Dream Again' from project 'Dream Again')
    cd /Users/shiv/Projects/iphone/Dream\ Again
    write-file /tmp/dreamlooper-identity-build/Build/Intermediates.noindex/Dream\ Again.build/Debug-iphonesimulator/Dream\ Again.build/Objects-normal/arm64/Dream\ Again.LinkFileList

WriteAuxiliaryFile /tmp/dreamlooper-identity-build/Build/Intermediates.noindex/Dream\ Again.build/Debug-iphonesimulator/Dream\ Again.build/Objects-normal/arm64/Dream\ Again-OutputFileMap.json (in target 'Dream Again' from project 'Dream Again')
    cd /Users/shiv/Projects/iphone/Dream\ Again
    write-file /tmp/dreamlooper-identity-build/Build/Intermediates.noindex/Dream\ Again.build/Debug-iphonesimulator/Dream\ Again.build/Objects-normal/arm64/Dream\ Again-OutputFileMap.json

WriteAuxiliaryFile /tmp/dreamlooper-identity-build/Build/Intermediates.noindex/Dream\ Again.build/Debug-iphonesimulator/Dream\ Again.build/Dream\ Again.hmap (in target 'Dream Again' from project 'Dream Again')
    cd /Users/shiv/Projects/iphone/Dream\ Again
    write-file /tmp/dreamlooper-identity-build/Build/Intermediates.noindex/Dream\ Again.build/Debug-iphonesimulator/Dream\ Again.build/Dream\ Again.hmap

WriteAuxiliaryFile /tmp/dreamlooper-identity-build/Build/Intermediates.noindex/Dream\ Again.build/Debug-iphonesimulator/Dream\ Again.build/Dream\ Again.DependencyStaticMetadataFileList (in target 'Dream Again' from project 'Dream Again')
    cd /Users/shiv/Projects/iphone/Dream\ Again
    write-file /tmp/dreamlooper-identity-build/Build/Intermediates.noindex/Dream\ Again.build/Debug-iphonesimulator/Dream\ Again.build/Dream\ Again.DependencyStaticMetadataFileList

WriteAuxiliaryFile /tmp/dreamlooper-identity-build/Build/Intermediates.noindex/Dream\ Again.build/Debug-iphonesimulator/Dream\ Again.build/Dream\ Again.DependencyMetadataFileList (in target 'Dream Again' from project 'Dream Again')
    cd /Users/shiv/Projects/iphone/Dream\ Again
    write-file /tmp/dreamlooper-identity-build/Build/Intermediates.noindex/Dream\ Again.build/Debug-iphonesimulator/Dream\ Again.build/Dream\ Again.DependencyMetadataFileList

WriteAuxiliaryFile /tmp/dreamlooper-identity-build/Build/Intermediates.noindex/Dream\ Again.build/Debug-iphonesimulator/Dream\ Again.build/Dream\ Again-project-headers.hmap (in target 'Dream Again' from project 'Dream Again')
    cd /Users/shiv/Projects/iphone/Dream\ Again
    write-file /tmp/dreamlooper-identity-build/Build/Intermediates.noindex/Dream\ Again.build/Debug-iphonesimulator/Dream\ Again.build/Dream\ Again-project-headers.hmap

WriteAuxiliaryFile /tmp/dreamlooper-identity-build/Build/Intermediates.noindex/Dream\ Again.build/Debug-iphonesimulator/Dream\ Again.build/Dream\ Again-own-target-headers.hmap (in target 'Dream Again' from project 'Dream Again')
    cd /Users/shiv/Projects/iphone/Dream\ Again
    write-file /tmp/dreamlooper-identity-build/Build/Intermediates.noindex/Dream\ Again.build/Debug-iphonesimulator/Dream\ Again.build/Dream\ Again-own-target-headers.hmap

WriteAuxiliaryFile /tmp/dreamlooper-identity-build/Build/Intermediates.noindex/Dream\ Again.build/Debug-iphonesimulator/Dream\ Again.build/Dream\ Again-all-target-headers.hmap (in target 'Dream Again' from project 'Dream Again')
    cd /Users/shiv/Projects/iphone/Dream\ Again
    write-file /tmp/dreamlooper-identity-build/Build/Intermediates.noindex/Dream\ Again.build/Debug-iphonesimulator/Dream\ Again.build/Dream\ Again-all-target-headers.hmap

WriteAuxiliaryFile /tmp/dreamlooper-identity-build/Build/Intermediates.noindex/Dream\ Again.build/Debug-iphonesimulator/Dream\ Again.build/Dream\ Again-generated-files.hmap (in target 'Dream Again' from project 'Dream Again')
    cd /Users/shiv/Projects/iphone/Dream\ Again
    write-file /tmp/dreamlooper-identity-build/Build/Intermediates.noindex/Dream\ Again.build/Debug-iphonesimulator/Dream\ Again.build/Dream\ Again-generated-files.hmap

WriteAuxiliaryFile /tmp/dreamlooper-identity-build/Build/Intermediates.noindex/Dream\ Again.build/Debug-iphonesimulator/Dream\ Again.build/Dream\ Again-all-non-framework-target-headers.hmap (in target 'Dream Again' from project 'Dream Again')
    cd /Users/shiv/Projects/iphone/Dream\ Again
    write-file /tmp/dreamlooper-identity-build/Build/Intermediates.noindex/Dream\ Again.build/Debug-iphonesimulator/Dream\ Again.build/Dream\ Again-all-non-framework-target-headers.hmap

WriteAuxiliaryFile /tmp/dreamlooper-identity-build/Build/Intermediates.noindex/Dream\ Again.build/Debug-iphonesimulator/Dream\ Again.build/Dream\ Again-DebugDylibPath-normal-x86_64.txt (in target 'Dream Again' from project 'Dream Again')
    cd /Users/shiv/Projects/iphone/Dream\ Again
    write-file /tmp/dreamlooper-identity-build/Build/Intermediates.noindex/Dream\ Again.build/Debug-iphonesimulator/Dream\ Again.build/Dream\ Again-DebugDylibPath-normal-x86_64.txt

WriteAuxiliaryFile /tmp/dreamlooper-identity-build/Build/Intermediates.noindex/Dream\ Again.build/Debug-iphonesimulator/Dream\ Again.build/Dream\ Again-DebugDylibPath-normal-arm64.txt (in target 'Dream Again' from project 'Dream Again')
    cd /Users/shiv/Projects/iphone/Dream\ Again
    write-file /tmp/dreamlooper-identity-build/Build/Intermediates.noindex/Dream\ Again.build/Debug-iphonesimulator/Dream\ Again.build/Dream\ Again-DebugDylibPath-normal-arm64.txt

WriteAuxiliaryFile /tmp/dreamlooper-identity-build/Build/Intermediates.noindex/Dream\ Again.build/Debug-iphonesimulator/Dream\ Again.build/Dream\ Again-DebugDylibInstallName-normal-x86_64.txt (in target 'Dream Again' from project 'Dream Again')
    cd /Users/shiv/Projects/iphone/Dream\ Again
    write-file /tmp/dreamlooper-identity-build/Build/Intermediates.noindex/Dream\ Again.build/Debug-iphonesimulator/Dream\ Again.build/Dream\ Again-DebugDylibInstallName-normal-x86_64.txt

WriteAuxiliaryFile /tmp/dreamlooper-identity-build/Build/Intermediates.noindex/Dream\ Again.build/Debug-iphonesimulator/Dream\ Again.build/Dream\ Again-DebugDylibInstallName-normal-arm64.txt (in target 'Dream Again' from project 'Dream Again')
    cd /Users/shiv/Projects/iphone/Dream\ Again
    write-file /tmp/dreamlooper-identity-build/Build/Intermediates.noindex/Dream\ Again.build/Debug-iphonesimulator/Dream\ Again.build/Dream\ Again-DebugDylibInstallName-normal-arm64.txt

MkDir /tmp/dreamlooper-identity-build/Build/Products/Debug-iphonesimulator/Dream\ Again.app (in target 'Dream Again' from project 'Dream Again')
    cd /Users/shiv/Projects/iphone/Dream\ Again
    /bin/mkdir -p /tmp/dreamlooper-identity-build/Build/Products/Debug-iphonesimulator/Dream\ Again.app

CpResource /tmp/dreamlooper-identity-build/Build/Products/Debug-iphonesimulator/Dream\ Again.app/store_products.json /Users/shiv/Projects/iphone/Dream\ Again/Dream\ Again/Resources/store_products.json (in target 'Dream Again' from project 'Dream Again')
    cd /Users/shiv/Projects/iphone/Dream\ Again
    builtin-copy -exclude .DS_Store -exclude CVS -exclude .svn -exclude .git -exclude .hg -resolve-src-symlinks /Users/shiv/Projects/iphone/Dream\ Again/Dream\ Again/Resources/store_products.json /tmp/dreamlooper-identity-build/Build/Products/Debug-iphonesimulator/Dream\ Again.app

CpResource /tmp/dreamlooper-identity-build/Build/Products/Debug-iphonesimulator/Dream\ Again.app/thunder-strike.wav /Users/shiv/Projects/iphone/Dream\ Again/Dream\ Again/Resources/Audio/thunder-strike.wav (in target 'Dream Again' from project 'Dream Again')
    cd /Users/shiv/Projects/iphone/Dream\ Again
    builtin-copy -exclude .DS_Store -exclude CVS -exclude .svn -exclude .git -exclude .hg -resolve-src-symlinks /Users/shiv/Projects/iphone/Dream\ Again/Dream\ Again/Resources/Audio/thunder-strike.wav /tmp/dreamlooper-identity-build/Build/Products/Debug-iphonesimulator/Dream\ Again.app

GenerateAssetSymbols /Users/shiv/Projects/iphone/Dream\ Again/Dream\ Again/Assets.xcassets (in target 'Dream Again' from project 'Dream Again')
    cd /Users/shiv/Projects/iphone/Dream\ Again
    /Applications/Xcode.app/Contents/Developer/usr/bin/actool /Users/shiv/Projects/iphone/Dream\ Again/Dream\ Again/Assets.xcassets --compile /tmp/dreamlooper-identity-build/Build/Products/Debug-iphonesimulator/Dream\ Again.app --output-format human-readable-text --notices --warnings --export-dependency-info /tmp/dreamlooper-identity-build/Build/Intermediates.noindex/Dream\ Again.build/Debug-iphonesimulator/Dream\ Again.build/assetcatalog_dependencies --output-partial-info-plist /tmp/dreamlooper-identity-build/Build/Intermediates.noindex/Dream\ Again.build/Debug-iphonesimulator/Dream\ Again.build/assetcatalog_generated_info.plist --app-icon AppIcon --accent-color AccentColor --compress-pngs --enable-on-demand-resources YES --development-region en --target-device iphone --target-device ipad --minimum-deployment-target 18.0 --platform iphonesimulator --bundle-identifier dev.shivanshi.dream-run --generate-swift-asset-symbols /tmp/dreamlooper-identity-build/Build/Intermediates.noindex/Dream\ Again.build/Debug-iphonesimulator/Dream\ Again.build/DerivedSources/GeneratedAssetSymbols.swift --generate-objc-asset-symbols /tmp/dreamlooper-identity-build/Build/Intermediates.noindex/Dream\ Again.build/Debug-iphonesimulator/Dream\ Again.build/DerivedSources/GeneratedAssetSymbols.h --generate-asset-symbol-index /tmp/dreamlooper-identity-build/Build/Intermediates.noindex/Dream\ Again.build/Debug-iphonesimulator/Dream\ Again.build/DerivedSources/GeneratedAssetSymbols-Index.plist
/* com.apple.actool.compilation-results */
/tmp/dreamlooper-identity-build/Build/Intermediates.noindex/Dream Again.build/Debug-iphonesimulator/Dream Again.build/DerivedSources/GeneratedAssetSymbols-Index.plist
/tmp/dreamlooper-identity-build/Build/Intermediates.noindex/Dream Again.build/Debug-iphonesimulator/Dream Again.build/DerivedSources/GeneratedAssetSymbols.h
/tmp/dreamlooper-identity-build/Build/Intermediates.noindex/Dream Again.build/Debug-iphonesimulator/Dream Again.build/DerivedSources/GeneratedAssetSymbols.swift


MkDir /tmp/dreamlooper-identity-build/Build/Intermediates.noindex/Dream\ Again.build/Debug-iphonesimulator/Dream\ Again.build/assetcatalog_output/unthinned (in target 'Dream Again' from project 'Dream Again')
    cd /Users/shiv/Projects/iphone/Dream\ Again
    /bin/mkdir -p /tmp/dreamlooper-identity-build/Build/Intermediates.noindex/Dream\ Again.build/Debug-iphonesimulator/Dream\ Again.build/assetcatalog_output/unthinned

MkDir /tmp/dreamlooper-identity-build/Build/Intermediates.noindex/Dream\ Again.build/Debug-iphonesimulator/Dream\ Again.build/assetcatalog_output/thinned (in target 'Dream Again' from project 'Dream Again')
    cd /Users/shiv/Projects/iphone/Dream\ Again
    /bin/mkdir -p /tmp/dreamlooper-identity-build/Build/Intermediates.noindex/Dream\ Again.build/Debug-iphonesimulator/Dream\ Again.build/assetcatalog_output/thinned

Ld /tmp/dreamlooper-identity-build/Build/Intermediates.noindex/Dream\ Again.build/Debug-iphonesimulator/Dream\ Again.build/Objects-normal/x86_64/Binary/__preview.dylib normal x86_64 (in target 'Dream Again' from project 'Dream Again')
    cd /Users/shiv/Projects/iphone/Dream\ Again
    /Applications/Xcode.app/Contents/Developer/Toolchains/XcodeDefault.xctoolchain/usr/bin/clang -Xlinker -reproducible -target x86_64-apple-ios18.0-simulator -dynamiclib -isysroot /Applications/Xcode.app/Contents/Developer/Platforms/iPhoneSimulator.platform/Developer/SDKs/iPhoneSimulator26.5.sdk -O0 -L/tmp/dreamlooper-identity-build/Build/Products/Debug-iphonesimulator -F/tmp/dreamlooper-identity-build/Build/Products/Debug-iphonesimulator -install_name @rpath/Dream\ Again.debug.dylib -Xlinker -dead_strip -rdynamic -Xlinker -no_deduplicate -Xlinker -objc_abi_version -Xlinker 2 -Xlinker -dependency_info -Xlinker /tmp/dreamlooper-identity-build/Build/Intermediates.noindex/Dream\ Again.build/Debug-iphonesimulator/Dream\ Again.build/Objects-normal/x86_64/Dream\ Again_dependency_info.dat -o /tmp/dreamlooper-identity-build/Build/Intermediates.noindex/Dream\ Again.build/Debug-iphonesimulator/Dream\ Again.build/Objects-normal/x86_64/Binary/__preview.dylib

CpResource /tmp/dreamlooper-identity-build/Build/Products/Debug-iphonesimulator/Dream\ Again.app/plate_fdc5a00817be3aad.jpg /Users/shiv/Projects/iphone/Dream\ Again/Dream\ Again/Resources/DreamPlates/plate_fdc5a00817be3aad.jpg (in target 'Dream Again' from project 'Dream Again')
    cd /Users/shiv/Projects/iphone/Dream\ Again
    builtin-copy -exclude .DS_Store -exclude CVS -exclude .svn -exclude .git -exclude .hg -resolve-src-symlinks /Users/shiv/Projects/iphone/Dream\ Again/Dream\ Again/Resources/DreamPlates/plate_fdc5a00817be3aad.jpg /tmp/dreamlooper-identity-build/Build/Products/Debug-iphonesimulator/Dream\ Again.app

CpResource /tmp/dreamlooper-identity-build/Build/Products/Debug-iphonesimulator/Dream\ Again.app/plate_fbcac3b3cc5d4ded.jpg /Users/shiv/Projects/iphone/Dream\ Again/Dream\ Again/Resources/DreamPlates/plate_fbcac3b3cc5d4ded.jpg (in target 'Dream Again' from project 'Dream Again')
    cd /Users/shiv/Projects/iphone/Dream\ Again
    builtin-copy -exclude .DS_Store -exclude CVS -exclude .svn -exclude .git -exclude .hg -resolve-src-symlinks /Users/shiv/Projects/iphone/Dream\ Again/Dream\ Again/Resources/DreamPlates/plate_fbcac3b3cc5d4ded.jpg /tmp/dreamlooper-identity-build/Build/Products/Debug-iphonesimulator/Dream\ Again.app

Ld /tmp/dreamlooper-identity-build/Build/Intermediates.noindex/Dream\ Again.build/Debug-iphonesimulator/Dream\ Again.build/Objects-normal/arm64/Binary/__preview.dylib normal arm64 (in target 'Dream Again' from project 'Dream Again')
    cd /Users/shiv/Projects/iphone/Dream\ Again
    /Applications/Xcode.app/Contents/Developer/Toolchains/XcodeDefault.xctoolchain/usr/bin/clang -Xlinker -reproducible -target arm64-apple-ios18.0-simulator -dynamiclib -isysroot /Applications/Xcode.app/Contents/Developer/Platforms/iPhoneSimulator.platform/Developer/SDKs/iPhoneSimulator26.5.sdk -O0 -L/tmp/dreamlooper-identity-build/Build/Products/Debug-iphonesimulator -F/tmp/dreamlooper-identity-build/Build/Products/Debug-iphonesimulator -install_name @rpath/Dream\ Again.debug.dylib -Xlinker -dead_strip -rdynamic -Xlinker -no_deduplicate -Xlinker -objc_abi_version -Xlinker 2 -Xlinker -dependency_info -Xlinker /tmp/dreamlooper-identity-build/Build/Intermediates.noindex/Dream\ Again.build/Debug-iphonesimulator/Dream\ Again.build/Objects-normal/arm64/Dream\ Again_dependency_info.dat -o /tmp/dreamlooper-identity-build/Build/Intermediates.noindex/Dream\ Again.build/Debug-iphonesimulator/Dream\ Again.build/Objects-normal/arm64/Binary/__preview.dylib

CpResource /tmp/dreamlooper-identity-build/Build/Products/Debug-iphonesimulator/Dream\ Again.app/plate_f9f0a648143b5968.jpg /Users/shiv/Projects/iphone/Dream\ Again/Dream\ Again/Resources/DreamPlates/plate_f9f0a648143b5968.jpg (in target 'Dream Again' from project 'Dream Again')
    cd /Users/shiv/Projects/iphone/Dream\ Again
    builtin-copy -exclude .DS_Store -exclude CVS -exclude .svn -exclude .git -exclude .hg -resolve-src-symlinks /Users/shiv/Projects/iphone/Dream\ Again/Dream\ Again/Resources/DreamPlates/plate_f9f0a648143b5968.jpg /tmp/dreamlooper-identity-build/Build/Products/Debug-iphonesimulator/Dream\ Again.app

CpResource /tmp/dreamlooper-identity-build/Build/Products/Debug-iphonesimulator/Dream\ Again.app/plate_f5f0a802e401329e.jpg /Users/shiv/Projects/iphone/Dream\ Again/Dream\ Again/Resources/DreamPlates/plate_f5f0a802e401329e.jpg (in target 'Dream Again' from project 'Dream Again')
    cd /Users/shiv/Projects/iphone/Dream\ Again
    builtin-copy -exclude .DS_Store -exclude CVS -exclude .svn -exclude .git -exclude .hg -resolve-src-symlinks /Users/shiv/Projects/iphone/Dream\ Again/Dream\ Again/Resources/DreamPlates/plate_f5f0a802e401329e.jpg /tmp/dreamlooper-identity-build/Build/Products/Debug-iphonesimulator/Dream\ Again.app

CpResource /tmp/dreamlooper-identity-build/Build/Products/Debug-iphonesimulator/Dream\ Again.app/plate_f49dd3bb1dbda9e2.jpg /Users/shiv/Projects/iphone/Dream\ Again/Dream\ Again/Resources/DreamPlates/plate_f49dd3bb1dbda9e2.jpg (in target 'Dream Again' from project 'Dream Again')
    cd /Users/shiv/Projects/iphone/Dream\ Again
    builtin-copy -exclude .DS_Store -exclude CVS -exclude .svn -exclude .git -exclude .hg -resolve-src-symlinks /Users/shiv/Projects/iphone/Dream\ Again/Dream\ Again/Resources/DreamPlates/plate_f49dd3bb1dbda9e2.jpg /tmp/dreamlooper-identity-build/Build/Products/Debug-iphonesimulator/Dream\ Again.app

CpResource /tmp/dreamlooper-identity-build/Build/Products/Debug-iphonesimulator/Dream\ Again.app/plate_f46f34cb8f3c1332.jpg /Users/shiv/Projects/iphone/Dream\ Again/Dream\ Again/Resources/DreamPlates/plate_f46f34cb8f3c1332.jpg (in target 'Dream Again' from project 'Dream Again')
    cd /Users/shiv/Projects/iphone/Dream\ Again
    builtin-copy -exclude .DS_Store -exclude CVS -exclude .svn -exclude .git -exclude .hg -resolve-src-symlinks /Users/shiv/Projects/iphone/Dream\ Again/Dream\ Again/Resources/DreamPlates/plate_f46f34cb8f3c1332.jpg /tmp/dreamlooper-identity-build/Build/Products/Debug-iphonesimulator/Dream\ Again.app

CpResource /tmp/dreamlooper-identity-build/Build/Products/Debug-iphonesimulator/Dream\ Again.app/plate_ef70cca1d2951854.jpg /Users/shiv/Projects/iphone/Dream\ Again/Dream\ Again/Resources/DreamPlates/plate_ef70cca1d2951854.jpg (in target 'Dream Again' from project 'Dream Again')
    cd /Users/shiv/Projects/iphone/Dream\ Again
    builtin-copy -exclude .DS_Store -exclude CVS -exclude .svn -exclude .git -exclude .hg -resolve-src-symlinks /Users/shiv/Projects/iphone/Dream\ Again/Dream\ Again/Resources/DreamPlates/plate_ef70cca1d2951854.jpg /tmp/dreamlooper-identity-build/Build/Products/Debug-iphonesimulator/Dream\ Again.app

CpResource /tmp/dreamlooper-identity-build/Build/Products/Debug-iphonesimulator/Dream\ Again.app/plate_ecd512c43e289a02.jpg /Users/shiv/Projects/iphone/Dream\ Again/Dream\ Again/Resources/DreamPlates/plate_ecd512c43e289a02.jpg (in target 'Dream Again' from project 'Dream Again')
    cd /Users/shiv/Projects/iphone/Dream\ Again
    builtin-copy -exclude .DS_Store -exclude CVS -exclude .svn -exclude .git -exclude .hg -resolve-src-symlinks /Users/shiv/Projects/iphone/Dream\ Again/Dream\ Again/Resources/DreamPlates/plate_ecd512c43e289a02.jpg /tmp/dreamlooper-identity-build/Build/Products/Debug-iphonesimulator/Dream\ Again.app

CpResource /tmp/dreamlooper-identity-build/Build/Products/Debug-iphonesimulator/Dream\ Again.app/plate_ec4379a9f7378d28.jpg /Users/shiv/Projects/iphone/Dream\ Again/Dream\ Again/Resources/DreamPlates/plate_ec4379a9f7378d28.jpg (in target 'Dream Again' from project 'Dream Again')
    cd /Users/shiv/Projects/iphone/Dream\ Again
    builtin-copy -exclude .DS_Store -exclude CVS -exclude .svn -exclude .git -exclude .hg -resolve-src-symlinks /Users/shiv/Projects/iphone/Dream\ Again/Dream\ Again/Resources/DreamPlates/plate_ec4379a9f7378d28.jpg /tmp/dreamlooper-identity-build/Build/Products/Debug-iphonesimulator/Dream\ Again.app

CpResource /tmp/dreamlooper-identity-build/Build/Products/Debug-iphonesimulator/Dream\ Again.app/plate_ec0cad03b573943d.jpg /Users/shiv/Projects/iphone/Dream\ Again/Dream\ Again/Resources/DreamPlates/plate_ec0cad03b573943d.jpg (in target 'Dream Again' from project 'Dream Again')
    cd /Users/shiv/Projects/iphone/Dream\ Again
    builtin-copy -exclude .DS_Store -exclude CVS -exclude .svn -exclude .git -exclude .hg -resolve-src-symlinks /Users/shiv/Projects/iphone/Dream\ Again/Dream\ Again/Resources/DreamPlates/plate_ec0cad03b573943d.jpg /tmp/dreamlooper-identity-build/Build/Products/Debug-iphonesimulator/Dream\ Again.app

CpResource /tmp/dreamlooper-identity-build/Build/Products/Debug-iphonesimulator/Dream\ Again.app/plate_ea232b6568888739.jpg /Users/shiv/Projects/iphone/Dream\ Again/Dream\ Again/Resources/DreamPlates/plate_ea232b6568888739.jpg (in target 'Dream Again' from project 'Dream Again')
    cd /Users/shiv/Projects/iphone/Dream\ Again
    builtin-copy -exclude .DS_Store -exclude CVS -exclude .svn -exclude .git -exclude .hg -resolve-src-symlinks /Users/shiv/Projects/iphone/Dream\ Again/Dream\ Again/Resources/DreamPlates/plate_ea232b6568888739.jpg /tmp/dreamlooper-identity-build/Build/Products/Debug-iphonesimulator/Dream\ Again.app

CpResource /tmp/dreamlooper-identity-build/Build/Products/Debug-iphonesimulator/Dream\ Again.app/plate_e4a587107fedd553.jpg /Users/shiv/Projects/iphone/Dream\ Again/Dream\ Again/Resources/DreamPlates/plate_e4a587107fedd553.jpg (in target 'Dream Again' from project 'Dream Again')
    cd /Users/shiv/Projects/iphone/Dream\ Again
    builtin-copy -exclude .DS_Store -exclude CVS -exclude .svn -exclude .git -exclude .hg -resolve-src-symlinks /Users/shiv/Projects/iphone/Dream\ Again/Dream\ Again/Resources/DreamPlates/plate_e4a587107fedd553.jpg /tmp/dreamlooper-identity-build/Build/Products/Debug-iphonesimulator/Dream\ Again.app

CpResource /tmp/dreamlooper-identity-build/Build/Products/Debug-iphonesimulator/Dream\ Again.app/plate_e41363a71b59d367.jpg /Users/shiv/Projects/iphone/Dream\ Again/Dream\ Again/Resources/DreamPlates/plate_e41363a71b59d367.jpg (in target 'Dream Again' from project 'Dream Again')
    cd /Users/shiv/Projects/iphone/Dream\ Again
    builtin-copy -exclude .DS_Store -exclude CVS -exclude .svn -exclude .git -exclude .hg -resolve-src-symlinks /Users/shiv/Projects/iphone/Dream\ Again/Dream\ Again/Resources/DreamPlates/plate_e41363a71b59d367.jpg /tmp/dreamlooper-identity-build/Build/Products/Debug-iphonesimulator/Dream\ Again.app

CpResource /tmp/dreamlooper-identity-build/Build/Products/Debug-iphonesimulator/Dream\ Again.app/plate_e301754ea22a992b.jpg /Users/shiv/Projects/iphone/Dream\ Again/Dream\ Again/Resources/DreamPlates/plate_e301754ea22a992b.jpg (in target 'Dream Again' from project 'Dream Again')
    cd /Users/shiv/Projects/iphone/Dream\ Again
    builtin-copy -exclude .DS_Store -exclude CVS -exclude .svn -exclude .git -exclude .hg -resolve-src-symlinks /Users/shiv/Projects/iphone/Dream\ Again/Dream\ Again/Resources/DreamPlates/plate_e301754ea22a992b.jpg /tmp/dreamlooper-identity-build/Build/Products/Debug-iphonesimulator/Dream\ Again.app

CpResource /tmp/dreamlooper-identity-build/Build/Products/Debug-iphonesimulator/Dream\ Again.app/plate_e1a3e6910b6d5677.jpg /Users/shiv/Projects/iphone/Dream\ Again/Dream\ Again/Resources/DreamPlates/plate_e1a3e6910b6d5677.jpg (in target 'Dream Again' from project 'Dream Again')
    cd /Users/shiv/Projects/iphone/Dream\ Again
    builtin-copy -exclude .DS_Store -exclude CVS -exclude .svn -exclude .git -exclude .hg -resolve-src-symlinks /Users/shiv/Projects/iphone/Dream\ Again/Dream\ Again/Resources/DreamPlates/plate_e1a3e6910b6d5677.jpg /tmp/dreamlooper-identity-build/Build/Products/Debug-iphonesimulator/Dream\ Again.app

CpResource /tmp/dreamlooper-identity-build/Build/Products/Debug-iphonesimulator/Dream\ Again.app/plate_d361f3315cbcf44c.jpg /Users/shiv/Projects/iphone/Dream\ Again/Dream\ Again/Resources/DreamPlates/plate_d361f3315cbcf44c.jpg (in target 'Dream Again' from project 'Dream Again')
    cd /Users/shiv/Projects/iphone/Dream\ Again
    builtin-copy -exclude .DS_Store -exclude CVS -exclude .svn -exclude .git -exclude .hg -resolve-src-symlinks /Users/shiv/Projects/iphone/Dream\ Again/Dream\ Again/Resources/DreamPlates/plate_d361f3315cbcf44c.jpg /tmp/dreamlooper-identity-build/Build/Products/Debug-iphonesimulator/Dream\ Again.app

CpResource /tmp/dreamlooper-identity-build/Build/Products/Debug-iphonesimulator/Dream\ Again.app/plate_cae15aa19f70079a.jpg /Users/shiv/Projects/iphone/Dream\ Again/Dream\ Again/Resources/DreamPlates/plate_cae15aa19f70079a.jpg (in target 'Dream Again' from project 'Dream Again')
    cd /Users/shiv/Projects/iphone/Dream\ Again
    builtin-copy -exclude .DS_Store -exclude CVS -exclude .svn -exclude .git -exclude .hg -resolve-src-symlinks /Users/shiv/Projects/iphone/Dream\ Again/Dream\ Again/Resources/DreamPlates/plate_cae15aa19f70079a.jpg /tmp/dreamlooper-identity-build/Build/Products/Debug-iphonesimulator/Dream\ Again.app

CpResource /tmp/dreamlooper-identity-build/Build/Products/Debug-iphonesimulator/Dream\ Again.app/plate_c9d2b8f49d85a3fd.jpg /Users/shiv/Projects/iphone/Dream\ Again/Dream\ Again/Resources/DreamPlates/plate_c9d2b8f49d85a3fd.jpg (in target 'Dream Again' from project 'Dream Again')
    cd /Users/shiv/Projects/iphone/Dream\ Again
    builtin-copy -exclude .DS_Store -exclude CVS -exclude .svn -exclude .git -exclude .hg -resolve-src-symlinks /Users/shiv/Projects/iphone/Dream\ Again/Dream\ Again/Resources/DreamPlates/plate_c9d2b8f49d85a3fd.jpg /tmp/dreamlooper-identity-build/Build/Products/Debug-iphonesimulator/Dream\ Again.app

CpResource /tmp/dreamlooper-identity-build/Build/Products/Debug-iphonesimulator/Dream\ Again.app/plate_c8fb7c084d62424d.jpg /Users/shiv/Projects/iphone/Dream\ Again/Dream\ Again/Resources/DreamPlates/plate_c8fb7c084d62424d.jpg (in target 'Dream Again' from project 'Dream Again')
    cd /Users/shiv/Projects/iphone/Dream\ Again
    builtin-copy -exclude .DS_Store -exclude CVS -exclude .svn -exclude .git -exclude .hg -resolve-src-symlinks /Users/shiv/Projects/iphone/Dream\ Again/Dream\ Again/Resources/DreamPlates/plate_c8fb7c084d62424d.jpg /tmp/dreamlooper-identity-build/Build/Products/Debug-iphonesimulator/Dream\ Again.app

CpResource /tmp/dreamlooper-identity-build/Build/Products/Debug-iphonesimulator/Dream\ Again.app/plate_c80e54ade74e68f5.jpg /Users/shiv/Projects/iphone/Dream\ Again/Dream\ Again/Resources/DreamPlates/plate_c80e54ade74e68f5.jpg (in target 'Dream Again' from project 'Dream Again')
    cd /Users/shiv/Projects/iphone/Dream\ Again
    builtin-copy -exclude .DS_Store -exclude CVS -exclude .svn -exclude .git -exclude .hg -resolve-src-symlinks /Users/shiv/Projects/iphone/Dream\ Again/Dream\ Again/Resources/DreamPlates/plate_c80e54ade74e68f5.jpg /tmp/dreamlooper-identity-build/Build/Products/Debug-iphonesimulator/Dream\ Again.app

CpResource /tmp/dreamlooper-identity-build/Build/Products/Debug-iphonesimulator/Dream\ Again.app/plate_c773fc4033f84eef.jpg /Users/shiv/Projects/iphone/Dream\ Again/Dream\ Again/Resources/DreamPlates/plate_c773fc4033f84eef.jpg (in target 'Dream Again' from project 'Dream Again')
    cd /Users/shiv/Projects/iphone/Dream\ Again
    builtin-copy -exclude .DS_Store -exclude CVS -exclude .svn -exclude .git -exclude .hg -resolve-src-symlinks /Users/shiv/Projects/iphone/Dream\ Again/Dream\ Again/Resources/DreamPlates/plate_c773fc4033f84eef.jpg /tmp/dreamlooper-identity-build/Build/Products/Debug-iphonesimulator/Dream\ Again.app

CpResource /tmp/dreamlooper-identity-build/Build/Products/Debug-iphonesimulator/Dream\ Again.app/plate_c6a3879de94a7735.jpg /Users/shiv/Projects/iphone/Dream\ Again/Dream\ Again/Resources/DreamPlates/plate_c6a3879de94a7735.jpg (in target 'Dream Again' from project 'Dream Again')
    cd /Users/shiv/Projects/iphone/Dream\ Again
    builtin-copy -exclude .DS_Store -exclude CVS -exclude .svn -exclude .git -exclude .hg -resolve-src-symlinks /Users/shiv/Projects/iphone/Dream\ Again/Dream\ Again/Resources/DreamPlates/plate_c6a3879de94a7735.jpg /tmp/dreamlooper-identity-build/Build/Products/Debug-iphonesimulator/Dream\ Again.app

CpResource /tmp/dreamlooper-identity-build/Build/Products/Debug-iphonesimulator/Dream\ Again.app/plate_c498c8cf3b89e616.jpg /Users/shiv/Projects/iphone/Dream\ Again/Dream\ Again/Resources/DreamPlates/plate_c498c8cf3b89e616.jpg (in target 'Dream Again' from project 'Dream Again')
    cd /Users/shiv/Projects/iphone/Dream\ Again
    builtin-copy -exclude .DS_Store -exclude CVS -exclude .svn -exclude .git -exclude .hg -resolve-src-symlinks /Users/shiv/Projects/iphone/Dream\ Again/Dream\ Again/Resources/DreamPlates/plate_c498c8cf3b89e616.jpg /tmp/dreamlooper-identity-build/Build/Products/Debug-iphonesimulator/Dream\ Again.app

CpResource /tmp/dreamlooper-identity-build/Build/Products/Debug-iphonesimulator/Dream\ Again.app/plate_c364e2e601a0c815.jpg /Users/shiv/Projects/iphone/Dream\ Again/Dream\ Again/Resources/DreamPlates/plate_c364e2e601a0c815.jpg (in target 'Dream Again' from project 'Dream Again')
    cd /Users/shiv/Projects/iphone/Dream\ Again
    builtin-copy -exclude .DS_Store -exclude CVS -exclude .svn -exclude .git -exclude .hg -resolve-src-symlinks /Users/shiv/Projects/iphone/Dream\ Again/Dream\ Again/Resources/DreamPlates/plate_c364e2e601a0c815.jpg /tmp/dreamlooper-identity-build/Build/Products/Debug-iphonesimulator/Dream\ Again.app

CpResource /tmp/dreamlooper-identity-build/Build/Products/Debug-iphonesimulator/Dream\ Again.app/plate_c03c2d3cf51fc6a1.jpg /Users/shiv/Projects/iphone/Dream\ Again/Dream\ Again/Resources/DreamPlates/plate_c03c2d3cf51fc6a1.jpg (in target 'Dream Again' from project 'Dream Again')
    cd /Users/shiv/Projects/iphone/Dream\ Again
    builtin-copy -exclude .DS_Store -exclude CVS -exclude .svn -exclude .git -exclude .hg -resolve-src-symlinks /Users/shiv/Projects/iphone/Dream\ Again/Dream\ Again/Resources/DreamPlates/plate_c03c2d3cf51fc6a1.jpg /tmp/dreamlooper-identity-build/Build/Products/Debug-iphonesimulator/Dream\ Again.app

CpResource /tmp/dreamlooper-identity-build/Build/Products/Debug-iphonesimulator/Dream\ Again.app/plate_bbcd4180473738a9.jpg /Users/shiv/Projects/iphone/Dream\ Again/Dream\ Again/Resources/DreamPlates/plate_bbcd4180473738a9.jpg (in target 'Dream Again' from project 'Dream Again')
    cd /Users/shiv/Projects/iphone/Dream\ Again
    builtin-copy -exclude .DS_Store -exclude CVS -exclude .svn -exclude .git -exclude .hg -resolve-src-symlinks /Users/shiv/Projects/iphone/Dream\ Again/Dream\ Again/Resources/DreamPlates/plate_bbcd4180473738a9.jpg /tmp/dreamlooper-identity-build/Build/Products/Debug-iphonesimulator/Dream\ Again.app

CpResource /tmp/dreamlooper-identity-build/Build/Products/Debug-iphonesimulator/Dream\ Again.app/plate_ba3c372e0c944302.jpg /Users/shiv/Projects/iphone/Dream\ Again/Dream\ Again/Resources/DreamPlates/plate_ba3c372e0c944302.jpg (in target 'Dream Again' from project 'Dream Again')
    cd /Users/shiv/Projects/iphone/Dream\ Again
    builtin-copy -exclude .DS_Store -exclude CVS -exclude .svn -exclude .git -exclude .hg -resolve-src-symlinks /Users/shiv/Projects/iphone/Dream\ Again/Dream\ Again/Resources/DreamPlates/plate_ba3c372e0c944302.jpg /tmp/dreamlooper-identity-build/Build/Products/Debug-iphonesimulator/Dream\ Again.app

CpResource /tmp/dreamlooper-identity-build/Build/Products/Debug-iphonesimulator/Dream\ Again.app/plate_b9c4039e7a5eb1ed.jpg /Users/shiv/Projects/iphone/Dream\ Again/Dream\ Again/Resources/DreamPlates/plate_b9c4039e7a5eb1ed.jpg (in target 'Dream Again' from project 'Dream Again')
    cd /Users/shiv/Projects/iphone/Dream\ Again
    builtin-copy -exclude .DS_Store -exclude CVS -exclude .svn -exclude .git -exclude .hg -resolve-src-symlinks /Users/shiv/Projects/iphone/Dream\ Again/Dream\ Again/Resources/DreamPlates/plate_b9c4039e7a5eb1ed.jpg /tmp/dreamlooper-identity-build/Build/Products/Debug-iphonesimulator/Dream\ Again.app

CpResource /tmp/dreamlooper-identity-build/Build/Products/Debug-iphonesimulator/Dream\ Again.app/plate_b87b19eb01215185.jpg /Users/shiv/Projects/iphone/Dream\ Again/Dream\ Again/Resources/DreamPlates/plate_b87b19eb01215185.jpg (in target 'Dream Again' from project 'Dream Again')
    cd /Users/shiv/Projects/iphone/Dream\ Again
    builtin-copy -exclude .DS_Store -exclude CVS -exclude .svn -exclude .git -exclude .hg -resolve-src-symlinks /Users/shiv/Projects/iphone/Dream\ Again/Dream\ Again/Resources/DreamPlates/plate_b87b19eb01215185.jpg /tmp/dreamlooper-identity-build/Build/Products/Debug-iphonesimulator/Dream\ Again.app

CpResource /tmp/dreamlooper-identity-build/Build/Products/Debug-iphonesimulator/Dream\ Again.app/plate_b713dfeef513a538.jpg /Users/shiv/Projects/iphone/Dream\ Again/Dream\ Again/Resources/DreamPlates/plate_b713dfeef513a538.jpg (in target 'Dream Again' from project 'Dream Again')
    cd /Users/shiv/Projects/iphone/Dream\ Again
    builtin-copy -exclude .DS_Store -exclude CVS -exclude .svn -exclude .git -exclude .hg -resolve-src-symlinks /Users/shiv/Projects/iphone/Dream\ Again/Dream\ Again/Resources/DreamPlates/plate_b713dfeef513a538.jpg /tmp/dreamlooper-identity-build/Build/Products/Debug-iphonesimulator/Dream\ Again.app

CpResource /tmp/dreamlooper-identity-build/Build/Products/Debug-iphonesimulator/Dream\ Again.app/plate_a94bdf7cfd2d84b8.jpg /Users/shiv/Projects/iphone/Dream\ Again/Dream\ Again/Resources/DreamPlates/plate_a94bdf7cfd2d84b8.jpg (in target 'Dream Again' from project 'Dream Again')
    cd /Users/shiv/Projects/iphone/Dream\ Again
    builtin-copy -exclude .DS_Store -exclude CVS -exclude .svn -exclude .git -exclude .hg -resolve-src-symlinks /Users/shiv/Projects/iphone/Dream\ Again/Dream\ Again/Resources/DreamPlates/plate_a94bdf7cfd2d84b8.jpg /tmp/dreamlooper-identity-build/Build/Products/Debug-iphonesimulator/Dream\ Again.app

CpResource /tmp/dreamlooper-identity-build/Build/Products/Debug-iphonesimulator/Dream\ Again.app/plate_a9029363b3bae74f.jpg /Users/shiv/Projects/iphone/Dream\ Again/Dream\ Again/Resources/DreamPlates/plate_a9029363b3bae74f.jpg (in target 'Dream Again' from project 'Dream Again')
    cd /Users/shiv/Projects/iphone/Dream\ Again
    builtin-copy -exclude .DS_Store -exclude CVS -exclude .svn -exclude .git -exclude .hg -resolve-src-symlinks /Users/shiv/Projects/iphone/Dream\ Again/Dream\ Again/Resources/DreamPlates/plate_a9029363b3bae74f.jpg /tmp/dreamlooper-identity-build/Build/Products/Debug-iphonesimulator/Dream\ Again.app

CpResource /tmp/dreamlooper-identity-build/Build/Products/Debug-iphonesimulator/Dream\ Again.app/plate_a37de95b3ec35792.jpg /Users/shiv/Projects/iphone/Dream\ Again/Dream\ Again/Resources/DreamPlates/plate_a37de95b3ec35792.jpg (in target 'Dream Again' from project 'Dream Again')
    cd /Users/shiv/Projects/iphone/Dream\ Again
    builtin-copy -exclude .DS_Store -exclude CVS -exclude .svn -exclude .git -exclude .hg -resolve-src-symlinks /Users/shiv/Projects/iphone/Dream\ Again/Dream\ Again/Resources/DreamPlates/plate_a37de95b3ec35792.jpg /tmp/dreamlooper-identity-build/Build/Products/Debug-iphonesimulator/Dream\ Again.app

CpResource /tmp/dreamlooper-identity-build/Build/Products/Debug-iphonesimulator/Dream\ Again.app/plate_a1515ab2b749e8b2.jpg /Users/shiv/Projects/iphone/Dream\ Again/Dream\ Again/Resources/DreamPlates/plate_a1515ab2b749e8b2.jpg (in target 'Dream Again' from project 'Dream Again')
    cd /Users/shiv/Projects/iphone/Dream\ Again
    builtin-copy -exclude .DS_Store -exclude CVS -exclude .svn -exclude .git -exclude .hg -resolve-src-symlinks /Users/shiv/Projects/iphone/Dream\ Again/Dream\ Again/Resources/DreamPlates/plate_a1515ab2b749e8b2.jpg /tmp/dreamlooper-identity-build/Build/Products/Debug-iphonesimulator/Dream\ Again.app

CpResource /tmp/dreamlooper-identity-build/Build/Products/Debug-iphonesimulator/Dream\ Again.app/plate_978844c5d798a194.jpg /Users/shiv/Projects/iphone/Dream\ Again/Dream\ Again/Resources/DreamPlates/plate_978844c5d798a194.jpg (in target 'Dream Again' from project 'Dream Again')
    cd /Users/shiv/Projects/iphone/Dream\ Again
    builtin-copy -exclude .DS_Store -exclude CVS -exclude .svn -exclude .git -exclude .hg -resolve-src-symlinks /Users/shiv/Projects/iphone/Dream\ Again/Dream\ Again/Resources/DreamPlates/plate_978844c5d798a194.jpg /tmp/dreamlooper-identity-build/Build/Products/Debug-iphonesimulator/Dream\ Again.app

CpResource /tmp/dreamlooper-identity-build/Build/Products/Debug-iphonesimulator/Dream\ Again.app/plate_9b8053c73796bd9e.jpg /Users/shiv/Projects/iphone/Dream\ Again/Dream\ Again/Resources/DreamPlates/plate_9b8053c73796bd9e.jpg (in target 'Dream Again' from project 'Dream Again')
    cd /Users/shiv/Projects/iphone/Dream\ Again
    builtin-copy -exclude .DS_Store -exclude CVS -exclude .svn -exclude .git -exclude .hg -resolve-src-symlinks /Users/shiv/Projects/iphone/Dream\ Again/Dream\ Again/Resources/DreamPlates/plate_9b8053c73796bd9e.jpg /tmp/dreamlooper-identity-build/Build/Products/Debug-iphonesimulator/Dream\ Again.app

CpResource /tmp/dreamlooper-identity-build/Build/Products/Debug-iphonesimulator/Dream\ Again.app/plate_95288e5ebafe9a66.jpg /Users/shiv/Projects/iphone/Dream\ Again/Dream\ Again/Resources/DreamPlates/plate_95288e5ebafe9a66.jpg (in target 'Dream Again' from project 'Dream Again')
    cd /Users/shiv/Projects/iphone/Dream\ Again
    builtin-copy -exclude .DS_Store -exclude CVS -exclude .svn -exclude .git -exclude .hg -resolve-src-symlinks /Users/shiv/Projects/iphone/Dream\ Again/Dream\ Again/Resources/DreamPlates/plate_95288e5ebafe9a66.jpg /tmp/dreamlooper-identity-build/Build/Products/Debug-iphonesimulator/Dream\ Again.app

CpResource /tmp/dreamlooper-identity-build/Build/Products/Debug-iphonesimulator/Dream\ Again.app/plate_950f7f047299d6ad.jpg /Users/shiv/Projects/iphone/Dream\ Again/Dream\ Again/Resources/DreamPlates/plate_950f7f047299d6ad.jpg (in target 'Dream Again' from project 'Dream Again')
    cd /Users/shiv/Projects/iphone/Dream\ Again
    builtin-copy -exclude .DS_Store -exclude CVS -exclude .svn -exclude .git -exclude .hg -resolve-src-symlinks /Users/shiv/Projects/iphone/Dream\ Again/Dream\ Again/Resources/DreamPlates/plate_950f7f047299d6ad.jpg /tmp/dreamlooper-identity-build/Build/Products/Debug-iphonesimulator/Dream\ Again.app

CpResource /tmp/dreamlooper-identity-build/Build/Products/Debug-iphonesimulator/Dream\ Again.app/plate_948d1f6efbcf4473.jpg /Users/shiv/Projects/iphone/Dream\ Again/Dream\ Again/Resources/DreamPlates/plate_948d1f6efbcf4473.jpg (in target 'Dream Again' from project 'Dream Again')
    cd /Users/shiv/Projects/iphone/Dream\ Again
    builtin-copy -exclude .DS_Store -exclude CVS -exclude .svn -exclude .git -exclude .hg -resolve-src-symlinks /Users/shiv/Projects/iphone/Dream\ Again/Dream\ Again/Resources/DreamPlates/plate_948d1f6efbcf4473.jpg /tmp/dreamlooper-identity-build/Build/Products/Debug-iphonesimulator/Dream\ Again.app

CpResource /tmp/dreamlooper-identity-build/Build/Products/Debug-iphonesimulator/Dream\ Again.app/plate_938c164633d67f1c.jpg /Users/shiv/Projects/iphone/Dream\ Again/Dream\ Again/Resources/DreamPlates/plate_938c164633d67f1c.jpg (in target 'Dream Again' from project 'Dream Again')
    cd /Users/shiv/Projects/iphone/Dream\ Again
    builtin-copy -exclude .DS_Store -exclude CVS -exclude .svn -exclude .git -exclude .hg -resolve-src-symlinks /Users/shiv/Projects/iphone/Dream\ Again/Dream\ Again/Resources/DreamPlates/plate_938c164633d67f1c.jpg /tmp/dreamlooper-identity-build/Build/Products/Debug-iphonesimulator/Dream\ Again.app

CpResource /tmp/dreamlooper-identity-build/Build/Products/Debug-iphonesimulator/Dream\ Again.app/plate_92b722ef52baa042.jpg /Users/shiv/Projects/iphone/Dream\ Again/Dream\ Again/Resources/DreamPlates/plate_92b722ef52baa042.jpg (in target 'Dream Again' from project 'Dream Again')
    cd /Users/shiv/Projects/iphone/Dream\ Again
    builtin-copy -exclude .DS_Store -exclude CVS -exclude .svn -exclude .git -exclude .hg -resolve-src-symlinks /Users/shiv/Projects/iphone/Dream\ Again/Dream\ Again/Resources/DreamPlates/plate_92b722ef52baa042.jpg /tmp/dreamlooper-identity-build/Build/Products/Debug-iphonesimulator/Dream\ Again.app

CpResource /tmp/dreamlooper-identity-build/Build/Products/Debug-iphonesimulator/Dream\ Again.app/plate_918cd448c30b062b.jpg /Users/shiv/Projects/iphone/Dream\ Again/Dream\ Again/Resources/DreamPlates/plate_918cd448c30b062b.jpg (in target 'Dream Again' from project 'Dream Again')
    cd /Users/shiv/Projects/iphone/Dream\ Again
    builtin-copy -exclude .DS_Store -exclude CVS -exclude .svn -exclude .git -exclude .hg -resolve-src-symlinks /Users/shiv/Projects/iphone/Dream\ Again/Dream\ Again/Resources/DreamPlates/plate_918cd448c30b062b.jpg /tmp/dreamlooper-identity-build/Build/Products/Debug-iphonesimulator/Dream\ Again.app

CpResource /tmp/dreamlooper-identity-build/Build/Products/Debug-iphonesimulator/Dream\ Again.app/plate_913dbfa18e092ab4.jpg /Users/shiv/Projects/iphone/Dream\ Again/Dream\ Again/Resources/DreamPlates/plate_913dbfa18e092ab4.jpg (in target 'Dream Again' from project 'Dream Again')
    cd /Users/shiv/Projects/iphone/Dream\ Again
    builtin-copy -exclude .DS_Store -exclude CVS -exclude .svn -exclude .git -exclude .hg -resolve-src-symlinks /Users/shiv/Projects/iphone/Dream\ Again/Dream\ Again/Resources/DreamPlates/plate_913dbfa18e092ab4.jpg /tmp/dreamlooper-identity-build/Build/Products/Debug-iphonesimulator/Dream\ Again.app

CpResource /tmp/dreamlooper-identity-build/Build/Products/Debug-iphonesimulator/Dream\ Again.app/plate_90dfdddca94a7661.jpg /Users/shiv/Projects/iphone/Dream\ Again/Dream\ Again/Resources/DreamPlates/plate_90dfdddca94a7661.jpg (in target 'Dream Again' from project 'Dream Again')
    cd /Users/shiv/Projects/iphone/Dream\ Again
    builtin-copy -exclude .DS_Store -exclude CVS -exclude .svn -exclude .git -exclude .hg -resolve-src-symlinks /Users/shiv/Projects/iphone/Dream\ Again/Dream\ Again/Resources/DreamPlates/plate_90dfdddca94a7661.jpg /tmp/dreamlooper-identity-build/Build/Products/Debug-iphonesimulator/Dream\ Again.app

CpResource /tmp/dreamlooper-identity-build/Build/Products/Debug-iphonesimulator/Dream\ Again.app/plate_8556cc92a9d4822e.jpg /Users/shiv/Projects/iphone/Dream\ Again/Dream\ Again/Resources/DreamPlates/plate_8556cc92a9d4822e.jpg (in target 'Dream Again' from project 'Dream Again')
    cd /Users/shiv/Projects/iphone/Dream\ Again
    builtin-copy -exclude .DS_Store -exclude CVS -exclude .svn -exclude .git -exclude .hg -resolve-src-symlinks /Users/shiv/Projects/iphone/Dream\ Again/Dream\ Again/Resources/DreamPlates/plate_8556cc92a9d4822e.jpg /tmp/dreamlooper-identity-build/Build/Products/Debug-iphonesimulator/Dream\ Again.app

CpResource /tmp/dreamlooper-identity-build/Build/Products/Debug-iphonesimulator/Dream\ Again.app/plate_83f7dfb084d66be9.jpg /Users/shiv/Projects/iphone/Dream\ Again/Dream\ Again/Resources/DreamPlates/plate_83f7dfb084d66be9.jpg (in target 'Dream Again' from project 'Dream Again')
    cd /Users/shiv/Projects/iphone/Dream\ Again
    builtin-copy -exclude .DS_Store -exclude CVS -exclude .svn -exclude .git -exclude .hg -resolve-src-symlinks /Users/shiv/Projects/iphone/Dream\ Again/Dream\ Again/Resources/DreamPlates/plate_83f7dfb084d66be9.jpg /tmp/dreamlooper-identity-build/Build/Products/Debug-iphonesimulator/Dream\ Again.app

CpResource /tmp/dreamlooper-identity-build/Build/Products/Debug-iphonesimulator/Dream\ Again.app/plate_83038b5d67bc41c4.jpg /Users/shiv/Projects/iphone/Dream\ Again/Dream\ Again/Resources/DreamPlates/plate_83038b5d67bc41c4.jpg (in target 'Dream Again' from project 'Dream Again')
    cd /Users/shiv/Projects/iphone/Dream\ Again
    builtin-copy -exclude .DS_Store -exclude CVS -exclude .svn -exclude .git -exclude .hg -resolve-src-symlinks /Users/shiv/Projects/iphone/Dream\ Again/Dream\ Again/Resources/DreamPlates/plate_83038b5d67bc41c4.jpg /tmp/dreamlooper-identity-build/Build/Products/Debug-iphonesimulator/Dream\ Again.app

CpResource /tmp/dreamlooper-identity-build/Build/Products/Debug-iphonesimulator/Dream\ Again.app/plate_83005e5d98639054.jpg /Users/shiv/Projects/iphone/Dream\ Again/Dream\ Again/Resources/DreamPlates/plate_83005e5d98639054.jpg (in target 'Dream Again' from project 'Dream Again')
    cd /Users/shiv/Projects/iphone/Dream\ Again
    builtin-copy -exclude .DS_Store -exclude CVS -exclude .svn -exclude .git -exclude .hg -resolve-src-symlinks /Users/shiv/Projects/iphone/Dream\ Again/Dream\ Again/Resources/DreamPlates/plate_83005e5d98639054.jpg /tmp/dreamlooper-identity-build/Build/Products/Debug-iphonesimulator/Dream\ Again.app

CpResource /tmp/dreamlooper-identity-build/Build/Products/Debug-iphonesimulator/Dream\ Again.app/plate_82b47f45bf3ad2d8.jpg /Users/shiv/Projects/iphone/Dream\ Again/Dream\ Again/Resources/DreamPlates/plate_82b47f45bf3ad2d8.jpg (in target 'Dream Again' from project 'Dream Again')
    cd /Users/shiv/Projects/iphone/Dream\ Again
    builtin-copy -exclude .DS_Store -exclude CVS -exclude .svn -exclude .git -exclude .hg -resolve-src-symlinks /Users/shiv/Projects/iphone/Dream\ Again/Dream\ Again/Resources/DreamPlates/plate_82b47f45bf3ad2d8.jpg /tmp/dreamlooper-identity-build/Build/Products/Debug-iphonesimulator/Dream\ Again.app

CpResource /tmp/dreamlooper-identity-build/Build/Products/Debug-iphonesimulator/Dream\ Again.app/plate_82716ff5436ddd3c.jpg /Users/shiv/Projects/iphone/Dream\ Again/Dream\ Again/Resources/DreamPlates/plate_82716ff5436ddd3c.jpg (in target 'Dream Again' from project 'Dream Again')
    cd /Users/shiv/Projects/iphone/Dream\ Again
    builtin-copy -exclude .DS_Store -exclude CVS -exclude .svn -exclude .git -exclude .hg -resolve-src-symlinks /Users/shiv/Projects/iphone/Dream\ Again/Dream\ Again/Resources/DreamPlates/plate_82716ff5436ddd3c.jpg /tmp/dreamlooper-identity-build/Build/Products/Debug-iphonesimulator/Dream\ Again.app

CpResource /tmp/dreamlooper-identity-build/Build/Products/Debug-iphonesimulator/Dream\ Again.app/plate_7d530110f30c18bf.jpg /Users/shiv/Projects/iphone/Dream\ Again/Dream\ Again/Resources/DreamPlates/plate_7d530110f30c18bf.jpg (in target 'Dream Again' from project 'Dream Again')
    cd /Users/shiv/Projects/iphone/Dream\ Again
    builtin-copy -exclude .DS_Store -exclude CVS -exclude .svn -exclude .git -exclude .hg -resolve-src-symlinks /Users/shiv/Projects/iphone/Dream\ Again/Dream\ Again/Resources/DreamPlates/plate_7d530110f30c18bf.jpg /tmp/dreamlooper-identity-build/Build/Products/Debug-iphonesimulator/Dream\ Again.app

CpResource /tmp/dreamlooper-identity-build/Build/Products/Debug-iphonesimulator/Dream\ Again.app/plate_7c1b8c88dd397226.jpg /Users/shiv/Projects/iphone/Dream\ Again/Dream\ Again/Resources/DreamPlates/plate_7c1b8c88dd397226.jpg (in target 'Dream Again' from project 'Dream Again')
    cd /Users/shiv/Projects/iphone/Dream\ Again
    builtin-copy -exclude .DS_Store -exclude CVS -exclude .svn -exclude .git -exclude .hg -resolve-src-symlinks /Users/shiv/Projects/iphone/Dream\ Again/Dream\ Again/Resources/DreamPlates/plate_7c1b8c88dd397226.jpg /tmp/dreamlooper-identity-build/Build/Products/Debug-iphonesimulator/Dream\ Again.app

CpResource /tmp/dreamlooper-identity-build/Build/Products/Debug-iphonesimulator/Dream\ Again.app/plate_7bfd2ece69c11fbe.jpg /Users/shiv/Projects/iphone/Dream\ Again/Dream\ Again/Resources/DreamPlates/plate_7bfd2ece69c11fbe.jpg (in target 'Dream Again' from project 'Dream Again')
    cd /Users/shiv/Projects/iphone/Dream\ Again
    builtin-copy -exclude .DS_Store -exclude CVS -exclude .svn -exclude .git -exclude .hg -resolve-src-symlinks /Users/shiv/Projects/iphone/Dream\ Again/Dream\ Again/Resources/DreamPlates/plate_7bfd2ece69c11fbe.jpg /tmp/dreamlooper-identity-build/Build/Products/Debug-iphonesimulator/Dream\ Again.app

CpResource /tmp/dreamlooper-identity-build/Build/Products/Debug-iphonesimulator/Dream\ Again.app/plate_7ae076a7092c083a.jpg /Users/shiv/Projects/iphone/Dream\ Again/Dream\ Again/Resources/DreamPlates/plate_7ae076a7092c083a.jpg (in target 'Dream Again' from project 'Dream Again')
    cd /Users/shiv/Projects/iphone/Dream\ Again
    builtin-copy -exclude .DS_Store -exclude CVS -exclude .svn -exclude .git -exclude .hg -resolve-src-symlinks /Users/shiv/Projects/iphone/Dream\ Again/Dream\ Again/Resources/DreamPlates/plate_7ae076a7092c083a.jpg /tmp/dreamlooper-identity-build/Build/Products/Debug-iphonesimulator/Dream\ Again.app

CpResource /tmp/dreamlooper-identity-build/Build/Products/Debug-iphonesimulator/Dream\ Again.app/plate_76031a4faf92a467.jpg /Users/shiv/Projects/iphone/Dream\ Again/Dream\ Again/Resources/DreamPlates/plate_76031a4faf92a467.jpg (in target 'Dream Again' from project 'Dream Again')
    cd /Users/shiv/Projects/iphone/Dream\ Again
    builtin-copy -exclude .DS_Store -exclude CVS -exclude .svn -exclude .git -exclude .hg -resolve-src-symlinks /Users/shiv/Projects/iphone/Dream\ Again/Dream\ Again/Resources/DreamPlates/plate_76031a4faf92a467.jpg /tmp/dreamlooper-identity-build/Build/Products/Debug-iphonesimulator/Dream\ Again.app

CreateUniversalBinary /tmp/dreamlooper-identity-build/Build/Products/Debug-iphonesimulator/Dream\ Again.app/__preview.dylib normal arm64\ x86_64 (in target 'Dream Again' from project 'Dream Again')
    cd /Users/shiv/Projects/iphone/Dream\ Again
    /Applications/Xcode.app/Contents/Developer/Toolchains/XcodeDefault.xctoolchain/usr/bin/lipo -create /tmp/dreamlooper-identity-build/Build/Intermediates.noindex/Dream\ Again.build/Debug-iphonesimulator/Dream\ Again.build/Objects-normal/arm64/Binary/__preview.dylib /tmp/dreamlooper-identity-build/Build/Intermediates.noindex/Dream\ Again.build/Debug-iphonesimulator/Dream\ Again.build/Objects-normal/x86_64/Binary/__preview.dylib -output /tmp/dreamlooper-identity-build/Build/Products/Debug-iphonesimulator/Dream\ Again.app/__preview.dylib

CpResource /tmp/dreamlooper-identity-build/Build/Products/Debug-iphonesimulator/Dream\ Again.app/plate_6fec0e3734e5f568.jpg /Users/shiv/Projects/iphone/Dream\ Again/Dream\ Again/Resources/DreamPlates/plate_6fec0e3734e5f568.jpg (in target 'Dream Again' from project 'Dream Again')
    cd /Users/shiv/Projects/iphone/Dream\ Again
    builtin-copy -exclude .DS_Store -exclude CVS -exclude .svn -exclude .git -exclude .hg -resolve-src-symlinks /Users/shiv/Projects/iphone/Dream\ Again/Dream\ Again/Resources/DreamPlates/plate_6fec0e3734e5f568.jpg /tmp/dreamlooper-identity-build/Build/Products/Debug-iphonesimulator/Dream\ Again.app

CpResource /tmp/dreamlooper-identity-build/Build/Products/Debug-iphonesimulator/Dream\ Again.app/plate_6d10254d8619c185.jpg /Users/shiv/Projects/iphone/Dream\ Again/Dream\ Again/Resources/DreamPlates/plate_6d10254d8619c185.jpg (in target 'Dream Again' from project 'Dream Again')
    cd /Users/shiv/Projects/iphone/Dream\ Again
    builtin-copy -exclude .DS_Store -exclude CVS -exclude .svn -exclude .git -exclude .hg -resolve-src-symlinks /Users/shiv/Projects/iphone/Dream\ Again/Dream\ Again/Resources/DreamPlates/plate_6d10254d8619c185.jpg /tmp/dreamlooper-identity-build/Build/Products/Debug-iphonesimulator/Dream\ Again.app

CpResource /tmp/dreamlooper-identity-build/Build/Products/Debug-iphonesimulator/Dream\ Again.app/plate_6c88bfea43e9e085.jpg /Users/shiv/Projects/iphone/Dream\ Again/Dream\ Again/Resources/DreamPlates/plate_6c88bfea43e9e085.jpg (in target 'Dream Again' from project 'Dream Again')
    cd /Users/shiv/Projects/iphone/Dream\ Again
    builtin-copy -exclude .DS_Store -exclude CVS -exclude .svn -exclude .git -exclude .hg -resolve-src-symlinks /Users/shiv/Projects/iphone/Dream\ Again/Dream\ Again/Resources/DreamPlates/plate_6c88bfea43e9e085.jpg /tmp/dreamlooper-identity-build/Build/Products/Debug-iphonesimulator/Dream\ Again.app

CpResource /tmp/dreamlooper-identity-build/Build/Products/Debug-iphonesimulator/Dream\ Again.app/plate_6a40f1a18f3771a9.jpg /Users/shiv/Projects/iphone/Dream\ Again/Dream\ Again/Resources/DreamPlates/plate_6a40f1a18f3771a9.jpg (in target 'Dream Again' from project 'Dream Again')
    cd /Users/shiv/Projects/iphone/Dream\ Again
    builtin-copy -exclude .DS_Store -exclude CVS -exclude .svn -exclude .git -exclude .hg -resolve-src-symlinks /Users/shiv/Projects/iphone/Dream\ Again/Dream\ Again/Resources/DreamPlates/plate_6a40f1a18f3771a9.jpg /tmp/dreamlooper-identity-build/Build/Products/Debug-iphonesimulator/Dream\ Again.app

CpResource /tmp/dreamlooper-identity-build/Build/Products/Debug-iphonesimulator/Dream\ Again.app/plate_677e6a55f82fa9d7.jpg /Users/shiv/Projects/iphone/Dream\ Again/Dream\ Again/Resources/DreamPlates/plate_677e6a55f82fa9d7.jpg (in target 'Dream Again' from project 'Dream Again')
    cd /Users/shiv/Projects/iphone/Dream\ Again
    builtin-copy -exclude .DS_Store -exclude CVS -exclude .svn -exclude .git -exclude .hg -resolve-src-symlinks /Users/shiv/Projects/iphone/Dream\ Again/Dream\ Again/Resources/DreamPlates/plate_677e6a55f82fa9d7.jpg /tmp/dreamlooper-identity-build/Build/Products/Debug-iphonesimulator/Dream\ Again.app

CpResource /tmp/dreamlooper-identity-build/Build/Products/Debug-iphonesimulator/Dream\ Again.app/plate_662d159fea69190e.jpg /Users/shiv/Projects/iphone/Dream\ Again/Dream\ Again/Resources/DreamPlates/plate_662d159fea69190e.jpg (in target 'Dream Again' from project 'Dream Again')
    cd /Users/shiv/Projects/iphone/Dream\ Again
    builtin-copy -exclude .DS_Store -exclude CVS -exclude .svn -exclude .git -exclude .hg -resolve-src-symlinks /Users/shiv/Projects/iphone/Dream\ Again/Dream\ Again/Resources/DreamPlates/plate_662d159fea69190e.jpg /tmp/dreamlooper-identity-build/Build/Products/Debug-iphonesimulator/Dream\ Again.app

CpResource /tmp/dreamlooper-identity-build/Build/Products/Debug-iphonesimulator/Dream\ Again.app/plate_63b6ae2bcecbdf73.jpg /Users/shiv/Projects/iphone/Dream\ Again/Dream\ Again/Resources/DreamPlates/plate_63b6ae2bcecbdf73.jpg (in target 'Dream Again' from project 'Dream Again')
    cd /Users/shiv/Projects/iphone/Dream\ Again
    builtin-copy -exclude .DS_Store -exclude CVS -exclude .svn -exclude .git -exclude .hg -resolve-src-symlinks /Users/shiv/Projects/iphone/Dream\ Again/Dream\ Again/Resources/DreamPlates/plate_63b6ae2bcecbdf73.jpg /tmp/dreamlooper-identity-build/Build/Products/Debug-iphonesimulator/Dream\ Again.app

CpResource /tmp/dreamlooper-identity-build/Build/Products/Debug-iphonesimulator/Dream\ Again.app/plate_5f098c70984a5956.jpg /Users/shiv/Projects/iphone/Dream\ Again/Dream\ Again/Resources/DreamPlates/plate_5f098c70984a5956.jpg (in target 'Dream Again' from project 'Dream Again')
    cd /Users/shiv/Projects/iphone/Dream\ Again
    builtin-copy -exclude .DS_Store -exclude CVS -exclude .svn -exclude .git -exclude .hg -resolve-src-symlinks /Users/shiv/Projects/iphone/Dream\ Again/Dream\ Again/Resources/DreamPlates/plate_5f098c70984a5956.jpg /tmp/dreamlooper-identity-build/Build/Products/Debug-iphonesimulator/Dream\ Again.app

CpResource /tmp/dreamlooper-identity-build/Build/Products/Debug-iphonesimulator/Dream\ Again.app/plate_5d5d102326712d0c.jpg /Users/shiv/Projects/iphone/Dream\ Again/Dream\ Again/Resources/DreamPlates/plate_5d5d102326712d0c.jpg (in target 'Dream Again' from project 'Dream Again')
    cd /Users/shiv/Projects/iphone/Dream\ Again
    builtin-copy -exclude .DS_Store -exclude CVS -exclude .svn -exclude .git -exclude .hg -resolve-src-symlinks /Users/shiv/Projects/iphone/Dream\ Again/Dream\ Again/Resources/DreamPlates/plate_5d5d102326712d0c.jpg /tmp/dreamlooper-identity-build/Build/Products/Debug-iphonesimulator/Dream\ Again.app

CpResource /tmp/dreamlooper-identity-build/Build/Products/Debug-iphonesimulator/Dream\ Again.app/plate_5c90781f963a52fe.jpg /Users/shiv/Projects/iphone/Dream\ Again/Dream\ Again/Resources/DreamPlates/plate_5c90781f963a52fe.jpg (in target 'Dream Again' from project 'Dream Again')
    cd /Users/shiv/Projects/iphone/Dream\ Again
    builtin-copy -exclude .DS_Store -exclude CVS -exclude .svn -exclude .git -exclude .hg -resolve-src-symlinks /Users/shiv/Projects/iphone/Dream\ Again/Dream\ Again/Resources/DreamPlates/plate_5c90781f963a52fe.jpg /tmp/dreamlooper-identity-build/Build/Products/Debug-iphonesimulator/Dream\ Again.app

CpResource /tmp/dreamlooper-identity-build/Build/Products/Debug-iphonesimulator/Dream\ Again.app/plate_5afadbefc32c635b.jpg /Users/shiv/Projects/iphone/Dream\ Again/Dream\ Again/Resources/DreamPlates/plate_5afadbefc32c635b.jpg (in target 'Dream Again' from project 'Dream Again')
    cd /Users/shiv/Projects/iphone/Dream\ Again
    builtin-copy -exclude .DS_Store -exclude CVS -exclude .svn -exclude .git -exclude .hg -resolve-src-symlinks /Users/shiv/Projects/iphone/Dream\ Again/Dream\ Again/Resources/DreamPlates/plate_5afadbefc32c635b.jpg /tmp/dreamlooper-identity-build/Build/Products/Debug-iphonesimulator/Dream\ Again.app

CpResource /tmp/dreamlooper-identity-build/Build/Products/Debug-iphonesimulator/Dream\ Again.app/plate_583d86231f26cbe0.jpg /Users/shiv/Projects/iphone/Dream\ Again/Dream\ Again/Resources/DreamPlates/plate_583d86231f26cbe0.jpg (in target 'Dream Again' from project 'Dream Again')
    cd /Users/shiv/Projects/iphone/Dream\ Again
    builtin-copy -exclude .DS_Store -exclude CVS -exclude .svn -exclude .git -exclude .hg -resolve-src-symlinks /Users/shiv/Projects/iphone/Dream\ Again/Dream\ Again/Resources/DreamPlates/plate_583d86231f26cbe0.jpg /tmp/dreamlooper-identity-build/Build/Products/Debug-iphonesimulator/Dream\ Again.app

CpResource /tmp/dreamlooper-identity-build/Build/Products/Debug-iphonesimulator/Dream\ Again.app/plate_53a09290cea286f0.jpg /Users/shiv/Projects/iphone/Dream\ Again/Dream\ Again/Resources/DreamPlates/plate_53a09290cea286f0.jpg (in target 'Dream Again' from project 'Dream Again')
    cd /Users/shiv/Projects/iphone/Dream\ Again
    builtin-copy -exclude .DS_Store -exclude CVS -exclude .svn -exclude .git -exclude .hg -resolve-src-symlinks /Users/shiv/Projects/iphone/Dream\ Again/Dream\ Again/Resources/DreamPlates/plate_53a09290cea286f0.jpg /tmp/dreamlooper-identity-build/Build/Products/Debug-iphonesimulator/Dream\ Again.app

CpResource /tmp/dreamlooper-identity-build/Build/Products/Debug-iphonesimulator/Dream\ Again.app/plate_533fc69f7c270618.jpg /Users/shiv/Projects/iphone/Dream\ Again/Dream\ Again/Resources/DreamPlates/plate_533fc69f7c270618.jpg (in target 'Dream Again' from project 'Dream Again')
    cd /Users/shiv/Projects/iphone/Dream\ Again
    builtin-copy -exclude .DS_Store -exclude CVS -exclude .svn -exclude .git -exclude .hg -resolve-src-symlinks /Users/shiv/Projects/iphone/Dream\ Again/Dream\ Again/Resources/DreamPlates/plate_533fc69f7c270618.jpg /tmp/dreamlooper-identity-build/Build/Products/Debug-iphonesimulator/Dream\ Again.app

CpResource /tmp/dreamlooper-identity-build/Build/Products/Debug-iphonesimulator/Dream\ Again.app/plate_4f5dcf2683cffdd0.jpg /Users/shiv/Projects/iphone/Dream\ Again/Dream\ Again/Resources/DreamPlates/plate_4f5dcf2683cffdd0.jpg (in target 'Dream Again' from project 'Dream Again')
    cd /Users/shiv/Projects/iphone/Dream\ Again
    builtin-copy -exclude .DS_Store -exclude CVS -exclude .svn -exclude .git -exclude .hg -resolve-src-symlinks /Users/shiv/Projects/iphone/Dream\ Again/Dream\ Again/Resources/DreamPlates/plate_4f5dcf2683cffdd0.jpg /tmp/dreamlooper-identity-build/Build/Products/Debug-iphonesimulator/Dream\ Again.app

CpResource /tmp/dreamlooper-identity-build/Build/Products/Debug-iphonesimulator/Dream\ Again.app/plate_4f1ec5c1452dbb4d.jpg /Users/shiv/Projects/iphone/Dream\ Again/Dream\ Again/Resources/DreamPlates/plate_4f1ec5c1452dbb4d.jpg (in target 'Dream Again' from project 'Dream Again')
    cd /Users/shiv/Projects/iphone/Dream\ Again
    builtin-copy -exclude .DS_Store -exclude CVS -exclude .svn -exclude .git -exclude .hg -resolve-src-symlinks /Users/shiv/Projects/iphone/Dream\ Again/Dream\ Again/Resources/DreamPlates/plate_4f1ec5c1452dbb4d.jpg /tmp/dreamlooper-identity-build/Build/Products/Debug-iphonesimulator/Dream\ Again.app

CpResource /tmp/dreamlooper-identity-build/Build/Products/Debug-iphonesimulator/Dream\ Again.app/plate_4bdf371e36f0a206.jpg /Users/shiv/Projects/iphone/Dream\ Again/Dream\ Again/Resources/DreamPlates/plate_4bdf371e36f0a206.jpg (in target 'Dream Again' from project 'Dream Again')
    cd /Users/shiv/Projects/iphone/Dream\ Again
    builtin-copy -exclude .DS_Store -exclude CVS -exclude .svn -exclude .git -exclude .hg -resolve-src-symlinks /Users/shiv/Projects/iphone/Dream\ Again/Dream\ Again/Resources/DreamPlates/plate_4bdf371e36f0a206.jpg /tmp/dreamlooper-identity-build/Build/Products/Debug-iphonesimulator/Dream\ Again.app

CpResource /tmp/dreamlooper-identity-build/Build/Products/Debug-iphonesimulator/Dream\ Again.app/plate_4b7843e866c83488.jpg /Users/shiv/Projects/iphone/Dream\ Again/Dream\ Again/Resources/DreamPlates/plate_4b7843e866c83488.jpg (in target 'Dream Again' from project 'Dream Again')
    cd /Users/shiv/Projects/iphone/Dream\ Again
    builtin-copy -exclude .DS_Store -exclude CVS -exclude .svn -exclude .git -exclude .hg -resolve-src-symlinks /Users/shiv/Projects/iphone/Dream\ Again/Dream\ Again/Resources/DreamPlates/plate_4b7843e866c83488.jpg /tmp/dreamlooper-identity-build/Build/Products/Debug-iphonesimulator/Dream\ Again.app

CpResource /tmp/dreamlooper-identity-build/Build/Products/Debug-iphonesimulator/Dream\ Again.app/plate_4ae2f2400f00adc4.jpg /Users/shiv/Projects/iphone/Dream\ Again/Dream\ Again/Resources/DreamPlates/plate_4ae2f2400f00adc4.jpg (in target 'Dream Again' from project 'Dream Again')
    cd /Users/shiv/Projects/iphone/Dream\ Again
    builtin-copy -exclude .DS_Store -exclude CVS -exclude .svn -exclude .git -exclude .hg -resolve-src-symlinks /Users/shiv/Projects/iphone/Dream\ Again/Dream\ Again/Resources/DreamPlates/plate_4ae2f2400f00adc4.jpg /tmp/dreamlooper-identity-build/Build/Products/Debug-iphonesimulator/Dream\ Again.app

CpResource /tmp/dreamlooper-identity-build/Build/Products/Debug-iphonesimulator/Dream\ Again.app/plate_49c1af7be43dd2f3.jpg /Users/shiv/Projects/iphone/Dream\ Again/Dream\ Again/Resources/DreamPlates/plate_49c1af7be43dd2f3.jpg (in target 'Dream Again' from project 'Dream Again')
    cd /Users/shiv/Projects/iphone/Dream\ Again
    builtin-copy -exclude .DS_Store -exclude CVS -exclude .svn -exclude .git -exclude .hg -resolve-src-symlinks /Users/shiv/Projects/iphone/Dream\ Again/Dream\ Again/Resources/DreamPlates/plate_49c1af7be43dd2f3.jpg /tmp/dreamlooper-identity-build/Build/Products/Debug-iphonesimulator/Dream\ Again.app

CpResource /tmp/dreamlooper-identity-build/Build/Products/Debug-iphonesimulator/Dream\ Again.app/plate_479b6cd2ba621a82.jpg /Users/shiv/Projects/iphone/Dream\ Again/Dream\ Again/Resources/DreamPlates/plate_479b6cd2ba621a82.jpg (in target 'Dream Again' from project 'Dream Again')
    cd /Users/shiv/Projects/iphone/Dream\ Again
    builtin-copy -exclude .DS_Store -exclude CVS -exclude .svn -exclude .git -exclude .hg -resolve-src-symlinks /Users/shiv/Projects/iphone/Dream\ Again/Dream\ Again/Resources/DreamPlates/plate_479b6cd2ba621a82.jpg /tmp/dreamlooper-identity-build/Build/Products/Debug-iphonesimulator/Dream\ Again.app

CpResource /tmp/dreamlooper-identity-build/Build/Products/Debug-iphonesimulator/Dream\ Again.app/plate_44960ae1133a8ba8.jpg /Users/shiv/Projects/iphone/Dream\ Again/Dream\ Again/Resources/DreamPlates/plate_44960ae1133a8ba8.jpg (in target 'Dream Again' from project 'Dream Again')
    cd /Users/shiv/Projects/iphone/Dream\ Again
    builtin-copy -exclude .DS_Store -exclude CVS -exclude .svn -exclude .git -exclude .hg -resolve-src-symlinks /Users/shiv/Projects/iphone/Dream\ Again/Dream\ Again/Resources/DreamPlates/plate_44960ae1133a8ba8.jpg /tmp/dreamlooper-identity-build/Build/Products/Debug-iphonesimulator/Dream\ Again.app

CpResource /tmp/dreamlooper-identity-build/Build/Products/Debug-iphonesimulator/Dream\ Again.app/plate_4426f6d51bfc480c.jpg /Users/shiv/Projects/iphone/Dream\ Again/Dream\ Again/Resources/DreamPlates/plate_4426f6d51bfc480c.jpg (in target 'Dream Again' from project 'Dream Again')
    cd /Users/shiv/Projects/iphone/Dream\ Again
    builtin-copy -exclude .DS_Store -exclude CVS -exclude .svn -exclude .git -exclude .hg -resolve-src-symlinks /Users/shiv/Projects/iphone/Dream\ Again/Dream\ Again/Resources/DreamPlates/plate_4426f6d51bfc480c.jpg /tmp/dreamlooper-identity-build/Build/Products/Debug-iphonesimulator/Dream\ Again.app

CpResource /tmp/dreamlooper-identity-build/Build/Products/Debug-iphonesimulator/Dream\ Again.app/plate_41386621d5928f97.jpg /Users/shiv/Projects/iphone/Dream\ Again/Dream\ Again/Resources/DreamPlates/plate_41386621d5928f97.jpg (in target 'Dream Again' from project 'Dream Again')
    cd /Users/shiv/Projects/iphone/Dream\ Again
    builtin-copy -exclude .DS_Store -exclude CVS -exclude .svn -exclude .git -exclude .hg -resolve-src-symlinks /Users/shiv/Projects/iphone/Dream\ Again/Dream\ Again/Resources/DreamPlates/plate_41386621d5928f97.jpg /tmp/dreamlooper-identity-build/Build/Products/Debug-iphonesimulator/Dream\ Again.app

CpResource /tmp/dreamlooper-identity-build/Build/Products/Debug-iphonesimulator/Dream\ Again.app/plate_3f7be5473602a4e3.jpg /Users/shiv/Projects/iphone/Dream\ Again/Dream\ Again/Resources/DreamPlates/plate_3f7be5473602a4e3.jpg (in target 'Dream Again' from project 'Dream Again')
    cd /Users/shiv/Projects/iphone/Dream\ Again
    builtin-copy -exclude .DS_Store -exclude CVS -exclude .svn -exclude .git -exclude .hg -resolve-src-symlinks /Users/shiv/Projects/iphone/Dream\ Again/Dream\ Again/Resources/DreamPlates/plate_3f7be5473602a4e3.jpg /tmp/dreamlooper-identity-build/Build/Products/Debug-iphonesimulator/Dream\ Again.app

CpResource /tmp/dreamlooper-identity-build/Build/Products/Debug-iphonesimulator/Dream\ Again.app/plate_3d45be122bf61d13.jpg /Users/shiv/Projects/iphone/Dream\ Again/Dream\ Again/Resources/DreamPlates/plate_3d45be122bf61d13.jpg (in target 'Dream Again' from project 'Dream Again')
    cd /Users/shiv/Projects/iphone/Dream\ Again
    builtin-copy -exclude .DS_Store -exclude CVS -exclude .svn -exclude .git -exclude .hg -resolve-src-symlinks /Users/shiv/Projects/iphone/Dream\ Again/Dream\ Again/Resources/DreamPlates/plate_3d45be122bf61d13.jpg /tmp/dreamlooper-identity-build/Build/Products/Debug-iphonesimulator/Dream\ Again.app

CpResource /tmp/dreamlooper-identity-build/Build/Products/Debug-iphonesimulator/Dream\ Again.app/plate_3bdf1516ac66c48c.jpg /Users/shiv/Projects/iphone/Dream\ Again/Dream\ Again/Resources/DreamPlates/plate_3bdf1516ac66c48c.jpg (in target 'Dream Again' from project 'Dream Again')
    cd /Users/shiv/Projects/iphone/Dream\ Again
    builtin-copy -exclude .DS_Store -exclude CVS -exclude .svn -exclude .git -exclude .hg -resolve-src-symlinks /Users/shiv/Projects/iphone/Dream\ Again/Dream\ Again/Resources/DreamPlates/plate_3bdf1516ac66c48c.jpg /tmp/dreamlooper-identity-build/Build/Products/Debug-iphonesimulator/Dream\ Again.app

CpResource /tmp/dreamlooper-identity-build/Build/Products/Debug-iphonesimulator/Dream\ Again.app/plate_3b9bc02471caf6e8.jpg /Users/shiv/Projects/iphone/Dream\ Again/Dream\ Again/Resources/DreamPlates/plate_3b9bc02471caf6e8.jpg (in target 'Dream Again' from project 'Dream Again')
    cd /Users/shiv/Projects/iphone/Dream\ Again
    builtin-copy -exclude .DS_Store -exclude CVS -exclude .svn -exclude .git -exclude .hg -resolve-src-symlinks /Users/shiv/Projects/iphone/Dream\ Again/Dream\ Again/Resources/DreamPlates/plate_3b9bc02471caf6e8.jpg /tmp/dreamlooper-identity-build/Build/Products/Debug-iphonesimulator/Dream\ Again.app

CpResource /tmp/dreamlooper-identity-build/Build/Products/Debug-iphonesimulator/Dream\ Again.app/plate_396b0f6b97e63ae1.jpg /Users/shiv/Projects/iphone/Dream\ Again/Dream\ Again/Resources/DreamPlates/plate_396b0f6b97e63ae1.jpg (in target 'Dream Again' from project 'Dream Again')
    cd /Users/shiv/Projects/iphone/Dream\ Again
    builtin-copy -exclude .DS_Store -exclude CVS -exclude .svn -exclude .git -exclude .hg -resolve-src-symlinks /Users/shiv/Projects/iphone/Dream\ Again/Dream\ Again/Resources/DreamPlates/plate_396b0f6b97e63ae1.jpg /tmp/dreamlooper-identity-build/Build/Products/Debug-iphonesimulator/Dream\ Again.app

CpResource /tmp/dreamlooper-identity-build/Build/Products/Debug-iphonesimulator/Dream\ Again.app/plate_38e9c5fcc46fcc8f.jpg /Users/shiv/Projects/iphone/Dream\ Again/Dream\ Again/Resources/DreamPlates/plate_38e9c5fcc46fcc8f.jpg (in target 'Dream Again' from project 'Dream Again')
    cd /Users/shiv/Projects/iphone/Dream\ Again
    builtin-copy -exclude .DS_Store -exclude CVS -exclude .svn -exclude .git -exclude .hg -resolve-src-symlinks /Users/shiv/Projects/iphone/Dream\ Again/Dream\ Again/Resources/DreamPlates/plate_38e9c5fcc46fcc8f.jpg /tmp/dreamlooper-identity-build/Build/Products/Debug-iphonesimulator/Dream\ Again.app

CpResource /tmp/dreamlooper-identity-build/Build/Products/Debug-iphonesimulator/Dream\ Again.app/plate_34e8a7989c5abbc9.jpg /Users/shiv/Projects/iphone/Dream\ Again/Dream\ Again/Resources/DreamPlates/plate_34e8a7989c5abbc9.jpg (in target 'Dream Again' from project 'Dream Again')
    cd /Users/shiv/Projects/iphone/Dream\ Again
    builtin-copy -exclude .DS_Store -exclude CVS -exclude .svn -exclude .git -exclude .hg -resolve-src-symlinks /Users/shiv/Projects/iphone/Dream\ Again/Dream\ Again/Resources/DreamPlates/plate_34e8a7989c5abbc9.jpg /tmp/dreamlooper-identity-build/Build/Products/Debug-iphonesimulator/Dream\ Again.app

CpResource /tmp/dreamlooper-identity-build/Build/Products/Debug-iphonesimulator/Dream\ Again.app/plate_347434236490fc39.jpg /Users/shiv/Projects/iphone/Dream\ Again/Dream\ Again/Resources/DreamPlates/plate_347434236490fc39.jpg (in target 'Dream Again' from project 'Dream Again')
    cd /Users/shiv/Projects/iphone/Dream\ Again
    builtin-copy -exclude .DS_Store -exclude CVS -exclude .svn -exclude .git -exclude .hg -resolve-src-symlinks /Users/shiv/Projects/iphone/Dream\ Again/Dream\ Again/Resources/DreamPlates/plate_347434236490fc39.jpg /tmp/dreamlooper-identity-build/Build/Products/Debug-iphonesimulator/Dream\ Again.app

CpResource /tmp/dreamlooper-identity-build/Build/Products/Debug-iphonesimulator/Dream\ Again.app/plate_2f9ef79dd7f0ff61.jpg /Users/shiv/Projects/iphone/Dream\ Again/Dream\ Again/Resources/DreamPlates/plate_2f9ef79dd7f0ff61.jpg (in target 'Dream Again' from project 'Dream Again')
    cd /Users/shiv/Projects/iphone/Dream\ Again
    builtin-copy -exclude .DS_Store -exclude CVS -exclude .svn -exclude .git -exclude .hg -resolve-src-symlinks /Users/shiv/Projects/iphone/Dream\ Again/Dream\ Again/Resources/DreamPlates/plate_2f9ef79dd7f0ff61.jpg /tmp/dreamlooper-identity-build/Build/Products/Debug-iphonesimulator/Dream\ Again.app

CpResource /tmp/dreamlooper-identity-build/Build/Products/Debug-iphonesimulator/Dream\ Again.app/plate_2e7c3d9bc20d47a7.jpg /Users/shiv/Projects/iphone/Dream\ Again/Dream\ Again/Resources/DreamPlates/plate_2e7c3d9bc20d47a7.jpg (in target 'Dream Again' from project 'Dream Again')
    cd /Users/shiv/Projects/iphone/Dream\ Again
    builtin-copy -exclude .DS_Store -exclude CVS -exclude .svn -exclude .git -exclude .hg -resolve-src-symlinks /Users/shiv/Projects/iphone/Dream\ Again/Dream\ Again/Resources/DreamPlates/plate_2e7c3d9bc20d47a7.jpg /tmp/dreamlooper-identity-build/Build/Products/Debug-iphonesimulator/Dream\ Again.app

CpResource /tmp/dreamlooper-identity-build/Build/Products/Debug-iphonesimulator/Dream\ Again.app/plate_2b4350a6aad57178.jpg /Users/shiv/Projects/iphone/Dream\ Again/Dream\ Again/Resources/DreamPlates/plate_2b4350a6aad57178.jpg (in target 'Dream Again' from project 'Dream Again')
    cd /Users/shiv/Projects/iphone/Dream\ Again
    builtin-copy -exclude .DS_Store -exclude CVS -exclude .svn -exclude .git -exclude .hg -resolve-src-symlinks /Users/shiv/Projects/iphone/Dream\ Again/Dream\ Again/Resources/DreamPlates/plate_2b4350a6aad57178.jpg /tmp/dreamlooper-identity-build/Build/Products/Debug-iphonesimulator/Dream\ Again.app

CpResource /tmp/dreamlooper-identity-build/Build/Products/Debug-iphonesimulator/Dream\ Again.app/plate_27da765854329009.jpg /Users/shiv/Projects/iphone/Dream\ Again/Dream\ Again/Resources/DreamPlates/plate_27da765854329009.jpg (in target 'Dream Again' from project 'Dream Again')
    cd /Users/shiv/Projects/iphone/Dream\ Again
    builtin-copy -exclude .DS_Store -exclude CVS -exclude .svn -exclude .git -exclude .hg -resolve-src-symlinks /Users/shiv/Projects/iphone/Dream\ Again/Dream\ Again/Resources/DreamPlates/plate_27da765854329009.jpg /tmp/dreamlooper-identity-build/Build/Products/Debug-iphonesimulator/Dream\ Again.app

CpResource /tmp/dreamlooper-identity-build/Build/Products/Debug-iphonesimulator/Dream\ Again.app/plate_27448dfc2b7b34b4.jpg /Users/shiv/Projects/iphone/Dream\ Again/Dream\ Again/Resources/DreamPlates/plate_27448dfc2b7b34b4.jpg (in target 'Dream Again' from project 'Dream Again')
    cd /Users/shiv/Projects/iphone/Dream\ Again
    builtin-copy -exclude .DS_Store -exclude CVS -exclude .svn -exclude .git -exclude .hg -resolve-src-symlinks /Users/shiv/Projects/iphone/Dream\ Again/Dream\ Again/Resources/DreamPlates/plate_27448dfc2b7b34b4.jpg /tmp/dreamlooper-identity-build/Build/Products/Debug-iphonesimulator/Dream\ Again.app

CpResource /tmp/dreamlooper-identity-build/Build/Products/Debug-iphonesimulator/Dream\ Again.app/plate_1f70acfd11152d8d.jpg /Users/shiv/Projects/iphone/Dream\ Again/Dream\ Again/Resources/DreamPlates/plate_1f70acfd11152d8d.jpg (in target 'Dream Again' from project 'Dream Again')
    cd /Users/shiv/Projects/iphone/Dream\ Again
    builtin-copy -exclude .DS_Store -exclude CVS -exclude .svn -exclude .git -exclude .hg -resolve-src-symlinks /Users/shiv/Projects/iphone/Dream\ Again/Dream\ Again/Resources/DreamPlates/plate_1f70acfd11152d8d.jpg /tmp/dreamlooper-identity-build/Build/Products/Debug-iphonesimulator/Dream\ Again.app

CpResource /tmp/dreamlooper-identity-build/Build/Products/Debug-iphonesimulator/Dream\ Again.app/plate_1dfd170e4f4081dc.jpg /Users/shiv/Projects/iphone/Dream\ Again/Dream\ Again/Resources/DreamPlates/plate_1dfd170e4f4081dc.jpg (in target 'Dream Again' from project 'Dream Again')
    cd /Users/shiv/Projects/iphone/Dream\ Again
    builtin-copy -exclude .DS_Store -exclude CVS -exclude .svn -exclude .git -exclude .hg -resolve-src-symlinks /Users/shiv/Projects/iphone/Dream\ Again/Dream\ Again/Resources/DreamPlates/plate_1dfd170e4f4081dc.jpg /tmp/dreamlooper-identity-build/Build/Products/Debug-iphonesimulator/Dream\ Again.app

CpResource /tmp/dreamlooper-identity-build/Build/Products/Debug-iphonesimulator/Dream\ Again.app/plate_1c8c3b87557c9dfc.jpg /Users/shiv/Projects/iphone/Dream\ Again/Dream\ Again/Resources/DreamPlates/plate_1c8c3b87557c9dfc.jpg (in target 'Dream Again' from project 'Dream Again')
    cd /Users/shiv/Projects/iphone/Dream\ Again
    builtin-copy -exclude .DS_Store -exclude CVS -exclude .svn -exclude .git -exclude .hg -resolve-src-symlinks /Users/shiv/Projects/iphone/Dream\ Again/Dream\ Again/Resources/DreamPlates/plate_1c8c3b87557c9dfc.jpg /tmp/dreamlooper-identity-build/Build/Products/Debug-iphonesimulator/Dream\ Again.app

CpResource /tmp/dreamlooper-identity-build/Build/Products/Debug-iphonesimulator/Dream\ Again.app/plate_1c1da76baf7f7aaa.jpg /Users/shiv/Projects/iphone/Dream\ Again/Dream\ Again/Resources/DreamPlates/plate_1c1da76baf7f7aaa.jpg (in target 'Dream Again' from project 'Dream Again')
    cd /Users/shiv/Projects/iphone/Dream\ Again
    builtin-copy -exclude .DS_Store -exclude CVS -exclude .svn -exclude .git -exclude .hg -resolve-src-symlinks /Users/shiv/Projects/iphone/Dream\ Again/Dream\ Again/Resources/DreamPlates/plate_1c1da76baf7f7aaa.jpg /tmp/dreamlooper-identity-build/Build/Products/Debug-iphonesimulator/Dream\ Again.app

CpResource /tmp/dreamlooper-identity-build/Build/Products/Debug-iphonesimulator/Dream\ Again.app/plate_1917a97c9539d625.jpg /Users/shiv/Projects/iphone/Dream\ Again/Dream\ Again/Resources/DreamPlates/plate_1917a97c9539d625.jpg (in target 'Dream Again' from project 'Dream Again')
    cd /Users/shiv/Projects/iphone/Dream\ Again
    builtin-copy -exclude .DS_Store -exclude CVS -exclude .svn -exclude .git -exclude .hg -resolve-src-symlinks /Users/shiv/Projects/iphone/Dream\ Again/Dream\ Again/Resources/DreamPlates/plate_1917a97c9539d625.jpg /tmp/dreamlooper-identity-build/Build/Products/Debug-iphonesimulator/Dream\ Again.app

CpResource /tmp/dreamlooper-identity-build/Build/Products/Debug-iphonesimulator/Dream\ Again.app/plate_11e008d85cf343c6.jpg /Users/shiv/Projects/iphone/Dream\ Again/Dream\ Again/Resources/DreamPlates/plate_11e008d85cf343c6.jpg (in target 'Dream Again' from project 'Dream Again')
    cd /Users/shiv/Projects/iphone/Dream\ Again
    builtin-copy -exclude .DS_Store -exclude CVS -exclude .svn -exclude .git -exclude .hg -resolve-src-symlinks /Users/shiv/Projects/iphone/Dream\ Again/Dream\ Again/Resources/DreamPlates/plate_11e008d85cf343c6.jpg /tmp/dreamlooper-identity-build/Build/Products/Debug-iphonesimulator/Dream\ Again.app

CpResource /tmp/dreamlooper-identity-build/Build/Products/Debug-iphonesimulator/Dream\ Again.app/plate_0f9b9ac547035936.jpg /Users/shiv/Projects/iphone/Dream\ Again/Dream\ Again/Resources/DreamPlates/plate_0f9b9ac547035936.jpg (in target 'Dream Again' from project 'Dream Again')
    cd /Users/shiv/Projects/iphone/Dream\ Again
    builtin-copy -exclude .DS_Store -exclude CVS -exclude .svn -exclude .git -exclude .hg -resolve-src-symlinks /Users/shiv/Projects/iphone/Dream\ Again/Dream\ Again/Resources/DreamPlates/plate_0f9b9ac547035936.jpg /tmp/dreamlooper-identity-build/Build/Products/Debug-iphonesimulator/Dream\ Again.app

CpResource /tmp/dreamlooper-identity-build/Build/Products/Debug-iphonesimulator/Dream\ Again.app/plate_0f4d3ca32433d6e2.jpg /Users/shiv/Projects/iphone/Dream\ Again/Dream\ Again/Resources/DreamPlates/plate_0f4d3ca32433d6e2.jpg (in target 'Dream Again' from project 'Dream Again')
    cd /Users/shiv/Projects/iphone/Dream\ Again
    builtin-copy -exclude .DS_Store -exclude CVS -exclude .svn -exclude .git -exclude .hg -resolve-src-symlinks /Users/shiv/Projects/iphone/Dream\ Again/Dream\ Again/Resources/DreamPlates/plate_0f4d3ca32433d6e2.jpg /tmp/dreamlooper-identity-build/Build/Products/Debug-iphonesimulator/Dream\ Again.app

CpResource /tmp/dreamlooper-identity-build/Build/Products/Debug-iphonesimulator/Dream\ Again.app/plate_04a6fe46f99f2608.jpg /Users/shiv/Projects/iphone/Dream\ Again/Dream\ Again/Resources/DreamPlates/plate_04a6fe46f99f2608.jpg (in target 'Dream Again' from project 'Dream Again')
    cd /Users/shiv/Projects/iphone/Dream\ Again
    builtin-copy -exclude .DS_Store -exclude CVS -exclude .svn -exclude .git -exclude .hg -resolve-src-symlinks /Users/shiv/Projects/iphone/Dream\ Again/Dream\ Again/Resources/DreamPlates/plate_04a6fe46f99f2608.jpg /tmp/dreamlooper-identity-build/Build/Products/Debug-iphonesimulator/Dream\ Again.app

CpResource /tmp/dreamlooper-identity-build/Build/Products/Debug-iphonesimulator/Dream\ Again.app/plate_0422e75d6ab205e9.jpg /Users/shiv/Projects/iphone/Dream\ Again/Dream\ Again/Resources/DreamPlates/plate_0422e75d6ab205e9.jpg (in target 'Dream Again' from project 'Dream Again')
    cd /Users/shiv/Projects/iphone/Dream\ Again
    builtin-copy -exclude .DS_Store -exclude CVS -exclude .svn -exclude .git -exclude .hg -resolve-src-symlinks /Users/shiv/Projects/iphone/Dream\ Again/Dream\ Again/Resources/DreamPlates/plate_0422e75d6ab205e9.jpg /tmp/dreamlooper-identity-build/Build/Products/Debug-iphonesimulator/Dream\ Again.app

CpResource /tmp/dreamlooper-identity-build/Build/Products/Debug-iphonesimulator/Dream\ Again.app/palettes.json /Users/shiv/Projects/iphone/Dream\ Again/Dream\ Again/Resources/palettes.json (in target 'Dream Again' from project 'Dream Again')
    cd /Users/shiv/Projects/iphone/Dream\ Again
    builtin-copy -exclude .DS_Store -exclude CVS -exclude .svn -exclude .git -exclude .hg -resolve-src-symlinks /Users/shiv/Projects/iphone/Dream\ Again/Dream\ Again/Resources/palettes.json /tmp/dreamlooper-identity-build/Build/Products/Debug-iphonesimulator/Dream\ Again.app

CpResource /tmp/dreamlooper-identity-build/Build/Products/Debug-iphonesimulator/Dream\ Again.app/game_config.json /Users/shiv/Projects/iphone/Dream\ Again/Dream\ Again/Resources/game_config.json (in target 'Dream Again' from project 'Dream Again')
    cd /Users/shiv/Projects/iphone/Dream\ Again
    builtin-copy -exclude .DS_Store -exclude CVS -exclude .svn -exclude .git -exclude .hg -resolve-src-symlinks /Users/shiv/Projects/iphone/Dream\ Again/Dream\ Again/Resources/game_config.json /tmp/dreamlooper-identity-build/Build/Products/Debug-iphonesimulator/Dream\ Again.app

CpResource /tmp/dreamlooper-identity-build/Build/Products/Debug-iphonesimulator/Dream\ Again.app/dream-white.wav /Users/shiv/Projects/iphone/Dream\ Again/Dream\ Again/Resources/Audio/dream-white.wav (in target 'Dream Again' from project 'Dream Again')
    cd /Users/shiv/Projects/iphone/Dream\ Again
    builtin-copy -exclude .DS_Store -exclude CVS -exclude .svn -exclude .git -exclude .hg -resolve-src-symlinks /Users/shiv/Projects/iphone/Dream\ Again/Dream\ Again/Resources/Audio/dream-white.wav /tmp/dreamlooper-identity-build/Build/Products/Debug-iphonesimulator/Dream\ Again.app

CpResource /tmp/dreamlooper-identity-build/Build/Products/Debug-iphonesimulator/Dream\ Again.app/dream-waterStep.wav /Users/shiv/Projects/iphone/Dream\ Again/Dream\ Again/Resources/Audio/dream-waterStep.wav (in target 'Dream Again' from project 'Dream Again')
    cd /Users/shiv/Projects/iphone/Dream\ Again
    builtin-copy -exclude .DS_Store -exclude CVS -exclude .svn -exclude .git -exclude .hg -resolve-src-symlinks /Users/shiv/Projects/iphone/Dream\ Again/Dream\ Again/Resources/Audio/dream-waterStep.wav /tmp/dreamlooper-identity-build/Build/Products/Debug-iphonesimulator/Dream\ Again.app

CpResource /tmp/dreamlooper-identity-build/Build/Products/Debug-iphonesimulator/Dream\ Again.app/dream-water.wav /Users/shiv/Projects/iphone/Dream\ Again/Dream\ Again/Resources/Audio/dream-water.wav (in target 'Dream Again' from project 'Dream Again')
    cd /Users/shiv/Projects/iphone/Dream\ Again
    builtin-copy -exclude .DS_Store -exclude CVS -exclude .svn -exclude .git -exclude .hg -resolve-src-symlinks /Users/shiv/Projects/iphone/Dream\ Again/Dream\ Again/Resources/Audio/dream-water.wav /tmp/dreamlooper-identity-build/Build/Products/Debug-iphonesimulator/Dream\ Again.app

CpResource /tmp/dreamlooper-identity-build/Build/Products/Debug-iphonesimulator/Dream\ Again.app/dream-void.wav /Users/shiv/Projects/iphone/Dream\ Again/Dream\ Again/Resources/Audio/dream-void.wav (in target 'Dream Again' from project 'Dream Again')
    cd /Users/shiv/Projects/iphone/Dream\ Again
    builtin-copy -exclude .DS_Store -exclude CVS -exclude .svn -exclude .git -exclude .hg -resolve-src-symlinks /Users/shiv/Projects/iphone/Dream\ Again/Dream\ Again/Resources/Audio/dream-void.wav /tmp/dreamlooper-identity-build/Build/Products/Debug-iphonesimulator/Dream\ Again.app

CpResource /tmp/dreamlooper-identity-build/Build/Products/Debug-iphonesimulator/Dream\ Again.app/dream-uncanny.wav /Users/shiv/Projects/iphone/Dream\ Again/Dream\ Again/Resources/Audio/dream-uncanny.wav (in target 'Dream Again' from project 'Dream Again')
    cd /Users/shiv/Projects/iphone/Dream\ Again
    builtin-copy -exclude .DS_Store -exclude CVS -exclude .svn -exclude .git -exclude .hg -resolve-src-symlinks /Users/shiv/Projects/iphone/Dream\ Again/Dream\ Again/Resources/Audio/dream-uncanny.wav /tmp/dreamlooper-identity-build/Build/Products/Debug-iphonesimulator/Dream\ Again.app

CpResource /tmp/dreamlooper-identity-build/Build/Products/Debug-iphonesimulator/Dream\ Again.app/dream-theta.wav /Users/shiv/Projects/iphone/Dream\ Again/Dream\ Again/Resources/Audio/dream-theta.wav (in target 'Dream Again' from project 'Dream Again')
    cd /Users/shiv/Projects/iphone/Dream\ Again
    builtin-copy -exclude .DS_Store -exclude CVS -exclude .svn -exclude .git -exclude .hg -resolve-src-symlinks /Users/shiv/Projects/iphone/Dream\ Again/Dream\ Again/Resources/Audio/dream-theta.wav /tmp/dreamlooper-identity-build/Build/Products/Debug-iphonesimulator/Dream\ Again.app

CpResource /tmp/dreamlooper-identity-build/Build/Products/Debug-iphonesimulator/Dream\ Again.app/dream-stumble.wav /Users/shiv/Projects/iphone/Dream\ Again/Dream\ Again/Resources/Audio/dream-stumble.wav (in target 'Dream Again' from project 'Dream Again')
    cd /Users/shiv/Projects/iphone/Dream\ Again
    builtin-copy -exclude .DS_Store -exclude CVS -exclude .svn -exclude .git -exclude .hg -resolve-src-symlinks /Users/shiv/Projects/iphone/Dream\ Again/Dream\ Again/Resources/Audio/dream-stumble.wav /tmp/dreamlooper-identity-build/Build/Products/Debug-iphonesimulator/Dream\ Again.app

CpResource /tmp/dreamlooper-identity-build/Build/Products/Debug-iphonesimulator/Dream\ Again.app/dream-strawRepair.wav /Users/shiv/Projects/iphone/Dream\ Again/Dream\ Again/Resources/Audio/dream-strawRepair.wav (in target 'Dream Again' from project 'Dream Again')
    cd /Users/shiv/Projects/iphone/Dream\ Again
    builtin-copy -exclude .DS_Store -exclude CVS -exclude .svn -exclude .git -exclude .hg -resolve-src-symlinks /Users/shiv/Projects/iphone/Dream\ Again/Dream\ Again/Resources/Audio/dream-strawRepair.wav /tmp/dreamlooper-identity-build/Build/Products/Debug-iphonesimulator/Dream\ Again.app

CpResource /tmp/dreamlooper-identity-build/Build/Products/Debug-iphonesimulator/Dream\ Again.app/dream-strawBreak.wav /Users/shiv/Projects/iphone/Dream\ Again/Dream\ Again/Resources/Audio/dream-strawBreak.wav (in target 'Dream Again' from project 'Dream Again')
    cd /Users/shiv/Projects/iphone/Dream\ Again
    builtin-copy -exclude .DS_Store -exclude CVS -exclude .svn -exclude .git -exclude .hg -resolve-src-symlinks /Users/shiv/Projects/iphone/Dream\ Again/Dream\ Again/Resources/Audio/dream-strawBreak.wav /tmp/dreamlooper-identity-build/Build/Products/Debug-iphonesimulator/Dream\ Again.app

CpResource /tmp/dreamlooper-identity-build/Build/Products/Debug-iphonesimulator/Dream\ Again.app/dream-stoneStep.wav /Users/shiv/Projects/iphone/Dream\ Again/Dream\ Again/Resources/Audio/dream-stoneStep.wav (in target 'Dream Again' from project 'Dream Again')
    cd /Users/shiv/Projects/iphone/Dream\ Again
    builtin-copy -exclude .DS_Store -exclude CVS -exclude .svn -exclude .git -exclude .hg -resolve-src-symlinks /Users/shiv/Projects/iphone/Dream\ Again/Dream\ Again/Resources/Audio/dream-stoneStep.wav /tmp/dreamlooper-identity-build/Build/Products/Debug-iphonesimulator/Dream\ Again.app

CpResource /tmp/dreamlooper-identity-build/Build/Products/Debug-iphonesimulator/Dream\ Again.app/dream-step.wav /Users/shiv/Projects/iphone/Dream\ Again/Dream\ Again/Resources/Audio/dream-step.wav (in target 'Dream Again' from project 'Dream Again')
    cd /Users/shiv/Projects/iphone/Dream\ Again
    builtin-copy -exclude .DS_Store -exclude CVS -exclude .svn -exclude .git -exclude .hg -resolve-src-symlinks /Users/shiv/Projects/iphone/Dream\ Again/Dream\ Again/Resources/Audio/dream-step.wav /tmp/dreamlooper-identity-build/Build/Products/Debug-iphonesimulator/Dream\ Again.app

CpResource /tmp/dreamlooper-identity-build/Build/Products/Debug-iphonesimulator/Dream\ Again.app/dream-slide.wav /Users/shiv/Projects/iphone/Dream\ Again/Dream\ Again/Resources/Audio/dream-slide.wav (in target 'Dream Again' from project 'Dream Again')
    cd /Users/shiv/Projects/iphone/Dream\ Again
    builtin-copy -exclude .DS_Store -exclude CVS -exclude .svn -exclude .git -exclude .hg -resolve-src-symlinks /Users/shiv/Projects/iphone/Dream\ Again/Dream\ Again/Resources/Audio/dream-slide.wav /tmp/dreamlooper-identity-build/Build/Products/Debug-iphonesimulator/Dream\ Again.app

CpResource /tmp/dreamlooper-identity-build/Build/Products/Debug-iphonesimulator/Dream\ Again.app/dream-pulse.wav /Users/shiv/Projects/iphone/Dream\ Again/Dream\ Again/Resources/Audio/dream-pulse.wav (in target 'Dream Again' from project 'Dream Again')
    cd /Users/shiv/Projects/iphone/Dream\ Again
    builtin-copy -exclude .DS_Store -exclude CVS -exclude .svn -exclude .git -exclude .hg -resolve-src-symlinks /Users/shiv/Projects/iphone/Dream\ Again/Dream\ Again/Resources/Audio/dream-pulse.wav /tmp/dreamlooper-identity-build/Build/Products/Debug-iphonesimulator/Dream\ Again.app

CpResource /tmp/dreamlooper-identity-build/Build/Products/Debug-iphonesimulator/Dream\ Again.app/dream-motif-2.wav /Users/shiv/Projects/iphone/Dream\ Again/Dream\ Again/Resources/Audio/dream-motif-2.wav (in target 'Dream Again' from project 'Dream Again')
    cd /Users/shiv/Projects/iphone/Dream\ Again
    builtin-copy -exclude .DS_Store -exclude CVS -exclude .svn -exclude .git -exclude .hg -resolve-src-symlinks /Users/shiv/Projects/iphone/Dream\ Again/Dream\ Again/Resources/Audio/dream-motif-2.wav /tmp/dreamlooper-identity-build/Build/Products/Debug-iphonesimulator/Dream\ Again.app

CpResource /tmp/dreamlooper-identity-build/Build/Products/Debug-iphonesimulator/Dream\ Again.app/dream-motif-1.wav /Users/shiv/Projects/iphone/Dream\ Again/Dream\ Again/Resources/Audio/dream-motif-1.wav (in target 'Dream Again' from project 'Dream Again')
    cd /Users/shiv/Projects/iphone/Dream\ Again
    builtin-copy -exclude .DS_Store -exclude CVS -exclude .svn -exclude .git -exclude .hg -resolve-src-symlinks /Users/shiv/Projects/iphone/Dream\ Again/Dream\ Again/Resources/Audio/dream-motif-1.wav /tmp/dreamlooper-identity-build/Build/Products/Debug-iphonesimulator/Dream\ Again.app

CpResource /tmp/dreamlooper-identity-build/Build/Products/Debug-iphonesimulator/Dream\ Again.app/dream-motif-0.wav /Users/shiv/Projects/iphone/Dream\ Again/Dream\ Again/Resources/Audio/dream-motif-0.wav (in target 'Dream Again' from project 'Dream Again')
    cd /Users/shiv/Projects/iphone/Dream\ Again
    builtin-copy -exclude .DS_Store -exclude CVS -exclude .svn -exclude .git -exclude .hg -resolve-src-symlinks /Users/shiv/Projects/iphone/Dream\ Again/Dream\ Again/Resources/Audio/dream-motif-0.wav /tmp/dreamlooper-identity-build/Build/Products/Debug-iphonesimulator/Dream\ Again.app

CpResource /tmp/dreamlooper-identity-build/Build/Products/Debug-iphonesimulator/Dream\ Again.app/dream-mirror.wav /Users/shiv/Projects/iphone/Dream\ Again/Dream\ Again/Resources/Audio/dream-mirror.wav (in target 'Dream Again' from project 'Dream Again')
    cd /Users/shiv/Projects/iphone/Dream\ Again
    builtin-copy -exclude .DS_Store -exclude CVS -exclude .svn -exclude .git -exclude .hg -resolve-src-symlinks /Users/shiv/Projects/iphone/Dream\ Again/Dream\ Again/Resources/Audio/dream-mirror.wav /tmp/dreamlooper-identity-build/Build/Products/Debug-iphonesimulator/Dream\ Again.app

CpResource /tmp/dreamlooper-identity-build/Build/Products/Debug-iphonesimulator/Dream\ Again.app/dream-menu.wav /Users/shiv/Projects/iphone/Dream\ Again/Dream\ Again/Resources/Audio/dream-menu.wav (in target 'Dream Again' from project 'Dream Again')
    cd /Users/shiv/Projects/iphone/Dream\ Again
    builtin-copy -exclude .DS_Store -exclude CVS -exclude .svn -exclude .git -exclude .hg -resolve-src-symlinks /Users/shiv/Projects/iphone/Dream\ Again/Dream\ Again/Resources/Audio/dream-menu.wav /tmp/dreamlooper-identity-build/Build/Products/Debug-iphonesimulator/Dream\ Again.app

CpResource /tmp/dreamlooper-identity-build/Build/Products/Debug-iphonesimulator/Dream\ Again.app/dream-land.wav /Users/shiv/Projects/iphone/Dream\ Again/Dream\ Again/Resources/Audio/dream-land.wav (in target 'Dream Again' from project 'Dream Again')
    cd /Users/shiv/Projects/iphone/Dream\ Again
    builtin-copy -exclude .DS_Store -exclude CVS -exclude .svn -exclude .git -exclude .hg -resolve-src-symlinks /Users/shiv/Projects/iphone/Dream\ Again/Dream\ Again/Resources/Audio/dream-land.wav /tmp/dreamlooper-identity-build/Build/Products/Debug-iphonesimulator/Dream\ Again.app

CpResource /tmp/dreamlooper-identity-build/Build/Products/Debug-iphonesimulator/Dream\ Again.app/dream-jump.wav /Users/shiv/Projects/iphone/Dream\ Again/Dream\ Again/Resources/Audio/dream-jump.wav (in target 'Dream Again' from project 'Dream Again')
    cd /Users/shiv/Projects/iphone/Dream\ Again
    builtin-copy -exclude .DS_Store -exclude CVS -exclude .svn -exclude .git -exclude .hg -resolve-src-symlinks /Users/shiv/Projects/iphone/Dream\ Again/Dream\ Again/Resources/Audio/dream-jump.wav /tmp/dreamlooper-identity-build/Build/Products/Debug-iphonesimulator/Dream\ Again.app

CpResource /tmp/dreamlooper-identity-build/Build/Products/Debug-iphonesimulator/Dream\ Again.app/dream-drop.wav /Users/shiv/Projects/iphone/Dream\ Again/Dream\ Again/Resources/Audio/dream-drop.wav (in target 'Dream Again' from project 'Dream Again')
    cd /Users/shiv/Projects/iphone/Dream\ Again
    builtin-copy -exclude .DS_Store -exclude CVS -exclude .svn -exclude .git -exclude .hg -resolve-src-symlinks /Users/shiv/Projects/iphone/Dream\ Again/Dream\ Again/Resources/Audio/dream-drop.wav /tmp/dreamlooper-identity-build/Build/Products/Debug-iphonesimulator/Dream\ Again.app

CpResource /tmp/dreamlooper-identity-build/Build/Products/Debug-iphonesimulator/Dream\ Again.app/dream-clover.wav /Users/shiv/Projects/iphone/Dream\ Again/Dream\ Again/Resources/Audio/dream-clover.wav (in target 'Dream Again' from project 'Dream Again')
    cd /Users/shiv/Projects/iphone/Dream\ Again
    builtin-copy -exclude .DS_Store -exclude CVS -exclude .svn -exclude .git -exclude .hg -resolve-src-symlinks /Users/shiv/Projects/iphone/Dream\ Again/Dream\ Again/Resources/Audio/dream-clover.wav /tmp/dreamlooper-identity-build/Build/Products/Debug-iphonesimulator/Dream\ Again.app

CpResource /tmp/dreamlooper-identity-build/Build/Products/Debug-iphonesimulator/Dream\ Again.app/dream-balloon.wav /Users/shiv/Projects/iphone/Dream\ Again/Dream\ Again/Resources/Audio/dream-balloon.wav (in target 'Dream Again' from project 'Dream Again')
    cd /Users/shiv/Projects/iphone/Dream\ Again
    builtin-copy -exclude .DS_Store -exclude CVS -exclude .svn -exclude .git -exclude .hg -resolve-src-symlinks /Users/shiv/Projects/iphone/Dream\ Again/Dream\ Again/Resources/Audio/dream-balloon.wav /tmp/dreamlooper-identity-build/Build/Products/Debug-iphonesimulator/Dream\ Again.app

CpResource /tmp/dreamlooper-identity-build/Build/Products/Debug-iphonesimulator/Dream\ Again.app/dream-balloon-2.wav /Users/shiv/Projects/iphone/Dream\ Again/Dream\ Again/Resources/Audio/dream-balloon-2.wav (in target 'Dream Again' from project 'Dream Again')
    cd /Users/shiv/Projects/iphone/Dream\ Again
    builtin-copy -exclude .DS_Store -exclude CVS -exclude .svn -exclude .git -exclude .hg -resolve-src-symlinks /Users/shiv/Projects/iphone/Dream\ Again/Dream\ Again/Resources/Audio/dream-balloon-2.wav /tmp/dreamlooper-identity-build/Build/Products/Debug-iphonesimulator/Dream\ Again.app

CpResource /tmp/dreamlooper-identity-build/Build/Products/Debug-iphonesimulator/Dream\ Again.app/dream-balloon-1.wav /Users/shiv/Projects/iphone/Dream\ Again/Dream\ Again/Resources/Audio/dream-balloon-1.wav (in target 'Dream Again' from project 'Dream Again')
    cd /Users/shiv/Projects/iphone/Dream\ Again
    builtin-copy -exclude .DS_Store -exclude CVS -exclude .svn -exclude .git -exclude .hg -resolve-src-symlinks /Users/shiv/Projects/iphone/Dream\ Again/Dream\ Again/Resources/Audio/dream-balloon-1.wav /tmp/dreamlooper-identity-build/Build/Products/Debug-iphonesimulator/Dream\ Again.app

CpResource /tmp/dreamlooper-identity-build/Build/Products/Debug-iphonesimulator/Dream\ Again.app/dream-alien.wav /Users/shiv/Projects/iphone/Dream\ Again/Dream\ Again/Resources/Audio/dream-alien.wav (in target 'Dream Again' from project 'Dream Again')
    cd /Users/shiv/Projects/iphone/Dream\ Again
    builtin-copy -exclude .DS_Store -exclude CVS -exclude .svn -exclude .git -exclude .hg -resolve-src-symlinks /Users/shiv/Projects/iphone/Dream\ Again/Dream\ Again/Resources/Audio/dream-alien.wav /tmp/dreamlooper-identity-build/Build/Products/Debug-iphonesimulator/Dream\ Again.app

CpResource /tmp/dreamlooper-identity-build/Build/Products/Debug-iphonesimulator/Dream\ Again.app/dream-air.wav /Users/shiv/Projects/iphone/Dream\ Again/Dream\ Again/Resources/Audio/dream-air.wav (in target 'Dream Again' from project 'Dream Again')
    cd /Users/shiv/Projects/iphone/Dream\ Again
    builtin-copy -exclude .DS_Store -exclude CVS -exclude .svn -exclude .git -exclude .hg -resolve-src-symlinks /Users/shiv/Projects/iphone/Dream\ Again/Dream\ Again/Resources/Audio/dream-air.wav /tmp/dreamlooper-identity-build/Build/Products/Debug-iphonesimulator/Dream\ Again.app

CpResource /tmp/dreamlooper-identity-build/Build/Products/Debug-iphonesimulator/Dream\ Again.app/cosmetics.json /Users/shiv/Projects/iphone/Dream\ Again/Dream\ Again/Resources/cosmetics.json (in target 'Dream Again' from project 'Dream Again')
    cd /Users/shiv/Projects/iphone/Dream\ Again
    builtin-copy -exclude .DS_Store -exclude CVS -exclude .svn -exclude .git -exclude .hg -resolve-src-symlinks /Users/shiv/Projects/iphone/Dream\ Again/Dream\ Again/Resources/cosmetics.json /tmp/dreamlooper-identity-build/Build/Products/Debug-iphonesimulator/Dream\ Again.app

CpResource /tmp/dreamlooper-identity-build/Build/Products/Debug-iphonesimulator/Dream\ Again.app/conformance_vectors.json /Users/shiv/Projects/iphone/Dream\ Again/Dream\ Again/Resources/conformance_vectors.json (in target 'Dream Again' from project 'Dream Again')
    cd /Users/shiv/Projects/iphone/Dream\ Again
    builtin-copy -exclude .DS_Store -exclude CVS -exclude .svn -exclude .git -exclude .hg -resolve-src-symlinks /Users/shiv/Projects/iphone/Dream\ Again/Dream\ Again/Resources/conformance_vectors.json /tmp/dreamlooper-identity-build/Build/Products/Debug-iphonesimulator/Dream\ Again.app

CpResource /tmp/dreamlooper-identity-build/Build/Products/Debug-iphonesimulator/Dream\ Again.app/asset_catalog.json /Users/shiv/Projects/iphone/Dream\ Again/Dream\ Again/Resources/asset_catalog.json (in target 'Dream Again' from project 'Dream Again')
    cd /Users/shiv/Projects/iphone/Dream\ Again
    builtin-copy -exclude .DS_Store -exclude CVS -exclude .svn -exclude .git -exclude .hg -resolve-src-symlinks /Users/shiv/Projects/iphone/Dream\ Again/Dream\ Again/Resources/asset_catalog.json /tmp/dreamlooper-identity-build/Build/Products/Debug-iphonesimulator/Dream\ Again.app

CpResource /tmp/dreamlooper-identity-build/Build/Products/Debug-iphonesimulator/Dream\ Again.app/achievements.json /Users/shiv/Projects/iphone/Dream\ Again/Dream\ Again/Resources/achievements.json (in target 'Dream Again' from project 'Dream Again')
    cd /Users/shiv/Projects/iphone/Dream\ Again
    builtin-copy -exclude .DS_Store -exclude CVS -exclude .svn -exclude .git -exclude .hg -resolve-src-symlinks /Users/shiv/Projects/iphone/Dream\ Again/Dream\ Again/Resources/achievements.json /tmp/dreamlooper-identity-build/Build/Products/Debug-iphonesimulator/Dream\ Again.app

CpResource /tmp/dreamlooper-identity-build/Build/Products/Debug-iphonesimulator/Dream\ Again.app/Services.example.json /Users/shiv/Projects/iphone/Dream\ Again/Dream\ Again/Configuration/Services.example.json (in target 'Dream Again' from project 'Dream Again')
    cd /Users/shiv/Projects/iphone/Dream\ Again
    builtin-copy -exclude .DS_Store -exclude CVS -exclude .svn -exclude .git -exclude .hg -resolve-src-symlinks /Users/shiv/Projects/iphone/Dream\ Again/Dream\ Again/Configuration/Services.example.json /tmp/dreamlooper-identity-build/Build/Products/Debug-iphonesimulator/Dream\ Again.app

CpResource /tmp/dreamlooper-identity-build/Build/Products/Debug-iphonesimulator/Dream\ Again.app/DreamAgain.storekit /Users/shiv/Projects/iphone/Dream\ Again/Dream\ Again/Resources/DreamAgain.storekit (in target 'Dream Again' from project 'Dream Again')
    cd /Users/shiv/Projects/iphone/Dream\ Again
    builtin-copy -exclude .DS_Store -exclude CVS -exclude .svn -exclude .git -exclude .hg -resolve-src-symlinks /Users/shiv/Projects/iphone/Dream\ Again/Dream\ Again/Resources/DreamAgain.storekit /tmp/dreamlooper-identity-build/Build/Products/Debug-iphonesimulator/Dream\ Again.app

CopyPNGFile /tmp/dreamlooper-identity-build/Build/Products/Debug-iphonesimulator/Dream\ Again.app/window_pink.png /Users/shiv/Projects/iphone/Dream\ Again/Dream\ Again/Resources/DreamCollage/window_pink.png (in target 'Dream Again' from project 'Dream Again')
    cd /Users/shiv/Projects/iphone/Dream\ Again
    /Applications/Xcode.app/Contents/Developer/usr/bin/copypng -compress -strip-PNG-text /Users/shiv/Projects/iphone/Dream\ Again/Dream\ Again/Resources/DreamCollage/window_pink.png /tmp/dreamlooper-identity-build/Build/Products/Debug-iphonesimulator/Dream\ Again.app/window_pink.png

CopyPNGFile /tmp/dreamlooper-identity-build/Build/Products/Debug-iphonesimulator/Dream\ Again.app/window_aqua.png /Users/shiv/Projects/iphone/Dream\ Again/Dream\ Again/Resources/DreamCollage/window_aqua.png (in target 'Dream Again' from project 'Dream Again')
    cd /Users/shiv/Projects/iphone/Dream\ Again
    /Applications/Xcode.app/Contents/Developer/usr/bin/copypng -compress -strip-PNG-text /Users/shiv/Projects/iphone/Dream\ Again/Dream\ Again/Resources/DreamCollage/window_aqua.png /tmp/dreamlooper-identity-build/Build/Products/Debug-iphonesimulator/Dream\ Again.app/window_aqua.png

CopyPNGFile /tmp/dreamlooper-identity-build/Build/Products/Debug-iphonesimulator/Dream\ Again.app/whale_opal.png /Users/shiv/Projects/iphone/Dream\ Again/Dream\ Again/Resources/DreamCollage/whale_opal.png (in target 'Dream Again' from project 'Dream Again')
    cd /Users/shiv/Projects/iphone/Dream\ Again
    /Applications/Xcode.app/Contents/Developer/usr/bin/copypng -compress -strip-PNG-text /Users/shiv/Projects/iphone/Dream\ Again/Dream\ Again/Resources/DreamCollage/whale_opal.png /tmp/dreamlooper-identity-build/Build/Products/Debug-iphonesimulator/Dream\ Again.app/whale_opal.png

CopyPNGFile /tmp/dreamlooper-identity-build/Build/Products/Debug-iphonesimulator/Dream\ Again.app/water_curtain.png /Users/shiv/Projects/iphone/Dream\ Again/Dream\ Again/Resources/DreamCollage/water_curtain.png (in target 'Dream Again' from project 'Dream Again')
    cd /Users/shiv/Projects/iphone/Dream\ Again
    /Applications/Xcode.app/Contents/Developer/usr/bin/copypng -compress -strip-PNG-text /Users/shiv/Projects/iphone/Dream\ Again/Dream\ Again/Resources/DreamCollage/water_curtain.png /tmp/dreamlooper-identity-build/Build/Products/Debug-iphonesimulator/Dream\ Again.app/water_curtain.png

CopyPNGFile /tmp/dreamlooper-identity-build/Build/Products/Debug-iphonesimulator/Dream\ Again.app/tv_cloud.png /Users/shiv/Projects/iphone/Dream\ Again/Dream\ Again/Resources/DreamCollage/tv_cloud.png (in target 'Dream Again' from project 'Dream Again')
    cd /Users/shiv/Projects/iphone/Dream\ Again
    /Applications/Xcode.app/Contents/Developer/usr/bin/copypng -compress -strip-PNG-text /Users/shiv/Projects/iphone/Dream\ Again/Dream\ Again/Resources/DreamCollage/tv_cloud.png /tmp/dreamlooper-identity-build/Build/Products/Debug-iphonesimulator/Dream\ Again.app/tv_cloud.png

CopyPNGFile /tmp/dreamlooper-identity-build/Build/Products/Debug-iphonesimulator/Dream\ Again.app/tree_painted.png /Users/shiv/Projects/iphone/Dream\ Again/Dream\ Again/Resources/DreamCollage/tree_painted.png (in target 'Dream Again' from project 'Dream Again')
    cd /Users/shiv/Projects/iphone/Dream\ Again
    /Applications/Xcode.app/Contents/Developer/usr/bin/copypng -compress -strip-PNG-text /Users/shiv/Projects/iphone/Dream\ Again/Dream\ Again/Resources/DreamCollage/tree_painted.png /tmp/dreamlooper-identity-build/Build/Products/Debug-iphonesimulator/Dream\ Again.app/tree_painted.png

CopyPNGFile /tmp/dreamlooper-identity-build/Build/Products/Debug-iphonesimulator/Dream\ Again.app/tree_oak.png /Users/shiv/Projects/iphone/Dream\ Again/Dream\ Again/Resources/DreamCollage/tree_oak.png (in target 'Dream Again' from project 'Dream Again')
    cd /Users/shiv/Projects/iphone/Dream\ Again
    /Applications/Xcode.app/Contents/Developer/usr/bin/copypng -compress -strip-PNG-text /Users/shiv/Projects/iphone/Dream\ Again/Dream\ Again/Resources/DreamCollage/tree_oak.png /tmp/dreamlooper-identity-build/Build/Products/Debug-iphonesimulator/Dream\ Again.app/tree_oak.png

CopyPNGFile /tmp/dreamlooper-identity-build/Build/Products/Debug-iphonesimulator/Dream\ Again.app/tree_fuzzy.png /Users/shiv/Projects/iphone/Dream\ Again/Dream\ Again/Resources/DreamCollage/tree_fuzzy.png (in target 'Dream Again' from project 'Dream Again')
    cd /Users/shiv/Projects/iphone/Dream\ Again
    /Applications/Xcode.app/Contents/Developer/usr/bin/copypng -compress -strip-PNG-text /Users/shiv/Projects/iphone/Dream\ Again/Dream\ Again/Resources/DreamCollage/tree_fuzzy.png /tmp/dreamlooper-identity-build/Build/Products/Debug-iphonesimulator/Dream\ Again.app/tree_fuzzy.png

CopyPNGFile /tmp/dreamlooper-identity-build/Build/Products/Debug-iphonesimulator/Dream\ Again.app/tree_dead.png /Users/shiv/Projects/iphone/Dream\ Again/Dream\ Again/Resources/DreamCollage/tree_dead.png (in target 'Dream Again' from project 'Dream Again')
    cd /Users/shiv/Projects/iphone/Dream\ Again
    /Applications/Xcode.app/Contents/Developer/usr/bin/copypng -compress -strip-PNG-text /Users/shiv/Projects/iphone/Dream\ Again/Dream\ Again/Resources/DreamCollage/tree_dead.png /tmp/dreamlooper-identity-build/Build/Products/Debug-iphonesimulator/Dream\ Again.app/tree_dead.png

CopyPNGFile /tmp/dreamlooper-identity-build/Build/Products/Debug-iphonesimulator/Dream\ Again.app/tree_blue.png /Users/shiv/Projects/iphone/Dream\ Again/Dream\ Again/Resources/DreamCollage/tree_blue.png (in target 'Dream Again' from project 'Dream Again')
    cd /Users/shiv/Projects/iphone/Dream\ Again
    /Applications/Xcode.app/Contents/Developer/usr/bin/copypng -compress -strip-PNG-text /Users/shiv/Projects/iphone/Dream\ Again/Dream\ Again/Resources/DreamCollage/tree_blue.png /tmp/dreamlooper-identity-build/Build/Products/Debug-iphonesimulator/Dream\ Again.app/tree_blue.png

CopyPNGFile /tmp/dreamlooper-identity-build/Build/Products/Debug-iphonesimulator/Dream\ Again.app/telephone_banana.png /Users/shiv/Projects/iphone/Dream\ Again/Dream\ Again/Resources/DreamCollage/telephone_banana.png (in target 'Dream Again' from project 'Dream Again')
    cd /Users/shiv/Projects/iphone/Dream\ Again
    /Applications/Xcode.app/Contents/Developer/usr/bin/copypng -compress -strip-PNG-text /Users/shiv/Projects/iphone/Dream\ Again/Dream\ Again/Resources/DreamCollage/telephone_banana.png /tmp/dreamlooper-identity-build/Build/Products/Debug-iphonesimulator/Dream\ Again.app/telephone_banana.png

CopyPNGFile /tmp/dreamlooper-identity-build/Build/Products/Debug-iphonesimulator/Dream\ Again.app/stove_chrome.png /Users/shiv/Projects/iphone/Dream\ Again/Dream\ Again/Resources/DreamCollage/stove_chrome.png (in target 'Dream Again' from project 'Dream Again')
    cd /Users/shiv/Projects/iphone/Dream\ Again
    /Applications/Xcode.app/Contents/Developer/usr/bin/copypng -compress -strip-PNG-text /Users/shiv/Projects/iphone/Dream\ Again/Dream\ Again/Resources/DreamCollage/stove_chrome.png /tmp/dreamlooper-identity-build/Build/Products/Debug-iphonesimulator/Dream\ Again.app/stove_chrome.png

CopyPNGFile /tmp/dreamlooper-identity-build/Build/Products/Debug-iphonesimulator/Dream\ Again.app/storm-threat.png /Users/shiv/Projects/iphone/Dream\ Again/Dream\ Again/Resources/Weather/storm-threat.png (in target 'Dream Again' from project 'Dream Again')
    cd /Users/shiv/Projects/iphone/Dream\ Again
    /Applications/Xcode.app/Contents/Developer/usr/bin/copypng -compress -strip-PNG-text /Users/shiv/Projects/iphone/Dream\ Again/Dream\ Again/Resources/Weather/storm-threat.png /tmp/dreamlooper-identity-build/Build/Products/Debug-iphonesimulator/Dream\ Again.app/storm-threat.png

CopyPNGFile /tmp/dreamlooper-identity-build/Build/Products/Debug-iphonesimulator/Dream\ Again.app/seahorse_gold.png /Users/shiv/Projects/iphone/Dream\ Again/Dream\ Again/Resources/DreamCollage/seahorse_gold.png (in target 'Dream Again' from project 'Dream Again')
    cd /Users/shiv/Projects/iphone/Dream\ Again
    /Applications/Xcode.app/Contents/Developer/usr/bin/copypng -compress -strip-PNG-text /Users/shiv/Projects/iphone/Dream\ Again/Dream\ Again/Resources/DreamCollage/seahorse_gold.png /tmp/dreamlooper-identity-build/Build/Products/Debug-iphonesimulator/Dream\ Again.app/seahorse_gold.png

CopyPNGFile /tmp/dreamlooper-identity-build/Build/Products/Debug-iphonesimulator/Dream\ Again.app/rock_amethyst.png /Users/shiv/Projects/iphone/Dream\ Again/Dream\ Again/Resources/DreamCollage/rock_amethyst.png (in target 'Dream Again' from project 'Dream Again')
    cd /Users/shiv/Projects/iphone/Dream\ Again
    /Applications/Xcode.app/Contents/Developer/usr/bin/copypng -compress -strip-PNG-text /Users/shiv/Projects/iphone/Dream\ Again/Dream\ Again/Resources/DreamCollage/rock_amethyst.png /tmp/dreamlooper-identity-build/Build/Products/Debug-iphonesimulator/Dream\ Again.app/rock_amethyst.png

CopyPNGFile /tmp/dreamlooper-identity-build/Build/Products/Debug-iphonesimulator/Dream\ Again.app/ribbon_iridescent.png /Users/shiv/Projects/iphone/Dream\ Again/Dream\ Again/Resources/DreamCollage/ribbon_iridescent.png (in target 'Dream Again' from project 'Dream Again')
    cd /Users/shiv/Projects/iphone/Dream\ Again
    /Applications/Xcode.app/Contents/Developer/usr/bin/copypng -compress -strip-PNG-text /Users/shiv/Projects/iphone/Dream\ Again/Dream\ Again/Resources/DreamCollage/ribbon_iridescent.png /tmp/dreamlooper-identity-build/Build/Products/Debug-iphonesimulator/Dream\ Again.app/ribbon_iridescent.png

CopyPNGFile /tmp/dreamlooper-identity-build/Build/Products/Debug-iphonesimulator/Dream\ Again.app/nautilus_pearl.png /Users/shiv/Projects/iphone/Dream\ Again/Dream\ Again/Resources/DreamCollage/nautilus_pearl.png (in target 'Dream Again' from project 'Dream Again')
    cd /Users/shiv/Projects/iphone/Dream\ Again
    /Applications/Xcode.app/Contents/Developer/usr/bin/copypng -compress -strip-PNG-text /Users/shiv/Projects/iphone/Dream\ Again/Dream\ Again/Resources/DreamCollage/nautilus_pearl.png /tmp/dreamlooper-identity-build/Build/Products/Debug-iphonesimulator/Dream\ Again.app/nautilus_pearl.png

CopyPNGFile /tmp/dreamlooper-identity-build/Build/Products/Debug-iphonesimulator/Dream\ Again.app/moon_red.png /Users/shiv/Projects/iphone/Dream\ Again/Dream\ Again/Resources/DreamCollage/moon_red.png (in target 'Dream Again' from project 'Dream Again')
    cd /Users/shiv/Projects/iphone/Dream\ Again
    /Applications/Xcode.app/Contents/Developer/usr/bin/copypng -compress -strip-PNG-text /Users/shiv/Projects/iphone/Dream\ Again/Dream\ Again/Resources/DreamCollage/moon_red.png /tmp/dreamlooper-identity-build/Build/Products/Debug-iphonesimulator/Dream\ Again.app/moon_red.png

CopyPNGFile /tmp/dreamlooper-identity-build/Build/Products/Debug-iphonesimulator/Dream\ Again.app/moon_real.png /Users/shiv/Projects/iphone/Dream\ Again/Dream\ Again/Resources/DreamCollage/moon_real.png (in target 'Dream Again' from project 'Dream Again')
    cd /Users/shiv/Projects/iphone/Dream\ Again
    /Applications/Xcode.app/Contents/Developer/usr/bin/copypng -compress -strip-PNG-text /Users/shiv/Projects/iphone/Dream\ Again/Dream\ Again/Resources/DreamCollage/moon_real.png /tmp/dreamlooper-identity-build/Build/Products/Debug-iphonesimulator/Dream\ Again.app/moon_real.png

CopyPNGFile /tmp/dreamlooper-identity-build/Build/Products/Debug-iphonesimulator/Dream\ Again.app/moon_pearl.png /Users/shiv/Projects/iphone/Dream\ Again/Dream\ Again/Resources/DreamCollage/moon_pearl.png (in target 'Dream Again' from project 'Dream Again')
    cd /Users/shiv/Projects/iphone/Dream\ Again
    /Applications/Xcode.app/Contents/Developer/usr/bin/copypng -compress -strip-PNG-text /Users/shiv/Projects/iphone/Dream\ Again/Dream\ Again/Resources/DreamCollage/moon_pearl.png /tmp/dreamlooper-identity-build/Build/Products/Debug-iphonesimulator/Dream\ Again.app/moon_pearl.png

CopyPNGFile /tmp/dreamlooper-identity-build/Build/Products/Debug-iphonesimulator/Dream\ Again.app/manta_silk.png /Users/shiv/Projects/iphone/Dream\ Again/Dream\ Again/Resources/DreamCollage/manta_silk.png (in target 'Dream Again' from project 'Dream Again')
    cd /Users/shiv/Projects/iphone/Dream\ Again
    /Applications/Xcode.app/Contents/Developer/usr/bin/copypng -compress -strip-PNG-text /Users/shiv/Projects/iphone/Dream\ Again/Dream\ Again/Resources/DreamCollage/manta_silk.png /tmp/dreamlooper-identity-build/Build/Products/Debug-iphonesimulator/Dream\ Again.app/manta_silk.png

CopyPNGFile /tmp/dreamlooper-identity-build/Build/Products/Debug-iphonesimulator/Dream\ Again.app/jellyfish_lilac.png /Users/shiv/Projects/iphone/Dream\ Again/Dream\ Again/Resources/DreamCollage/jellyfish_lilac.png (in target 'Dream Again' from project 'Dream Again')
    cd /Users/shiv/Projects/iphone/Dream\ Again
    /Applications/Xcode.app/Contents/Developer/usr/bin/copypng -compress -strip-PNG-text /Users/shiv/Projects/iphone/Dream\ Again/Dream\ Again/Resources/DreamCollage/jellyfish_lilac.png /tmp/dreamlooper-identity-build/Build/Products/Debug-iphonesimulator/Dream\ Again.app/jellyfish_lilac.png

CopyPNGFile /tmp/dreamlooper-identity-build/Build/Products/Debug-iphonesimulator/Dream\ Again.app/house_stilt.png /Users/shiv/Projects/iphone/Dream\ Again/Dream\ Again/Resources/DreamCollage/house_stilt.png (in target 'Dream Again' from project 'Dream Again')
    cd /Users/shiv/Projects/iphone/Dream\ Again
    /Applications/Xcode.app/Contents/Developer/usr/bin/copypng -compress -strip-PNG-text /Users/shiv/Projects/iphone/Dream\ Again/Dream\ Again/Resources/DreamCollage/house_stilt.png /tmp/dreamlooper-identity-build/Build/Products/Debug-iphonesimulator/Dream\ Again.app/house_stilt.png

CopyPNGFile /tmp/dreamlooper-identity-build/Build/Products/Debug-iphonesimulator/Dream\ Again.app/house_photo.png /Users/shiv/Projects/iphone/Dream\ Again/Dream\ Again/Resources/DreamCollage/house_photo.png (in target 'Dream Again' from project 'Dream Again')
    cd /Users/shiv/Projects/iphone/Dream\ Again
    /Applications/Xcode.app/Contents/Developer/usr/bin/copypng -compress -strip-PNG-text /Users/shiv/Projects/iphone/Dream\ Again/Dream\ Again/Resources/DreamCollage/house_photo.png /tmp/dreamlooper-identity-build/Build/Products/Debug-iphonesimulator/Dream\ Again.app/house_photo.png

CopyPNGFile /tmp/dreamlooper-identity-build/Build/Products/Debug-iphonesimulator/Dream\ Again.app/house_painted.png /Users/shiv/Projects/iphone/Dream\ Again/Dream\ Again/Resources/DreamCollage/house_painted.png (in target 'Dream Again' from project 'Dream Again')
    cd /Users/shiv/Projects/iphone/Dream\ Again
    /Applications/Xcode.app/Contents/Developer/usr/bin/copypng -compress -strip-PNG-text /Users/shiv/Projects/iphone/Dream\ Again/Dream\ Again/Resources/DreamCollage/house_painted.png /tmp/dreamlooper-identity-build/Build/Products/Debug-iphonesimulator/Dream\ Again.app/house_painted.png

CopyPNGFile /tmp/dreamlooper-identity-build/Build/Products/Debug-iphonesimulator/Dream\ Again.app/house_fuzzy.png /Users/shiv/Projects/iphone/Dream\ Again/Dream\ Again/Resources/DreamCollage/house_fuzzy.png (in target 'Dream Again' from project 'Dream Again')
    cd /Users/shiv/Projects/iphone/Dream\ Again
    /Applications/Xcode.app/Contents/Developer/usr/bin/copypng -compress -strip-PNG-text /Users/shiv/Projects/iphone/Dream\ Again/Dream\ Again/Resources/DreamCollage/house_fuzzy.png /tmp/dreamlooper-identity-build/Build/Products/Debug-iphonesimulator/Dream\ Again.app/house_fuzzy.png

CopyPNGFile /tmp/dreamlooper-identity-build/Build/Products/Debug-iphonesimulator/Dream\ Again.app/house_brutal.png /Users/shiv/Projects/iphone/Dream\ Again/Dream\ Again/Resources/DreamCollage/house_brutal.png (in target 'Dream Again' from project 'Dream Again')
    cd /Users/shiv/Projects/iphone/Dream\ Again
    /Applications/Xcode.app/Contents/Developer/usr/bin/copypng -compress -strip-PNG-text /Users/shiv/Projects/iphone/Dream\ Again/Dream\ Again/Resources/DreamCollage/house_brutal.png /tmp/dreamlooper-identity-build/Build/Products/Debug-iphonesimulator/Dream\ Again.app/house_brutal.png

CopyPNGFile /tmp/dreamlooper-identity-build/Build/Products/Debug-iphonesimulator/Dream\ Again.app/horse_white.png /Users/shiv/Projects/iphone/Dream\ Again/Dream\ Again/Resources/DreamCollage/horse_white.png (in target 'Dream Again' from project 'Dream Again')
    cd /Users/shiv/Projects/iphone/Dream\ Again
    /Applications/Xcode.app/Contents/Developer/usr/bin/copypng -compress -strip-PNG-text /Users/shiv/Projects/iphone/Dream\ Again/Dream\ Again/Resources/DreamCollage/horse_white.png /tmp/dreamlooper-identity-build/Build/Products/Debug-iphonesimulator/Dream\ Again.app/horse_white.png

CopyPNGFile /tmp/dreamlooper-identity-build/Build/Products/Debug-iphonesimulator/Dream\ Again.app/horse_red.png /Users/shiv/Projects/iphone/Dream\ Again/Dream\ Again/Resources/DreamCollage/horse_red.png (in target 'Dream Again' from project 'Dream Again')
    cd /Users/shiv/Projects/iphone/Dream\ Again
    /Applications/Xcode.app/Contents/Developer/usr/bin/copypng -compress -strip-PNG-text /Users/shiv/Projects/iphone/Dream\ Again/Dream\ Again/Resources/DreamCollage/horse_red.png /tmp/dreamlooper-identity-build/Build/Products/Debug-iphonesimulator/Dream\ Again.app/horse_red.png

CopyPNGFile /tmp/dreamlooper-identity-build/Build/Products/Debug-iphonesimulator/Dream\ Again.app/horse_pink.png /Users/shiv/Projects/iphone/Dream\ Again/Dream\ Again/Resources/DreamCollage/horse_pink.png (in target 'Dream Again' from project 'Dream Again')
    cd /Users/shiv/Projects/iphone/Dream\ Again
    /Applications/Xcode.app/Contents/Developer/usr/bin/copypng -compress -strip-PNG-text /Users/shiv/Projects/iphone/Dream\ Again/Dream\ Again/Resources/DreamCollage/horse_pink.png /tmp/dreamlooper-identity-build/Build/Products/Debug-iphonesimulator/Dream\ Again.app/horse_pink.png

CopyPNGFile /tmp/dreamlooper-identity-build/Build/Products/Debug-iphonesimulator/Dream\ Again.app/horse_brown.png /Users/shiv/Projects/iphone/Dream\ Again/Dream\ Again/Resources/DreamCollage/horse_brown.png (in target 'Dream Again' from project 'Dream Again')
    cd /Users/shiv/Projects/iphone/Dream\ Again
    /Applications/Xcode.app/Contents/Developer/usr/bin/copypng -compress -strip-PNG-text /Users/shiv/Projects/iphone/Dream\ Again/Dream\ Again/Resources/DreamCollage/horse_brown.png /tmp/dreamlooper-identity-build/Build/Products/Debug-iphonesimulator/Dream\ Again.app/horse_brown.png

CopyPNGFile /tmp/dreamlooper-identity-build/Build/Products/Debug-iphonesimulator/Dream\ Again.app/horse_black.png /Users/shiv/Projects/iphone/Dream\ Again/Dream\ Again/Resources/DreamCollage/horse_black.png (in target 'Dream Again' from project 'Dream Again')
    cd /Users/shiv/Projects/iphone/Dream\ Again
    /Applications/Xcode.app/Contents/Developer/usr/bin/copypng -compress -strip-PNG-text /Users/shiv/Projects/iphone/Dream\ Again/Dream\ Again/Resources/DreamCollage/horse_black.png /tmp/dreamlooper-identity-build/Build/Products/Debug-iphonesimulator/Dream\ Again.app/horse_black.png

CopyPNGFile /tmp/dreamlooper-identity-build/Build/Products/Debug-iphonesimulator/Dream\ Again.app/fog_silver.png /Users/shiv/Projects/iphone/Dream\ Again/Dream\ Again/Resources/DreamCollage/fog_silver.png (in target 'Dream Again' from project 'Dream Again')
    cd /Users/shiv/Projects/iphone/Dream\ Again
    /Applications/Xcode.app/Contents/Developer/usr/bin/copypng -compress -strip-PNG-text /Users/shiv/Projects/iphone/Dream\ Again/Dream\ Again/Resources/DreamCollage/fog_silver.png /tmp/dreamlooper-identity-build/Build/Products/Debug-iphonesimulator/Dream\ Again.app/fog_silver.png

CopyPNGFile /tmp/dreamlooper-identity-build/Build/Products/Debug-iphonesimulator/Dream\ Again.app/fog_lavender.png /Users/shiv/Projects/iphone/Dream\ Again/Dream\ Again/Resources/DreamCollage/fog_lavender.png (in target 'Dream Again' from project 'Dream Again')
    cd /Users/shiv/Projects/iphone/Dream\ Again
    /Applications/Xcode.app/Contents/Developer/usr/bin/copypng -compress -strip-PNG-text /Users/shiv/Projects/iphone/Dream\ Again/Dream\ Again/Resources/DreamCollage/fog_lavender.png /tmp/dreamlooper-identity-build/Build/Products/Debug-iphonesimulator/Dream\ Again.app/fog_lavender.png

CopyPNGFile /tmp/dreamlooper-identity-build/Build/Products/Debug-iphonesimulator/Dream\ Again.app/flower_orchid.png /Users/shiv/Projects/iphone/Dream\ Again/Dream\ Again/Resources/DreamCollage/flower_orchid.png (in target 'Dream Again' from project 'Dream Again')
    cd /Users/shiv/Projects/iphone/Dream\ Again
    /Applications/Xcode.app/Contents/Developer/usr/bin/copypng -compress -strip-PNG-text /Users/shiv/Projects/iphone/Dream\ Again/Dream\ Again/Resources/DreamCollage/flower_orchid.png /tmp/dreamlooper-identity-build/Build/Products/Debug-iphonesimulator/Dream\ Again.app/flower_orchid.png

CopyPNGFile /tmp/dreamlooper-identity-build/Build/Products/Debug-iphonesimulator/Dream\ Again.app/eel_ribbon.png /Users/shiv/Projects/iphone/Dream\ Again/Dream\ Again/Resources/DreamCollage/eel_ribbon.png (in target 'Dream Again' from project 'Dream Again')
    cd /Users/shiv/Projects/iphone/Dream\ Again
    /Applications/Xcode.app/Contents/Developer/usr/bin/copypng -compress -strip-PNG-text /Users/shiv/Projects/iphone/Dream\ Again/Dream\ Again/Resources/DreamCollage/eel_ribbon.png /tmp/dreamlooper-identity-build/Build/Products/Debug-iphonesimulator/Dream\ Again.app/eel_ribbon.png

CopyPNGFile /tmp/dreamlooper-identity-build/Build/Products/Debug-iphonesimulator/Dream\ Again.app/cloud_white.png /Users/shiv/Projects/iphone/Dream\ Again/Dream\ Again/Resources/DreamCollage/cloud_white.png (in target 'Dream Again' from project 'Dream Again')
    cd /Users/shiv/Projects/iphone/Dream\ Again
    /Applications/Xcode.app/Contents/Developer/usr/bin/copypng -compress -strip-PNG-text /Users/shiv/Projects/iphone/Dream\ Again/Dream\ Again/Resources/DreamCollage/cloud_white.png /tmp/dreamlooper-identity-build/Build/Products/Debug-iphonesimulator/Dream\ Again.app/cloud_white.png

CopyPNGFile /tmp/dreamlooper-identity-build/Build/Products/Debug-iphonesimulator/Dream\ Again.app/cloud_tower.png /Users/shiv/Projects/iphone/Dream\ Again/Dream\ Again/Resources/DreamCollage/cloud_tower.png (in target 'Dream Again' from project 'Dream Again')
    cd /Users/shiv/Projects/iphone/Dream\ Again
    /Applications/Xcode.app/Contents/Developer/usr/bin/copypng -compress -strip-PNG-text /Users/shiv/Projects/iphone/Dream\ Again/Dream\ Again/Resources/DreamCollage/cloud_tower.png /tmp/dreamlooper-identity-build/Build/Products/Debug-iphonesimulator/Dream\ Again.app/cloud_tower.png

CopyPNGFile /tmp/dreamlooper-identity-build/Build/Products/Debug-iphonesimulator/Dream\ Again.app/cloud_pink.png /Users/shiv/Projects/iphone/Dream\ Again/Dream\ Again/Resources/DreamCollage/cloud_pink.png (in target 'Dream Again' from project 'Dream Again')
    cd /Users/shiv/Projects/iphone/Dream\ Again
    /Applications/Xcode.app/Contents/Developer/usr/bin/copypng -compress -strip-PNG-text /Users/shiv/Projects/iphone/Dream\ Again/Dream\ Again/Resources/DreamCollage/cloud_pink.png /tmp/dreamlooper-identity-build/Build/Products/Debug-iphonesimulator/Dream\ Again.app/cloud_pink.png

CopyPNGFile /tmp/dreamlooper-identity-build/Build/Products/Debug-iphonesimulator/Dream\ Again.app/cloud_dark.png /Users/shiv/Projects/iphone/Dream\ Again/Dream\ Again/Resources/DreamCollage/cloud_dark.png (in target 'Dream Again' from project 'Dream Again')
    cd /Users/shiv/Projects/iphone/Dream\ Again
    /Applications/Xcode.app/Contents/Developer/usr/bin/copypng -compress -strip-PNG-text /Users/shiv/Projects/iphone/Dream\ Again/Dream\ Again/Resources/DreamCollage/cloud_dark.png /tmp/dreamlooper-identity-build/Build/Products/Debug-iphonesimulator/Dream\ Again.app/cloud_dark.png

CopyPNGFile /tmp/dreamlooper-identity-build/Build/Products/Debug-iphonesimulator/Dream\ Again.app/chicken_chef.png /Users/shiv/Projects/iphone/Dream\ Again/Dream\ Again/Resources/DreamCollage/chicken_chef.png (in target 'Dream Again' from project 'Dream Again')
    cd /Users/shiv/Projects/iphone/Dream\ Again
    /Applications/Xcode.app/Contents/Developer/usr/bin/copypng -compress -strip-PNG-text /Users/shiv/Projects/iphone/Dream\ Again/Dream\ Again/Resources/DreamCollage/chicken_chef.png /tmp/dreamlooper-identity-build/Build/Products/Debug-iphonesimulator/Dream\ Again.app/chicken_chef.png

CopyPNGFile /tmp/dreamlooper-identity-build/Build/Products/Debug-iphonesimulator/Dream\ Again.app/chair_velvet.png /Users/shiv/Projects/iphone/Dream\ Again/Dream\ Again/Resources/DreamCollage/chair_velvet.png (in target 'Dream Again' from project 'Dream Again')
    cd /Users/shiv/Projects/iphone/Dream\ Again
    /Applications/Xcode.app/Contents/Developer/usr/bin/copypng -compress -strip-PNG-text /Users/shiv/Projects/iphone/Dream\ Again/Dream\ Again/Resources/DreamCollage/chair_velvet.png /tmp/dreamlooper-identity-build/Build/Products/Debug-iphonesimulator/Dream\ Again.app/chair_velvet.png

CopyPNGFile /tmp/dreamlooper-identity-build/Build/Products/Debug-iphonesimulator/Dream\ Again.app/bubbles_pearl.png /Users/shiv/Projects/iphone/Dream\ Again/Dream\ Again/Resources/DreamCollage/bubbles_pearl.png (in target 'Dream Again' from project 'Dream Again')
    cd /Users/shiv/Projects/iphone/Dream\ Again
    /Applications/Xcode.app/Contents/Developer/usr/bin/copypng -compress -strip-PNG-text /Users/shiv/Projects/iphone/Dream\ Again/Dream\ Again/Resources/DreamCollage/bubbles_pearl.png /tmp/dreamlooper-identity-build/Build/Products/Debug-iphonesimulator/Dream\ Again.app/bubbles_pearl.png

CopyPNGFile /tmp/dreamlooper-identity-build/Build/Products/Debug-iphonesimulator/Dream\ Again.app/bed_linen.png /Users/shiv/Projects/iphone/Dream\ Again/Dream\ Again/Resources/DreamCollage/bed_linen.png (in target 'Dream Again' from project 'Dream Again')
    cd /Users/shiv/Projects/iphone/Dream\ Again
    /Applications/Xcode.app/Contents/Developer/usr/bin/copypng -compress -strip-PNG-text /Users/shiv/Projects/iphone/Dream\ Again/Dream\ Again/Resources/DreamCollage/bed_linen.png /tmp/dreamlooper-identity-build/Build/Products/Debug-iphonesimulator/Dream\ Again.app/bed_linen.png

CopyPNGFile /tmp/dreamlooper-identity-build/Build/Products/Debug-iphonesimulator/Dream\ Again.app/arch_ruined.png /Users/shiv/Projects/iphone/Dream\ Again/Dream\ Again/Resources/DreamCollage/arch_ruined.png (in target 'Dream Again' from project 'Dream Again')
    cd /Users/shiv/Projects/iphone/Dream\ Again
    /Applications/Xcode.app/Contents/Developer/usr/bin/copypng -compress -strip-PNG-text /Users/shiv/Projects/iphone/Dream\ Again/Dream\ Again/Resources/DreamCollage/arch_ruined.png /tmp/dreamlooper-identity-build/Build/Products/Debug-iphonesimulator/Dream\ Again.app/arch_ruined.png

CopyPNGFile /tmp/dreamlooper-identity-build/Build/Products/Debug-iphonesimulator/Dream\ Again.app/arch_pearl.png /Users/shiv/Projects/iphone/Dream\ Again/Dream\ Again/Resources/DreamCollage/arch_pearl.png (in target 'Dream Again' from project 'Dream Again')
    cd /Users/shiv/Projects/iphone/Dream\ Again
    /Applications/Xcode.app/Contents/Developer/usr/bin/copypng -compress -strip-PNG-text /Users/shiv/Projects/iphone/Dream\ Again/Dream\ Again/Resources/DreamCollage/arch_pearl.png /tmp/dreamlooper-identity-build/Build/Products/Debug-iphonesimulator/Dream\ Again.app/arch_pearl.png

CopyPNGFile /tmp/dreamlooper-identity-build/Build/Products/Debug-iphonesimulator/Dream\ Again.app/arch_glass.png /Users/shiv/Projects/iphone/Dream\ Again/Dream\ Again/Resources/DreamCollage/arch_glass.png (in target 'Dream Again' from project 'Dream Again')
    cd /Users/shiv/Projects/iphone/Dream\ Again
    /Applications/Xcode.app/Contents/Developer/usr/bin/copypng -compress -strip-PNG-text /Users/shiv/Projects/iphone/Dream\ Again/Dream\ Again/Resources/DreamCollage/arch_glass.png /tmp/dreamlooper-identity-build/Build/Products/Debug-iphonesimulator/Dream\ Again.app/arch_glass.png

CopyPNGFile /tmp/dreamlooper-identity-build/Build/Products/Debug-iphonesimulator/Dream\ Again.app/DreamAgainIcon.png /Users/shiv/Projects/iphone/Dream\ Again/Dream\ Again/Resources/DreamAgainIcon.png (in target 'Dream Again' from project 'Dream Again')
    cd /Users/shiv/Projects/iphone/Dream\ Again
    /Applications/Xcode.app/Contents/Developer/usr/bin/copypng -compress -strip-PNG-text /Users/shiv/Projects/iphone/Dream\ Again/Dream\ Again/Resources/DreamAgainIcon.png /tmp/dreamlooper-identity-build/Build/Products/Debug-iphonesimulator/Dream\ Again.app/DreamAgainIcon.png

CompileAssetCatalogVariant thinned /tmp/dreamlooper-identity-build/Build/Products/Debug-iphonesimulator/Dream\ Again.app /Users/shiv/Projects/iphone/Dream\ Again/Dream\ Again/Assets.xcassets (in target 'Dream Again' from project 'Dream Again')
    cd /Users/shiv/Projects/iphone/Dream\ Again
    /Applications/Xcode.app/Contents/Developer/usr/bin/actool /Users/shiv/Projects/iphone/Dream\ Again/Dream\ Again/Assets.xcassets --compile /tmp/dreamlooper-identity-build/Build/Intermediates.noindex/Dream\ Again.build/Debug-iphonesimulator/Dream\ Again.build/assetcatalog_output/thinned --output-format human-readable-text --notices --warnings --export-dependency-info /tmp/dreamlooper-identity-build/Build/Intermediates.noindex/Dream\ Again.build/Debug-iphonesimulator/Dream\ Again.build/assetcatalog_dependencies_thinned --output-partial-info-plist /tmp/dreamlooper-identity-build/Build/Intermediates.noindex/Dream\ Again.build/Debug-iphonesimulator/Dream\ Again.build/assetcatalog_generated_info.plist_thinned --app-icon AppIcon --accent-color AccentColor --compress-pngs --enable-on-demand-resources YES --development-region en --target-device iphone --target-device ipad --minimum-deployment-target 18.0 --platform iphonesimulator
/* com.apple.actool.compilation-results */
/tmp/dreamlooper-identity-build/Build/Intermediates.noindex/Dream Again.build/Debug-iphonesimulator/Dream Again.build/assetcatalog_generated_info.plist_thinned


SwiftDriver Dream\ Again normal arm64 com.apple.xcode.tools.swift.compiler (in target 'Dream Again' from project 'Dream Again')
    cd /Users/shiv/Projects/iphone/Dream\ Again
    builtin-SwiftDriver -- /Applications/Xcode.app/Contents/Developer/Toolchains/XcodeDefault.xctoolchain/usr/bin/swiftc -module-name DreamAgain -Onone @/tmp/dreamlooper-identity-build/Build/Intermediates.noindex/Dream\ Again.build/Debug-iphonesimulator/Dream\ Again.build/Objects-normal/arm64/Dream\ Again.SwiftFileList -DDEBUG -enable-bare-slash-regex -enable-upcoming-feature DisableOutwardActorInference -enable-upcoming-feature InferSendableFromCaptures -enable-upcoming-feature GlobalActorIsolatedTypesUsability -enable-upcoming-feature MemberImportVisibility -enable-upcoming-feature InferIsolatedConformances -enable-upcoming-feature NonisolatedNonsendingByDefault -enable-experimental-feature DebugDescriptionMacro -sdk /Applications/Xcode.app/Contents/Developer/Platforms/iPhoneSimulator.platform/Developer/SDKs/iPhoneSimulator26.5.sdk -target arm64-apple-ios18.0-simulator -g -module-cache-path /tmp/dreamlooper-identity-build/ModuleCache.noindex -Xfrontend -serialize-debugging-options -enable-testing -index-store-path /tmp/dreamlooper-identity-build/Index.noindex/DataStore -Xcc -D_LIBCPP_HARDENING_MODE\=_LIBCPP_HARDENING_MODE_DEBUG -swift-version 5 -I /tmp/dreamlooper-identity-build/Build/Products/Debug-iphonesimulator -F /tmp/dreamlooper-identity-build/Build/Products/Debug-iphonesimulator -emit-localized-strings -emit-localized-strings-path /tmp/dreamlooper-identity-build/Build/Intermediates.noindex/Dream\ Again.build/Debug-iphonesimulator/Dream\ Again.build/Objects-normal/arm64 -c -j8 -enable-batch-mode -incremental -Xcc -ivfsstatcache -Xcc /tmp/dreamlooper-identity-build/SDKStatCaches.noindex/iphonesimulator26.5-23F81a-688ef53f1462e2c8f657fdc38a81448f6cfe768891a92b912361537c460fe42b.sdkstatcache -output-file-map /tmp/dreamlooper-identity-build/Build/Intermediates.noindex/Dream\ Again.build/Debug-iphonesimulator/Dream\ Again.build/Objects-normal/arm64/Dream\ Again-OutputFileMap.json -use-frontend-parseable-output -save-temps -no-color-diagnostics -explicit-module-build -module-cache-path /tmp/dreamlooper-identity-build/Build/Intermediates.noindex/SwiftExplicitPrecompiledModules -clang-scanner-module-cache-path /tmp/dreamlooper-identity-build/ModuleCache.noindex -sdk-module-cache-path /tmp/dreamlooper-identity-build/ModuleCache.noindex -serialize-diagnostics -emit-dependencies -emit-module -emit-module-path /tmp/dreamlooper-identity-build/Build/Intermediates.noindex/Dream\ Again.build/Debug-iphonesimulator/Dream\ Again.build/Objects-normal/arm64/DreamAgain.swiftmodule -validate-clang-modules-once -clang-build-session-file /tmp/dreamlooper-identity-build/ModuleCache.noindex/Session.modulevalidation -Xcc -I/tmp/dreamlooper-identity-build/Build/Intermediates.noindex/Dream\ Again.build/Debug-iphonesimulator/Dream\ Again.build/swift-overrides.hmap -emit-const-values -Xfrontend -const-gather-protocols-file -Xfrontend /tmp/dreamlooper-identity-build/Build/Intermediates.noindex/Dream\ Again.build/Debug-iphonesimulator/Dream\ Again.build/Objects-normal/arm64/Dream\ Again_const_extract_protocols.json -Xcc -iquote -Xcc /tmp/dreamlooper-identity-build/Build/Intermediates.noindex/Dream\ Again.build/Debug-iphonesimulator/Dream\ Again.build/Dream\ Again-generated-files.hmap -Xcc -I/tmp/dreamlooper-identity-build/Build/Intermediates.noindex/Dream\ Again.build/Debug-iphonesimulator/Dream\ Again.build/Dream\ Again-own-target-headers.hmap -Xcc -I/tmp/dreamlooper-identity-build/Build/Intermediates.noindex/Dream\ Again.build/Debug-iphonesimulator/Dream\ Again.build/Dream\ Again-all-target-headers.hmap -Xcc -iquote -Xcc /tmp/dreamlooper-identity-build/Build/Intermediates.noindex/Dream\ Again.build/Debug-iphonesimulator/Dream\ Again.build/Dream\ Again-project-headers.hmap -Xcc -I/tmp/dreamlooper-identity-build/Build/Products/Debug-iphonesimulator/include -Xcc -I/tmp/dreamlooper-identity-build/Build/Intermediates.noindex/Dream\ Again.build/Debug-iphonesimulator/Dream\ Again.build/DerivedSources-normal/arm64 -Xcc -I/tmp/dreamlooper-identity-build/Build/Intermediates.noindex/Dream\ Again.build/Debug-iphonesimulator/Dream\ Again.build/DerivedSources/arm64 -Xcc -I/tmp/dreamlooper-identity-build/Build/Intermediates.noindex/Dream\ Again.build/Debug-iphonesimulator/Dream\ Again.build/DerivedSources -Xcc -DDEBUG\=1 -emit-objc-header -emit-objc-header-path /tmp/dreamlooper-identity-build/Build/Intermediates.noindex/Dream\ Again.build/Debug-iphonesimulator/Dream\ Again.build/Objects-normal/arm64/DreamAgain-Swift.h -working-directory /Users/shiv/Projects/iphone/Dream\ Again -experimental-emit-module-separately -disable-cmo

SwiftDriver Dream\ Again normal x86_64 com.apple.xcode.tools.swift.compiler (in target 'Dream Again' from project 'Dream Again')
    cd /Users/shiv/Projects/iphone/Dream\ Again
    builtin-SwiftDriver -- /Applications/Xcode.app/Contents/Developer/Toolchains/XcodeDefault.xctoolchain/usr/bin/swiftc -module-name DreamAgain -Onone @/tmp/dreamlooper-identity-build/Build/Intermediates.noindex/Dream\ Again.build/Debug-iphonesimulator/Dream\ Again.build/Objects-normal/x86_64/Dream\ Again.SwiftFileList -DDEBUG -enable-bare-slash-regex -enable-upcoming-feature DisableOutwardActorInference -enable-upcoming-feature InferSendableFromCaptures -enable-upcoming-feature GlobalActorIsolatedTypesUsability -enable-upcoming-feature MemberImportVisibility -enable-upcoming-feature InferIsolatedConformances -enable-upcoming-feature NonisolatedNonsendingByDefault -enable-experimental-feature DebugDescriptionMacro -sdk /Applications/Xcode.app/Contents/Developer/Platforms/iPhoneSimulator.platform/Developer/SDKs/iPhoneSimulator26.5.sdk -target x86_64-apple-ios18.0-simulator -g -module-cache-path /tmp/dreamlooper-identity-build/ModuleCache.noindex -Xfrontend -serialize-debugging-options -enable-testing -index-store-path /tmp/dreamlooper-identity-build/Index.noindex/DataStore -Xcc -D_LIBCPP_HARDENING_MODE\=_LIBCPP_HARDENING_MODE_DEBUG -swift-version 5 -I /tmp/dreamlooper-identity-build/Build/Products/Debug-iphonesimulator -F /tmp/dreamlooper-identity-build/Build/Products/Debug-iphonesimulator -emit-localized-strings -emit-localized-strings-path /tmp/dreamlooper-identity-build/Build/Intermediates.noindex/Dream\ Again.build/Debug-iphonesimulator/Dream\ Again.build/Objects-normal/x86_64 -c -j8 -enable-batch-mode -incremental -Xcc -ivfsstatcache -Xcc /tmp/dreamlooper-identity-build/SDKStatCaches.noindex/iphonesimulator26.5-23F81a-688ef53f1462e2c8f657fdc38a81448f6cfe768891a92b912361537c460fe42b.sdkstatcache -output-file-map /tmp/dreamlooper-identity-build/Build/Intermediates.noindex/Dream\ Again.build/Debug-iphonesimulator/Dream\ Again.build/Objects-normal/x86_64/Dream\ Again-OutputFileMap.json -use-frontend-parseable-output -save-temps -no-color-diagnostics -explicit-module-build -module-cache-path /tmp/dreamlooper-identity-build/Build/Intermediates.noindex/SwiftExplicitPrecompiledModules -clang-scanner-module-cache-path /tmp/dreamlooper-identity-build/ModuleCache.noindex -sdk-module-cache-path /tmp/dreamlooper-identity-build/ModuleCache.noindex -serialize-diagnostics -emit-dependencies -emit-module -emit-module-path /tmp/dreamlooper-identity-build/Build/Intermediates.noindex/Dream\ Again.build/Debug-iphonesimulator/Dream\ Again.build/Objects-normal/x86_64/DreamAgain.swiftmodule -validate-clang-modules-once -clang-build-session-file /tmp/dreamlooper-identity-build/ModuleCache.noindex/Session.modulevalidation -Xcc -I/tmp/dreamlooper-identity-build/Build/Intermediates.noindex/Dream\ Again.build/Debug-iphonesimulator/Dream\ Again.build/swift-overrides.hmap -emit-const-values -Xfrontend -const-gather-protocols-file -Xfrontend /tmp/dreamlooper-identity-build/Build/Intermediates.noindex/Dream\ Again.build/Debug-iphonesimulator/Dream\ Again.build/Objects-normal/x86_64/Dream\ Again_const_extract_protocols.json -Xcc -iquote -Xcc /tmp/dreamlooper-identity-build/Build/Intermediates.noindex/Dream\ Again.build/Debug-iphonesimulator/Dream\ Again.build/Dream\ Again-generated-files.hmap -Xcc -I/tmp/dreamlooper-identity-build/Build/Intermediates.noindex/Dream\ Again.build/Debug-iphonesimulator/Dream\ Again.build/Dream\ Again-own-target-headers.hmap -Xcc -I/tmp/dreamlooper-identity-build/Build/Intermediates.noindex/Dream\ Again.build/Debug-iphonesimulator/Dream\ Again.build/Dream\ Again-all-target-headers.hmap -Xcc -iquote -Xcc /tmp/dreamlooper-identity-build/Build/Intermediates.noindex/Dream\ Again.build/Debug-iphonesimulator/Dream\ Again.build/Dream\ Again-project-headers.hmap -Xcc -I/tmp/dreamlooper-identity-build/Build/Products/Debug-iphonesimulator/include -Xcc -I/tmp/dreamlooper-identity-build/Build/Intermediates.noindex/Dream\ Again.build/Debug-iphonesimulator/Dream\ Again.build/DerivedSources-normal/x86_64 -Xcc -I/tmp/dreamlooper-identity-build/Build/Intermediates.noindex/Dream\ Again.build/Debug-iphonesimulator/Dream\ Again.build/DerivedSources/x86_64 -Xcc -I/tmp/dreamlooper-identity-build/Build/Intermediates.noindex/Dream\ Again.build/Debug-iphonesimulator/Dream\ Again.build/DerivedSources -Xcc -DDEBUG\=1 -emit-objc-header -emit-objc-header-path /tmp/dreamlooper-identity-build/Build/Intermediates.noindex/Dream\ Again.build/Debug-iphonesimulator/Dream\ Again.build/Objects-normal/x86_64/DreamAgain-Swift.h -working-directory /Users/shiv/Projects/iphone/Dream\ Again -experimental-emit-module-separately -disable-cmo

LinkAssetCatalog /Users/shiv/Projects/iphone/Dream\ Again/Dream\ Again/Assets.xcassets (in target 'Dream Again' from project 'Dream Again')
    cd /Users/shiv/Projects/iphone/Dream\ Again
    builtin-linkAssetCatalog --thinned /tmp/dreamlooper-identity-build/Build/Intermediates.noindex/Dream\ Again.build/Debug-iphonesimulator/Dream\ Again.build/assetcatalog_output/thinned --thinned-dependencies /tmp/dreamlooper-identity-build/Build/Intermediates.noindex/Dream\ Again.build/Debug-iphonesimulator/Dream\ Again.build/assetcatalog_dependencies_thinned --thinned-info-plist-content /tmp/dreamlooper-identity-build/Build/Intermediates.noindex/Dream\ Again.build/Debug-iphonesimulator/Dream\ Again.build/assetcatalog_generated_info.plist_thinned --unthinned /tmp/dreamlooper-identity-build/Build/Intermediates.noindex/Dream\ Again.build/Debug-iphonesimulator/Dream\ Again.build/assetcatalog_output/unthinned --unthinned-dependencies /tmp/dreamlooper-identity-build/Build/Intermediates.noindex/Dream\ Again.build/Debug-iphonesimulator/Dream\ Again.build/assetcatalog_dependencies_unthinned --unthinned-info-plist-content /tmp/dreamlooper-identity-build/Build/Intermediates.noindex/Dream\ Again.build/Debug-iphonesimulator/Dream\ Again.build/assetcatalog_generated_info.plist_unthinned --output /tmp/dreamlooper-identity-build/Build/Products/Debug-iphonesimulator/Dream\ Again.app --plist-output /tmp/dreamlooper-identity-build/Build/Intermediates.noindex/Dream\ Again.build/Debug-iphonesimulator/Dream\ Again.build/assetcatalog_generated_info.plist

ProcessInfoPlistFile /tmp/dreamlooper-identity-build/Build/Products/Debug-iphonesimulator/Dream\ Again.app/Info.plist /Users/shiv/Projects/iphone/Dream\ Again/Configuration/Info.plist (in target 'Dream Again' from project 'Dream Again')
    cd /Users/shiv/Projects/iphone/Dream\ Again
    builtin-infoPlistUtility /Users/shiv/Projects/iphone/Dream\ Again/Configuration/Info.plist -producttype com.apple.product-type.application -genpkginfo /tmp/dreamlooper-identity-build/Build/Products/Debug-iphonesimulator/Dream\ Again.app/PkgInfo -expandbuildsettings -format binary -platform iphonesimulator -additionalcontentfile /tmp/dreamlooper-identity-build/Build/Intermediates.noindex/Dream\ Again.build/Debug-iphonesimulator/Dream\ Again.build/assetcatalog_generated_info.plist -o /tmp/dreamlooper-identity-build/Build/Products/Debug-iphonesimulator/Dream\ Again.app/Info.plist
warning: The application supports opening files, but doesn't declare whether it supports opening them in place. You can add an LSSupportsOpeningDocumentsInPlace entry or an UISupportsDocumentBrowser entry to your Info.plist to declare support. (in target 'Dream Again' from project 'Dream Again')

SwiftExplicitDependencyGeneratePcm x86_64 /tmp/dreamlooper-identity-build/ModuleCache.noindex/_Builtin_stdbool-DTXOTMVYHFH20202DMTMFM5PT.pcm

SwiftExplicitDependencyGeneratePcm x86_64 /tmp/dreamlooper-identity-build/ModuleCache.noindex/GroupActivities-4CWUMKW2KAZP6WXJ42E2BH5LW.pcm

SwiftExplicitDependencyGeneratePcm x86_64 /tmp/dreamlooper-identity-build/ModuleCache.noindex/_AvailabilityInternal-8Z27R65CSAEO37K7WM7YMCND.pcm

SwiftExplicitDependencyGeneratePcm x86_64 /tmp/dreamlooper-identity-build/ModuleCache.noindex/ptrcheck-4EWIW3LIH7DLBPCJY1Z163I42.pcm

SwiftExplicitDependencyGeneratePcm x86_64 /tmp/dreamlooper-identity-build/ModuleCache.noindex/SwiftShims-E4FKX8UBR91RQ76PT3NL0IGNK.pcm

SwiftExplicitDependencyGeneratePcm x86_64 /tmp/dreamlooper-identity-build/ModuleCache.noindex/_Builtin_float-4S5BGCFAIX9QGP40UE27RMFWH.pcm

SwiftExplicitDependencyGeneratePcm x86_64 /tmp/dreamlooper-identity-build/ModuleCache.noindex/DeveloperToolsSupport-7H21NRQSGDHCY8OSPMMMFDB8R.pcm

SwiftExplicitDependencyGeneratePcm x86_64 /tmp/dreamlooper-identity-build/ModuleCache.noindex/ptrauth-6DLMZFY7EA29PW7DY8FRGY1VL.pcm

SwiftExplicitDependencyGeneratePcm arm64 /tmp/dreamlooper-identity-build/ModuleCache.noindex/_StoreKit_SwiftUI-L3KLLZ4DV8BW6BY52OJ9E5OX.pcm

SwiftExplicitDependencyGeneratePcm arm64 /tmp/dreamlooper-identity-build/ModuleCache.noindex/_SwiftConcurrencyShims-EYDGP4OWD87T5LIYAJNTY8SQ6.pcm

SwiftExplicitDependencyGeneratePcm arm64 /tmp/dreamlooper-identity-build/ModuleCache.noindex/_Builtin_stddef-488FNY4UOMQCG6LGUE48AJXH9.pcm

SwiftExplicitDependencyGeneratePcm arm64 /tmp/dreamlooper-identity-build/ModuleCache.noindex/ptrcheck-56SBLR4IEKTKZJI0B61BPY1E.pcm

SwiftExplicitDependencyGeneratePcm arm64 /tmp/dreamlooper-identity-build/ModuleCache.noindex/_Builtin_stdbool-5Y94AWCSY9CLEG4BTEQZZGLKQ.pcm

SwiftExplicitDependencyGeneratePcm arm64 /tmp/dreamlooper-identity-build/ModuleCache.noindex/ptrauth-BIQVEDZJ1KQU18VPPI5DRNE02.pcm

SwiftExplicitDependencyGeneratePcm x86_64 /tmp/dreamlooper-identity-build/ModuleCache.noindex/_Builtin_stddef-2R1OOQ75YCWXWXS7NWYMMTJ67.pcm

SwiftExplicitDependencyGeneratePcm x86_64 /tmp/dreamlooper-identity-build/ModuleCache.noindex/_StoreKit_SwiftUI-EYEJV8DK9P3PSMGDDT26F74NN.pcm

SwiftExplicitDependencyGeneratePcm arm64 /tmp/dreamlooper-identity-build/ModuleCache.noindex/_AvailabilityInternal-8BXLSW5LGT3QV1O6KSU80V55U.pcm

SwiftExplicitDependencyGeneratePcm arm64 /tmp/dreamlooper-identity-build/ModuleCache.noindex/GroupActivities-3WBK2QHRK9NWTHD4TFCE2BFZG.pcm

SwiftExplicitDependencyGeneratePcm arm64 /tmp/dreamlooper-identity-build/ModuleCache.noindex/_Builtin_stdarg-2ATJP0II5ZWQIT2MIR2SW8GOA.pcm

SwiftExplicitDependencyGeneratePcm arm64 /tmp/dreamlooper-identity-build/ModuleCache.noindex/_Builtin_float-5H6LALWROSBPI4EGZWZL3OTSZ.pcm

SwiftExplicitDependencyGeneratePcm x86_64 /tmp/dreamlooper-identity-build/ModuleCache.noindex/_Builtin_stdarg-D9KPWC60ZQVDHYIW0HP2G4TM4.pcm

SwiftExplicitDependencyGeneratePcm x86_64 /tmp/dreamlooper-identity-build/ModuleCache.noindex/_DarwinFoundation1-6QB4LYB16XHY5L6NXAHLCIHGF.pcm

SwiftExplicitDependencyGeneratePcm arm64 /tmp/dreamlooper-identity-build/ModuleCache.noindex/SwiftShims-5UBVA5XMYZJWFZJX0BX1R9G3J.pcm

SwiftExplicitDependencyGeneratePcm arm64 /tmp/dreamlooper-identity-build/ModuleCache.noindex/DeveloperToolsSupport-RMWMSGZ938OGS7MXSA695V70.pcm

SwiftExplicitDependencyGeneratePcm x86_64 /tmp/dreamlooper-identity-build/ModuleCache.noindex/_SwiftConcurrencyShims-2FH6X4R86T1SIJYYLUNTGIYNV.pcm

SwiftExplicitDependencyGeneratePcm arm64 /tmp/dreamlooper-identity-build/ModuleCache.noindex/_DarwinFoundation1-8N4VSITS4S2FW9BII9BXAGFZK.pcm

SwiftExplicitDependencyGeneratePcm x86_64 /tmp/dreamlooper-identity-build/ModuleCache.noindex/_Builtin_limits-6GUDX5FNM4IF3TL0JI6DJQ81Z.pcm

SwiftExplicitDependencyGeneratePcm x86_64 /tmp/dreamlooper-identity-build/ModuleCache.noindex/ExtensionFoundation-6YJ25O6GAPT9BMTNHLN3EQZIT.pcm

SwiftExplicitDependencyGeneratePcm x86_64 /tmp/dreamlooper-identity-build/ModuleCache.noindex/_DarwinFoundation2-2ZN1A7WAXMNNX1IE1KJOV318F.pcm

SwiftExplicitDependencyGeneratePcm arm64 /tmp/dreamlooper-identity-build/ModuleCache.noindex/ExtensionFoundation-BFBTDLA2WOFBRHECPQ48K7TKW.pcm

SwiftExplicitDependencyGeneratePcm arm64 /tmp/dreamlooper-identity-build/ModuleCache.noindex/_Builtin_limits-E5U1RB45EO3563XK5INX3OCY0.pcm

SwiftExplicitDependencyGeneratePcm arm64 /tmp/dreamlooper-identity-build/ModuleCache.noindex/_DarwinFoundation2-621TWPL1DC2N5F2PQQH6D667L.pcm

SwiftExplicitDependencyGeneratePcm x86_64 /tmp/dreamlooper-identity-build/ModuleCache.noindex/_Builtin_tgmath-B0AJ6MZ8J7NEUNCP7A99MUK4D.pcm

SwiftExplicitDependencyGeneratePcm x86_64 /tmp/dreamlooper-identity-build/ModuleCache.noindex/_Builtin_stdint-B1AKJSEAXOG8402UVNGALREHU.pcm

SwiftExplicitDependencyGeneratePcm x86_64 /tmp/dreamlooper-identity-build/ModuleCache.noindex/sys_types-BB7EOV8ROIS00SXHF56FUC6BK.pcm

SwiftExplicitDependencyGeneratePcm arm64 /tmp/dreamlooper-identity-build/ModuleCache.noindex/_Builtin_stdint-3WTPBLSNFA8GIMWDM4WCH8HXK.pcm

SwiftExplicitDependencyGeneratePcm arm64 /tmp/dreamlooper-identity-build/ModuleCache.noindex/sys_types-302IDXN9DKVQIY1V5U0T32J1X.pcm

SwiftExplicitDependencyGeneratePcm arm64 /tmp/dreamlooper-identity-build/ModuleCache.noindex/_Builtin_tgmath-7IVL8WAE3PMK5FW6D9ZY9TNLZ.pcm

SwiftExplicitDependencyGeneratePcm x86_64 /tmp/dreamlooper-identity-build/ModuleCache.noindex/_DarwinFoundation3-E1ZBOWI1WIU2WQ2B8JNZBVOGB.pcm

SwiftExplicitDependencyGeneratePcm x86_64 /tmp/dreamlooper-identity-build/ModuleCache.noindex/_Builtin_stdatomic-6UTEV86NWX7RCVACU7696U9XV.pcm

SwiftExplicitDependencyGeneratePcm arm64 /tmp/dreamlooper-identity-build/ModuleCache.noindex/_Builtin_intrinsics-LF5XGMYYEJ3YTXDNF60Z7B0B.pcm

SwiftExplicitDependencyGeneratePcm arm64 /tmp/dreamlooper-identity-build/ModuleCache.noindex/_DarwinFoundation3-30S1MGYHB36U9LC7G4O3QGISR.pcm

SwiftExplicitDependencyGeneratePcm arm64 /tmp/dreamlooper-identity-build/ModuleCache.noindex/_Builtin_stdatomic-8AG0RFZRBJEXXXK296AD8JR5V.pcm

SwiftExplicitDependencyGeneratePcm x86_64 /tmp/dreamlooper-identity-build/ModuleCache.noindex/_Builtin_inttypes-1I2H8W752R8PKDXNYMHDXSQJW.pcm

SwiftExplicitDependencyGeneratePcm x86_64 /tmp/dreamlooper-identity-build/ModuleCache.noindex/_Builtin_intrinsics-7D46LK0FPJIHVTENN6QM7WX38.pcm

SwiftExplicitDependencyGeneratePcm arm64 /tmp/dreamlooper-identity-build/ModuleCache.noindex/_Builtin_inttypes-233YDQTUQKRXY1VO7DMFMIZWE.pcm

SwiftExplicitDependencyGeneratePcm x86_64 /tmp/dreamlooper-identity-build/ModuleCache.noindex/Darwin-3FODDEYVJEN0AH5JFZOUARY4G.pcm

SwiftExplicitDependencyGeneratePcm arm64 /tmp/dreamlooper-identity-build/ModuleCache.noindex/Darwin-1LC1FWI15G0KF171OFQXPVMTZ.pcm

SwiftExplicitDependencyGeneratePcm arm64 /tmp/dreamlooper-identity-build/ModuleCache.noindex/simd-8I8428F4ZDNAJ25LTPJFFSBX0.pcm

SwiftExplicitDependencyGeneratePcm x86_64 /tmp/dreamlooper-identity-build/ModuleCache.noindex/MachO-DIEZQ0AAUKSTI3H5AJDMH4X7K.pcm

SwiftExplicitDependencyGeneratePcm x86_64 /tmp/dreamlooper-identity-build/ModuleCache.noindex/ObjectiveC-EHF9Y822610QJR8PV4M35OCJU.pcm

SwiftExplicitDependencyGeneratePcm arm64 /tmp/dreamlooper-identity-build/ModuleCache.noindex/ObjectiveC-CGM5UKY487FF7Q1TCQ5710K1C.pcm

SwiftExplicitDependencyGeneratePcm arm64 /tmp/dreamlooper-identity-build/ModuleCache.noindex/MachO-5BOOZ06B67IGZDBTEUWA8DVVK.pcm

SwiftExplicitDependencyGeneratePcm x86_64 /tmp/dreamlooper-identity-build/ModuleCache.noindex/simd-3A5RAG0QFK36VTNSNQ8B729LS.pcm

SwiftExplicitDependencyGeneratePcm x86_64 /tmp/dreamlooper-identity-build/ModuleCache.noindex/os_object-A36DYT4J0PK97UZPY5G7D3DCX.pcm

SwiftExplicitDependencyGeneratePcm arm64 /tmp/dreamlooper-identity-build/ModuleCache.noindex/os_object-3WVXMSVSA8Z0EFERJ0AEC9YKI.pcm

SwiftExplicitDependencyGeneratePcm x86_64 /tmp/dreamlooper-identity-build/ModuleCache.noindex/os_workgroup-5Q2GCIL9Z9ICWBLAQ8F635GZW.pcm

SwiftExplicitDependencyGeneratePcm arm64 /tmp/dreamlooper-identity-build/ModuleCache.noindex/os_workgroup-17GU5PQZ59MDO1W1HU3E12CIW.pcm

SwiftExplicitDependencyGeneratePcm x86_64 /tmp/dreamlooper-identity-build/ModuleCache.noindex/Dispatch-F2XBY2QMI2P84NVO9KTS3FIJM.pcm

SwiftExplicitDependencyGeneratePcm arm64 /tmp/dreamlooper-identity-build/ModuleCache.noindex/Dispatch-ALHV6KIN0JRGA9T4E4QYLAL2K.pcm

SwiftExplicitDependencyGeneratePcm x86_64 /tmp/dreamlooper-identity-build/ModuleCache.noindex/CoreFoundation-DWI0JWX12SKGVRLSRMO0JNWNZ.pcm

SwiftExplicitDependencyGeneratePcm x86_64 /tmp/dreamlooper-identity-build/ModuleCache.noindex/dnssd-Z9CHIKTT0NI7MCXNTL7PH6PS.pcm

SwiftExplicitDependencyGeneratePcm x86_64 /tmp/dreamlooper-identity-build/ModuleCache.noindex/XPC-E92ILACPM0AYT3OYPYKIIBH75.pcm

SwiftExplicitDependencyGeneratePcm arm64 /tmp/dreamlooper-identity-build/ModuleCache.noindex/Spatial-AXROGVALUR7FPVMSF68W40HPS.pcm

SwiftExplicitDependencyGeneratePcm arm64 /tmp/dreamlooper-identity-build/ModuleCache.noindex/XPC-63KH138ETV92ROYXQ4O1V36S4.pcm

SwiftExplicitDependencyGeneratePcm arm64 /tmp/dreamlooper-identity-build/ModuleCache.noindex/dnssd-5P55HQK3SJY30DSU9S34O9BL0.pcm

SwiftExplicitDependencyGeneratePcm arm64 /tmp/dreamlooper-identity-build/ModuleCache.noindex/CoreFoundation-E56O8PHOSD5JD10SO1POMR7IB.pcm

SwiftExplicitDependencyGeneratePcm x86_64 /tmp/dreamlooper-identity-build/ModuleCache.noindex/os-A01VEQAMOMIGCJIO31D5FMQK.pcm

SwiftExplicitDependencyGeneratePcm x86_64 /tmp/dreamlooper-identity-build/ModuleCache.noindex/CoreGraphics-DRI0L9SDI0QZTPVSR944EQ7TK.pcm

SwiftExplicitDependencyGeneratePcm x86_64 /tmp/dreamlooper-identity-build/ModuleCache.noindex/CoreAudioTypes-1N4OB0JP8L5W6WBUQVYOC2YO2.pcm

SwiftExplicitDependencyGeneratePcm x86_64 /tmp/dreamlooper-identity-build/ModuleCache.noindex/CFNetwork-3JEHAUX02JZEKCTDKLXKN4O61.pcm

SwiftExplicitDependencyGeneratePcm x86_64 /tmp/dreamlooper-identity-build/ModuleCache.noindex/Security-14NMC7PF3R95L3PMPI46LB2F.pcm

SwiftExplicitDependencyGeneratePcm arm64 /tmp/dreamlooper-identity-build/ModuleCache.noindex/os-494B6GV1XX1X2E8UJU51CPIUY.pcm

SwiftExplicitDependencyGeneratePcm x86_64 /tmp/dreamlooper-identity-build/ModuleCache.noindex/CoreServices-5K2TVO6B5CPCGX9VVVYA1NX9V.pcm

SwiftExplicitDependencyGeneratePcm arm64 /tmp/dreamlooper-identity-build/ModuleCache.noindex/CoreAudioTypes-DTV9QK0AWLAJY0CWBAC6HP0S6.pcm

SwiftExplicitDependencyGeneratePcm arm64 /tmp/dreamlooper-identity-build/ModuleCache.noindex/Security-5BDNU10RB95EJMSD00YDEN31E.pcm

SwiftExplicitDependencyGeneratePcm x86_64 /tmp/dreamlooper-identity-build/ModuleCache.noindex/CoreAudio-55LQR19CBVTLXXTVSVVCB5QW2.pcm

SwiftExplicitDependencyGeneratePcm arm64 /tmp/dreamlooper-identity-build/ModuleCache.noindex/CoreServices-1P1T57DWHNFX1468ZE1KZULGT.pcm

SwiftExplicitDependencyGeneratePcm x86_64 /tmp/dreamlooper-identity-build/ModuleCache.noindex/Foundation-D6XCC55XOKJR3GOFCPPJW6AHR.pcm

SwiftExplicitDependencyGeneratePcm x86_64 /tmp/dreamlooper-identity-build/ModuleCache.noindex/CoreText-42JY3T09VR64G42VJWMB2IU98.pcm

SwiftExplicitDependencyGeneratePcm x86_64 /tmp/dreamlooper-identity-build/ModuleCache.noindex/ImageIO-6CDCCRTKKCVC37VX4FI4N0SKZ.pcm

SwiftExplicitDependencyGeneratePcm arm64 /tmp/dreamlooper-identity-build/ModuleCache.noindex/CFNetwork-6Y5HQB3MBRZE97AJSEOQX5DGB.pcm

SwiftExplicitDependencyGeneratePcm arm64 /tmp/dreamlooper-identity-build/ModuleCache.noindex/CoreGraphics-8CCDSTH630YZOWKWQHQTG5FLZ.pcm

SwiftExplicitDependencyGeneratePcm arm64 /tmp/dreamlooper-identity-build/ModuleCache.noindex/CoreAudio-56COOGL9WIXH1MXWR8KWAWH0S.pcm

SwiftExplicitDependencyGeneratePcm x86_64 /tmp/dreamlooper-identity-build/ModuleCache.noindex/Spatial-8UXOGHYQC0IU18SXJ98S2QPS1.pcm

SwiftExplicitDependencyGeneratePcm arm64 /tmp/dreamlooper-identity-build/ModuleCache.noindex/Foundation-CJP73UCTPYTBXHER98GNQX4DG.pcm

SwiftExplicitDependencyGeneratePcm arm64 /tmp/dreamlooper-identity-build/ModuleCache.noindex/ImageIO-6KET8AE2V9QZ6NL6Z33EPI4G3.pcm

SwiftExplicitDependencyGeneratePcm arm64 /tmp/dreamlooper-identity-build/ModuleCache.noindex/CoreText-CBY15UQD71JVS48C25W7FDEPU.pcm

SwiftExplicitDependencyGeneratePcm x86_64 /tmp/dreamlooper-identity-build/ModuleCache.noindex/OpenGLES-ECWR4SJO29ZDUXVNAFT2NK5SE.pcm

SwiftExplicitDependencyGeneratePcm x86_64 /tmp/dreamlooper-identity-build/ModuleCache.noindex/UniformTypeIdentifiers-8CXXMS3PINLMMJECX00OBXGW3.pcm

SwiftExplicitDependencyGeneratePcm x86_64 /tmp/dreamlooper-identity-build/ModuleCache.noindex/_LocationEssentials-5N151S0718V30C0WK9UG4N712.pcm

SwiftExplicitDependencyGeneratePcm x86_64 /tmp/dreamlooper-identity-build/ModuleCache.noindex/LocalAuthentication-CQJD6HGLFRH0UQLTS5WNH5NO8.pcm

SwiftExplicitDependencyGeneratePcm x86_64 /tmp/dreamlooper-identity-build/ModuleCache.noindex/Contacts-AL7A0GXTG568QPAOAJ4ZDIU80.pcm

SwiftExplicitDependencyGeneratePcm x86_64 /tmp/dreamlooper-identity-build/ModuleCache.noindex/UIUtilities-7V1WF50DVCP2X3HDVHG04M6YB.pcm

SwiftExplicitDependencyGeneratePcm x86_64 /tmp/dreamlooper-identity-build/ModuleCache.noindex/IOSurface-3PKUY5ZG535LM2WTCYSASVEHJ.pcm

SwiftExplicitDependencyGeneratePcm x86_64 /tmp/dreamlooper-identity-build/ModuleCache.noindex/UserNotifications-4HWWPYQDY1Y0LR2238IEXRY79.pcm

SwiftExplicitDependencyGeneratePcm x86_64 /tmp/dreamlooper-identity-build/ModuleCache.noindex/Accessibility-A2B8KZEYF85XHF0L92EXK1UGJ.pcm

SwiftExplicitDependencyGeneratePcm x86_64 /tmp/dreamlooper-identity-build/ModuleCache.noindex/CoreData-9B9L3SYFQZUTKAA1BAKODJT5H.pcm

SwiftExplicitDependencyGeneratePcm x86_64 /tmp/dreamlooper-identity-build/ModuleCache.noindex/CoreLocation-DLZJQQ2NPZOUAG9DQ6OPAR236.pcm

SwiftExplicitDependencyGeneratePcm x86_64 /tmp/dreamlooper-identity-build/ModuleCache.noindex/DataDetection-AI1568WDTU28Q8EXZZJTL4MV2.pcm

SwiftExplicitDependencyGeneratePcm x86_64 /tmp/dreamlooper-identity-build/ModuleCache.noindex/FileProvider-CE7MR2YRJHHCA9CVD0ATDHB3B.pcm

SwiftExplicitDependencyGeneratePcm x86_64 /tmp/dreamlooper-identity-build/ModuleCache.noindex/CoreTransferable-5LZJFRACSM9H8OZN0P5T4JEK2.pcm

SwiftExplicitDependencyGeneratePcm x86_64 /tmp/dreamlooper-identity-build/ModuleCache.noindex/ModelIO-7O8LCM65YFRT6UEH3J7B3M13S.pcm

SwiftExplicitDependencyGeneratePcm arm64 /tmp/dreamlooper-identity-build/ModuleCache.noindex/Network-9FNB1JZHF8ZM13JQTU6BUOSG7.pcm

SwiftExplicitDependencyGeneratePcm arm64 /tmp/dreamlooper-identity-build/ModuleCache.noindex/CoreTransferable-AU0V7LL00V0ZSBJ6Y4OD0MWWX.pcm

SwiftExplicitDependencyGeneratePcm arm64 /tmp/dreamlooper-identity-build/ModuleCache.noindex/FileProvider-9HS6AWXVMIUV6NQ0V43638NCF.pcm

SwiftExplicitDependencyGeneratePcm arm64 /tmp/dreamlooper-identity-build/ModuleCache.noindex/CoreMIDI-EDNS59BI3TPUH0CIBPFLVF7A1.pcm

SwiftExplicitDependencyGeneratePcm arm64 /tmp/dreamlooper-identity-build/ModuleCache.noindex/_LocationEssentials-6Q7T1EV09BKC3W4MTAH78VSJ0.pcm

SwiftExplicitDependencyGeneratePcm arm64 /tmp/dreamlooper-identity-build/ModuleCache.noindex/UserNotifications-45J5PFXUYLGGZCZZPOOWS5CKE.pcm

SwiftExplicitDependencyGeneratePcm arm64 /tmp/dreamlooper-identity-build/ModuleCache.noindex/Accessibility-EF16VYGXVTMO1CU32PA0MYD3S.pcm

SwiftExplicitDependencyGeneratePcm arm64 /tmp/dreamlooper-identity-build/ModuleCache.noindex/OSLog-66MY6SVJ3HL189KJGELRFBWI0.pcm

SwiftExplicitDependencyGeneratePcm arm64 /tmp/dreamlooper-identity-build/ModuleCache.noindex/OpenGLES-7HC3535FYJP0YF2KA0XDXP5HP.pcm

SwiftExplicitDependencyGeneratePcm arm64 /tmp/dreamlooper-identity-build/ModuleCache.noindex/UIUtilities-3MN7YXFT8MA4ARDDXRFI1NMPL.pcm

SwiftExplicitDependencyGeneratePcm arm64 /tmp/dreamlooper-identity-build/ModuleCache.noindex/CoreData-D9BZGUL5HLICGEP1PDN3EJIVD.pcm

SwiftExplicitDependencyGeneratePcm x86_64 /tmp/dreamlooper-identity-build/ModuleCache.noindex/CoreMotion-E99WOUPOGSKZR07G7209N1PEL.pcm

SwiftExplicitDependencyGeneratePcm arm64 /tmp/dreamlooper-identity-build/ModuleCache.noindex/AVRouting-384QHA31T406A86DVFD8KOXJK.pcm

SwiftExplicitDependencyGeneratePcm x86_64 /tmp/dreamlooper-identity-build/ModuleCache.noindex/Symbols-190C2V0S6F4ZF0AJ4A53V7ONH.pcm

SwiftExplicitDependencyGeneratePcm x86_64 /tmp/dreamlooper-identity-build/ModuleCache.noindex/CoreMIDI-2HFJ75T7MI0JRM6HWYV4GOC4Z.pcm

SwiftExplicitDependencyGeneratePcm x86_64 /tmp/dreamlooper-identity-build/ModuleCache.noindex/OSLog-BFN6T61FW3VINJGDG35RXZNXR.pcm

SwiftExplicitDependencyGeneratePcm arm64 /tmp/dreamlooper-identity-build/ModuleCache.noindex/IOSurface-7EP79U377F8JTI4Q2VI0JYSH9.pcm

SwiftExplicitDependencyGeneratePcm arm64 /tmp/dreamlooper-identity-build/ModuleCache.noindex/LocalAuthentication-3II6NZ8FL1RRXFSUB8MWKJ65G.pcm

SwiftExplicitDependencyGeneratePcm arm64 /tmp/dreamlooper-identity-build/ModuleCache.noindex/Contacts-4USL9ZVFS4MB011Z4IL1VXJ5Z.pcm

SwiftExplicitDependencyGeneratePcm x86_64 /tmp/dreamlooper-identity-build/ModuleCache.noindex/CloudKit-7I3EN2A7MZDKTC782BJL7EI2G.pcm

SwiftExplicitDependencyGeneratePcm x86_64 /tmp/dreamlooper-identity-build/ModuleCache.noindex/BackgroundAssets-3AXTXGR928PMZI4297RFX9YR5.pcm

SwiftExplicitDependencyGeneratePcm arm64 /tmp/dreamlooper-identity-build/ModuleCache.noindex/DataDetection-6Y0N13T7F5W6T76P5ME064R9C.pcm

SwiftExplicitDependencyGeneratePcm arm64 /tmp/dreamlooper-identity-build/ModuleCache.noindex/UniformTypeIdentifiers-DZKOXGI6MTYAMOWKY9Y0NG24U.pcm

SwiftExplicitDependencyGeneratePcm arm64 /tmp/dreamlooper-identity-build/ModuleCache.noindex/ModelIO-2SG97ECDUWN57IMXUDLO100KL.pcm

SwiftExplicitDependencyGeneratePcm x86_64 /tmp/dreamlooper-identity-build/ModuleCache.noindex/AudioToolbox-2M8BAJKZ4QOCRV1JU53RMSUXK.pcm

SwiftExplicitDependencyGeneratePcm arm64 /tmp/dreamlooper-identity-build/ModuleCache.noindex/Metal-6K0FKXN20TBZOOI9GZSMZNVBU.pcm

SwiftExplicitDependencyGeneratePcm arm64 /tmp/dreamlooper-identity-build/ModuleCache.noindex/CoreLocation-LZISAK9B1UQL1U7DCTHO0RQJ.pcm

SwiftExplicitDependencyGeneratePcm x86_64 /tmp/dreamlooper-identity-build/ModuleCache.noindex/Network-68HBLQI8D5R4YY139KQFO745W.pcm

SwiftExplicitDependencyGeneratePcm x86_64 /tmp/dreamlooper-identity-build/ModuleCache.noindex/Metal-2IXR35BPTWT375G9WVP0LIA8J.pcm

SwiftExplicitDependencyGeneratePcm arm64 /tmp/dreamlooper-identity-build/ModuleCache.noindex/BackgroundAssets-EHY9U3SPXDZ88GED9D2UTTVNA.pcm

SwiftExplicitDependencyGeneratePcm arm64 /tmp/dreamlooper-identity-build/ModuleCache.noindex/Symbols-BG5433F92DKDLV6J25Y8IZRUT.pcm

SwiftExplicitDependencyGeneratePcm arm64 /tmp/dreamlooper-identity-build/ModuleCache.noindex/AudioToolbox-4UFIZYEVXDS5QTY889O3BUF8R.pcm

SwiftExplicitDependencyGeneratePcm arm64 /tmp/dreamlooper-identity-build/ModuleCache.noindex/CloudKit-B241L368XWV1XTE94ZRZTHO80.pcm

SwiftExplicitDependencyGeneratePcm arm64 /tmp/dreamlooper-identity-build/ModuleCache.noindex/CoreMotion-439CRWLZHRUWR1OTR6142XWR2.pcm

SwiftExplicitDependencyGeneratePcm x86_64 /tmp/dreamlooper-identity-build/ModuleCache.noindex/AVRouting-4QMHN00HQ4S8YGMEXF9S1PT4V.pcm

SwiftExplicitDependencyGeneratePcm arm64 /tmp/dreamlooper-identity-build/ModuleCache.noindex/CoreVideo-114VJVRUK0YM1ONUD3NVQ953F.pcm

SwiftExplicitDependencyGeneratePcm x86_64 /tmp/dreamlooper-identity-build/ModuleCache.noindex/CoreVideo-3KYX31WEGA1RBHHU0R1LKRWPD.pcm

SwiftExplicitDependencyGeneratePcm arm64 /tmp/dreamlooper-identity-build/ModuleCache.noindex/Accelerate-EBN3Y84N33V3W2ZM8X6D35QRV.pcm

SwiftExplicitDependencyGeneratePcm arm64 /tmp/dreamlooper-identity-build/ModuleCache.noindex/QuartzCore-14VYG8YRE50PB13JEW29SJ6WK.pcm

SwiftExplicitDependencyGeneratePcm arm64 /tmp/dreamlooper-identity-build/ModuleCache.noindex/CoreMedia-6PS2WOLWWF7D58O0J4PYHEKK3.pcm

SwiftExplicitDependencyGeneratePcm arm64 /tmp/dreamlooper-identity-build/ModuleCache.noindex/CoreML-427ATR0YRNNOX2GF8SK4T62IA.pcm

SwiftExplicitDependencyGeneratePcm arm64 /tmp/dreamlooper-identity-build/ModuleCache.noindex/CoreImage-ATCK9RJ9F5HDMCUF231E97GJU.pcm

SwiftExplicitDependencyGeneratePcm x86_64 /tmp/dreamlooper-identity-build/ModuleCache.noindex/Accelerate-14B18GUTG7QAVDPYVL9XC7Z8S.pcm

SwiftExplicitDependencyGeneratePcm x86_64 /tmp/dreamlooper-identity-build/ModuleCache.noindex/CoreML-80YLQFM0WBHMIBVBKBHI5ZRG2.pcm

SwiftExplicitDependencyGeneratePcm x86_64 /tmp/dreamlooper-identity-build/ModuleCache.noindex/CoreMedia-76JZ6U2A8DBEZ7LESLN7ZKYT.pcm

SwiftExplicitDependencyGeneratePcm x86_64 /tmp/dreamlooper-identity-build/ModuleCache.noindex/CoreImage-1XQI2OS46MAYXTH2G4U3K6I22.pcm

SwiftExplicitDependencyGeneratePcm x86_64 /tmp/dreamlooper-identity-build/ModuleCache.noindex/QuartzCore-5ISV5A9F69IH85H9CVHKVGNO4.pcm

SwiftExplicitDependencyGeneratePcm arm64 /tmp/dreamlooper-identity-build/ModuleCache.noindex/SwiftUICore-39HHQRA5QYPMYFNE08C8JLM1.pcm

SwiftExplicitDependencyGeneratePcm arm64 /tmp/dreamlooper-identity-build/ModuleCache.noindex/Vision-66KSP9MWJ3ODHCYKT0H2HZQ7K.pcm

SwiftExplicitDependencyGeneratePcm arm64 /tmp/dreamlooper-identity-build/ModuleCache.noindex/MediaToolbox-8S9U5SV002KHSRLVTNP4CHN3.pcm

SwiftExplicitDependencyGeneratePcm arm64 /tmp/dreamlooper-identity-build/ModuleCache.noindex/UIKit-CF36IE1QXJG55KATQXN5V6KLV.pcm

SwiftExplicitDependencyGeneratePcm x86_64 /tmp/dreamlooper-identity-build/ModuleCache.noindex/AVFAudio-D1XB82XTNL2YNE7NALKWYV6E.pcm

SwiftExplicitDependencyGeneratePcm x86_64 /tmp/dreamlooper-identity-build/ModuleCache.noindex/MediaToolbox-ERDEIA208TJVJC06H0BWRLILK.pcm

SwiftExplicitDependencyGeneratePcm arm64 /tmp/dreamlooper-identity-build/ModuleCache.noindex/AVFAudio-1EINJSYHUJ8DFV39QLGV4UA2T.pcm

SwiftExplicitDependencyGeneratePcm x86_64 /tmp/dreamlooper-identity-build/ModuleCache.noindex/SwiftUICore-3R7TBFHPRNXZ21EQ6KQ8TD6WP.pcm

SwiftExplicitDependencyGeneratePcm x86_64 /tmp/dreamlooper-identity-build/ModuleCache.noindex/UIKit-2L99WS9W9I6I6JIPWRVB0KHQ5.pcm

SwiftExplicitDependencyGeneratePcm x86_64 /tmp/dreamlooper-identity-build/ModuleCache.noindex/Vision-1PMQXX7QKZJJQFX4L4VLTP16N.pcm

SwiftExplicitDependencyGeneratePcm x86_64 /tmp/dreamlooper-identity-build/ModuleCache.noindex/AVFoundation-E89REY1CNKVKPOGAVCUG15CP9.pcm

SwiftExplicitDependencyGeneratePcm arm64 /tmp/dreamlooper-identity-build/ModuleCache.noindex/AVFoundation-17CU06FODSY1WKLA73P7BAWJV.pcm

SwiftExplicitDependencyGeneratePcm arm64 /tmp/dreamlooper-identity-build/ModuleCache.noindex/GLKit-80R60GU0TV7962M25AKG1666D.pcm

SwiftExplicitDependencyGeneratePcm arm64 /tmp/dreamlooper-identity-build/ModuleCache.noindex/MultipeerConnectivity-ARSC6GVWFRFP9GMX6BCMTZ2O3.pcm

SwiftExplicitDependencyGeneratePcm arm64 /tmp/dreamlooper-identity-build/ModuleCache.noindex/GameController-51U35KJH3KPE2T8WK8MAI22M7.pcm

SwiftExplicitDependencyGeneratePcm arm64 /tmp/dreamlooper-identity-build/ModuleCache.noindex/SwiftUI-D9YPEBOII3A9KN1FRHTSMJ5KI.pcm

SwiftExplicitDependencyGeneratePcm arm64 /tmp/dreamlooper-identity-build/ModuleCache.noindex/StoreKit-1DO4SCZLR2UW0IS0A60UD7YK4.pcm

SwiftExplicitDependencyGeneratePcm arm64 /tmp/dreamlooper-identity-build/ModuleCache.noindex/ReplayKit-1LM2F3S1Y79EVHHSFEMS4TXTO.pcm

SwiftExplicitDependencyGeneratePcm x86_64 /tmp/dreamlooper-identity-build/ModuleCache.noindex/MultipeerConnectivity-1ULRESLXARJ5G3FFWMIOLC1LN.pcm

SwiftExplicitDependencyGeneratePcm x86_64 /tmp/dreamlooper-identity-build/ModuleCache.noindex/GLKit-73NRK37OX141LH4Z0KRA6P2SY.pcm

SwiftExplicitDependencyGeneratePcm x86_64 /tmp/dreamlooper-identity-build/ModuleCache.noindex/StoreKit-13T5YJXK54FGX3UFVAG9IDYJ7.pcm

SwiftExplicitDependencyGeneratePcm x86_64 /tmp/dreamlooper-identity-build/ModuleCache.noindex/GameController-8DVV2RQNMDNIDIVQYZ1VM4LE.pcm

SwiftExplicitDependencyGeneratePcm x86_64 /tmp/dreamlooper-identity-build/ModuleCache.noindex/ReplayKit-961RUHIEUO4C8JS4MMQO06WDE.pcm

SwiftExplicitDependencyGeneratePcm x86_64 /tmp/dreamlooper-identity-build/ModuleCache.noindex/SwiftUI-1T84UYWEIK0X53BYC7FHN2BK9.pcm

SwiftExplicitDependencyGeneratePcm arm64 /tmp/dreamlooper-identity-build/ModuleCache.noindex/SceneKit-8982NGXF4OJFI12S8QOUMIGBA.pcm

SwiftExplicitDependencyGeneratePcm arm64 /tmp/dreamlooper-identity-build/ModuleCache.noindex/SpriteKit-ETHK9OF6TAGK2BCI8K53FMRNT.pcm

SwiftExplicitDependencyGeneratePcm x86_64 /tmp/dreamlooper-identity-build/ModuleCache.noindex/SceneKit-8PA2IFJ53RAJOREIYNYPEDSNC.pcm

SwiftExplicitDependencyGeneratePcm x86_64 /tmp/dreamlooper-identity-build/ModuleCache.noindex/SpriteKit-A4ASYY89M9R4ZG6063UCANLAF.pcm

SwiftExplicitDependencyGeneratePcm arm64 /tmp/dreamlooper-identity-build/ModuleCache.noindex/ARKit-1RBZ6Q6CC471BSDD7IHV1DDAI.pcm

SwiftExplicitDependencyGeneratePcm arm64 /tmp/dreamlooper-identity-build/ModuleCache.noindex/GameplayKit-EABMW8MPI4K77SANYXB3TSMLO.pcm

SwiftExplicitDependencyGeneratePcm x86_64 /tmp/dreamlooper-identity-build/ModuleCache.noindex/ARKit-2AYJCTBFF9A2XHSWH1DK2U9P1.pcm

SwiftExplicitDependencyGeneratePcm x86_64 /tmp/dreamlooper-identity-build/ModuleCache.noindex/GameplayKit-434VUQ33H62EALYOOEL4NJP9C.pcm

SwiftExplicitDependencyGeneratePcm arm64 /tmp/dreamlooper-identity-build/ModuleCache.noindex/GameKit-CWC0ICAT5FY2RJ2BN3KVRBCMT.pcm

SwiftExplicitDependencyGeneratePcm x86_64 /tmp/dreamlooper-identity-build/ModuleCache.noindex/GameKit-3HYBQ1PZ62PEV0E04UJIKEXI7.pcm

SwiftCompile normal arm64 Compiling\ Commerce.swift,\ DeviceServices.swift,\ DreamAudio.swift,\ GameModel.swift,\ OptionalGoogleAds.swift /Users/shiv/Projects/iphone/Dream\ Again/Dream\ Again/Services/Commerce.swift /Users/shiv/Projects/iphone/Dream\ Again/Dream\ Again/Services/DeviceServices.swift /Users/shiv/Projects/iphone/Dream\ Again/Dream\ Again/Services/DreamAudio.swift /Users/shiv/Projects/iphone/Dream\ Again/Dream\ Again/Services/GameModel.swift /Users/shiv/Projects/iphone/Dream\ Again/Dream\ Again/Services/OptionalGoogleAds.swift (in target 'Dream Again' from project 'Dream Again')

SwiftCompile normal arm64 /Users/shiv/Projects/iphone/Dream\ Again/Dream\ Again/Services/Commerce.swift (in target 'Dream Again' from project 'Dream Again')
    cd /Users/shiv/Projects/iphone/Dream\ Again
    

SwiftCompile normal arm64 /Users/shiv/Projects/iphone/Dream\ Again/Dream\ Again/Services/DeviceServices.swift (in target 'Dream Again' from project 'Dream Again')
    cd /Users/shiv/Projects/iphone/Dream\ Again
    

SwiftCompile normal arm64 /Users/shiv/Projects/iphone/Dream\ Again/Dream\ Again/Services/DreamAudio.swift (in target 'Dream Again' from project 'Dream Again')
    cd /Users/shiv/Projects/iphone/Dream\ Again
    

SwiftCompile normal arm64 /Users/shiv/Projects/iphone/Dream\ Again/Dream\ Again/Services/GameModel.swift (in target 'Dream Again' from project 'Dream Again')
    cd /Users/shiv/Projects/iphone/Dream\ Again
    

SwiftCompile normal arm64 /Users/shiv/Projects/iphone/Dream\ Again/Dream\ Again/Services/OptionalGoogleAds.swift (in target 'Dream Again' from project 'Dream Again')
    cd /Users/shiv/Projects/iphone/Dream\ Again
    

SwiftCompile normal arm64 Compiling\ PlatformIntegrations.swift,\ BalloonCounter.swift,\ ContentView.swift,\ Dream_AgainApp.swift,\ GeneratedAssetSymbols.swift /Users/shiv/Projects/iphone/Dream\ Again/Dream\ Again/Services/PlatformIntegrations.swift /Users/shiv/Projects/iphone/Dream\ Again/Dream\ Again/BalloonCounter.swift /Users/shiv/Projects/iphone/Dream\ Again/Dream\ Again/ContentView.swift /Users/shiv/Projects/iphone/Dream\ Again/Dream\ Again/Dream_AgainApp.swift /tmp/dreamlooper-identity-build/Build/Intermediates.noindex/Dream\ Again.build/Debug-iphonesimulator/Dream\ Again.build/DerivedSources/GeneratedAssetSymbols.swift (in target 'Dream Again' from project 'Dream Again')
SwiftCompile normal arm64 /Users/shiv/Projects/iphone/Dream\ Again/Dream\ Again/Services/PlatformIntegrations.swift (in target 'Dream Again' from project 'Dream Again')
    cd /Users/shiv/Projects/iphone/Dream\ Again
    

SwiftCompile normal arm64 /Users/shiv/Projects/iphone/Dream\ Again/Dream\ Again/BalloonCounter.swift (in target 'Dream Again' from project 'Dream Again')
    cd /Users/shiv/Projects/iphone/Dream\ Again
    

SwiftCompile normal arm64 /Users/shiv/Projects/iphone/Dream\ Again/Dream\ Again/ContentView.swift (in target 'Dream Again' from project 'Dream Again')
    cd /Users/shiv/Projects/iphone/Dream\ Again
    

SwiftCompile normal arm64 /Users/shiv/Projects/iphone/Dream\ Again/Dream\ Again/Dream_AgainApp.swift (in target 'Dream Again' from project 'Dream Again')
    cd /Users/shiv/Projects/iphone/Dream\ Again
    

SwiftCompile normal arm64 /tmp/dreamlooper-identity-build/Build/Intermediates.noindex/Dream\ Again.build/Debug-iphonesimulator/Dream\ Again.build/DerivedSources/GeneratedAssetSymbols.swift (in target 'Dream Again' from project 'Dream Again')
    cd /Users/shiv/Projects/iphone/Dream\ Again
    

SwiftEmitModule normal arm64 Emitting\ module\ for\ DreamAgain (in target 'Dream Again' from project 'Dream Again')

EmitSwiftModule normal arm64 (in target 'Dream Again' from project 'Dream Again')
    cd /Users/shiv/Projects/iphone/Dream\ Again
    

SwiftCompile normal arm64 Compiling\ DreamPilotKit.swift,\ DreamPlateLibrary.swift,\ DreamRepresentations.swift,\ DreamScaleComposition.swift,\ DreamSoundscape.swift,\ DreamTransitionCadence.swift /Users/shiv/Projects/iphone/Dream\ Again/Dream\ Again/Core/DreamPilotKit.swift /Users/shiv/Projects/iphone/Dream\ Again/Dream\ Again/Core/DreamPlateLibrary.swift /Users/shiv/Projects/iphone/Dream\ Again/Dream\ Again/Core/DreamRepresentations.swift /Users/shiv/Projects/iphone/Dream\ Again/Dream\ Again/Core/DreamScaleComposition.swift /Users/shiv/Projects/iphone/Dream\ Again/Dream\ Again/Core/DreamSoundscape.swift /Users/shiv/Projects/iphone/Dream\ Again/Dream\ Again/Core/DreamTransitionCadence.swift (in target 'Dream Again' from project 'Dream Again')

SwiftCompile normal arm64 /Users/shiv/Projects/iphone/Dream\ Again/Dream\ Again/Core/DreamPilotKit.swift (in target 'Dream Again' from project 'Dream Again')
    cd /Users/shiv/Projects/iphone/Dream\ Again
    

SwiftCompile normal arm64 /Users/shiv/Projects/iphone/Dream\ Again/Dream\ Again/Core/DreamPlateLibrary.swift (in target 'Dream Again' from project 'Dream Again')
    cd /Users/shiv/Projects/iphone/Dream\ Again
    

SwiftCompile normal arm64 /Users/shiv/Projects/iphone/Dream\ Again/Dream\ Again/Core/DreamRepresentations.swift (in target 'Dream Again' from project 'Dream Again')
    cd /Users/shiv/Projects/iphone/Dream\ Again
    

SwiftCompile normal arm64 /Users/shiv/Projects/iphone/Dream\ Again/Dream\ Again/Core/DreamScaleComposition.swift (in target 'Dream Again' from project 'Dream Again')
    cd /Users/shiv/Projects/iphone/Dream\ Again
    

SwiftCompile normal arm64 /Users/shiv/Projects/iphone/Dream\ Again/Dream\ Again/Core/DreamSoundscape.swift (in target 'Dream Again' from project 'Dream Again')
    cd /Users/shiv/Projects/iphone/Dream\ Again
    

SwiftCompile normal arm64 /Users/shiv/Projects/iphone/Dream\ Again/Dream\ Again/Core/DreamTransitionCadence.swift (in target 'Dream Again' from project 'Dream Again')
    cd /Users/shiv/Projects/iphone/Dream\ Again
    

SwiftCompile normal arm64 Compiling\ DreamObstacles.swift,\ DreamRenderer.swift,\ FittedHats.swift,\ Geometry.swift,\ HybridDreamLayers.swift,\ PaletteEvolution.swift /Users/shiv/Projects/iphone/Dream\ Again/Dream\ Again/Rendering/DreamObstacles.swift /Users/shiv/Projects/iphone/Dream\ Again/Dream\ Again/Rendering/DreamRenderer.swift /Users/shiv/Projects/iphone/Dream\ Again/Dream\ Again/Rendering/FittedHats.swift /Users/shiv/Projects/iphone/Dream\ Again/Dream\ Again/Rendering/Geometry.swift /Users/shiv/Projects/iphone/Dream\ Again/Dream\ Again/Rendering/HybridDreamLayers.swift /Users/shiv/Projects/iphone/Dream\ Again/Dream\ Again/Rendering/PaletteEvolution.swift (in target 'Dream Again' from project 'Dream Again')
SwiftCompile normal arm64 /Users/shiv/Projects/iphone/Dream\ Again/Dream\ Again/Rendering/DreamObstacles.swift (in target 'Dream Again' from project 'Dream Again')
    cd /Users/shiv/Projects/iphone/Dream\ Again
    

SwiftCompile normal arm64 /Users/shiv/Projects/iphone/Dream\ Again/Dream\ Again/Rendering/DreamRenderer.swift (in target 'Dream Again' from project 'Dream Again')
    cd /Users/shiv/Projects/iphone/Dream\ Again
    

SwiftCompile normal arm64 /Users/shiv/Projects/iphone/Dream\ Again/Dream\ Again/Rendering/FittedHats.swift (in target 'Dream Again' from project 'Dream Again')
    cd /Users/shiv/Projects/iphone/Dream\ Again
    

SwiftCompile normal arm64 /Users/shiv/Projects/iphone/Dream\ Again/Dream\ Again/Rendering/Geometry.swift (in target 'Dream Again' from project 'Dream Again')
    cd /Users/shiv/Projects/iphone/Dream\ Again
    

SwiftCompile normal arm64 /Users/shiv/Projects/iphone/Dream\ Again/Dream\ Again/Rendering/HybridDreamLayers.swift (in target 'Dream Again' from project 'Dream Again')
    cd /Users/shiv/Projects/iphone/Dream\ Again
    

SwiftCompile normal arm64 /Users/shiv/Projects/iphone/Dream\ Again/Dream\ Again/Rendering/PaletteEvolution.swift (in target 'Dream Again' from project 'Dream Again')
    cd /Users/shiv/Projects/iphone/Dream\ Again
    

SwiftCompile normal arm64 Compiling\ DreamVignettes.swift,\ Persistence.swift,\ Rules.swift,\ RunnerSwipe.swift,\ Simulation.swift,\ TrackArt.swift /Users/shiv/Projects/iphone/Dream\ Again/Dream\ Again/Core/DreamVignettes.swift /Users/shiv/Projects/iphone/Dream\ Again/Dream\ Again/Core/Persistence.swift /Users/shiv/Projects/iphone/Dream\ Again/Dream\ Again/Core/Rules.swift /Users/shiv/Projects/iphone/Dream\ Again/Dream\ Again/Core/RunnerSwipe.swift /Users/shiv/Projects/iphone/Dream\ Again/Dream\ Again/Core/Simulation.swift /Users/shiv/Projects/iphone/Dream\ Again/Dream\ Again/Core/TrackArt.swift (in target 'Dream Again' from project 'Dream Again')

SwiftCompile normal arm64 /Users/shiv/Projects/iphone/Dream\ Again/Dream\ Again/Core/DreamVignettes.swift (in target 'Dream Again' from project 'Dream Again')
    cd /Users/shiv/Projects/iphone/Dream\ Again
    

SwiftCompile normal arm64 /Users/shiv/Projects/iphone/Dream\ Again/Dream\ Again/Core/Persistence.swift (in target 'Dream Again' from project 'Dream Again')
    cd /Users/shiv/Projects/iphone/Dream\ Again
    

SwiftCompile normal arm64 /Users/shiv/Projects/iphone/Dream\ Again/Dream\ Again/Core/Rules.swift (in target 'Dream Again' from project 'Dream Again')
    cd /Users/shiv/Projects/iphone/Dream\ Again
    

SwiftCompile normal arm64 /Users/shiv/Projects/iphone/Dream\ Again/Dream\ Again/Core/RunnerSwipe.swift (in target 'Dream Again' from project 'Dream Again')
    cd /Users/shiv/Projects/iphone/Dream\ Again
    

SwiftCompile normal arm64 /Users/shiv/Projects/iphone/Dream\ Again/Dream\ Again/Core/Simulation.swift (in target 'Dream Again' from project 'Dream Again')
    cd /Users/shiv/Projects/iphone/Dream\ Again
    

SwiftCompile normal arm64 /Users/shiv/Projects/iphone/Dream\ Again/Dream\ Again/Core/TrackArt.swift (in target 'Dream Again' from project 'Dream Again')
    cd /Users/shiv/Projects/iphone/Dream\ Again
    

SwiftCompile normal arm64 Compiling\ TrackTranslucency.swift,\ World.swift,\ BalloonPopEffects.swift,\ DistantPathRenderer.swift,\ DreamArtDirection.swift,\ DreamMaterials.swift /Users/shiv/Projects/iphone/Dream\ Again/Dream\ Again/Core/TrackTranslucency.swift /Users/shiv/Projects/iphone/Dream\ Again/Dream\ Again/Core/World.swift /Users/shiv/Projects/iphone/Dream\ Again/Dream\ Again/Rendering/BalloonPopEffects.swift /Users/shiv/Projects/iphone/Dream\ Again/Dream\ Again/Rendering/DistantPathRenderer.swift /Users/shiv/Projects/iphone/Dream\ Again/Dream\ Again/Rendering/DreamArtDirection.swift /Users/shiv/Projects/iphone/Dream\ Again/Dream\ Again/Rendering/DreamMaterials.swift (in target 'Dream Again' from project 'Dream Again')

SwiftCompile normal arm64 /Users/shiv/Projects/iphone/Dream\ Again/Dream\ Again/Core/TrackTranslucency.swift (in target 'Dream Again' from project 'Dream Again')
    cd /Users/shiv/Projects/iphone/Dream\ Again
    

SwiftCompile normal arm64 /Users/shiv/Projects/iphone/Dream\ Again/Dream\ Again/Core/World.swift (in target 'Dream Again' from project 'Dream Again')
    cd /Users/shiv/Projects/iphone/Dream\ Again
    

SwiftCompile normal arm64 /Users/shiv/Projects/iphone/Dream\ Again/Dream\ Again/Rendering/BalloonPopEffects.swift (in target 'Dream Again' from project 'Dream Again')
    cd /Users/shiv/Projects/iphone/Dream\ Again
    

SwiftCompile normal arm64 /Users/shiv/Projects/iphone/Dream\ Again/Dream\ Again/Rendering/DistantPathRenderer.swift (in target 'Dream Again' from project 'Dream Again')
    cd /Users/shiv/Projects/iphone/Dream\ Again
    

SwiftCompile normal arm64 /Users/shiv/Projects/iphone/Dream\ Again/Dream\ Again/Rendering/DreamArtDirection.swift (in target 'Dream Again' from project 'Dream Again')
    cd /Users/shiv/Projects/iphone/Dream\ Again
    

SwiftCompile normal arm64 /Users/shiv/Projects/iphone/Dream\ Again/Dream\ Again/Rendering/DreamMaterials.swift (in target 'Dream Again' from project 'Dream Again')
    cd /Users/shiv/Projects/iphone/Dream\ Again
    
/Users/shiv/Projects/iphone/Dream Again/Dream Again/Rendering/DreamMaterials.swift:76:42: warning: 'generate(from:withName:options:)' was deprecated in iOS 18.0: replaced by 'init(image:withName:options:)'
              let t=try? TextureResource.generate(from:cg,options:.init(semantic:normal ? .normal : .color)) else{return nil}
                                         ^
/Users/shiv/Projects/iphone/Dream Again/Dream Again/Rendering/DreamMaterials.swift:76:42: note: use 'init(image:withName:options:)' instead
              let t=try? TextureResource.generate(from:cg,options:.init(semantic:normal ? .normal : .color)) else{return nil}
                                        ~^~~~~~~~ ~~~~
                                                  image

SwiftCompile normal arm64 Compiling\ SculptedGeometry.swift,\ SoccerPanels.swift,\ StormVFX.swift,\ StrawDoll.swift,\ StrawRepairVisuals.swift,\ ToyZebra.swift /Users/shiv/Projects/iphone/Dream\ Again/Dream\ Again/Rendering/SculptedGeometry.swift /Users/shiv/Projects/iphone/Dream\ Again/Dream\ Again/Rendering/SoccerPanels.swift /Users/shiv/Projects/iphone/Dream\ Again/Dream\ Again/Rendering/StormVFX.swift /Users/shiv/Projects/iphone/Dream\ Again/Dream\ Again/Rendering/StrawDoll.swift /Users/shiv/Projects/iphone/Dream\ Again/Dream\ Again/Rendering/StrawRepairVisuals.swift /Users/shiv/Projects/iphone/Dream\ Again/Dream\ Again/Rendering/ToyZebra.swift (in target 'Dream Again' from project 'Dream Again')

SwiftCompile normal arm64 /Users/shiv/Projects/iphone/Dream\ Again/Dream\ Again/Rendering/SculptedGeometry.swift (in target 'Dream Again' from project 'Dream Again')
    cd /Users/shiv/Projects/iphone/Dream\ Again
    

SwiftCompile normal arm64 /Users/shiv/Projects/iphone/Dream\ Again/Dream\ Again/Rendering/SoccerPanels.swift (in target 'Dream Again' from project 'Dream Again')
    cd /Users/shiv/Projects/iphone/Dream\ Again
    

SwiftCompile normal arm64 /Users/shiv/Projects/iphone/Dream\ Again/Dream\ Again/Rendering/StormVFX.swift (in target 'Dream Again' from project 'Dream Again')
    cd /Users/shiv/Projects/iphone/Dream\ Again
    

SwiftCompile normal arm64 /Users/shiv/Projects/iphone/Dream\ Again/Dream\ Again/Rendering/StrawDoll.swift (in target 'Dream Again' from project 'Dream Again')
    cd /Users/shiv/Projects/iphone/Dream\ Again
    

SwiftCompile normal arm64 /Users/shiv/Projects/iphone/Dream\ Again/Dream\ Again/Rendering/StrawRepairVisuals.swift (in target 'Dream Again' from project 'Dream Again')
    cd /Users/shiv/Projects/iphone/Dream\ Again
    

SwiftCompile normal arm64 /Users/shiv/Projects/iphone/Dream\ Again/Dream\ Again/Rendering/ToyZebra.swift (in target 'Dream Again' from project 'Dream Again')
    cd /Users/shiv/Projects/iphone/Dream\ Again
    

SwiftEmitModule normal x86_64 Emitting\ module\ for\ DreamAgain (in target 'Dream Again' from project 'Dream Again')

EmitSwiftModule normal x86_64 (in target 'Dream Again' from project 'Dream Again')
    cd /Users/shiv/Projects/iphone/Dream\ Again
    

SwiftDriverJobDiscovery normal arm64 Emitting module for DreamAgain (in target 'Dream Again' from project 'Dream Again')

SwiftDriver\ Compilation\ Requirements Dream\ Again normal arm64 com.apple.xcode.tools.swift.compiler (in target 'Dream Again' from project 'Dream Again')
    cd /Users/shiv/Projects/iphone/Dream\ Again
    builtin-Swift-Compilation-Requirements -- /Applications/Xcode.app/Contents/Developer/Toolchains/XcodeDefault.xctoolchain/usr/bin/swiftc -module-name DreamAgain -Onone @/tmp/dreamlooper-identity-build/Build/Intermediates.noindex/Dream\ Again.build/Debug-iphonesimulator/Dream\ Again.build/Objects-normal/arm64/Dream\ Again.SwiftFileList -DDEBUG -enable-bare-slash-regex -enable-upcoming-feature DisableOutwardActorInference -enable-upcoming-feature InferSendableFromCaptures -enable-upcoming-feature GlobalActorIsolatedTypesUsability -enable-upcoming-feature MemberImportVisibility -enable-upcoming-feature InferIsolatedConformances -enable-upcoming-feature NonisolatedNonsendingByDefault -enable-experimental-feature DebugDescriptionMacro -sdk /Applications/Xcode.app/Contents/Developer/Platforms/iPhoneSimulator.platform/Developer/SDKs/iPhoneSimulator26.5.sdk -target arm64-apple-ios18.0-simulator -g -module-cache-path /tmp/dreamlooper-identity-build/ModuleCache.noindex -Xfrontend -serialize-debugging-options -enable-testing -index-store-path /tmp/dreamlooper-identity-build/Index.noindex/DataStore -Xcc -D_LIBCPP_HARDENING_MODE\=_LIBCPP_HARDENING_MODE_DEBUG -swift-version 5 -I /tmp/dreamlooper-identity-build/Build/Products/Debug-iphonesimulator -F /tmp/dreamlooper-identity-build/Build/Products/Debug-iphonesimulator -emit-localized-strings -emit-localized-strings-path /tmp/dreamlooper-identity-build/Build/Intermediates.noindex/Dream\ Again.build/Debug-iphonesimulator/Dream\ Again.build/Objects-normal/arm64 -c -j8 -enable-batch-mode -incremental -Xcc -ivfsstatcache -Xcc /tmp/dreamlooper-identity-build/SDKStatCaches.noindex/iphonesimulator26.5-23F81a-688ef53f1462e2c8f657fdc38a81448f6cfe768891a92b912361537c460fe42b.sdkstatcache -output-file-map /tmp/dreamlooper-identity-build/Build/Intermediates.noindex/Dream\ Again.build/Debug-iphonesimulator/Dream\ Again.build/Objects-normal/arm64/Dream\ Again-OutputFileMap.json -use-frontend-parseable-output -save-temps -no-color-diagnostics -explicit-module-build -module-cache-path /tmp/dreamlooper-identity-build/Build/Intermediates.noindex/SwiftExplicitPrecompiledModules -clang-scanner-module-cache-path /tmp/dreamlooper-identity-build/ModuleCache.noindex -sdk-module-cache-path /tmp/dreamlooper-identity-build/ModuleCache.noindex -serialize-diagnostics -emit-dependencies -emit-module -emit-module-path /tmp/dreamlooper-identity-build/Build/Intermediates.noindex/Dream\ Again.build/Debug-iphonesimulator/Dream\ Again.build/Objects-normal/arm64/DreamAgain.swiftmodule -validate-clang-modules-once -clang-build-session-file /tmp/dreamlooper-identity-build/ModuleCache.noindex/Session.modulevalidation -Xcc -I/tmp/dreamlooper-identity-build/Build/Intermediates.noindex/Dream\ Again.build/Debug-iphonesimulator/Dream\ Again.build/swift-overrides.hmap -emit-const-values -Xfrontend -const-gather-protocols-file -Xfrontend /tmp/dreamlooper-identity-build/Build/Intermediates.noindex/Dream\ Again.build/Debug-iphonesimulator/Dream\ Again.build/Objects-normal/arm64/Dream\ Again_const_extract_protocols.json -Xcc -iquote -Xcc /tmp/dreamlooper-identity-build/Build/Intermediates.noindex/Dream\ Again.build/Debug-iphonesimulator/Dream\ Again.build/Dream\ Again-generated-files.hmap -Xcc -I/tmp/dreamlooper-identity-build/Build/Intermediates.noindex/Dream\ Again.build/Debug-iphonesimulator/Dream\ Again.build/Dream\ Again-own-target-headers.hmap -Xcc -I/tmp/dreamlooper-identity-build/Build/Intermediates.noindex/Dream\ Again.build/Debug-iphonesimulator/Dream\ Again.build/Dream\ Again-all-target-headers.hmap -Xcc -iquote -Xcc /tmp/dreamlooper-identity-build/Build/Intermediates.noindex/Dream\ Again.build/Debug-iphonesimulator/Dream\ Again.build/Dream\ Again-project-headers.hmap -Xcc -I/tmp/dreamlooper-identity-build/Build/Products/Debug-iphonesimulator/include -Xcc -I/tmp/dreamlooper-identity-build/Build/Intermediates.noindex/Dream\ Again.build/Debug-iphonesimulator/Dream\ Again.build/DerivedSources-normal/arm64 -Xcc -I/tmp/dreamlooper-identity-build/Build/Intermediates.noindex/Dream\ Again.build/Debug-iphonesimulator/Dream\ Again.build/DerivedSources/arm64 -Xcc -I/tmp/dreamlooper-identity-build/Build/Intermediates.noindex/Dream\ Again.build/Debug-iphonesimulator/Dream\ Again.build/DerivedSources -Xcc -DDEBUG\=1 -emit-objc-header -emit-objc-header-path /tmp/dreamlooper-identity-build/Build/Intermediates.noindex/Dream\ Again.build/Debug-iphonesimulator/Dream\ Again.build/Objects-normal/arm64/DreamAgain-Swift.h -working-directory /Users/shiv/Projects/iphone/Dream\ Again -experimental-emit-module-separately -disable-cmo

SwiftDriverJobDiscovery normal x86_64 Emitting module for DreamAgain (in target 'Dream Again' from project 'Dream Again')

SwiftDriver\ Compilation\ Requirements Dream\ Again normal x86_64 com.apple.xcode.tools.swift.compiler (in target 'Dream Again' from project 'Dream Again')
    cd /Users/shiv/Projects/iphone/Dream\ Again
    builtin-Swift-Compilation-Requirements -- /Applications/Xcode.app/Contents/Developer/Toolchains/XcodeDefault.xctoolchain/usr/bin/swiftc -module-name DreamAgain -Onone @/tmp/dreamlooper-identity-build/Build/Intermediates.noindex/Dream\ Again.build/Debug-iphonesimulator/Dream\ Again.build/Objects-normal/x86_64/Dream\ Again.SwiftFileList -DDEBUG -enable-bare-slash-regex -enable-upcoming-feature DisableOutwardActorInference -enable-upcoming-feature InferSendableFromCaptures -enable-upcoming-feature GlobalActorIsolatedTypesUsability -enable-upcoming-feature MemberImportVisibility -enable-upcoming-feature InferIsolatedConformances -enable-upcoming-feature NonisolatedNonsendingByDefault -enable-experimental-feature DebugDescriptionMacro -sdk /Applications/Xcode.app/Contents/Developer/Platforms/iPhoneSimulator.platform/Developer/SDKs/iPhoneSimulator26.5.sdk -target x86_64-apple-ios18.0-simulator -g -module-cache-path /tmp/dreamlooper-identity-build/ModuleCache.noindex -Xfrontend -serialize-debugging-options -enable-testing -index-store-path /tmp/dreamlooper-identity-build/Index.noindex/DataStore -Xcc -D_LIBCPP_HARDENING_MODE\=_LIBCPP_HARDENING_MODE_DEBUG -swift-version 5 -I /tmp/dreamlooper-identity-build/Build/Products/Debug-iphonesimulator -F /tmp/dreamlooper-identity-build/Build/Products/Debug-iphonesimulator -emit-localized-strings -emit-localized-strings-path /tmp/dreamlooper-identity-build/Build/Intermediates.noindex/Dream\ Again.build/Debug-iphonesimulator/Dream\ Again.build/Objects-normal/x86_64 -c -j8 -enable-batch-mode -incremental -Xcc -ivfsstatcache -Xcc /tmp/dreamlooper-identity-build/SDKStatCaches.noindex/iphonesimulator26.5-23F81a-688ef53f1462e2c8f657fdc38a81448f6cfe768891a92b912361537c460fe42b.sdkstatcache -output-file-map /tmp/dreamlooper-identity-build/Build/Intermediates.noindex/Dream\ Again.build/Debug-iphonesimulator/Dream\ Again.build/Objects-normal/x86_64/Dream\ Again-OutputFileMap.json -use-frontend-parseable-output -save-temps -no-color-diagnostics -explicit-module-build -module-cache-path /tmp/dreamlooper-identity-build/Build/Intermediates.noindex/SwiftExplicitPrecompiledModules -clang-scanner-module-cache-path /tmp/dreamlooper-identity-build/ModuleCache.noindex -sdk-module-cache-path /tmp/dreamlooper-identity-build/ModuleCache.noindex -serialize-diagnostics -emit-dependencies -emit-module -emit-module-path /tmp/dreamlooper-identity-build/Build/Intermediates.noindex/Dream\ Again.build/Debug-iphonesimulator/Dream\ Again.build/Objects-normal/x86_64/DreamAgain.swiftmodule -validate-clang-modules-once -clang-build-session-file /tmp/dreamlooper-identity-build/ModuleCache.noindex/Session.modulevalidation -Xcc -I/tmp/dreamlooper-identity-build/Build/Intermediates.noindex/Dream\ Again.build/Debug-iphonesimulator/Dream\ Again.build/swift-overrides.hmap -emit-const-values -Xfrontend -const-gather-protocols-file -Xfrontend /tmp/dreamlooper-identity-build/Build/Intermediates.noindex/Dream\ Again.build/Debug-iphonesimulator/Dream\ Again.build/Objects-normal/x86_64/Dream\ Again_const_extract_protocols.json -Xcc -iquote -Xcc /tmp/dreamlooper-identity-build/Build/Intermediates.noindex/Dream\ Again.build/Debug-iphonesimulator/Dream\ Again.build/Dream\ Again-generated-files.hmap -Xcc -I/tmp/dreamlooper-identity-build/Build/Intermediates.noindex/Dream\ Again.build/Debug-iphonesimulator/Dream\ Again.build/Dream\ Again-own-target-headers.hmap -Xcc -I/tmp/dreamlooper-identity-build/Build/Intermediates.noindex/Dream\ Again.build/Debug-iphonesimulator/Dream\ Again.build/Dream\ Again-all-target-headers.hmap -Xcc -iquote -Xcc /tmp/dreamlooper-identity-build/Build/Intermediates.noindex/Dream\ Again.build/Debug-iphonesimulator/Dream\ Again.build/Dream\ Again-project-headers.hmap -Xcc -I/tmp/dreamlooper-identity-build/Build/Products/Debug-iphonesimulator/include -Xcc -I/tmp/dreamlooper-identity-build/Build/Intermediates.noindex/Dream\ Again.build/Debug-iphonesimulator/Dream\ Again.build/DerivedSources-normal/x86_64 -Xcc -I/tmp/dreamlooper-identity-build/Build/Intermediates.noindex/Dream\ Again.build/Debug-iphonesimulator/Dream\ Again.build/DerivedSources/x86_64 -Xcc -I/tmp/dreamlooper-identity-build/Build/Intermediates.noindex/Dream\ Again.build/Debug-iphonesimulator/Dream\ Again.build/DerivedSources -Xcc -DDEBUG\=1 -emit-objc-header -emit-objc-header-path /tmp/dreamlooper-identity-build/Build/Intermediates.noindex/Dream\ Again.build/Debug-iphonesimulator/Dream\ Again.build/Objects-normal/x86_64/DreamAgain-Swift.h -working-directory /Users/shiv/Projects/iphone/Dream\ Again -experimental-emit-module-separately -disable-cmo

SwiftCompile normal x86_64 Compiling\ SculptedGeometry.swift,\ SoccerPanels.swift,\ StormVFX.swift,\ StrawDoll.swift,\ StrawRepairVisuals.swift,\ ToyZebra.swift /Users/shiv/Projects/iphone/Dream\ Again/Dream\ Again/Rendering/SculptedGeometry.swift /Users/shiv/Projects/iphone/Dream\ Again/Dream\ Again/Rendering/SoccerPanels.swift /Users/shiv/Projects/iphone/Dream\ Again/Dream\ Again/Rendering/StormVFX.swift /Users/shiv/Projects/iphone/Dream\ Again/Dream\ Again/Rendering/StrawDoll.swift /Users/shiv/Projects/iphone/Dream\ Again/Dream\ Again/Rendering/StrawRepairVisuals.swift /Users/shiv/Projects/iphone/Dream\ Again/Dream\ Again/Rendering/ToyZebra.swift (in target 'Dream Again' from project 'Dream Again')

SwiftCompile normal x86_64 /Users/shiv/Projects/iphone/Dream\ Again/Dream\ Again/Rendering/SculptedGeometry.swift (in target 'Dream Again' from project 'Dream Again')
    cd /Users/shiv/Projects/iphone/Dream\ Again
    

SwiftCompile normal x86_64 /Users/shiv/Projects/iphone/Dream\ Again/Dream\ Again/Rendering/SoccerPanels.swift (in target 'Dream Again' from project 'Dream Again')
    cd /Users/shiv/Projects/iphone/Dream\ Again
    

SwiftCompile normal x86_64 /Users/shiv/Projects/iphone/Dream\ Again/Dream\ Again/Rendering/StormVFX.swift (in target 'Dream Again' from project 'Dream Again')
    cd /Users/shiv/Projects/iphone/Dream\ Again
    

SwiftCompile normal x86_64 /Users/shiv/Projects/iphone/Dream\ Again/Dream\ Again/Rendering/StrawDoll.swift (in target 'Dream Again' from project 'Dream Again')
    cd /Users/shiv/Projects/iphone/Dream\ Again
    

SwiftCompile normal x86_64 /Users/shiv/Projects/iphone/Dream\ Again/Dream\ Again/Rendering/StrawRepairVisuals.swift (in target 'Dream Again' from project 'Dream Again')
    cd /Users/shiv/Projects/iphone/Dream\ Again
    

SwiftCompile normal x86_64 /Users/shiv/Projects/iphone/Dream\ Again/Dream\ Again/Rendering/ToyZebra.swift (in target 'Dream Again' from project 'Dream Again')
    cd /Users/shiv/Projects/iphone/Dream\ Again
    

SwiftMergeGeneratedHeaders /tmp/dreamlooper-identity-build/Build/Intermediates.noindex/Dream\ Again.build/Debug-iphonesimulator/Dream\ Again.build/DerivedSources/DreamAgain-Swift.h /tmp/dreamlooper-identity-build/Build/Intermediates.noindex/Dream\ Again.build/Debug-iphonesimulator/Dream\ Again.build/Objects-normal/arm64/DreamAgain-Swift.h /tmp/dreamlooper-identity-build/Build/Intermediates.noindex/Dream\ Again.build/Debug-iphonesimulator/Dream\ Again.build/Objects-normal/x86_64/DreamAgain-Swift.h (in target 'Dream Again' from project 'Dream Again')
    cd /Users/shiv/Projects/iphone/Dream\ Again
    builtin-swiftHeaderTool -arch arm64 /tmp/dreamlooper-identity-build/Build/Intermediates.noindex/Dream\ Again.build/Debug-iphonesimulator/Dream\ Again.build/Objects-normal/arm64/DreamAgain-Swift.h -arch x86_64 /tmp/dreamlooper-identity-build/Build/Intermediates.noindex/Dream\ Again.build/Debug-iphonesimulator/Dream\ Again.build/Objects-normal/x86_64/DreamAgain-Swift.h -o /tmp/dreamlooper-identity-build/Build/Intermediates.noindex/Dream\ Again.build/Debug-iphonesimulator/Dream\ Again.build/DerivedSources/DreamAgain-Swift.h

SwiftDriverJobDiscovery normal arm64 Compiling DreamPilotKit.swift, DreamPlateLibrary.swift, DreamRepresentations.swift, DreamScaleComposition.swift, DreamSoundscape.swift, DreamTransitionCadence.swift (in target 'Dream Again' from project 'Dream Again')

Copy /tmp/dreamlooper-identity-build/Build/Products/Debug-iphonesimulator/DreamAgain.swiftmodule/x86_64-apple-ios-simulator.swiftmodule /tmp/dreamlooper-identity-build/Build/Intermediates.noindex/Dream\ Again.build/Debug-iphonesimulator/Dream\ Again.build/Objects-normal/x86_64/DreamAgain.swiftmodule (in target 'Dream Again' from project 'Dream Again')
    cd /Users/shiv/Projects/iphone/Dream\ Again
    builtin-copy -exclude .DS_Store -exclude CVS -exclude .svn -exclude .git -exclude .hg -resolve-src-symlinks -rename /tmp/dreamlooper-identity-build/Build/Intermediates.noindex/Dream\ Again.build/Debug-iphonesimulator/Dream\ Again.build/Objects-normal/x86_64/DreamAgain.swiftmodule /tmp/dreamlooper-identity-build/Build/Products/Debug-iphonesimulator/DreamAgain.swiftmodule/x86_64-apple-ios-simulator.swiftmodule

Copy /tmp/dreamlooper-identity-build/Build/Products/Debug-iphonesimulator/DreamAgain.swiftmodule/x86_64-apple-ios-simulator.swiftdoc /tmp/dreamlooper-identity-build/Build/Intermediates.noindex/Dream\ Again.build/Debug-iphonesimulator/Dream\ Again.build/Objects-normal/x86_64/DreamAgain.swiftdoc (in target 'Dream Again' from project 'Dream Again')
    cd /Users/shiv/Projects/iphone/Dream\ Again
    builtin-copy -exclude .DS_Store -exclude CVS -exclude .svn -exclude .git -exclude .hg -resolve-src-symlinks -rename /tmp/dreamlooper-identity-build/Build/Intermediates.noindex/Dream\ Again.build/Debug-iphonesimulator/Dream\ Again.build/Objects-normal/x86_64/DreamAgain.swiftdoc /tmp/dreamlooper-identity-build/Build/Products/Debug-iphonesimulator/DreamAgain.swiftmodule/x86_64-apple-ios-simulator.swiftdoc

Copy /tmp/dreamlooper-identity-build/Build/Products/Debug-iphonesimulator/DreamAgain.swiftmodule/x86_64-apple-ios-simulator.abi.json /tmp/dreamlooper-identity-build/Build/Intermediates.noindex/Dream\ Again.build/Debug-iphonesimulator/Dream\ Again.build/Objects-normal/x86_64/DreamAgain.abi.json (in target 'Dream Again' from project 'Dream Again')
    cd /Users/shiv/Projects/iphone/Dream\ Again
    builtin-copy -exclude .DS_Store -exclude CVS -exclude .svn -exclude .git -exclude .hg -resolve-src-symlinks -rename /tmp/dreamlooper-identity-build/Build/Intermediates.noindex/Dream\ Again.build/Debug-iphonesimulator/Dream\ Again.build/Objects-normal/x86_64/DreamAgain.abi.json /tmp/dreamlooper-identity-build/Build/Products/Debug-iphonesimulator/DreamAgain.swiftmodule/x86_64-apple-ios-simulator.abi.json

Copy /tmp/dreamlooper-identity-build/Build/Products/Debug-iphonesimulator/DreamAgain.swiftmodule/arm64-apple-ios-simulator.swiftmodule /tmp/dreamlooper-identity-build/Build/Intermediates.noindex/Dream\ Again.build/Debug-iphonesimulator/Dream\ Again.build/Objects-normal/arm64/DreamAgain.swiftmodule (in target 'Dream Again' from project 'Dream Again')
    cd /Users/shiv/Projects/iphone/Dream\ Again
    builtin-copy -exclude .DS_Store -exclude CVS -exclude .svn -exclude .git -exclude .hg -resolve-src-symlinks -rename /tmp/dreamlooper-identity-build/Build/Intermediates.noindex/Dream\ Again.build/Debug-iphonesimulator/Dream\ Again.build/Objects-normal/arm64/DreamAgain.swiftmodule /tmp/dreamlooper-identity-build/Build/Products/Debug-iphonesimulator/DreamAgain.swiftmodule/arm64-apple-ios-simulator.swiftmodule

Copy /tmp/dreamlooper-identity-build/Build/Products/Debug-iphonesimulator/DreamAgain.swiftmodule/arm64-apple-ios-simulator.swiftdoc /tmp/dreamlooper-identity-build/Build/Intermediates.noindex/Dream\ Again.build/Debug-iphonesimulator/Dream\ Again.build/Objects-normal/arm64/DreamAgain.swiftdoc (in target 'Dream Again' from project 'Dream Again')
    cd /Users/shiv/Projects/iphone/Dream\ Again
    builtin-copy -exclude .DS_Store -exclude CVS -exclude .svn -exclude .git -exclude .hg -resolve-src-symlinks -rename /tmp/dreamlooper-identity-build/Build/Intermediates.noindex/Dream\ Again.build/Debug-iphonesimulator/Dream\ Again.build/Objects-normal/arm64/DreamAgain.swiftdoc /tmp/dreamlooper-identity-build/Build/Products/Debug-iphonesimulator/DreamAgain.swiftmodule/arm64-apple-ios-simulator.swiftdoc

Copy /tmp/dreamlooper-identity-build/Build/Products/Debug-iphonesimulator/DreamAgain.swiftmodule/arm64-apple-ios-simulator.abi.json /tmp/dreamlooper-identity-build/Build/Intermediates.noindex/Dream\ Again.build/Debug-iphonesimulator/Dream\ Again.build/Objects-normal/arm64/DreamAgain.abi.json (in target 'Dream Again' from project 'Dream Again')
    cd /Users/shiv/Projects/iphone/Dream\ Again
    builtin-copy -exclude .DS_Store -exclude CVS -exclude .svn -exclude .git -exclude .hg -resolve-src-symlinks -rename /tmp/dreamlooper-identity-build/Build/Intermediates.noindex/Dream\ Again.build/Debug-iphonesimulator/Dream\ Again.build/Objects-normal/arm64/DreamAgain.abi.json /tmp/dreamlooper-identity-build/Build/Products/Debug-iphonesimulator/DreamAgain.swiftmodule/arm64-apple-ios-simulator.abi.json

Copy /tmp/dreamlooper-identity-build/Build/Products/Debug-iphonesimulator/DreamAgain.swiftmodule/Project/x86_64-apple-ios-simulator.swiftsourceinfo /tmp/dreamlooper-identity-build/Build/Intermediates.noindex/Dream\ Again.build/Debug-iphonesimulator/Dream\ Again.build/Objects-normal/x86_64/DreamAgain.swiftsourceinfo (in target 'Dream Again' from project 'Dream Again')
    cd /Users/shiv/Projects/iphone/Dream\ Again
    builtin-copy -exclude .DS_Store -exclude CVS -exclude .svn -exclude .git -exclude .hg -resolve-src-symlinks -rename /tmp/dreamlooper-identity-build/Build/Intermediates.noindex/Dream\ Again.build/Debug-iphonesimulator/Dream\ Again.build/Objects-normal/x86_64/DreamAgain.swiftsourceinfo /tmp/dreamlooper-identity-build/Build/Products/Debug-iphonesimulator/DreamAgain.swiftmodule/Project/x86_64-apple-ios-simulator.swiftsourceinfo

Copy /tmp/dreamlooper-identity-build/Build/Products/Debug-iphonesimulator/DreamAgain.swiftmodule/Project/arm64-apple-ios-simulator.swiftsourceinfo /tmp/dreamlooper-identity-build/Build/Intermediates.noindex/Dream\ Again.build/Debug-iphonesimulator/Dream\ Again.build/Objects-normal/arm64/DreamAgain.swiftsourceinfo (in target 'Dream Again' from project 'Dream Again')
    cd /Users/shiv/Projects/iphone/Dream\ Again
    builtin-copy -exclude .DS_Store -exclude CVS -exclude .svn -exclude .git -exclude .hg -resolve-src-symlinks -rename /tmp/dreamlooper-identity-build/Build/Intermediates.noindex/Dream\ Again.build/Debug-iphonesimulator/Dream\ Again.build/Objects-normal/arm64/DreamAgain.swiftsourceinfo /tmp/dreamlooper-identity-build/Build/Products/Debug-iphonesimulator/DreamAgain.swiftmodule/Project/arm64-apple-ios-simulator.swiftsourceinfo

SwiftCompile normal x86_64 Compiling\ DreamVignettes.swift,\ Persistence.swift,\ Rules.swift,\ RunnerSwipe.swift,\ Simulation.swift,\ TrackArt.swift /Users/shiv/Projects/iphone/Dream\ Again/Dream\ Again/Core/DreamVignettes.swift /Users/shiv/Projects/iphone/Dream\ Again/Dream\ Again/Core/Persistence.swift /Users/shiv/Projects/iphone/Dream\ Again/Dream\ Again/Core/Rules.swift /Users/shiv/Projects/iphone/Dream\ Again/Dream\ Again/Core/RunnerSwipe.swift /Users/shiv/Projects/iphone/Dream\ Again/Dream\ Again/Core/Simulation.swift /Users/shiv/Projects/iphone/Dream\ Again/Dream\ Again/Core/TrackArt.swift (in target 'Dream Again' from project 'Dream Again')

SwiftCompile normal x86_64 /Users/shiv/Projects/iphone/Dream\ Again/Dream\ Again/Core/DreamVignettes.swift (in target 'Dream Again' from project 'Dream Again')
    cd /Users/shiv/Projects/iphone/Dream\ Again
    

SwiftCompile normal x86_64 /Users/shiv/Projects/iphone/Dream\ Again/Dream\ Again/Core/Persistence.swift (in target 'Dream Again' from project 'Dream Again')
    cd /Users/shiv/Projects/iphone/Dream\ Again
    

SwiftCompile normal x86_64 /Users/shiv/Projects/iphone/Dream\ Again/Dream\ Again/Core/Rules.swift (in target 'Dream Again' from project 'Dream Again')
    cd /Users/shiv/Projects/iphone/Dream\ Again
    

SwiftCompile normal x86_64 /Users/shiv/Projects/iphone/Dream\ Again/Dream\ Again/Core/RunnerSwipe.swift (in target 'Dream Again' from project 'Dream Again')
    cd /Users/shiv/Projects/iphone/Dream\ Again
    

SwiftCompile normal x86_64 /Users/shiv/Projects/iphone/Dream\ Again/Dream\ Again/Core/Simulation.swift (in target 'Dream Again' from project 'Dream Again')
    cd /Users/shiv/Projects/iphone/Dream\ Again
    

SwiftCompile normal x86_64 /Users/shiv/Projects/iphone/Dream\ Again/Dream\ Again/Core/TrackArt.swift (in target 'Dream Again' from project 'Dream Again')
    cd /Users/shiv/Projects/iphone/Dream\ Again
    

SwiftDriverJobDiscovery normal arm64 Compiling DreamVignettes.swift, Persistence.swift, Rules.swift, RunnerSwipe.swift, Simulation.swift, TrackArt.swift (in target 'Dream Again' from project 'Dream Again')

SwiftCompile normal x86_64 Compiling\ Commerce.swift,\ DeviceServices.swift,\ DreamAudio.swift,\ GameModel.swift,\ OptionalGoogleAds.swift /Users/shiv/Projects/iphone/Dream\ Again/Dream\ Again/Services/Commerce.swift /Users/shiv/Projects/iphone/Dream\ Again/Dream\ Again/Services/DeviceServices.swift /Users/shiv/Projects/iphone/Dream\ Again/Dream\ Again/Services/DreamAudio.swift /Users/shiv/Projects/iphone/Dream\ Again/Dream\ Again/Services/GameModel.swift /Users/shiv/Projects/iphone/Dream\ Again/Dream\ Again/Services/OptionalGoogleAds.swift (in target 'Dream Again' from project 'Dream Again')

SwiftCompile normal x86_64 /Users/shiv/Projects/iphone/Dream\ Again/Dream\ Again/Services/Commerce.swift (in target 'Dream Again' from project 'Dream Again')
    cd /Users/shiv/Projects/iphone/Dream\ Again
    

SwiftCompile normal x86_64 /Users/shiv/Projects/iphone/Dream\ Again/Dream\ Again/Services/DeviceServices.swift (in target 'Dream Again' from project 'Dream Again')
    cd /Users/shiv/Projects/iphone/Dream\ Again
    

SwiftCompile normal x86_64 /Users/shiv/Projects/iphone/Dream\ Again/Dream\ Again/Services/DreamAudio.swift (in target 'Dream Again' from project 'Dream Again')
    cd /Users/shiv/Projects/iphone/Dream\ Again
    

SwiftCompile normal x86_64 /Users/shiv/Projects/iphone/Dream\ Again/Dream\ Again/Services/GameModel.swift (in target 'Dream Again' from project 'Dream Again')
    cd /Users/shiv/Projects/iphone/Dream\ Again
    

SwiftCompile normal x86_64 /Users/shiv/Projects/iphone/Dream\ Again/Dream\ Again/Services/OptionalGoogleAds.swift (in target 'Dream Again' from project 'Dream Again')
    cd /Users/shiv/Projects/iphone/Dream\ Again
    

SwiftCompile normal x86_64 Compiling\ PlatformIntegrations.swift,\ BalloonCounter.swift,\ ContentView.swift,\ Dream_AgainApp.swift,\ GeneratedAssetSymbols.swift /Users/shiv/Projects/iphone/Dream\ Again/Dream\ Again/Services/PlatformIntegrations.swift /Users/shiv/Projects/iphone/Dream\ Again/Dream\ Again/BalloonCounter.swift /Users/shiv/Projects/iphone/Dream\ Again/Dream\ Again/ContentView.swift /Users/shiv/Projects/iphone/Dream\ Again/Dream\ Again/Dream_AgainApp.swift /tmp/dreamlooper-identity-build/Build/Intermediates.noindex/Dream\ Again.build/Debug-iphonesimulator/Dream\ Again.build/DerivedSources/GeneratedAssetSymbols.swift (in target 'Dream Again' from project 'Dream Again')

SwiftCompile normal x86_64 /Users/shiv/Projects/iphone/Dream\ Again/Dream\ Again/Services/PlatformIntegrations.swift (in target 'Dream Again' from project 'Dream Again')
    cd /Users/shiv/Projects/iphone/Dream\ Again
    

SwiftCompile normal x86_64 /Users/shiv/Projects/iphone/Dream\ Again/Dream\ Again/BalloonCounter.swift (in target 'Dream Again' from project 'Dream Again')
    cd /Users/shiv/Projects/iphone/Dream\ Again
    

SwiftCompile normal x86_64 /Users/shiv/Projects/iphone/Dream\ Again/Dream\ Again/ContentView.swift (in target 'Dream Again' from project 'Dream Again')
    cd /Users/shiv/Projects/iphone/Dream\ Again
    

SwiftCompile normal x86_64 /Users/shiv/Projects/iphone/Dream\ Again/Dream\ Again/Dream_AgainApp.swift (in target 'Dream Again' from project 'Dream Again')
    cd /Users/shiv/Projects/iphone/Dream\ Again
    

SwiftCompile normal x86_64 /tmp/dreamlooper-identity-build/Build/Intermediates.noindex/Dream\ Again.build/Debug-iphonesimulator/Dream\ Again.build/DerivedSources/GeneratedAssetSymbols.swift (in target 'Dream Again' from project 'Dream Again')
    cd /Users/shiv/Projects/iphone/Dream\ Again
    

SwiftCompile normal x86_64 Compiling\ DreamPilotKit.swift,\ DreamPlateLibrary.swift,\ DreamRepresentations.swift,\ DreamScaleComposition.swift,\ DreamSoundscape.swift,\ DreamTransitionCadence.swift /Users/shiv/Projects/iphone/Dream\ Again/Dream\ Again/Core/DreamPilotKit.swift /Users/shiv/Projects/iphone/Dream\ Again/Dream\ Again/Core/DreamPlateLibrary.swift /Users/shiv/Projects/iphone/Dream\ Again/Dream\ Again/Core/DreamRepresentations.swift /Users/shiv/Projects/iphone/Dream\ Again/Dream\ Again/Core/DreamScaleComposition.swift /Users/shiv/Projects/iphone/Dream\ Again/Dream\ Again/Core/DreamSoundscape.swift /Users/shiv/Projects/iphone/Dream\ Again/Dream\ Again/Core/DreamTransitionCadence.swift (in target 'Dream Again' from project 'Dream Again')

SwiftCompile normal x86_64 /Users/shiv/Projects/iphone/Dream\ Again/Dream\ Again/Core/DreamPilotKit.swift (in target 'Dream Again' from project 'Dream Again')
    cd /Users/shiv/Projects/iphone/Dream\ Again
    

SwiftCompile normal x86_64 /Users/shiv/Projects/iphone/Dream\ Again/Dream\ Again/Core/DreamPlateLibrary.swift (in target 'Dream Again' from project 'Dream Again')
    cd /Users/shiv/Projects/iphone/Dream\ Again
    

SwiftCompile normal x86_64 /Users/shiv/Projects/iphone/Dream\ Again/Dream\ Again/Core/DreamRepresentations.swift (in target 'Dream Again' from project 'Dream Again')
    cd /Users/shiv/Projects/iphone/Dream\ Again
    

SwiftCompile normal x86_64 /Users/shiv/Projects/iphone/Dream\ Again/Dream\ Again/Core/DreamScaleComposition.swift (in target 'Dream Again' from project 'Dream Again')
    cd /Users/shiv/Projects/iphone/Dream\ Again
    

SwiftCompile normal x86_64 /Users/shiv/Projects/iphone/Dream\ Again/Dream\ Again/Core/DreamSoundscape.swift (in target 'Dream Again' from project 'Dream Again')
    cd /Users/shiv/Projects/iphone/Dream\ Again
    

SwiftCompile normal x86_64 /Users/shiv/Projects/iphone/Dream\ Again/Dream\ Again/Core/DreamTransitionCadence.swift (in target 'Dream Again' from project 'Dream Again')
    cd /Users/shiv/Projects/iphone/Dream\ Again
    

SwiftDriverJobDiscovery normal arm64 Compiling SculptedGeometry.swift, SoccerPanels.swift, StormVFX.swift, StrawDoll.swift, StrawRepairVisuals.swift, ToyZebra.swift (in target 'Dream Again' from project 'Dream Again')

SwiftDriverJobDiscovery normal arm64 Compiling TrackTranslucency.swift, World.swift, BalloonPopEffects.swift, DistantPathRenderer.swift, DreamArtDirection.swift, DreamMaterials.swift (in target 'Dream Again' from project 'Dream Again')

SwiftCompile normal arm64 Compiling\ BalloonMotion.swift,\ Certification.swift,\ Determinism.swift,\ Difficulty.swift,\ DreamAtmosphere.swift,\ DreamCollageKit.swift /Users/shiv/Projects/iphone/Dream\ Again/Dream\ Again/Core/BalloonMotion.swift /Users/shiv/Projects/iphone/Dream\ Again/Dream\ Again/Core/Certification.swift /Users/shiv/Projects/iphone/Dream\ Again/Dream\ Again/Core/Determinism.swift /Users/shiv/Projects/iphone/Dream\ Again/Dream\ Again/Core/Difficulty.swift /Users/shiv/Projects/iphone/Dream\ Again/Dream\ Again/Core/DreamAtmosphere.swift /Users/shiv/Projects/iphone/Dream\ Again/Dream\ Again/Core/DreamCollageKit.swift (in target 'Dream Again' from project 'Dream Again')

SwiftCompile normal arm64 /Users/shiv/Projects/iphone/Dream\ Again/Dream\ Again/Core/BalloonMotion.swift (in target 'Dream Again' from project 'Dream Again')
    cd /Users/shiv/Projects/iphone/Dream\ Again
    

SwiftCompile normal arm64 /Users/shiv/Projects/iphone/Dream\ Again/Dream\ Again/Core/Certification.swift (in target 'Dream Again' from project 'Dream Again')
    cd /Users/shiv/Projects/iphone/Dream\ Again
    

SwiftCompile normal arm64 /Users/shiv/Projects/iphone/Dream\ Again/Dream\ Again/Core/Determinism.swift (in target 'Dream Again' from project 'Dream Again')
    cd /Users/shiv/Projects/iphone/Dream\ Again
    

SwiftCompile normal arm64 /Users/shiv/Projects/iphone/Dream\ Again/Dream\ Again/Core/Difficulty.swift (in target 'Dream Again' from project 'Dream Again')
    cd /Users/shiv/Projects/iphone/Dream\ Again
    

SwiftCompile normal arm64 /Users/shiv/Projects/iphone/Dream\ Again/Dream\ Again/Core/DreamAtmosphere.swift (in target 'Dream Again' from project 'Dream Again')
    cd /Users/shiv/Projects/iphone/Dream\ Again
    

SwiftCompile normal arm64 /Users/shiv/Projects/iphone/Dream\ Again/Dream\ Again/Core/DreamCollageKit.swift (in target 'Dream Again' from project 'Dream Again')
    cd /Users/shiv/Projects/iphone/Dream\ Again
    

SwiftDriverJobDiscovery normal arm64 Compiling Commerce.swift, DeviceServices.swift, DreamAudio.swift, GameModel.swift, OptionalGoogleAds.swift (in target 'Dream Again' from project 'Dream Again')

SwiftCompile normal x86_64 Compiling\ BalloonMotion.swift,\ Certification.swift,\ Determinism.swift,\ Difficulty.swift,\ DreamAtmosphere.swift,\ DreamCollageKit.swift /Users/shiv/Projects/iphone/Dream\ Again/Dream\ Again/Core/BalloonMotion.swift /Users/shiv/Projects/iphone/Dream\ Again/Dream\ Again/Core/Certification.swift /Users/shiv/Projects/iphone/Dream\ Again/Dream\ Again/Core/Determinism.swift /Users/shiv/Projects/iphone/Dream\ Again/Dream\ Again/Core/Difficulty.swift /Users/shiv/Projects/iphone/Dream\ Again/Dream\ Again/Core/DreamAtmosphere.swift /Users/shiv/Projects/iphone/Dream\ Again/Dream\ Again/Core/DreamCollageKit.swift (in target 'Dream Again' from project 'Dream Again')

SwiftCompile normal x86_64 /Users/shiv/Projects/iphone/Dream\ Again/Dream\ Again/Core/BalloonMotion.swift (in target 'Dream Again' from project 'Dream Again')
    cd /Users/shiv/Projects/iphone/Dream\ Again
    

SwiftCompile normal x86_64 /Users/shiv/Projects/iphone/Dream\ Again/Dream\ Again/Core/Certification.swift (in target 'Dream Again' from project 'Dream Again')
    cd /Users/shiv/Projects/iphone/Dream\ Again
    

SwiftCompile normal x86_64 /Users/shiv/Projects/iphone/Dream\ Again/Dream\ Again/Core/Determinism.swift (in target 'Dream Again' from project 'Dream Again')
    cd /Users/shiv/Projects/iphone/Dream\ Again
    

SwiftCompile normal x86_64 /Users/shiv/Projects/iphone/Dream\ Again/Dream\ Again/Core/Difficulty.swift (in target 'Dream Again' from project 'Dream Again')
    cd /Users/shiv/Projects/iphone/Dream\ Again
    

SwiftCompile normal x86_64 /Users/shiv/Projects/iphone/Dream\ Again/Dream\ Again/Core/DreamAtmosphere.swift (in target 'Dream Again' from project 'Dream Again')
    cd /Users/shiv/Projects/iphone/Dream\ Again
    

SwiftCompile normal x86_64 /Users/shiv/Projects/iphone/Dream\ Again/Dream\ Again/Core/DreamCollageKit.swift (in target 'Dream Again' from project 'Dream Again')
    cd /Users/shiv/Projects/iphone/Dream\ Again
    

SwiftDriverJobDiscovery normal arm64 Compiling PlatformIntegrations.swift, BalloonCounter.swift, ContentView.swift, Dream_AgainApp.swift, GeneratedAssetSymbols.swift (in target 'Dream Again' from project 'Dream Again')

SwiftCompile normal x86_64 Compiling\ TrackTranslucency.swift,\ World.swift,\ BalloonPopEffects.swift,\ DistantPathRenderer.swift,\ DreamArtDirection.swift,\ DreamMaterials.swift /Users/shiv/Projects/iphone/Dream\ Again/Dream\ Again/Core/TrackTranslucency.swift /Users/shiv/Projects/iphone/Dream\ Again/Dream\ Again/Core/World.swift /Users/shiv/Projects/iphone/Dream\ Again/Dream\ Again/Rendering/BalloonPopEffects.swift /Users/shiv/Projects/iphone/Dream\ Again/Dream\ Again/Rendering/DistantPathRenderer.swift /Users/shiv/Projects/iphone/Dream\ Again/Dream\ Again/Rendering/DreamArtDirection.swift /Users/shiv/Projects/iphone/Dream\ Again/Dream\ Again/Rendering/DreamMaterials.swift (in target 'Dream Again' from project 'Dream Again')

SwiftCompile normal x86_64 /Users/shiv/Projects/iphone/Dream\ Again/Dream\ Again/Core/TrackTranslucency.swift (in target 'Dream Again' from project 'Dream Again')
    cd /Users/shiv/Projects/iphone/Dream\ Again
    

SwiftCompile normal x86_64 /Users/shiv/Projects/iphone/Dream\ Again/Dream\ Again/Core/World.swift (in target 'Dream Again' from project 'Dream Again')
    cd /Users/shiv/Projects/iphone/Dream\ Again
    

SwiftCompile normal x86_64 /Users/shiv/Projects/iphone/Dream\ Again/Dream\ Again/Rendering/BalloonPopEffects.swift (in target 'Dream Again' from project 'Dream Again')
    cd /Users/shiv/Projects/iphone/Dream\ Again
    

SwiftCompile normal x86_64 /Users/shiv/Projects/iphone/Dream\ Again/Dream\ Again/Rendering/DistantPathRenderer.swift (in target 'Dream Again' from project 'Dream Again')
    cd /Users/shiv/Projects/iphone/Dream\ Again
    

SwiftCompile normal x86_64 /Users/shiv/Projects/iphone/Dream\ Again/Dream\ Again/Rendering/DreamArtDirection.swift (in target 'Dream Again' from project 'Dream Again')
    cd /Users/shiv/Projects/iphone/Dream\ Again
    

SwiftCompile normal x86_64 /Users/shiv/Projects/iphone/Dream\ Again/Dream\ Again/Rendering/DreamMaterials.swift (in target 'Dream Again' from project 'Dream Again')
    cd /Users/shiv/Projects/iphone/Dream\ Again
    
/Users/shiv/Projects/iphone/Dream Again/Dream Again/Rendering/DreamMaterials.swift:76:42: warning: 'generate(from:withName:options:)' was deprecated in iOS 18.0: replaced by 'init(image:withName:options:)'
              let t=try? TextureResource.generate(from:cg,options:.init(semantic:normal ? .normal : .color)) else{return nil}
                                         ^
/Users/shiv/Projects/iphone/Dream Again/Dream Again/Rendering/DreamMaterials.swift:76:42: note: use 'init(image:withName:options:)' instead
              let t=try? TextureResource.generate(from:cg,options:.init(semantic:normal ? .normal : .color)) else{return nil}
                                        ~^~~~~~~~ ~~~~
                                                  image

SwiftDriverJobDiscovery normal x86_64 Compiling DreamVignettes.swift, Persistence.swift, Rules.swift, RunnerSwipe.swift, Simulation.swift, TrackArt.swift (in target 'Dream Again' from project 'Dream Again')

SwiftCompile normal x86_64 Compiling\ DreamObstacles.swift,\ DreamRenderer.swift,\ FittedHats.swift,\ Geometry.swift,\ HybridDreamLayers.swift,\ PaletteEvolution.swift /Users/shiv/Projects/iphone/Dream\ Again/Dream\ Again/Rendering/DreamObstacles.swift /Users/shiv/Projects/iphone/Dream\ Again/Dream\ Again/Rendering/DreamRenderer.swift /Users/shiv/Projects/iphone/Dream\ Again/Dream\ Again/Rendering/FittedHats.swift /Users/shiv/Projects/iphone/Dream\ Again/Dream\ Again/Rendering/Geometry.swift /Users/shiv/Projects/iphone/Dream\ Again/Dream\ Again/Rendering/HybridDreamLayers.swift /Users/shiv/Projects/iphone/Dream\ Again/Dream\ Again/Rendering/PaletteEvolution.swift (in target 'Dream Again' from project 'Dream Again')
SwiftCompile normal x86_64 /Users/shiv/Projects/iphone/Dream\ Again/Dream\ Again/Rendering/DreamObstacles.swift (in target 'Dream Again' from project 'Dream Again')
    cd /Users/shiv/Projects/iphone/Dream\ Again
    

SwiftCompile normal x86_64 /Users/shiv/Projects/iphone/Dream\ Again/Dream\ Again/Rendering/DreamRenderer.swift (in target 'Dream Again' from project 'Dream Again')
    cd /Users/shiv/Projects/iphone/Dream\ Again
    

SwiftCompile normal x86_64 /Users/shiv/Projects/iphone/Dream\ Again/Dream\ Again/Rendering/FittedHats.swift (in target 'Dream Again' from project 'Dream Again')
    cd /Users/shiv/Projects/iphone/Dream\ Again
    

SwiftCompile normal x86_64 /Users/shiv/Projects/iphone/Dream\ Again/Dream\ Again/Rendering/Geometry.swift (in target 'Dream Again' from project 'Dream Again')
    cd /Users/shiv/Projects/iphone/Dream\ Again
    

SwiftCompile normal x86_64 /Users/shiv/Projects/iphone/Dream\ Again/Dream\ Again/Rendering/HybridDreamLayers.swift (in target 'Dream Again' from project 'Dream Again')
    cd /Users/shiv/Projects/iphone/Dream\ Again
    

SwiftCompile normal x86_64 /Users/shiv/Projects/iphone/Dream\ Again/Dream\ Again/Rendering/PaletteEvolution.swift (in target 'Dream Again' from project 'Dream Again')
    cd /Users/shiv/Projects/iphone/Dream\ Again
    

SwiftDriverJobDiscovery normal x86_64 Compiling DreamPilotKit.swift, DreamPlateLibrary.swift, DreamRepresentations.swift, DreamScaleComposition.swift, DreamSoundscape.swift, DreamTransitionCadence.swift (in target 'Dream Again' from project 'Dream Again')

SwiftDriverJobDiscovery normal arm64 Compiling BalloonMotion.swift, Certification.swift, Determinism.swift, Difficulty.swift, DreamAtmosphere.swift, DreamCollageKit.swift (in target 'Dream Again' from project 'Dream Again')

SwiftDriverJobDiscovery normal x86_64 Compiling SculptedGeometry.swift, SoccerPanels.swift, StormVFX.swift, StrawDoll.swift, StrawRepairVisuals.swift, ToyZebra.swift (in target 'Dream Again' from project 'Dream Again')

SwiftDriverJobDiscovery normal x86_64 Compiling BalloonMotion.swift, Certification.swift, Determinism.swift, Difficulty.swift, DreamAtmosphere.swift, DreamCollageKit.swift (in target 'Dream Again' from project 'Dream Again')

SwiftDriverJobDiscovery normal x86_64 Compiling Commerce.swift, DeviceServices.swift, DreamAudio.swift, GameModel.swift, OptionalGoogleAds.swift (in target 'Dream Again' from project 'Dream Again')

SwiftDriverJobDiscovery normal x86_64 Compiling TrackTranslucency.swift, World.swift, BalloonPopEffects.swift, DistantPathRenderer.swift, DreamArtDirection.swift, DreamMaterials.swift (in target 'Dream Again' from project 'Dream Again')

SwiftDriverJobDiscovery normal x86_64 Compiling PlatformIntegrations.swift, BalloonCounter.swift, ContentView.swift, Dream_AgainApp.swift, GeneratedAssetSymbols.swift (in target 'Dream Again' from project 'Dream Again')

SwiftDriverJobDiscovery normal arm64 Compiling DreamObstacles.swift, DreamRenderer.swift, FittedHats.swift, Geometry.swift, HybridDreamLayers.swift, PaletteEvolution.swift (in target 'Dream Again' from project 'Dream Again')

SwiftDriver\ Compilation Dream\ Again normal arm64 com.apple.xcode.tools.swift.compiler (in target 'Dream Again' from project 'Dream Again')
    cd /Users/shiv/Projects/iphone/Dream\ Again
    builtin-Swift-Compilation -- /Applications/Xcode.app/Contents/Developer/Toolchains/XcodeDefault.xctoolchain/usr/bin/swiftc -module-name DreamAgain -Onone @/tmp/dreamlooper-identity-build/Build/Intermediates.noindex/Dream\ Again.build/Debug-iphonesimulator/Dream\ Again.build/Objects-normal/arm64/Dream\ Again.SwiftFileList -DDEBUG -enable-bare-slash-regex -enable-upcoming-feature DisableOutwardActorInference -enable-upcoming-feature InferSendableFromCaptures -enable-upcoming-feature GlobalActorIsolatedTypesUsability -enable-upcoming-feature MemberImportVisibility -enable-upcoming-feature InferIsolatedConformances -enable-upcoming-feature NonisolatedNonsendingByDefault -enable-experimental-feature DebugDescriptionMacro -sdk /Applications/Xcode.app/Contents/Developer/Platforms/iPhoneSimulator.platform/Developer/SDKs/iPhoneSimulator26.5.sdk -target arm64-apple-ios18.0-simulator -g -module-cache-path /tmp/dreamlooper-identity-build/ModuleCache.noindex -Xfrontend -serialize-debugging-options -enable-testing -index-store-path /tmp/dreamlooper-identity-build/Index.noindex/DataStore -Xcc -D_LIBCPP_HARDENING_MODE\=_LIBCPP_HARDENING_MODE_DEBUG -swift-version 5 -I /tmp/dreamlooper-identity-build/Build/Products/Debug-iphonesimulator -F /tmp/dreamlooper-identity-build/Build/Products/Debug-iphonesimulator -emit-localized-strings -emit-localized-strings-path /tmp/dreamlooper-identity-build/Build/Intermediates.noindex/Dream\ Again.build/Debug-iphonesimulator/Dream\ Again.build/Objects-normal/arm64 -c -j8 -enable-batch-mode -incremental -Xcc -ivfsstatcache -Xcc /tmp/dreamlooper-identity-build/SDKStatCaches.noindex/iphonesimulator26.5-23F81a-688ef53f1462e2c8f657fdc38a81448f6cfe768891a92b912361537c460fe42b.sdkstatcache -output-file-map /tmp/dreamlooper-identity-build/Build/Intermediates.noindex/Dream\ Again.build/Debug-iphonesimulator/Dream\ Again.build/Objects-normal/arm64/Dream\ Again-OutputFileMap.json -use-frontend-parseable-output -save-temps -no-color-diagnostics -explicit-module-build -module-cache-path /tmp/dreamlooper-identity-build/Build/Intermediates.noindex/SwiftExplicitPrecompiledModules -clang-scanner-module-cache-path /tmp/dreamlooper-identity-build/ModuleCache.noindex -sdk-module-cache-path /tmp/dreamlooper-identity-build/ModuleCache.noindex -serialize-diagnostics -emit-dependencies -emit-module -emit-module-path /tmp/dreamlooper-identity-build/Build/Intermediates.noindex/Dream\ Again.build/Debug-iphonesimulator/Dream\ Again.build/Objects-normal/arm64/DreamAgain.swiftmodule -validate-clang-modules-once -clang-build-session-file /tmp/dreamlooper-identity-build/ModuleCache.noindex/Session.modulevalidation -Xcc -I/tmp/dreamlooper-identity-build/Build/Intermediates.noindex/Dream\ Again.build/Debug-iphonesimulator/Dream\ Again.build/swift-overrides.hmap -emit-const-values -Xfrontend -const-gather-protocols-file -Xfrontend /tmp/dreamlooper-identity-build/Build/Intermediates.noindex/Dream\ Again.build/Debug-iphonesimulator/Dream\ Again.build/Objects-normal/arm64/Dream\ Again_const_extract_protocols.json -Xcc -iquote -Xcc /tmp/dreamlooper-identity-build/Build/Intermediates.noindex/Dream\ Again.build/Debug-iphonesimulator/Dream\ Again.build/Dream\ Again-generated-files.hmap -Xcc -I/tmp/dreamlooper-identity-build/Build/Intermediates.noindex/Dream\ Again.build/Debug-iphonesimulator/Dream\ Again.build/Dream\ Again-own-target-headers.hmap -Xcc -I/tmp/dreamlooper-identity-build/Build/Intermediates.noindex/Dream\ Again.build/Debug-iphonesimulator/Dream\ Again.build/Dream\ Again-all-target-headers.hmap -Xcc -iquote -Xcc /tmp/dreamlooper-identity-build/Build/Intermediates.noindex/Dream\ Again.build/Debug-iphonesimulator/Dream\ Again.build/Dream\ Again-project-headers.hmap -Xcc -I/tmp/dreamlooper-identity-build/Build/Products/Debug-iphonesimulator/include -Xcc -I/tmp/dreamlooper-identity-build/Build/Intermediates.noindex/Dream\ Again.build/Debug-iphonesimulator/Dream\ Again.build/DerivedSources-normal/arm64 -Xcc -I/tmp/dreamlooper-identity-build/Build/Intermediates.noindex/Dream\ Again.build/Debug-iphonesimulator/Dream\ Again.build/DerivedSources/arm64 -Xcc -I/tmp/dreamlooper-identity-build/Build/Intermediates.noindex/Dream\ Again.build/Debug-iphonesimulator/Dream\ Again.build/DerivedSources -Xcc -DDEBUG\=1 -emit-objc-header -emit-objc-header-path /tmp/dreamlooper-identity-build/Build/Intermediates.noindex/Dream\ Again.build/Debug-iphonesimulator/Dream\ Again.build/Objects-normal/arm64/DreamAgain-Swift.h -working-directory /Users/shiv/Projects/iphone/Dream\ Again -experimental-emit-module-separately -disable-cmo

Ld /tmp/dreamlooper-identity-build/Build/Intermediates.noindex/Dream\ Again.build/Debug-iphonesimulator/Dream\ Again.build/Objects-normal/arm64/Binary/Dream\ Again.debug.dylib normal arm64 (in target 'Dream Again' from project 'Dream Again')
    cd /Users/shiv/Projects/iphone/Dream\ Again
    /Applications/Xcode.app/Contents/Developer/Toolchains/XcodeDefault.xctoolchain/usr/bin/clang -Xlinker -reproducible -target arm64-apple-ios18.0-simulator -dynamiclib -isysroot /Applications/Xcode.app/Contents/Developer/Platforms/iPhoneSimulator.platform/Developer/SDKs/iPhoneSimulator26.5.sdk -O0 -L/tmp/dreamlooper-identity-build/Build/Intermediates.noindex/EagerLinkingTBDs/Debug-iphonesimulator -L/tmp/dreamlooper-identity-build/Build/Products/Debug-iphonesimulator -F/tmp/dreamlooper-identity-build/Build/Intermediates.noindex/EagerLinkingTBDs/Debug-iphonesimulator -F/tmp/dreamlooper-identity-build/Build/Products/Debug-iphonesimulator -filelist /tmp/dreamlooper-identity-build/Build/Intermediates.noindex/Dream\ Again.build/Debug-iphonesimulator/Dream\ Again.build/Objects-normal/arm64/Dream\ Again.LinkFileList -install_name @rpath/Dream\ Again.debug.dylib -Xlinker -rpath -Xlinker /usr/lib/swift -Xlinker -rpath -Xlinker @executable_path/Frameworks -Xlinker -dead_strip -Xlinker -object_path_lto -Xlinker /tmp/dreamlooper-identity-build/Build/Intermediates.noindex/Dream\ Again.build/Debug-iphonesimulator/Dream\ Again.build/Objects-normal/arm64/Dream\ Again_lto.o -rdynamic -Xlinker -no_deduplicate -Xlinker -objc_abi_version -Xlinker 2 -Xlinker -dependency_info -Xlinker /tmp/dreamlooper-identity-build/Build/Intermediates.noindex/Dream\ Again.build/Debug-iphonesimulator/Dream\ Again.build/Objects-normal/arm64/Dream\ Again_dependency_info.dat -fobjc-link-runtime -L/Applications/Xcode.app/Contents/Developer/Toolchains/XcodeDefault.xctoolchain/usr/lib/swift/iphonesimulator -L/usr/lib/swift -Xlinker -add_ast_path -Xlinker /tmp/dreamlooper-identity-build/Build/Intermediates.noindex/Dream\ Again.build/Debug-iphonesimulator/Dream\ Again.build/Objects-normal/arm64/DreamAgain.swiftmodule @/tmp/dreamlooper-identity-build/Build/Intermediates.noindex/Dream\ Again.build/Debug-iphonesimulator/Dream\ Again.build/Objects-normal/arm64/DreamAgain-linker-args.resp -Xlinker -alias -Xlinker _main -Xlinker ___debug_main_executable_dylib_entry_point -o /tmp/dreamlooper-identity-build/Build/Intermediates.noindex/Dream\ Again.build/Debug-iphonesimulator/Dream\ Again.build/Objects-normal/arm64/Binary/Dream\ Again.debug.dylib

ConstructStubExecutorLinkFileList /tmp/dreamlooper-identity-build/Build/Intermediates.noindex/Dream\ Again.build/Debug-iphonesimulator/Dream\ Again.build/Dream\ Again-ExecutorLinkFileList-normal-arm64.txt (in target 'Dream Again' from project 'Dream Again')
    cd /Users/shiv/Projects/iphone/Dream\ Again
    construct-stub-executor-link-file-list /tmp/dreamlooper-identity-build/Build/Intermediates.noindex/Dream\ Again.build/Debug-iphonesimulator/Dream\ Again.build/Objects-normal/arm64/Binary/Dream\ Again.debug.dylib /Applications/Xcode.app/Contents/Developer/Platforms/iPhoneSimulator.platform/Developer/usr/lib/libPreviewsJITStubExecutor_no_swift_entry_point.a /Applications/Xcode.app/Contents/Developer/Platforms/iPhoneSimulator.platform/Developer/usr/lib/libPreviewsJITStubExecutor.a --output /tmp/dreamlooper-identity-build/Build/Intermediates.noindex/Dream\ Again.build/Debug-iphonesimulator/Dream\ Again.build/Dream\ Again-ExecutorLinkFileList-normal-arm64.txt
note: Using stub executor library with Swift entry point. (in target 'Dream Again' from project 'Dream Again')

Ld /tmp/dreamlooper-identity-build/Build/Intermediates.noindex/Dream\ Again.build/Debug-iphonesimulator/Dream\ Again.build/Objects-normal/arm64/Binary/Dream\ Again normal arm64 (in target 'Dream Again' from project 'Dream Again')
    cd /Users/shiv/Projects/iphone/Dream\ Again
    /Applications/Xcode.app/Contents/Developer/Toolchains/XcodeDefault.xctoolchain/usr/bin/clang -Xlinker -reproducible -target arm64-apple-ios18.0-simulator -isysroot /Applications/Xcode.app/Contents/Developer/Platforms/iPhoneSimulator.platform/Developer/SDKs/iPhoneSimulator26.5.sdk -O0 -L/tmp/dreamlooper-identity-build/Build/Products/Debug-iphonesimulator -F/tmp/dreamlooper-identity-build/Build/Products/Debug-iphonesimulator -Xlinker -rpath -Xlinker @executable_path -Xlinker -rpath -Xlinker @executable_path/Frameworks -rdynamic -Xlinker -no_deduplicate -Xlinker -objc_abi_version -Xlinker 2 -e ___debug_blank_executor_main -Xlinker -sectcreate -Xlinker __TEXT -Xlinker __debug_dylib -Xlinker /tmp/dreamlooper-identity-build/Build/Intermediates.noindex/Dream\ Again.build/Debug-iphonesimulator/Dream\ Again.build/Dream\ Again-DebugDylibPath-normal-arm64.txt -Xlinker -sectcreate -Xlinker __TEXT -Xlinker __debug_instlnm -Xlinker /tmp/dreamlooper-identity-build/Build/Intermediates.noindex/Dream\ Again.build/Debug-iphonesimulator/Dream\ Again.build/Dream\ Again-DebugDylibInstallName-normal-arm64.txt -Xlinker -filelist -Xlinker /tmp/dreamlooper-identity-build/Build/Intermediates.noindex/Dream\ Again.build/Debug-iphonesimulator/Dream\ Again.build/Dream\ Again-ExecutorLinkFileList-normal-arm64.txt /tmp/dreamlooper-identity-build/Build/Intermediates.noindex/Dream\ Again.build/Debug-iphonesimulator/Dream\ Again.build/Objects-normal/arm64/Binary/Dream\ Again.debug.dylib -o /tmp/dreamlooper-identity-build/Build/Intermediates.noindex/Dream\ Again.build/Debug-iphonesimulator/Dream\ Again.build/Objects-normal/arm64/Binary/Dream\ Again

SwiftDriverJobDiscovery normal x86_64 Compiling DreamObstacles.swift, DreamRenderer.swift, FittedHats.swift, Geometry.swift, HybridDreamLayers.swift, PaletteEvolution.swift (in target 'Dream Again' from project 'Dream Again')

SwiftDriver\ Compilation Dream\ Again normal x86_64 com.apple.xcode.tools.swift.compiler (in target 'Dream Again' from project 'Dream Again')
    cd /Users/shiv/Projects/iphone/Dream\ Again
    builtin-Swift-Compilation -- /Applications/Xcode.app/Contents/Developer/Toolchains/XcodeDefault.xctoolchain/usr/bin/swiftc -module-name DreamAgain -Onone @/tmp/dreamlooper-identity-build/Build/Intermediates.noindex/Dream\ Again.build/Debug-iphonesimulator/Dream\ Again.build/Objects-normal/x86_64/Dream\ Again.SwiftFileList -DDEBUG -enable-bare-slash-regex -enable-upcoming-feature DisableOutwardActorInference -enable-upcoming-feature InferSendableFromCaptures -enable-upcoming-feature GlobalActorIsolatedTypesUsability -enable-upcoming-feature MemberImportVisibility -enable-upcoming-feature InferIsolatedConformances -enable-upcoming-feature NonisolatedNonsendingByDefault -enable-experimental-feature DebugDescriptionMacro -sdk /Applications/Xcode.app/Contents/Developer/Platforms/iPhoneSimulator.platform/Developer/SDKs/iPhoneSimulator26.5.sdk -target x86_64-apple-ios18.0-simulator -g -module-cache-path /tmp/dreamlooper-identity-build/ModuleCache.noindex -Xfrontend -serialize-debugging-options -enable-testing -index-store-path /tmp/dreamlooper-identity-build/Index.noindex/DataStore -Xcc -D_LIBCPP_HARDENING_MODE\=_LIBCPP_HARDENING_MODE_DEBUG -swift-version 5 -I /tmp/dreamlooper-identity-build/Build/Products/Debug-iphonesimulator -F /tmp/dreamlooper-identity-build/Build/Products/Debug-iphonesimulator -emit-localized-strings -emit-localized-strings-path /tmp/dreamlooper-identity-build/Build/Intermediates.noindex/Dream\ Again.build/Debug-iphonesimulator/Dream\ Again.build/Objects-normal/x86_64 -c -j8 -enable-batch-mode -incremental -Xcc -ivfsstatcache -Xcc /tmp/dreamlooper-identity-build/SDKStatCaches.noindex/iphonesimulator26.5-23F81a-688ef53f1462e2c8f657fdc38a81448f6cfe768891a92b912361537c460fe42b.sdkstatcache -output-file-map /tmp/dreamlooper-identity-build/Build/Intermediates.noindex/Dream\ Again.build/Debug-iphonesimulator/Dream\ Again.build/Objects-normal/x86_64/Dream\ Again-OutputFileMap.json -use-frontend-parseable-output -save-temps -no-color-diagnostics -explicit-module-build -module-cache-path /tmp/dreamlooper-identity-build/Build/Intermediates.noindex/SwiftExplicitPrecompiledModules -clang-scanner-module-cache-path /tmp/dreamlooper-identity-build/ModuleCache.noindex -sdk-module-cache-path /tmp/dreamlooper-identity-build/ModuleCache.noindex -serialize-diagnostics -emit-dependencies -emit-module -emit-module-path /tmp/dreamlooper-identity-build/Build/Intermediates.noindex/Dream\ Again.build/Debug-iphonesimulator/Dream\ Again.build/Objects-normal/x86_64/DreamAgain.swiftmodule -validate-clang-modules-once -clang-build-session-file /tmp/dreamlooper-identity-build/ModuleCache.noindex/Session.modulevalidation -Xcc -I/tmp/dreamlooper-identity-build/Build/Intermediates.noindex/Dream\ Again.build/Debug-iphonesimulator/Dream\ Again.build/swift-overrides.hmap -emit-const-values -Xfrontend -const-gather-protocols-file -Xfrontend /tmp/dreamlooper-identity-build/Build/Intermediates.noindex/Dream\ Again.build/Debug-iphonesimulator/Dream\ Again.build/Objects-normal/x86_64/Dream\ Again_const_extract_protocols.json -Xcc -iquote -Xcc /tmp/dreamlooper-identity-build/Build/Intermediates.noindex/Dream\ Again.build/Debug-iphonesimulator/Dream\ Again.build/Dream\ Again-generated-files.hmap -Xcc -I/tmp/dreamlooper-identity-build/Build/Intermediates.noindex/Dream\ Again.build/Debug-iphonesimulator/Dream\ Again.build/Dream\ Again-own-target-headers.hmap -Xcc -I/tmp/dreamlooper-identity-build/Build/Intermediates.noindex/Dream\ Again.build/Debug-iphonesimulator/Dream\ Again.build/Dream\ Again-all-target-headers.hmap -Xcc -iquote -Xcc /tmp/dreamlooper-identity-build/Build/Intermediates.noindex/Dream\ Again.build/Debug-iphonesimulator/Dream\ Again.build/Dream\ Again-project-headers.hmap -Xcc -I/tmp/dreamlooper-identity-build/Build/Products/Debug-iphonesimulator/include -Xcc -I/tmp/dreamlooper-identity-build/Build/Intermediates.noindex/Dream\ Again.build/Debug-iphonesimulator/Dream\ Again.build/DerivedSources-normal/x86_64 -Xcc -I/tmp/dreamlooper-identity-build/Build/Intermediates.noindex/Dream\ Again.build/Debug-iphonesimulator/Dream\ Again.build/DerivedSources/x86_64 -Xcc -I/tmp/dreamlooper-identity-build/Build/Intermediates.noindex/Dream\ Again.build/Debug-iphonesimulator/Dream\ Again.build/DerivedSources -Xcc -DDEBUG\=1 -emit-objc-header -emit-objc-header-path /tmp/dreamlooper-identity-build/Build/Intermediates.noindex/Dream\ Again.build/Debug-iphonesimulator/Dream\ Again.build/Objects-normal/x86_64/DreamAgain-Swift.h -working-directory /Users/shiv/Projects/iphone/Dream\ Again -experimental-emit-module-separately -disable-cmo

Ld /tmp/dreamlooper-identity-build/Build/Intermediates.noindex/Dream\ Again.build/Debug-iphonesimulator/Dream\ Again.build/Objects-normal/x86_64/Binary/Dream\ Again.debug.dylib normal x86_64 (in target 'Dream Again' from project 'Dream Again')
    cd /Users/shiv/Projects/iphone/Dream\ Again
    /Applications/Xcode.app/Contents/Developer/Toolchains/XcodeDefault.xctoolchain/usr/bin/clang -Xlinker -reproducible -target x86_64-apple-ios18.0-simulator -dynamiclib -isysroot /Applications/Xcode.app/Contents/Developer/Platforms/iPhoneSimulator.platform/Developer/SDKs/iPhoneSimulator26.5.sdk -O0 -L/tmp/dreamlooper-identity-build/Build/Intermediates.noindex/EagerLinkingTBDs/Debug-iphonesimulator -L/tmp/dreamlooper-identity-build/Build/Products/Debug-iphonesimulator -F/tmp/dreamlooper-identity-build/Build/Intermediates.noindex/EagerLinkingTBDs/Debug-iphonesimulator -F/tmp/dreamlooper-identity-build/Build/Products/Debug-iphonesimulator -filelist /tmp/dreamlooper-identity-build/Build/Intermediates.noindex/Dream\ Again.build/Debug-iphonesimulator/Dream\ Again.build/Objects-normal/x86_64/Dream\ Again.LinkFileList -install_name @rpath/Dream\ Again.debug.dylib -Xlinker -rpath -Xlinker /usr/lib/swift -Xlinker -rpath -Xlinker @executable_path/Frameworks -Xlinker -dead_strip -Xlinker -object_path_lto -Xlinker /tmp/dreamlooper-identity-build/Build/Intermediates.noindex/Dream\ Again.build/Debug-iphonesimulator/Dream\ Again.build/Objects-normal/x86_64/Dream\ Again_lto.o -rdynamic -Xlinker -no_deduplicate -Xlinker -objc_abi_version -Xlinker 2 -Xlinker -dependency_info -Xlinker /tmp/dreamlooper-identity-build/Build/Intermediates.noindex/Dream\ Again.build/Debug-iphonesimulator/Dream\ Again.build/Objects-normal/x86_64/Dream\ Again_dependency_info.dat -fobjc-link-runtime -L/Applications/Xcode.app/Contents/Developer/Toolchains/XcodeDefault.xctoolchain/usr/lib/swift/iphonesimulator -L/usr/lib/swift -Xlinker -add_ast_path -Xlinker /tmp/dreamlooper-identity-build/Build/Intermediates.noindex/Dream\ Again.build/Debug-iphonesimulator/Dream\ Again.build/Objects-normal/x86_64/DreamAgain.swiftmodule @/tmp/dreamlooper-identity-build/Build/Intermediates.noindex/Dream\ Again.build/Debug-iphonesimulator/Dream\ Again.build/Objects-normal/x86_64/DreamAgain-linker-args.resp -Xlinker -alias -Xlinker _main -Xlinker ___debug_main_executable_dylib_entry_point -o /tmp/dreamlooper-identity-build/Build/Intermediates.noindex/Dream\ Again.build/Debug-iphonesimulator/Dream\ Again.build/Objects-normal/x86_64/Binary/Dream\ Again.debug.dylib

CreateUniversalBinary /tmp/dreamlooper-identity-build/Build/Products/Debug-iphonesimulator/Dream\ Again.app/Dream\ Again.debug.dylib normal arm64\ x86_64 (in target 'Dream Again' from project 'Dream Again')
    cd /Users/shiv/Projects/iphone/Dream\ Again
    /Applications/Xcode.app/Contents/Developer/Toolchains/XcodeDefault.xctoolchain/usr/bin/lipo -create /tmp/dreamlooper-identity-build/Build/Intermediates.noindex/Dream\ Again.build/Debug-iphonesimulator/Dream\ Again.build/Objects-normal/arm64/Binary/Dream\ Again.debug.dylib /tmp/dreamlooper-identity-build/Build/Intermediates.noindex/Dream\ Again.build/Debug-iphonesimulator/Dream\ Again.build/Objects-normal/x86_64/Binary/Dream\ Again.debug.dylib -output /tmp/dreamlooper-identity-build/Build/Products/Debug-iphonesimulator/Dream\ Again.app/Dream\ Again.debug.dylib

ConstructStubExecutorLinkFileList /tmp/dreamlooper-identity-build/Build/Intermediates.noindex/Dream\ Again.build/Debug-iphonesimulator/Dream\ Again.build/Dream\ Again-ExecutorLinkFileList-normal-x86_64.txt (in target 'Dream Again' from project 'Dream Again')
    cd /Users/shiv/Projects/iphone/Dream\ Again
    construct-stub-executor-link-file-list /tmp/dreamlooper-identity-build/Build/Intermediates.noindex/Dream\ Again.build/Debug-iphonesimulator/Dream\ Again.build/Objects-normal/x86_64/Binary/Dream\ Again.debug.dylib /Applications/Xcode.app/Contents/Developer/Platforms/iPhoneSimulator.platform/Developer/usr/lib/libPreviewsJITStubExecutor_no_swift_entry_point.a /Applications/Xcode.app/Contents/Developer/Platforms/iPhoneSimulator.platform/Developer/usr/lib/libPreviewsJITStubExecutor.a --output /tmp/dreamlooper-identity-build/Build/Intermediates.noindex/Dream\ Again.build/Debug-iphonesimulator/Dream\ Again.build/Dream\ Again-ExecutorLinkFileList-normal-x86_64.txt
note: Using stub executor library with Swift entry point. (in target 'Dream Again' from project 'Dream Again')

Ld /tmp/dreamlooper-identity-build/Build/Intermediates.noindex/Dream\ Again.build/Debug-iphonesimulator/Dream\ Again.build/Objects-normal/x86_64/Binary/Dream\ Again normal x86_64 (in target 'Dream Again' from project 'Dream Again')
    cd /Users/shiv/Projects/iphone/Dream\ Again
    /Applications/Xcode.app/Contents/Developer/Toolchains/XcodeDefault.xctoolchain/usr/bin/clang -Xlinker -reproducible -target x86_64-apple-ios18.0-simulator -isysroot /Applications/Xcode.app/Contents/Developer/Platforms/iPhoneSimulator.platform/Developer/SDKs/iPhoneSimulator26.5.sdk -O0 -L/tmp/dreamlooper-identity-build/Build/Products/Debug-iphonesimulator -F/tmp/dreamlooper-identity-build/Build/Products/Debug-iphonesimulator -Xlinker -rpath -Xlinker @executable_path -Xlinker -rpath -Xlinker @executable_path/Frameworks -rdynamic -Xlinker -no_deduplicate -Xlinker -objc_abi_version -Xlinker 2 -e ___debug_blank_executor_main -Xlinker -sectcreate -Xlinker __TEXT -Xlinker __debug_dylib -Xlinker /tmp/dreamlooper-identity-build/Build/Intermediates.noindex/Dream\ Again.build/Debug-iphonesimulator/Dream\ Again.build/Dream\ Again-DebugDylibPath-normal-x86_64.txt -Xlinker -sectcreate -Xlinker __TEXT -Xlinker __debug_instlnm -Xlinker /tmp/dreamlooper-identity-build/Build/Intermediates.noindex/Dream\ Again.build/Debug-iphonesimulator/Dream\ Again.build/Dream\ Again-DebugDylibInstallName-normal-x86_64.txt -Xlinker -filelist -Xlinker /tmp/dreamlooper-identity-build/Build/Intermediates.noindex/Dream\ Again.build/Debug-iphonesimulator/Dream\ Again.build/Dream\ Again-ExecutorLinkFileList-normal-x86_64.txt /tmp/dreamlooper-identity-build/Build/Intermediates.noindex/Dream\ Again.build/Debug-iphonesimulator/Dream\ Again.build/Objects-normal/x86_64/Binary/Dream\ Again.debug.dylib -o /tmp/dreamlooper-identity-build/Build/Intermediates.noindex/Dream\ Again.build/Debug-iphonesimulator/Dream\ Again.build/Objects-normal/x86_64/Binary/Dream\ Again

CreateUniversalBinary /tmp/dreamlooper-identity-build/Build/Products/Debug-iphonesimulator/Dream\ Again.app/Dream\ Again normal arm64\ x86_64 (in target 'Dream Again' from project 'Dream Again')
    cd /Users/shiv/Projects/iphone/Dream\ Again
    /Applications/Xcode.app/Contents/Developer/Toolchains/XcodeDefault.xctoolchain/usr/bin/lipo -create /tmp/dreamlooper-identity-build/Build/Intermediates.noindex/Dream\ Again.build/Debug-iphonesimulator/Dream\ Again.build/Objects-normal/arm64/Binary/Dream\ Again /tmp/dreamlooper-identity-build/Build/Intermediates.noindex/Dream\ Again.build/Debug-iphonesimulator/Dream\ Again.build/Objects-normal/x86_64/Binary/Dream\ Again -output /tmp/dreamlooper-identity-build/Build/Products/Debug-iphonesimulator/Dream\ Again.app/Dream\ Again

CopySwiftLibs /tmp/dreamlooper-identity-build/Build/Products/Debug-iphonesimulator/Dream\ Again.app (in target 'Dream Again' from project 'Dream Again')
    cd /Users/shiv/Projects/iphone/Dream\ Again
    builtin-swiftStdLibTool --copy --verbose --scan-executable /tmp/dreamlooper-identity-build/Build/Products/Debug-iphonesimulator/Dream\ Again.app/Dream\ Again.debug.dylib --scan-folder /tmp/dreamlooper-identity-build/Build/Products/Debug-iphonesimulator/Dream\ Again.app/Frameworks --scan-folder /tmp/dreamlooper-identity-build/Build/Products/Debug-iphonesimulator/Dream\ Again.app/PlugIns --scan-folder /tmp/dreamlooper-identity-build/Build/Products/Debug-iphonesimulator/Dream\ Again.app/SystemExtensions --scan-folder /tmp/dreamlooper-identity-build/Build/Products/Debug-iphonesimulator/Dream\ Again.app/Extensions --platform iphonesimulator --toolchain /var/run/com.apple.security.cryptexd/mnt/com.apple.MobileAsset.MetalToolchain-v17.6.109.0.3j1gY1/Metal.xctoolchain --toolchain /Applications/Xcode.app/Contents/Developer/Toolchains/XcodeDefault.xctoolchain --destination /tmp/dreamlooper-identity-build/Build/Products/Debug-iphonesimulator/Dream\ Again.app/Frameworks --strip-bitcode --strip-bitcode-tool /Applications/Xcode.app/Contents/Developer/Toolchains/XcodeDefault.xctoolchain/usr/bin/bitcode_strip --emit-dependency-info /tmp/dreamlooper-identity-build/Build/Intermediates.noindex/Dream\ Again.build/Debug-iphonesimulator/Dream\ Again.build/SwiftStdLibToolInputDependencies.dep --filter-for-swift-os --back-deploy-swift-span
Ignoring --strip-bitcode because --sign was not passed

ExtractAppIntentsMetadata (in target 'Dream Again' from project 'Dream Again')
    cd /Users/shiv/Projects/iphone/Dream\ Again
    /Applications/Xcode.app/Contents/Developer/Toolchains/XcodeDefault.xctoolchain/usr/bin/appintentsmetadataprocessor --toolchain-dir /var/run/com.apple.security.cryptexd/mnt/com.apple.MobileAsset.MetalToolchain-v17.6.109.0.3j1gY1/Metal.xctoolchain --module-name DreamAgain --sdk-root /Applications/Xcode.app/Contents/Developer/Platforms/iPhoneSimulator.platform/Developer/SDKs/iPhoneSimulator26.5.sdk --xcode-version 17F113 --platform-family iOS --deployment-target 18.0 --bundle-identifier dev.shivanshi.dream-run --output /tmp/dreamlooper-identity-build/Build/Products/Debug-iphonesimulator/Dream\ Again.app --target-triple arm64-apple-ios18.0-simulator --target-triple x86_64-apple-ios18.0-simulator --binary-file /tmp/dreamlooper-identity-build/Build/Products/Debug-iphonesimulator/Dream\ Again.app/Dream\ Again --dependency-file /tmp/dreamlooper-identity-build/Build/Intermediates.noindex/Dream\ Again.build/Debug-iphonesimulator/Dream\ Again.build/Objects-normal/arm64/Dream\ Again_dependency_info.dat --dependency-file /tmp/dreamlooper-identity-build/Build/Intermediates.noindex/Dream\ Again.build/Debug-iphonesimulator/Dream\ Again.build/Objects-normal/x86_64/Dream\ Again_dependency_info.dat --stringsdata-file /tmp/dreamlooper-identity-build/Build/Intermediates.noindex/Dream\ Again.build/Debug-iphonesimulator/Dream\ Again.build/Objects-normal/arm64/ExtractedAppShortcutsMetadata.stringsdata --stringsdata-file /tmp/dreamlooper-identity-build/Build/Intermediates.noindex/Dream\ Again.build/Debug-iphonesimulator/Dream\ Again.build/Objects-normal/x86_64/ExtractedAppShortcutsMetadata.stringsdata --source-file-list /tmp/dreamlooper-identity-build/Build/Intermediates.noindex/Dream\ Again.build/Debug-iphonesimulator/Dream\ Again.build/Objects-normal/arm64/Dream\ Again.SwiftFileList --source-file-list /tmp/dreamlooper-identity-build/Build/Intermediates.noindex/Dream\ Again.build/Debug-iphonesimulator/Dream\ Again.build/Objects-normal/x86_64/Dream\ Again.SwiftFileList --metadata-file-list /tmp/dreamlooper-identity-build/Build/Intermediates.noindex/Dream\ Again.build/Debug-iphonesimulator/Dream\ Again.build/Dream\ Again.DependencyMetadataFileList --static-metadata-file-list /tmp/dreamlooper-identity-build/Build/Intermediates.noindex/Dream\ Again.build/Debug-iphonesimulator/Dream\ Again.build/Dream\ Again.DependencyStaticMetadataFileList --swift-const-vals-list /tmp/dreamlooper-identity-build/Build/Intermediates.noindex/Dream\ Again.build/Debug-iphonesimulator/Dream\ Again.build/Objects-normal/arm64/Dream\ Again.SwiftConstValuesFileList --swift-const-vals-list /tmp/dreamlooper-identity-build/Build/Intermediates.noindex/Dream\ Again.build/Debug-iphonesimulator/Dream\ Again.build/Objects-normal/x86_64/Dream\ Again.SwiftConstValuesFileList --compile-time-extraction --deployment-aware-processing --validate-assistant-intents --no-app-shortcuts-localization
2026-09-17 01:44:39.894 appintentsmetadataprocessor[20471:286476] Starting appintentsmetadataprocessor export
2026-09-17 01:44:39.904 appintentsmetadataprocessor[20471:286476] warning: Metadata extraction skipped. No AppIntents.framework dependency found.

AppIntentsSSUTraining (in target 'Dream Again' from project 'Dream Again')
    cd /Users/shiv/Projects/iphone/Dream\ Again
    /Applications/Xcode.app/Contents/Developer/Toolchains/XcodeDefault.xctoolchain/usr/bin/appintentsnltrainingprocessor --infoplist-path /tmp/dreamlooper-identity-build/Build/Products/Debug-iphonesimulator/Dream\ Again.app/Info.plist --temp-dir-path /tmp/dreamlooper-identity-build/Build/Intermediates.noindex/Dream\ Again.build/Debug-iphonesimulator/Dream\ Again.build/ssu --bundle-id dev.shivanshi.dream-run --product-path /tmp/dreamlooper-identity-build/Build/Products/Debug-iphonesimulator/Dream\ Again.app --extracted-metadata-path /tmp/dreamlooper-identity-build/Build/Products/Debug-iphonesimulator/Dream\ Again.app/Metadata.appintents --metadata-file-list /tmp/dreamlooper-identity-build/Build/Intermediates.noindex/Dream\ Again.build/Debug-iphonesimulator/Dream\ Again.build/Dream\ Again.DependencyMetadataFileList --source-file /tmp/dreamlooper-identity-build/Build/Products/Debug-iphonesimulator/Dream\ Again.app/Info.plist --archive-ssu-assets
2026-09-17 01:44:39.952 appintentsnltrainingprocessor[20473:286486] Parsing options for appintentsnltrainingprocessor
2026-09-17 01:44:39.953 appintentsnltrainingprocessor[20473:286486] Starting AppIntents SSU YAML Generation
2026-09-17 01:44:39.956 appintentsnltrainingprocessor[20473:286486] No AppShortcuts found - Skipping.

RegisterExecutionPolicyException /tmp/dreamlooper-identity-build/Build/Products/Debug-iphonesimulator/Dream\ Again.app (in target 'Dream Again' from project 'Dream Again')
    cd /Users/shiv/Projects/iphone/Dream\ Again
    builtin-RegisterExecutionPolicyException /tmp/dreamlooper-identity-build/Build/Products/Debug-iphonesimulator/Dream\ Again.app

Validate /tmp/dreamlooper-identity-build/Build/Products/Debug-iphonesimulator/Dream\ Again.app (in target 'Dream Again' from project 'Dream Again')
    cd /Users/shiv/Projects/iphone/Dream\ Again
    builtin-validationUtility /tmp/dreamlooper-identity-build/Build/Products/Debug-iphonesimulator/Dream\ Again.app -shallow-bundle -infoplist-subpath Info.plist

Touch /tmp/dreamlooper-identity-build/Build/Products/Debug-iphonesimulator/Dream\ Again.app (in target 'Dream Again' from project 'Dream Again')
    cd /Users/shiv/Projects/iphone/Dream\ Again
    /usr/bin/touch -c /tmp/dreamlooper-identity-build/Build/Products/Debug-iphonesimulator/Dream\ Again.app

** BUILD SUCCEEDED **

