Command line invocation:
    /Applications/Xcode.app/Contents/Developer/usr/bin/xcodebuild -project "Dream Again.xcodeproj" -scheme "Dream Again" -configuration Debug -destination "platform=iOS Simulator,id=80DBBEEC-A752-43F6-A60E-2419BAE5B77E" -derivedDataPath DerivedData "-only-testing:Dream AgainTests/Dream_AgainTests/testStrawLossRepairAndBurstRendering" test

ComputePackagePrebuildTargetDependencyGraph

Prepare packages

CreateBuildRequest

SendProjectDescription

CreateBuildOperation

ComputeTargetDependencyGraph
note: Building targets in dependency order
note: Target dependency graph (3 targets)
    Target 'Dream AgainUITests' in project 'Dream Again'
        ➜ Explicit dependency on target 'Dream Again' in project 'Dream Again'
    Target 'Dream AgainTests' in project 'Dream Again'
        ➜ Explicit dependency on target 'Dream Again' in project 'Dream Again'
    Target 'Dream Again' in project 'Dream Again' (no dependencies)

GatherProvisioningInputs

CreateBuildDescription

ExecuteExternalTool /Applications/Xcode.app/Contents/Developer/Toolchains/XcodeDefault.xctoolchain/usr/bin/swiftc --version

ExecuteExternalTool /Applications/Xcode.app/Contents/Developer/Toolchains/XcodeDefault.xctoolchain/usr/bin/clang -v -E -dM -isysroot /Applications/Xcode.app/Contents/Developer/Platforms/iPhoneSimulator.platform/Developer/SDKs/iPhoneSimulator26.5.sdk -x c -c /dev/null

ExecuteExternalTool /Applications/Xcode.app/Contents/Developer/usr/bin/actool --print-asset-tag-combinations --output-format xml1 /Users/shiv/Projects/iphone/Dream Again/Dream Again/Assets.xcassets

ExecuteExternalTool /Applications/Xcode.app/Contents/Developer/Toolchains/XcodeDefault.xctoolchain/usr/bin/ld -version_details

ExecuteExternalTool /Applications/Xcode.app/Contents/Developer/usr/bin/actool --version --output-format xml1

Build description signature: d39633e49dd33efaf760f7c569f82412
Build description path: /Users/shiv/Projects/iphone/Dream Again/DerivedData/Build/Intermediates.noindex/XCBuildData/d39633e49dd33efaf760f7c569f82412.xcbuilddata
ClangStatCache /Applications/Xcode.app/Contents/Developer/Toolchains/XcodeDefault.xctoolchain/usr/bin/clang-stat-cache /Applications/Xcode.app/Contents/Developer/Platforms/iPhoneSimulator.platform/Developer/SDKs/iPhoneSimulator26.5.sdk /Users/shiv/Projects/iphone/Dream\ Again/DerivedData/SDKStatCaches.noindex/iphonesimulator26.5-23F81a-688ef53f1462e2c8f657fdc38a81448f6cfe768891a92b912361537c460fe42b.sdkstatcache
    cd /Users/shiv/Projects/iphone/Dream\ Again/Dream\ Again.xcodeproj
    /Applications/Xcode.app/Contents/Developer/Toolchains/XcodeDefault.xctoolchain/usr/bin/clang-stat-cache /Applications/Xcode.app/Contents/Developer/Platforms/iPhoneSimulator.platform/Developer/SDKs/iPhoneSimulator26.5.sdk -o /Users/shiv/Projects/iphone/Dream\ Again/DerivedData/SDKStatCaches.noindex/iphonesimulator26.5-23F81a-688ef53f1462e2c8f657fdc38a81448f6cfe768891a92b912361537c460fe42b.sdkstatcache

MkDir /Users/shiv/Projects/iphone/Dream\ Again/DerivedData/Build/Products/Debug-iphonesimulator/Dream\ Again.app/PlugIns/Dream\ AgainTests.xctest (in target 'Dream AgainTests' from project 'Dream Again')
    cd /Users/shiv/Projects/iphone/Dream\ Again
    /bin/mkdir -p /Users/shiv/Projects/iphone/Dream\ Again/DerivedData/Build/Products/Debug-iphonesimulator/Dream\ Again.app/PlugIns/Dream\ AgainTests.xctest

MkDir /Users/shiv/Projects/iphone/Dream\ Again/DerivedData/Build/Products/Debug-iphonesimulator/Dream\ Again.app/PlugIns (in target 'Dream Again' from project 'Dream Again')
    cd /Users/shiv/Projects/iphone/Dream\ Again
    /bin/mkdir -p /Users/shiv/Projects/iphone/Dream\ Again/DerivedData/Build/Products/Debug-iphonesimulator/Dream\ Again.app/PlugIns

MkDir /Users/shiv/Projects/iphone/Dream\ Again/DerivedData/Build/Products/Debug-iphonesimulator/Dream\ Again.app/Frameworks (in target 'Dream Again' from project 'Dream Again')
    cd /Users/shiv/Projects/iphone/Dream\ Again
    /bin/mkdir -p /Users/shiv/Projects/iphone/Dream\ Again/DerivedData/Build/Products/Debug-iphonesimulator/Dream\ Again.app/Frameworks

ProcessProductPackaging "" /Users/shiv/Projects/iphone/Dream\ Again/DerivedData/Build/Intermediates.noindex/Dream\ Again.build/Debug-iphonesimulator/Dream\ Again.build/Dream\ Again.app-Simulated.xcent (in target 'Dream Again' from project 'Dream Again')
    cd /Users/shiv/Projects/iphone/Dream\ Again
    
    Entitlements:
    
    {
    "application-identifier" = "BZ2SH7NUDM.nani.Dream-Again";
}
    
    builtin-productPackagingUtility -entitlements -format xml -o /Users/shiv/Projects/iphone/Dream\ Again/DerivedData/Build/Intermediates.noindex/Dream\ Again.build/Debug-iphonesimulator/Dream\ Again.build/Dream\ Again.app-Simulated.xcent

ProcessProductPackagingDER /Users/shiv/Projects/iphone/Dream\ Again/DerivedData/Build/Intermediates.noindex/Dream\ Again.build/Debug-iphonesimulator/Dream\ Again.build/Dream\ Again.app-Simulated.xcent /Users/shiv/Projects/iphone/Dream\ Again/DerivedData/Build/Intermediates.noindex/Dream\ Again.build/Debug-iphonesimulator/Dream\ Again.build/Dream\ Again.app-Simulated.xcent.der (in target 'Dream Again' from project 'Dream Again')
    cd /Users/shiv/Projects/iphone/Dream\ Again
    /usr/bin/derq query -f xml -i /Users/shiv/Projects/iphone/Dream\ Again/DerivedData/Build/Intermediates.noindex/Dream\ Again.build/Debug-iphonesimulator/Dream\ Again.build/Dream\ Again.app-Simulated.xcent -o /Users/shiv/Projects/iphone/Dream\ Again/DerivedData/Build/Intermediates.noindex/Dream\ Again.build/Debug-iphonesimulator/Dream\ Again.build/Dream\ Again.app-Simulated.xcent.der --raw

Copy /Users/shiv/Projects/iphone/Dream\ Again/DerivedData/Build/Products/Debug-iphonesimulator/Dream\ Again.app/Frameworks/libXCTestSwiftSupport.dylib /Applications/Xcode.app/Contents/Developer/Platforms/iPhoneSimulator.platform/Developer/usr/lib/libXCTestSwiftSupport.dylib (in target 'Dream Again' from project 'Dream Again')
    cd /Users/shiv/Projects/iphone/Dream\ Again
    builtin-copy -exclude .DS_Store -exclude CVS -exclude .svn -exclude .git -exclude .hg -exclude Headers -exclude PrivateHeaders -exclude Modules -exclude \*.tbd -resolve-src-symlinks /Applications/Xcode.app/Contents/Developer/Platforms/iPhoneSimulator.platform/Developer/usr/lib/libXCTestSwiftSupport.dylib /Users/shiv/Projects/iphone/Dream\ Again/DerivedData/Build/Products/Debug-iphonesimulator/Dream\ Again.app/Frameworks

Copy /Users/shiv/Projects/iphone/Dream\ Again/DerivedData/Build/Products/Debug-iphonesimulator/Dream\ Again.app/Frameworks/libXCTestBundleInject.dylib /Applications/Xcode.app/Contents/Developer/Platforms/iPhoneSimulator.platform/Developer/usr/lib/libXCTestBundleInject.dylib (in target 'Dream Again' from project 'Dream Again')
    cd /Users/shiv/Projects/iphone/Dream\ Again
    builtin-copy -exclude .DS_Store -exclude CVS -exclude .svn -exclude .git -exclude .hg -exclude Headers -exclude PrivateHeaders -exclude Modules -exclude \*.tbd -resolve-src-symlinks /Applications/Xcode.app/Contents/Developer/Platforms/iPhoneSimulator.platform/Developer/usr/lib/libXCTestBundleInject.dylib /Users/shiv/Projects/iphone/Dream\ Again/DerivedData/Build/Products/Debug-iphonesimulator/Dream\ Again.app/Frameworks

Copy /Users/shiv/Projects/iphone/Dream\ Again/DerivedData/Build/Products/Debug-iphonesimulator/Dream\ Again.app/Frameworks/XCUnit.framework /Applications/Xcode.app/Contents/Developer/Platforms/iPhoneSimulator.platform/Developer/Library/PrivateFrameworks/XCUnit.framework (in target 'Dream Again' from project 'Dream Again')
    cd /Users/shiv/Projects/iphone/Dream\ Again
    builtin-copy -exclude .DS_Store -exclude CVS -exclude .svn -exclude .git -exclude .hg -exclude Headers -exclude PrivateHeaders -exclude Modules -exclude \*.tbd -resolve-src-symlinks /Applications/Xcode.app/Contents/Developer/Platforms/iPhoneSimulator.platform/Developer/Library/PrivateFrameworks/XCUnit.framework /Users/shiv/Projects/iphone/Dream\ Again/DerivedData/Build/Products/Debug-iphonesimulator/Dream\ Again.app/Frameworks

Copy /Users/shiv/Projects/iphone/Dream\ Again/DerivedData/Build/Products/Debug-iphonesimulator/Dream\ Again.app/Frameworks/XCUIAutomation.framework /Applications/Xcode.app/Contents/Developer/Platforms/iPhoneSimulator.platform/Developer/Library/Frameworks/XCUIAutomation.framework (in target 'Dream Again' from project 'Dream Again')
    cd /Users/shiv/Projects/iphone/Dream\ Again
    builtin-copy -exclude .DS_Store -exclude CVS -exclude .svn -exclude .git -exclude .hg -exclude Headers -exclude PrivateHeaders -exclude Modules -exclude \*.tbd -resolve-src-symlinks /Applications/Xcode.app/Contents/Developer/Platforms/iPhoneSimulator.platform/Developer/Library/Frameworks/XCUIAutomation.framework /Users/shiv/Projects/iphone/Dream\ Again/DerivedData/Build/Products/Debug-iphonesimulator/Dream\ Again.app/Frameworks

Copy /Users/shiv/Projects/iphone/Dream\ Again/DerivedData/Build/Products/Debug-iphonesimulator/Dream\ Again.app/Frameworks/XCTestSupport.framework /Applications/Xcode.app/Contents/Developer/Platforms/iPhoneSimulator.platform/Developer/Library/PrivateFrameworks/XCTestSupport.framework (in target 'Dream Again' from project 'Dream Again')
    cd /Users/shiv/Projects/iphone/Dream\ Again
    builtin-copy -exclude .DS_Store -exclude CVS -exclude .svn -exclude .git -exclude .hg -exclude Headers -exclude PrivateHeaders -exclude Modules -exclude \*.tbd -resolve-src-symlinks /Applications/Xcode.app/Contents/Developer/Platforms/iPhoneSimulator.platform/Developer/Library/PrivateFrameworks/XCTestSupport.framework /Users/shiv/Projects/iphone/Dream\ Again/DerivedData/Build/Products/Debug-iphonesimulator/Dream\ Again.app/Frameworks

Copy /Users/shiv/Projects/iphone/Dream\ Again/DerivedData/Build/Products/Debug-iphonesimulator/Dream\ Again.app/Frameworks/XCTestCore.framework /Applications/Xcode.app/Contents/Developer/Platforms/iPhoneSimulator.platform/Developer/Library/PrivateFrameworks/XCTestCore.framework (in target 'Dream Again' from project 'Dream Again')
    cd /Users/shiv/Projects/iphone/Dream\ Again
    builtin-copy -exclude .DS_Store -exclude CVS -exclude .svn -exclude .git -exclude .hg -exclude Headers -exclude PrivateHeaders -exclude Modules -exclude \*.tbd -resolve-src-symlinks /Applications/Xcode.app/Contents/Developer/Platforms/iPhoneSimulator.platform/Developer/Library/PrivateFrameworks/XCTestCore.framework /Users/shiv/Projects/iphone/Dream\ Again/DerivedData/Build/Products/Debug-iphonesimulator/Dream\ Again.app/Frameworks

Copy /Users/shiv/Projects/iphone/Dream\ Again/DerivedData/Build/Products/Debug-iphonesimulator/Dream\ Again.app/Frameworks/XCTest.framework /Applications/Xcode.app/Contents/Developer/Platforms/iPhoneSimulator.platform/Developer/Library/Frameworks/XCTest.framework (in target 'Dream Again' from project 'Dream Again')
    cd /Users/shiv/Projects/iphone/Dream\ Again
    builtin-copy -exclude .DS_Store -exclude CVS -exclude .svn -exclude .git -exclude .hg -exclude Headers -exclude PrivateHeaders -exclude Modules -exclude \*.tbd -resolve-src-symlinks /Applications/Xcode.app/Contents/Developer/Platforms/iPhoneSimulator.platform/Developer/Library/Frameworks/XCTest.framework /Users/shiv/Projects/iphone/Dream\ Again/DerivedData/Build/Products/Debug-iphonesimulator/Dream\ Again.app/Frameworks

Copy /Users/shiv/Projects/iphone/Dream\ Again/DerivedData/Build/Products/Debug-iphonesimulator/Dream\ Again.app/Frameworks/XCTAutomationSupport.framework /Applications/Xcode.app/Contents/Developer/Platforms/iPhoneSimulator.platform/Developer/Library/PrivateFrameworks/XCTAutomationSupport.framework (in target 'Dream Again' from project 'Dream Again')
    cd /Users/shiv/Projects/iphone/Dream\ Again
    builtin-copy -exclude .DS_Store -exclude CVS -exclude .svn -exclude .git -exclude .hg -exclude Headers -exclude PrivateHeaders -exclude Modules -exclude \*.tbd -resolve-src-symlinks /Applications/Xcode.app/Contents/Developer/Platforms/iPhoneSimulator.platform/Developer/Library/PrivateFrameworks/XCTAutomationSupport.framework /Users/shiv/Projects/iphone/Dream\ Again/DerivedData/Build/Products/Debug-iphonesimulator/Dream\ Again.app/Frameworks

Copy /Users/shiv/Projects/iphone/Dream\ Again/DerivedData/Build/Products/Debug-iphonesimulator/Dream\ Again.app/Frameworks/Testing.framework /Applications/Xcode.app/Contents/Developer/Platforms/iPhoneSimulator.platform/Developer/Library/Frameworks/Testing.framework (in target 'Dream Again' from project 'Dream Again')
    cd /Users/shiv/Projects/iphone/Dream\ Again
    builtin-copy -exclude .DS_Store -exclude CVS -exclude .svn -exclude .git -exclude .hg -exclude Headers -exclude PrivateHeaders -exclude Modules -exclude \*.tbd -resolve-src-symlinks /Applications/Xcode.app/Contents/Developer/Platforms/iPhoneSimulator.platform/Developer/Library/Frameworks/Testing.framework /Users/shiv/Projects/iphone/Dream\ Again/DerivedData/Build/Products/Debug-iphonesimulator/Dream\ Again.app/Frameworks

SwiftDriver Dream\ Again normal arm64 com.apple.xcode.tools.swift.compiler (in target 'Dream Again' from project 'Dream Again')
    cd /Users/shiv/Projects/iphone/Dream\ Again
    builtin-SwiftDriver -- /Applications/Xcode.app/Contents/Developer/Toolchains/XcodeDefault.xctoolchain/usr/bin/swiftc -module-name DreamAgain -Onone @/Users/shiv/Projects/iphone/Dream\ Again/DerivedData/Build/Intermediates.noindex/Dream\ Again.build/Debug-iphonesimulator/Dream\ Again.build/Objects-normal/arm64/Dream\ Again.SwiftFileList -DDEBUG -enable-bare-slash-regex -enable-upcoming-feature DisableOutwardActorInference -enable-upcoming-feature InferSendableFromCaptures -enable-upcoming-feature GlobalActorIsolatedTypesUsability -enable-upcoming-feature MemberImportVisibility -enable-upcoming-feature InferIsolatedConformances -enable-upcoming-feature NonisolatedNonsendingByDefault -enable-experimental-feature DebugDescriptionMacro -sdk /Applications/Xcode.app/Contents/Developer/Platforms/iPhoneSimulator.platform/Developer/SDKs/iPhoneSimulator26.5.sdk -target arm64-apple-ios18.0-simulator -g -module-cache-path /Users/shiv/Projects/iphone/Dream\ Again/DerivedData/ModuleCache.noindex -Xfrontend -serialize-debugging-options -enable-testing -index-store-path /Users/shiv/Projects/iphone/Dream\ Again/DerivedData/Index.noindex/DataStore -Xcc -D_LIBCPP_HARDENING_MODE\=_LIBCPP_HARDENING_MODE_DEBUG -swift-version 5 -I /Users/shiv/Projects/iphone/Dream\ Again/DerivedData/Build/Products/Debug-iphonesimulator -F /Users/shiv/Projects/iphone/Dream\ Again/DerivedData/Build/Products/Debug-iphonesimulator -emit-localized-strings -emit-localized-strings-path /Users/shiv/Projects/iphone/Dream\ Again/DerivedData/Build/Intermediates.noindex/Dream\ Again.build/Debug-iphonesimulator/Dream\ Again.build/Objects-normal/arm64 -c -j8 -enable-batch-mode -incremental -Xcc -ivfsstatcache -Xcc /Users/shiv/Projects/iphone/Dream\ Again/DerivedData/SDKStatCaches.noindex/iphonesimulator26.5-23F81a-688ef53f1462e2c8f657fdc38a81448f6cfe768891a92b912361537c460fe42b.sdkstatcache -output-file-map /Users/shiv/Projects/iphone/Dream\ Again/DerivedData/Build/Intermediates.noindex/Dream\ Again.build/Debug-iphonesimulator/Dream\ Again.build/Objects-normal/arm64/Dream\ Again-OutputFileMap.json -use-frontend-parseable-output -save-temps -no-color-diagnostics -explicit-module-build -module-cache-path /Users/shiv/Projects/iphone/Dream\ Again/DerivedData/Build/Intermediates.noindex/SwiftExplicitPrecompiledModules -clang-scanner-module-cache-path /Users/shiv/Projects/iphone/Dream\ Again/DerivedData/ModuleCache.noindex -sdk-module-cache-path /Users/shiv/Projects/iphone/Dream\ Again/DerivedData/ModuleCache.noindex -serialize-diagnostics -emit-dependencies -emit-module -emit-module-path /Users/shiv/Projects/iphone/Dream\ Again/DerivedData/Build/Intermediates.noindex/Dream\ Again.build/Debug-iphonesimulator/Dream\ Again.build/Objects-normal/arm64/DreamAgain.swiftmodule -validate-clang-modules-once -clang-build-session-file /Users/shiv/Projects/iphone/Dream\ Again/DerivedData/ModuleCache.noindex/Session.modulevalidation -Xcc -I/Users/shiv/Projects/iphone/Dream\ Again/DerivedData/Build/Intermediates.noindex/Dream\ Again.build/Debug-iphonesimulator/Dream\ Again.build/swift-overrides.hmap -emit-const-values -Xfrontend -const-gather-protocols-file -Xfrontend /Users/shiv/Projects/iphone/Dream\ Again/DerivedData/Build/Intermediates.noindex/Dream\ Again.build/Debug-iphonesimulator/Dream\ Again.build/Objects-normal/arm64/Dream\ Again_const_extract_protocols.json -Xcc -iquote -Xcc /Users/shiv/Projects/iphone/Dream\ Again/DerivedData/Build/Intermediates.noindex/Dream\ Again.build/Debug-iphonesimulator/Dream\ Again.build/Dream\ Again-generated-files.hmap -Xcc -I/Users/shiv/Projects/iphone/Dream\ Again/DerivedData/Build/Intermediates.noindex/Dream\ Again.build/Debug-iphonesimulator/Dream\ Again.build/Dream\ Again-own-target-headers.hmap -Xcc -I/Users/shiv/Projects/iphone/Dream\ Again/DerivedData/Build/Intermediates.noindex/Dream\ Again.build/Debug-iphonesimulator/Dream\ Again.build/Dream\ Again-all-target-headers.hmap -Xcc -iquote -Xcc /Users/shiv/Projects/iphone/Dream\ Again/DerivedData/Build/Intermediates.noindex/Dream\ Again.build/Debug-iphonesimulator/Dream\ Again.build/Dream\ Again-project-headers.hmap -Xcc -I/Users/shiv/Projects/iphone/Dream\ Again/DerivedData/Build/Products/Debug-iphonesimulator/include -Xcc -I/Users/shiv/Projects/iphone/Dream\ Again/DerivedData/Build/Intermediates.noindex/Dream\ Again.build/Debug-iphonesimulator/Dream\ Again.build/DerivedSources-normal/arm64 -Xcc -I/Users/shiv/Projects/iphone/Dream\ Again/DerivedData/Build/Intermediates.noindex/Dream\ Again.build/Debug-iphonesimulator/Dream\ Again.build/DerivedSources/arm64 -Xcc -I/Users/shiv/Projects/iphone/Dream\ Again/DerivedData/Build/Intermediates.noindex/Dream\ Again.build/Debug-iphonesimulator/Dream\ Again.build/DerivedSources -Xcc -DDEBUG\=1 -emit-objc-header -emit-objc-header-path /Users/shiv/Projects/iphone/Dream\ Again/DerivedData/Build/Intermediates.noindex/Dream\ Again.build/Debug-iphonesimulator/Dream\ Again.build/Objects-normal/arm64/DreamAgain-Swift.h -working-directory /Users/shiv/Projects/iphone/Dream\ Again -experimental-emit-module-separately -disable-cmo

ProcessInfoPlistFile /Users/shiv/Projects/iphone/Dream\ Again/DerivedData/Build/Products/Debug-iphonesimulator/Dream\ Again.app/Info.plist /Users/shiv/Projects/iphone/Dream\ Again/Configuration/Info.plist (in target 'Dream Again' from project 'Dream Again')
    cd /Users/shiv/Projects/iphone/Dream\ Again
    builtin-infoPlistUtility /Users/shiv/Projects/iphone/Dream\ Again/Configuration/Info.plist -producttype com.apple.product-type.application -genpkginfo /Users/shiv/Projects/iphone/Dream\ Again/DerivedData/Build/Products/Debug-iphonesimulator/Dream\ Again.app/PkgInfo -expandbuildsettings -format binary -platform iphonesimulator -additionalcontentfile /Users/shiv/Projects/iphone/Dream\ Again/DerivedData/Build/Intermediates.noindex/Dream\ Again.build/Debug-iphonesimulator/Dream\ Again.build/assetcatalog_generated_info.plist -o /Users/shiv/Projects/iphone/Dream\ Again/DerivedData/Build/Products/Debug-iphonesimulator/Dream\ Again.app/Info.plist
warning: The application supports opening files, but doesn't declare whether it supports opening them in place. You can add an LSSupportsOpeningDocumentsInPlace entry or an UISupportsDocumentBrowser entry to your Info.plist to declare support. (in target 'Dream Again' from project 'Dream Again')

SwiftEmitModule normal arm64 Emitting\ module\ for\ DreamAgain (in target 'Dream Again' from project 'Dream Again')

EmitSwiftModule normal arm64 (in target 'Dream Again' from project 'Dream Again')
    cd /Users/shiv/Projects/iphone/Dream\ Again
    

SwiftCompile normal arm64 Compiling\ Simulation.swift /Users/shiv/Projects/iphone/Dream\ Again/Dream\ Again/Core/Simulation.swift (in target 'Dream Again' from project 'Dream Again')
SwiftCompile normal arm64 /Users/shiv/Projects/iphone/Dream\ Again/Dream\ Again/Core/Simulation.swift (in target 'Dream Again' from project 'Dream Again')
    cd /Users/shiv/Projects/iphone/Dream\ Again
    

SwiftCompile normal arm64 Compiling\ World.swift /Users/shiv/Projects/iphone/Dream\ Again/Dream\ Again/Core/World.swift (in target 'Dream Again' from project 'Dream Again')

SwiftCompile normal arm64 /Users/shiv/Projects/iphone/Dream\ Again/Dream\ Again/Core/World.swift (in target 'Dream Again' from project 'Dream Again')
    cd /Users/shiv/Projects/iphone/Dream\ Again
    

SwiftCompile normal arm64 Compiling\ ContentView.swift /Users/shiv/Projects/iphone/Dream\ Again/Dream\ Again/ContentView.swift (in target 'Dream Again' from project 'Dream Again')
SwiftCompile normal arm64 /Users/shiv/Projects/iphone/Dream\ Again/Dream\ Again/ContentView.swift (in target 'Dream Again' from project 'Dream Again')
    cd /Users/shiv/Projects/iphone/Dream\ Again
    

SwiftCompile normal arm64 Compiling\ BalloonMotion.swift /Users/shiv/Projects/iphone/Dream\ Again/Dream\ Again/Core/BalloonMotion.swift (in target 'Dream Again' from project 'Dream Again')

SwiftCompile normal arm64 /Users/shiv/Projects/iphone/Dream\ Again/Dream\ Again/Core/BalloonMotion.swift (in target 'Dream Again' from project 'Dream Again')
    cd /Users/shiv/Projects/iphone/Dream\ Again
    

SwiftCompile normal arm64 Compiling\ StrawRepairVisuals.swift /Users/shiv/Projects/iphone/Dream\ Again/Dream\ Again/Rendering/StrawRepairVisuals.swift (in target 'Dream Again' from project 'Dream Again')

SwiftCompile normal arm64 /Users/shiv/Projects/iphone/Dream\ Again/Dream\ Again/Rendering/StrawRepairVisuals.swift (in target 'Dream Again' from project 'Dream Again')
    cd /Users/shiv/Projects/iphone/Dream\ Again
    

SwiftCompile normal arm64 Compiling\ DreamRenderer.swift /Users/shiv/Projects/iphone/Dream\ Again/Dream\ Again/Rendering/DreamRenderer.swift (in target 'Dream Again' from project 'Dream Again')

SwiftCompile normal arm64 /Users/shiv/Projects/iphone/Dream\ Again/Dream\ Again/Rendering/DreamRenderer.swift (in target 'Dream Again' from project 'Dream Again')
    cd /Users/shiv/Projects/iphone/Dream\ Again
    

SwiftDriverJobDiscovery normal arm64 Compiling BalloonMotion.swift (in target 'Dream Again' from project 'Dream Again')

SwiftCompile normal arm64 Compiling\ Commerce.swift /Users/shiv/Projects/iphone/Dream\ Again/Dream\ Again/Services/Commerce.swift (in target 'Dream Again' from project 'Dream Again')

SwiftCompile normal arm64 /Users/shiv/Projects/iphone/Dream\ Again/Dream\ Again/Services/Commerce.swift (in target 'Dream Again' from project 'Dream Again')
    cd /Users/shiv/Projects/iphone/Dream\ Again
    

SwiftCompile normal arm64 Compiling\ HybridDreamLayers.swift /Users/shiv/Projects/iphone/Dream\ Again/Dream\ Again/Rendering/HybridDreamLayers.swift (in target 'Dream Again' from project 'Dream Again')

SwiftCompile normal arm64 /Users/shiv/Projects/iphone/Dream\ Again/Dream\ Again/Rendering/HybridDreamLayers.swift (in target 'Dream Again' from project 'Dream Again')
    cd /Users/shiv/Projects/iphone/Dream\ Again
    

SwiftCompile normal arm64 Compiling\ PlatformIntegrations.swift /Users/shiv/Projects/iphone/Dream\ Again/Dream\ Again/Services/PlatformIntegrations.swift (in target 'Dream Again' from project 'Dream Again')

SwiftCompile normal arm64 /Users/shiv/Projects/iphone/Dream\ Again/Dream\ Again/Services/PlatformIntegrations.swift (in target 'Dream Again' from project 'Dream Again')
    cd /Users/shiv/Projects/iphone/Dream\ Again
    

SwiftDriverJobDiscovery normal arm64 Compiling StrawRepairVisuals.swift (in target 'Dream Again' from project 'Dream Again')

SwiftCompile normal arm64 Compiling\ DreamAudio.swift /Users/shiv/Projects/iphone/Dream\ Again/Dream\ Again/Services/DreamAudio.swift (in target 'Dream Again' from project 'Dream Again')

SwiftCompile normal arm64 /Users/shiv/Projects/iphone/Dream\ Again/Dream\ Again/Services/DreamAudio.swift (in target 'Dream Again' from project 'Dream Again')
    cd /Users/shiv/Projects/iphone/Dream\ Again
    

SwiftDriverJobDiscovery normal arm64 Compiling Commerce.swift (in target 'Dream Again' from project 'Dream Again')

SwiftCompile normal arm64 Compiling\ DistantPathRenderer.swift,\ DreamObstacles.swift /Users/shiv/Projects/iphone/Dream\ Again/Dream\ Again/Rendering/DistantPathRenderer.swift /Users/shiv/Projects/iphone/Dream\ Again/Dream\ Again/Rendering/DreamObstacles.swift (in target 'Dream Again' from project 'Dream Again')

SwiftCompile normal arm64 /Users/shiv/Projects/iphone/Dream\ Again/Dream\ Again/Rendering/DistantPathRenderer.swift (in target 'Dream Again' from project 'Dream Again')
    cd /Users/shiv/Projects/iphone/Dream\ Again
    

SwiftCompile normal arm64 /Users/shiv/Projects/iphone/Dream\ Again/Dream\ Again/Rendering/DreamObstacles.swift (in target 'Dream Again' from project 'Dream Again')
    cd /Users/shiv/Projects/iphone/Dream\ Again
    

SwiftDriverJobDiscovery normal arm64 Compiling PlatformIntegrations.swift (in target 'Dream Again' from project 'Dream Again')

SwiftCompile normal arm64 Compiling\ Certification.swift,\ Difficulty.swift /Users/shiv/Projects/iphone/Dream\ Again/Dream\ Again/Core/Certification.swift /Users/shiv/Projects/iphone/Dream\ Again/Dream\ Again/Core/Difficulty.swift (in target 'Dream Again' from project 'Dream Again')

SwiftCompile normal arm64 /Users/shiv/Projects/iphone/Dream\ Again/Dream\ Again/Core/Certification.swift (in target 'Dream Again' from project 'Dream Again')
    cd /Users/shiv/Projects/iphone/Dream\ Again
    

SwiftCompile normal arm64 /Users/shiv/Projects/iphone/Dream\ Again/Dream\ Again/Core/Difficulty.swift (in target 'Dream Again' from project 'Dream Again')
    cd /Users/shiv/Projects/iphone/Dream\ Again
    

SwiftDriverJobDiscovery normal arm64 Compiling World.swift (in target 'Dream Again' from project 'Dream Again')

SwiftCompile normal arm64 Compiling\ DreamSoundscape.swift,\ Persistence.swift /Users/shiv/Projects/iphone/Dream\ Again/Dream\ Again/Core/DreamSoundscape.swift /Users/shiv/Projects/iphone/Dream\ Again/Dream\ Again/Core/Persistence.swift (in target 'Dream Again' from project 'Dream Again')

SwiftCompile normal arm64 /Users/shiv/Projects/iphone/Dream\ Again/Dream\ Again/Core/DreamSoundscape.swift (in target 'Dream Again' from project 'Dream Again')
    cd /Users/shiv/Projects/iphone/Dream\ Again
    

SwiftCompile normal arm64 /Users/shiv/Projects/iphone/Dream\ Again/Dream\ Again/Core/Persistence.swift (in target 'Dream Again' from project 'Dream Again')
    cd /Users/shiv/Projects/iphone/Dream\ Again
    

SwiftDriverJobDiscovery normal arm64 Emitting module for DreamAgain (in target 'Dream Again' from project 'Dream Again')

SwiftDriver\ Compilation\ Requirements Dream\ Again normal arm64 com.apple.xcode.tools.swift.compiler (in target 'Dream Again' from project 'Dream Again')
    cd /Users/shiv/Projects/iphone/Dream\ Again
    builtin-Swift-Compilation-Requirements -- /Applications/Xcode.app/Contents/Developer/Toolchains/XcodeDefault.xctoolchain/usr/bin/swiftc -module-name DreamAgain -Onone @/Users/shiv/Projects/iphone/Dream\ Again/DerivedData/Build/Intermediates.noindex/Dream\ Again.build/Debug-iphonesimulator/Dream\ Again.build/Objects-normal/arm64/Dream\ Again.SwiftFileList -DDEBUG -enable-bare-slash-regex -enable-upcoming-feature DisableOutwardActorInference -enable-upcoming-feature InferSendableFromCaptures -enable-upcoming-feature GlobalActorIsolatedTypesUsability -enable-upcoming-feature MemberImportVisibility -enable-upcoming-feature InferIsolatedConformances -enable-upcoming-feature NonisolatedNonsendingByDefault -enable-experimental-feature DebugDescriptionMacro -sdk /Applications/Xcode.app/Contents/Developer/Platforms/iPhoneSimulator.platform/Developer/SDKs/iPhoneSimulator26.5.sdk -target arm64-apple-ios18.0-simulator -g -module-cache-path /Users/shiv/Projects/iphone/Dream\ Again/DerivedData/ModuleCache.noindex -Xfrontend -serialize-debugging-options -enable-testing -index-store-path /Users/shiv/Projects/iphone/Dream\ Again/DerivedData/Index.noindex/DataStore -Xcc -D_LIBCPP_HARDENING_MODE\=_LIBCPP_HARDENING_MODE_DEBUG -swift-version 5 -I /Users/shiv/Projects/iphone/Dream\ Again/DerivedData/Build/Products/Debug-iphonesimulator -F /Users/shiv/Projects/iphone/Dream\ Again/DerivedData/Build/Products/Debug-iphonesimulator -emit-localized-strings -emit-localized-strings-path /Users/shiv/Projects/iphone/Dream\ Again/DerivedData/Build/Intermediates.noindex/Dream\ Again.build/Debug-iphonesimulator/Dream\ Again.build/Objects-normal/arm64 -c -j8 -enable-batch-mode -incremental -Xcc -ivfsstatcache -Xcc /Users/shiv/Projects/iphone/Dream\ Again/DerivedData/SDKStatCaches.noindex/iphonesimulator26.5-23F81a-688ef53f1462e2c8f657fdc38a81448f6cfe768891a92b912361537c460fe42b.sdkstatcache -output-file-map /Users/shiv/Projects/iphone/Dream\ Again/DerivedData/Build/Intermediates.noindex/Dream\ Again.build/Debug-iphonesimulator/Dream\ Again.build/Objects-normal/arm64/Dream\ Again-OutputFileMap.json -use-frontend-parseable-output -save-temps -no-color-diagnostics -explicit-module-build -module-cache-path /Users/shiv/Projects/iphone/Dream\ Again/DerivedData/Build/Intermediates.noindex/SwiftExplicitPrecompiledModules -clang-scanner-module-cache-path /Users/shiv/Projects/iphone/Dream\ Again/DerivedData/ModuleCache.noindex -sdk-module-cache-path /Users/shiv/Projects/iphone/Dream\ Again/DerivedData/ModuleCache.noindex -serialize-diagnostics -emit-dependencies -emit-module -emit-module-path /Users/shiv/Projects/iphone/Dream\ Again/DerivedData/Build/Intermediates.noindex/Dream\ Again.build/Debug-iphonesimulator/Dream\ Again.build/Objects-normal/arm64/DreamAgain.swiftmodule -validate-clang-modules-once -clang-build-session-file /Users/shiv/Projects/iphone/Dream\ Again/DerivedData/ModuleCache.noindex/Session.modulevalidation -Xcc -I/Users/shiv/Projects/iphone/Dream\ Again/DerivedData/Build/Intermediates.noindex/Dream\ Again.build/Debug-iphonesimulator/Dream\ Again.build/swift-overrides.hmap -emit-const-values -Xfrontend -const-gather-protocols-file -Xfrontend /Users/shiv/Projects/iphone/Dream\ Again/DerivedData/Build/Intermediates.noindex/Dream\ Again.build/Debug-iphonesimulator/Dream\ Again.build/Objects-normal/arm64/Dream\ Again_const_extract_protocols.json -Xcc -iquote -Xcc /Users/shiv/Projects/iphone/Dream\ Again/DerivedData/Build/Intermediates.noindex/Dream\ Again.build/Debug-iphonesimulator/Dream\ Again.build/Dream\ Again-generated-files.hmap -Xcc -I/Users/shiv/Projects/iphone/Dream\ Again/DerivedData/Build/Intermediates.noindex/Dream\ Again.build/Debug-iphonesimulator/Dream\ Again.build/Dream\ Again-own-target-headers.hmap -Xcc -I/Users/shiv/Projects/iphone/Dream\ Again/DerivedData/Build/Intermediates.noindex/Dream\ Again.build/Debug-iphonesimulator/Dream\ Again.build/Dream\ Again-all-target-headers.hmap -Xcc -iquote -Xcc /Users/shiv/Projects/iphone/Dream\ Again/DerivedData/Build/Intermediates.noindex/Dream\ Again.build/Debug-iphonesimulator/Dream\ Again.build/Dream\ Again-project-headers.hmap -Xcc -I/Users/shiv/Projects/iphone/Dream\ Again/DerivedData/Build/Products/Debug-iphonesimulator/include -Xcc -I/Users/shiv/Projects/iphone/Dream\ Again/DerivedData/Build/Intermediates.noindex/Dream\ Again.build/Debug-iphonesimulator/Dream\ Again.build/DerivedSources-normal/arm64 -Xcc -I/Users/shiv/Projects/iphone/Dream\ Again/DerivedData/Build/Intermediates.noindex/Dream\ Again.build/Debug-iphonesimulator/Dream\ Again.build/DerivedSources/arm64 -Xcc -I/Users/shiv/Projects/iphone/Dream\ Again/DerivedData/Build/Intermediates.noindex/Dream\ Again.build/Debug-iphonesimulator/Dream\ Again.build/DerivedSources -Xcc -DDEBUG\=1 -emit-objc-header -emit-objc-header-path /Users/shiv/Projects/iphone/Dream\ Again/DerivedData/Build/Intermediates.noindex/Dream\ Again.build/Debug-iphonesimulator/Dream\ Again.build/Objects-normal/arm64/DreamAgain-Swift.h -working-directory /Users/shiv/Projects/iphone/Dream\ Again -experimental-emit-module-separately -disable-cmo

SwiftDriverJobDiscovery normal arm64 Compiling Simulation.swift (in target 'Dream Again' from project 'Dream Again')

SwiftCompile normal arm64 Compiling\ StrawDoll.swift /Users/shiv/Projects/iphone/Dream\ Again/Dream\ Again/Rendering/StrawDoll.swift (in target 'Dream Again' from project 'Dream Again')

SwiftCompile normal arm64 /Users/shiv/Projects/iphone/Dream\ Again/Dream\ Again/Rendering/StrawDoll.swift (in target 'Dream Again' from project 'Dream Again')
    cd /Users/shiv/Projects/iphone/Dream\ Again
    

Copy /Users/shiv/Projects/iphone/Dream\ Again/DerivedData/Build/Products/Debug-iphonesimulator/DreamAgain.swiftmodule/arm64-apple-ios-simulator.swiftmodule /Users/shiv/Projects/iphone/Dream\ Again/DerivedData/Build/Intermediates.noindex/Dream\ Again.build/Debug-iphonesimulator/Dream\ Again.build/Objects-normal/arm64/DreamAgain.swiftmodule (in target 'Dream Again' from project 'Dream Again')
    cd /Users/shiv/Projects/iphone/Dream\ Again
    builtin-copy -exclude .DS_Store -exclude CVS -exclude .svn -exclude .git -exclude .hg -resolve-src-symlinks -rename /Users/shiv/Projects/iphone/Dream\ Again/DerivedData/Build/Intermediates.noindex/Dream\ Again.build/Debug-iphonesimulator/Dream\ Again.build/Objects-normal/arm64/DreamAgain.swiftmodule /Users/shiv/Projects/iphone/Dream\ Again/DerivedData/Build/Products/Debug-iphonesimulator/DreamAgain.swiftmodule/arm64-apple-ios-simulator.swiftmodule

SwiftDriverJobDiscovery normal arm64 Compiling DreamAudio.swift (in target 'Dream Again' from project 'Dream Again')

Copy /Users/shiv/Projects/iphone/Dream\ Again/DerivedData/Build/Products/Debug-iphonesimulator/DreamAgain.swiftmodule/arm64-apple-ios-simulator.abi.json /Users/shiv/Projects/iphone/Dream\ Again/DerivedData/Build/Intermediates.noindex/Dream\ Again.build/Debug-iphonesimulator/Dream\ Again.build/Objects-normal/arm64/DreamAgain.abi.json (in target 'Dream Again' from project 'Dream Again')
    cd /Users/shiv/Projects/iphone/Dream\ Again
    builtin-copy -exclude .DS_Store -exclude CVS -exclude .svn -exclude .git -exclude .hg -resolve-src-symlinks -rename /Users/shiv/Projects/iphone/Dream\ Again/DerivedData/Build/Intermediates.noindex/Dream\ Again.build/Debug-iphonesimulator/Dream\ Again.build/Objects-normal/arm64/DreamAgain.abi.json /Users/shiv/Projects/iphone/Dream\ Again/DerivedData/Build/Products/Debug-iphonesimulator/DreamAgain.swiftmodule/arm64-apple-ios-simulator.abi.json

Copy /Users/shiv/Projects/iphone/Dream\ Again/DerivedData/Build/Products/Debug-iphonesimulator/DreamAgain.swiftmodule/Project/arm64-apple-ios-simulator.swiftsourceinfo /Users/shiv/Projects/iphone/Dream\ Again/DerivedData/Build/Intermediates.noindex/Dream\ Again.build/Debug-iphonesimulator/Dream\ Again.build/Objects-normal/arm64/DreamAgain.swiftsourceinfo (in target 'Dream Again' from project 'Dream Again')
    cd /Users/shiv/Projects/iphone/Dream\ Again
    builtin-copy -exclude .DS_Store -exclude CVS -exclude .svn -exclude .git -exclude .hg -resolve-src-symlinks -rename /Users/shiv/Projects/iphone/Dream\ Again/DerivedData/Build/Intermediates.noindex/Dream\ Again.build/Debug-iphonesimulator/Dream\ Again.build/Objects-normal/arm64/DreamAgain.swiftsourceinfo /Users/shiv/Projects/iphone/Dream\ Again/DerivedData/Build/Products/Debug-iphonesimulator/DreamAgain.swiftmodule/Project/arm64-apple-ios-simulator.swiftsourceinfo

SwiftCompile normal arm64 Compiling\ FittedHats.swift /Users/shiv/Projects/iphone/Dream\ Again/Dream\ Again/Rendering/FittedHats.swift (in target 'Dream Again' from project 'Dream Again')

SwiftCompile normal arm64 /Users/shiv/Projects/iphone/Dream\ Again/Dream\ Again/Rendering/FittedHats.swift (in target 'Dream Again' from project 'Dream Again')
    cd /Users/shiv/Projects/iphone/Dream\ Again
    

SwiftCompile normal arm64 Compiling\ GameModel.swift /Users/shiv/Projects/iphone/Dream\ Again/Dream\ Again/Services/GameModel.swift (in target 'Dream Again' from project 'Dream Again')

SwiftCompile normal arm64 /Users/shiv/Projects/iphone/Dream\ Again/Dream\ Again/Services/GameModel.swift (in target 'Dream Again' from project 'Dream Again')
    cd /Users/shiv/Projects/iphone/Dream\ Again
    

SwiftDriverJobDiscovery normal arm64 Compiling DreamRenderer.swift (in target 'Dream Again' from project 'Dream Again')

SwiftDriver Dream\ AgainTests normal arm64 com.apple.xcode.tools.swift.compiler (in target 'Dream AgainTests' from project 'Dream Again')
    cd /Users/shiv/Projects/iphone/Dream\ Again
    builtin-SwiftDriver -- /Applications/Xcode.app/Contents/Developer/Toolchains/XcodeDefault.xctoolchain/usr/bin/swiftc -module-name Dream_AgainTests -Onone @/Users/shiv/Projects/iphone/Dream\ Again/DerivedData/Build/Intermediates.noindex/Dream\ Again.build/Debug-iphonesimulator/Dream\ AgainTests.build/Objects-normal/arm64/Dream\ AgainTests.SwiftFileList -DDEBUG -plugin-path /Applications/Xcode.app/Contents/Developer/Toolchains/XcodeDefault.xctoolchain/usr/lib/swift/host/plugins/testing -enable-bare-slash-regex -enable-upcoming-feature DisableOutwardActorInference -enable-upcoming-feature InferSendableFromCaptures -enable-upcoming-feature GlobalActorIsolatedTypesUsability -enable-upcoming-feature MemberImportVisibility -enable-upcoming-feature InferIsolatedConformances -enable-upcoming-feature NonisolatedNonsendingByDefault -enable-experimental-feature DebugDescriptionMacro -sdk /Applications/Xcode.app/Contents/Developer/Platforms/iPhoneSimulator.platform/Developer/SDKs/iPhoneSimulator26.5.sdk -target arm64-apple-ios18.0-simulator -g -module-cache-path /Users/shiv/Projects/iphone/Dream\ Again/DerivedData/ModuleCache.noindex -Xfrontend -serialize-debugging-options -enable-testing -index-store-path /Users/shiv/Projects/iphone/Dream\ Again/DerivedData/Index.noindex/DataStore -Xcc -D_LIBCPP_HARDENING_MODE\=_LIBCPP_HARDENING_MODE_DEBUG -swift-version 5 -I /Users/shiv/Projects/iphone/Dream\ Again/DerivedData/Build/Products/Debug-iphonesimulator -Isystem /Applications/Xcode.app/Contents/Developer/Platforms/iPhoneSimulator.platform/Developer/usr/lib -F /Users/shiv/Projects/iphone/Dream\ Again/DerivedData/Build/Products/Debug-iphonesimulator -F /Applications/Xcode.app/Contents/Developer/Platforms/iPhoneSimulator.platform/Developer/Library/Frameworks -F /Applications/Xcode.app/Contents/Developer/Platforms/iPhoneSimulator.platform/Developer/SDKs/iPhoneSimulator26.5.sdk/Developer/Library/Frameworks -c -j8 -enable-batch-mode -incremental -Xcc -ivfsstatcache -Xcc /Users/shiv/Projects/iphone/Dream\ Again/DerivedData/SDKStatCaches.noindex/iphonesimulator26.5-23F81a-688ef53f1462e2c8f657fdc38a81448f6cfe768891a92b912361537c460fe42b.sdkstatcache -output-file-map /Users/shiv/Projects/iphone/Dream\ Again/DerivedData/Build/Intermediates.noindex/Dream\ Again.build/Debug-iphonesimulator/Dream\ AgainTests.build/Objects-normal/arm64/Dream\ AgainTests-OutputFileMap.json -use-frontend-parseable-output -save-temps -no-color-diagnostics -explicit-module-build -module-cache-path /Users/shiv/Projects/iphone/Dream\ Again/DerivedData/Build/Intermediates.noindex/SwiftExplicitPrecompiledModules -clang-scanner-module-cache-path /Users/shiv/Projects/iphone/Dream\ Again/DerivedData/ModuleCache.noindex -sdk-module-cache-path /Users/shiv/Projects/iphone/Dream\ Again/DerivedData/ModuleCache.noindex -serialize-diagnostics -emit-dependencies -emit-module -emit-module-path /Users/shiv/Projects/iphone/Dream\ Again/DerivedData/Build/Intermediates.noindex/Dream\ Again.build/Debug-iphonesimulator/Dream\ AgainTests.build/Objects-normal/arm64/Dream_AgainTests.swiftmodule -validate-clang-modules-once -clang-build-session-file /Users/shiv/Projects/iphone/Dream\ Again/DerivedData/ModuleCache.noindex/Session.modulevalidation -Xcc -I/Users/shiv/Projects/iphone/Dream\ Again/DerivedData/Build/Intermediates.noindex/Dream\ Again.build/Debug-iphonesimulator/Dream\ AgainTests.build/swift-overrides.hmap -emit-const-values -Xfrontend -const-gather-protocols-file -Xfrontend /Users/shiv/Projects/iphone/Dream\ Again/DerivedData/Build/Intermediates.noindex/Dream\ Again.build/Debug-iphonesimulator/Dream\ AgainTests.build/Objects-normal/arm64/Dream\ AgainTests_const_extract_protocols.json -Xcc -iquote -Xcc /Users/shiv/Projects/iphone/Dream\ Again/DerivedData/Build/Intermediates.noindex/Dream\ Again.build/Debug-iphonesimulator/Dream\ AgainTests.build/Dream\ AgainTests-generated-files.hmap -Xcc -I/Users/shiv/Projects/iphone/Dream\ Again/DerivedData/Build/Intermediates.noindex/Dream\ Again.build/Debug-iphonesimulator/Dream\ AgainTests.build/Dream\ AgainTests-own-target-headers.hmap -Xcc -I/Users/shiv/Projects/iphone/Dream\ Again/DerivedData/Build/Intermediates.noindex/Dream\ Again.build/Debug-iphonesimulator/Dream\ AgainTests.build/Dream\ AgainTests-all-target-headers.hmap -Xcc -iquote -Xcc /Users/shiv/Projects/iphone/Dream\ Again/DerivedData/Build/Intermediates.noindex/Dream\ Again.build/Debug-iphonesimulator/Dream\ AgainTests.build/Dream\ AgainTests-project-headers.hmap -Xcc -I/Users/shiv/Projects/iphone/Dream\ Again/DerivedData/Build/Products/Debug-iphonesimulator/include -Xcc -I/Users/shiv/Projects/iphone/Dream\ Again/DerivedData/Build/Intermediates.noindex/Dream\ Again.build/Debug-iphonesimulator/Dream\ AgainTests.build/DerivedSources-normal/arm64 -Xcc -I/Users/shiv/Projects/iphone/Dream\ Again/DerivedData/Build/Intermediates.noindex/Dream\ Again.build/Debug-iphonesimulator/Dream\ AgainTests.build/DerivedSources/arm64 -Xcc -I/Users/shiv/Projects/iphone/Dream\ Again/DerivedData/Build/Intermediates.noindex/Dream\ Again.build/Debug-iphonesimulator/Dream\ AgainTests.build/DerivedSources -Xcc -DDEBUG\=1 -emit-objc-header -emit-objc-header-path /Users/shiv/Projects/iphone/Dream\ Again/DerivedData/Build/Intermediates.noindex/Dream\ Again.build/Debug-iphonesimulator/Dream\ AgainTests.build/Objects-normal/arm64/Dream_AgainTests-Swift.h -working-directory /Users/shiv/Projects/iphone/Dream\ Again -experimental-emit-module-separately -disable-cmo

SwiftDriverJobDiscovery normal arm64 Compiling HybridDreamLayers.swift (in target 'Dream Again' from project 'Dream Again')

SwiftDriverJobDiscovery normal arm64 Compiling Certification.swift, Difficulty.swift (in target 'Dream Again' from project 'Dream Again')

SwiftDriverJobDiscovery normal arm64 Compiling StrawDoll.swift (in target 'Dream Again' from project 'Dream Again')

SwiftDriverJobDiscovery normal arm64 Compiling FittedHats.swift (in target 'Dream Again' from project 'Dream Again')

SwiftDriverJobDiscovery normal arm64 Compiling DistantPathRenderer.swift, DreamObstacles.swift (in target 'Dream Again' from project 'Dream Again')

SwiftDriverJobDiscovery normal arm64 Compiling DreamSoundscape.swift, Persistence.swift (in target 'Dream Again' from project 'Dream Again')

SwiftEmitModule normal arm64 Emitting\ module\ for\ Dream_AgainTests (in target 'Dream AgainTests' from project 'Dream Again')

EmitSwiftModule normal arm64 (in target 'Dream AgainTests' from project 'Dream Again')
    cd /Users/shiv/Projects/iphone/Dream\ Again
    

SwiftCompile normal arm64 Compiling\ DreamAudioTests.swift /Users/shiv/Projects/iphone/Dream\ Again/Dream\ AgainTests/DreamAudioTests.swift (in target 'Dream AgainTests' from project 'Dream Again')

SwiftCompile normal arm64 /Users/shiv/Projects/iphone/Dream\ Again/Dream\ AgainTests/DreamAudioTests.swift (in target 'Dream AgainTests' from project 'Dream Again')
    cd /Users/shiv/Projects/iphone/Dream\ Again
    

SwiftCompile normal arm64 Compiling\ Dream_AgainTests.swift /Users/shiv/Projects/iphone/Dream\ Again/Dream\ AgainTests/Dream_AgainTests.swift (in target 'Dream AgainTests' from project 'Dream Again')

SwiftCompile normal arm64 /Users/shiv/Projects/iphone/Dream\ Again/Dream\ AgainTests/Dream_AgainTests.swift (in target 'Dream AgainTests' from project 'Dream Again')
    cd /Users/shiv/Projects/iphone/Dream\ Again
    

SwiftDriverJobDiscovery normal arm64 Emitting module for Dream_AgainTests (in target 'Dream AgainTests' from project 'Dream Again')

SwiftDriver\ Compilation\ Requirements Dream\ AgainTests normal arm64 com.apple.xcode.tools.swift.compiler (in target 'Dream AgainTests' from project 'Dream Again')
    cd /Users/shiv/Projects/iphone/Dream\ Again
    builtin-Swift-Compilation-Requirements -- /Applications/Xcode.app/Contents/Developer/Toolchains/XcodeDefault.xctoolchain/usr/bin/swiftc -module-name Dream_AgainTests -Onone @/Users/shiv/Projects/iphone/Dream\ Again/DerivedData/Build/Intermediates.noindex/Dream\ Again.build/Debug-iphonesimulator/Dream\ AgainTests.build/Objects-normal/arm64/Dream\ AgainTests.SwiftFileList -DDEBUG -plugin-path /Applications/Xcode.app/Contents/Developer/Toolchains/XcodeDefault.xctoolchain/usr/lib/swift/host/plugins/testing -enable-bare-slash-regex -enable-upcoming-feature DisableOutwardActorInference -enable-upcoming-feature InferSendableFromCaptures -enable-upcoming-feature GlobalActorIsolatedTypesUsability -enable-upcoming-feature MemberImportVisibility -enable-upcoming-feature InferIsolatedConformances -enable-upcoming-feature NonisolatedNonsendingByDefault -enable-experimental-feature DebugDescriptionMacro -sdk /Applications/Xcode.app/Contents/Developer/Platforms/iPhoneSimulator.platform/Developer/SDKs/iPhoneSimulator26.5.sdk -target arm64-apple-ios18.0-simulator -g -module-cache-path /Users/shiv/Projects/iphone/Dream\ Again/DerivedData/ModuleCache.noindex -Xfrontend -serialize-debugging-options -enable-testing -index-store-path /Users/shiv/Projects/iphone/Dream\ Again/DerivedData/Index.noindex/DataStore -Xcc -D_LIBCPP_HARDENING_MODE\=_LIBCPP_HARDENING_MODE_DEBUG -swift-version 5 -I /Users/shiv/Projects/iphone/Dream\ Again/DerivedData/Build/Products/Debug-iphonesimulator -Isystem /Applications/Xcode.app/Contents/Developer/Platforms/iPhoneSimulator.platform/Developer/usr/lib -F /Users/shiv/Projects/iphone/Dream\ Again/DerivedData/Build/Products/Debug-iphonesimulator -F /Applications/Xcode.app/Contents/Developer/Platforms/iPhoneSimulator.platform/Developer/Library/Frameworks -F /Applications/Xcode.app/Contents/Developer/Platforms/iPhoneSimulator.platform/Developer/SDKs/iPhoneSimulator26.5.sdk/Developer/Library/Frameworks -c -j8 -enable-batch-mode -incremental -Xcc -ivfsstatcache -Xcc /Users/shiv/Projects/iphone/Dream\ Again/DerivedData/SDKStatCaches.noindex/iphonesimulator26.5-23F81a-688ef53f1462e2c8f657fdc38a81448f6cfe768891a92b912361537c460fe42b.sdkstatcache -output-file-map /Users/shiv/Projects/iphone/Dream\ Again/DerivedData/Build/Intermediates.noindex/Dream\ Again.build/Debug-iphonesimulator/Dream\ AgainTests.build/Objects-normal/arm64/Dream\ AgainTests-OutputFileMap.json -use-frontend-parseable-output -save-temps -no-color-diagnostics -explicit-module-build -module-cache-path /Users/shiv/Projects/iphone/Dream\ Again/DerivedData/Build/Intermediates.noindex/SwiftExplicitPrecompiledModules -clang-scanner-module-cache-path /Users/shiv/Projects/iphone/Dream\ Again/DerivedData/ModuleCache.noindex -sdk-module-cache-path /Users/shiv/Projects/iphone/Dream\ Again/DerivedData/ModuleCache.noindex -serialize-diagnostics -emit-dependencies -emit-module -emit-module-path /Users/shiv/Projects/iphone/Dream\ Again/DerivedData/Build/Intermediates.noindex/Dream\ Again.build/Debug-iphonesimulator/Dream\ AgainTests.build/Objects-normal/arm64/Dream_AgainTests.swiftmodule -validate-clang-modules-once -clang-build-session-file /Users/shiv/Projects/iphone/Dream\ Again/DerivedData/ModuleCache.noindex/Session.modulevalidation -Xcc -I/Users/shiv/Projects/iphone/Dream\ Again/DerivedData/Build/Intermediates.noindex/Dream\ Again.build/Debug-iphonesimulator/Dream\ AgainTests.build/swift-overrides.hmap -emit-const-values -Xfrontend -const-gather-protocols-file -Xfrontend /Users/shiv/Projects/iphone/Dream\ Again/DerivedData/Build/Intermediates.noindex/Dream\ Again.build/Debug-iphonesimulator/Dream\ AgainTests.build/Objects-normal/arm64/Dream\ AgainTests_const_extract_protocols.json -Xcc -iquote -Xcc /Users/shiv/Projects/iphone/Dream\ Again/DerivedData/Build/Intermediates.noindex/Dream\ Again.build/Debug-iphonesimulator/Dream\ AgainTests.build/Dream\ AgainTests-generated-files.hmap -Xcc -I/Users/shiv/Projects/iphone/Dream\ Again/DerivedData/Build/Intermediates.noindex/Dream\ Again.build/Debug-iphonesimulator/Dream\ AgainTests.build/Dream\ AgainTests-own-target-headers.hmap -Xcc -I/Users/shiv/Projects/iphone/Dream\ Again/DerivedData/Build/Intermediates.noindex/Dream\ Again.build/Debug-iphonesimulator/Dream\ AgainTests.build/Dream\ AgainTests-all-target-headers.hmap -Xcc -iquote -Xcc /Users/shiv/Projects/iphone/Dream\ Again/DerivedData/Build/Intermediates.noindex/Dream\ Again.build/Debug-iphonesimulator/Dream\ AgainTests.build/Dream\ AgainTests-project-headers.hmap -Xcc -I/Users/shiv/Projects/iphone/Dream\ Again/DerivedData/Build/Products/Debug-iphonesimulator/include -Xcc -I/Users/shiv/Projects/iphone/Dream\ Again/DerivedData/Build/Intermediates.noindex/Dream\ Again.build/Debug-iphonesimulator/Dream\ AgainTests.build/DerivedSources-normal/arm64 -Xcc -I/Users/shiv/Projects/iphone/Dream\ Again/DerivedData/Build/Intermediates.noindex/Dream\ Again.build/Debug-iphonesimulator/Dream\ AgainTests.build/DerivedSources/arm64 -Xcc -I/Users/shiv/Projects/iphone/Dream\ Again/DerivedData/Build/Intermediates.noindex/Dream\ Again.build/Debug-iphonesimulator/Dream\ AgainTests.build/DerivedSources -Xcc -DDEBUG\=1 -emit-objc-header -emit-objc-header-path /Users/shiv/Projects/iphone/Dream\ Again/DerivedData/Build/Intermediates.noindex/Dream\ Again.build/Debug-iphonesimulator/Dream\ AgainTests.build/Objects-normal/arm64/Dream_AgainTests-Swift.h -working-directory /Users/shiv/Projects/iphone/Dream\ Again -experimental-emit-module-separately -disable-cmo

Copy /Users/shiv/Projects/iphone/Dream\ Again/DerivedData/Build/Products/Debug-iphonesimulator/Dream_AgainTests.swiftmodule/Project/arm64-apple-ios-simulator.swiftsourceinfo /Users/shiv/Projects/iphone/Dream\ Again/DerivedData/Build/Intermediates.noindex/Dream\ Again.build/Debug-iphonesimulator/Dream\ AgainTests.build/Objects-normal/arm64/Dream_AgainTests.swiftsourceinfo (in target 'Dream AgainTests' from project 'Dream Again')
    cd /Users/shiv/Projects/iphone/Dream\ Again
    builtin-copy -exclude .DS_Store -exclude CVS -exclude .svn -exclude .git -exclude .hg -resolve-src-symlinks -rename /Users/shiv/Projects/iphone/Dream\ Again/DerivedData/Build/Intermediates.noindex/Dream\ Again.build/Debug-iphonesimulator/Dream\ AgainTests.build/Objects-normal/arm64/Dream_AgainTests.swiftsourceinfo /Users/shiv/Projects/iphone/Dream\ Again/DerivedData/Build/Products/Debug-iphonesimulator/Dream_AgainTests.swiftmodule/Project/arm64-apple-ios-simulator.swiftsourceinfo

Copy /Users/shiv/Projects/iphone/Dream\ Again/DerivedData/Build/Products/Debug-iphonesimulator/Dream_AgainTests.swiftmodule/arm64-apple-ios-simulator.abi.json /Users/shiv/Projects/iphone/Dream\ Again/DerivedData/Build/Intermediates.noindex/Dream\ Again.build/Debug-iphonesimulator/Dream\ AgainTests.build/Objects-normal/arm64/Dream_AgainTests.abi.json (in target 'Dream AgainTests' from project 'Dream Again')
    cd /Users/shiv/Projects/iphone/Dream\ Again
    builtin-copy -exclude .DS_Store -exclude CVS -exclude .svn -exclude .git -exclude .hg -resolve-src-symlinks -rename /Users/shiv/Projects/iphone/Dream\ Again/DerivedData/Build/Intermediates.noindex/Dream\ Again.build/Debug-iphonesimulator/Dream\ AgainTests.build/Objects-normal/arm64/Dream_AgainTests.abi.json /Users/shiv/Projects/iphone/Dream\ Again/DerivedData/Build/Products/Debug-iphonesimulator/Dream_AgainTests.swiftmodule/arm64-apple-ios-simulator.abi.json

SwiftDriverJobDiscovery normal arm64 Compiling DreamAudioTests.swift (in target 'Dream AgainTests' from project 'Dream Again')

SwiftDriverJobDiscovery normal arm64 Compiling GameModel.swift (in target 'Dream Again' from project 'Dream Again')

SwiftDriverJobDiscovery normal arm64 Compiling Dream_AgainTests.swift (in target 'Dream AgainTests' from project 'Dream Again')

SwiftDriver\ Compilation Dream\ AgainTests normal arm64 com.apple.xcode.tools.swift.compiler (in target 'Dream AgainTests' from project 'Dream Again')
    cd /Users/shiv/Projects/iphone/Dream\ Again
    builtin-Swift-Compilation -- /Applications/Xcode.app/Contents/Developer/Toolchains/XcodeDefault.xctoolchain/usr/bin/swiftc -module-name Dream_AgainTests -Onone @/Users/shiv/Projects/iphone/Dream\ Again/DerivedData/Build/Intermediates.noindex/Dream\ Again.build/Debug-iphonesimulator/Dream\ AgainTests.build/Objects-normal/arm64/Dream\ AgainTests.SwiftFileList -DDEBUG -plugin-path /Applications/Xcode.app/Contents/Developer/Toolchains/XcodeDefault.xctoolchain/usr/lib/swift/host/plugins/testing -enable-bare-slash-regex -enable-upcoming-feature DisableOutwardActorInference -enable-upcoming-feature InferSendableFromCaptures -enable-upcoming-feature GlobalActorIsolatedTypesUsability -enable-upcoming-feature MemberImportVisibility -enable-upcoming-feature InferIsolatedConformances -enable-upcoming-feature NonisolatedNonsendingByDefault -enable-experimental-feature DebugDescriptionMacro -sdk /Applications/Xcode.app/Contents/Developer/Platforms/iPhoneSimulator.platform/Developer/SDKs/iPhoneSimulator26.5.sdk -target arm64-apple-ios18.0-simulator -g -module-cache-path /Users/shiv/Projects/iphone/Dream\ Again/DerivedData/ModuleCache.noindex -Xfrontend -serialize-debugging-options -enable-testing -index-store-path /Users/shiv/Projects/iphone/Dream\ Again/DerivedData/Index.noindex/DataStore -Xcc -D_LIBCPP_HARDENING_MODE\=_LIBCPP_HARDENING_MODE_DEBUG -swift-version 5 -I /Users/shiv/Projects/iphone/Dream\ Again/DerivedData/Build/Products/Debug-iphonesimulator -Isystem /Applications/Xcode.app/Contents/Developer/Platforms/iPhoneSimulator.platform/Developer/usr/lib -F /Users/shiv/Projects/iphone/Dream\ Again/DerivedData/Build/Products/Debug-iphonesimulator -F /Applications/Xcode.app/Contents/Developer/Platforms/iPhoneSimulator.platform/Developer/Library/Frameworks -F /Applications/Xcode.app/Contents/Developer/Platforms/iPhoneSimulator.platform/Developer/SDKs/iPhoneSimulator26.5.sdk/Developer/Library/Frameworks -c -j8 -enable-batch-mode -incremental -Xcc -ivfsstatcache -Xcc /Users/shiv/Projects/iphone/Dream\ Again/DerivedData/SDKStatCaches.noindex/iphonesimulator26.5-23F81a-688ef53f1462e2c8f657fdc38a81448f6cfe768891a92b912361537c460fe42b.sdkstatcache -output-file-map /Users/shiv/Projects/iphone/Dream\ Again/DerivedData/Build/Intermediates.noindex/Dream\ Again.build/Debug-iphonesimulator/Dream\ AgainTests.build/Objects-normal/arm64/Dream\ AgainTests-OutputFileMap.json -use-frontend-parseable-output -save-temps -no-color-diagnostics -explicit-module-build -module-cache-path /Users/shiv/Projects/iphone/Dream\ Again/DerivedData/Build/Intermediates.noindex/SwiftExplicitPrecompiledModules -clang-scanner-module-cache-path /Users/shiv/Projects/iphone/Dream\ Again/DerivedData/ModuleCache.noindex -sdk-module-cache-path /Users/shiv/Projects/iphone/Dream\ Again/DerivedData/ModuleCache.noindex -serialize-diagnostics -emit-dependencies -emit-module -emit-module-path /Users/shiv/Projects/iphone/Dream\ Again/DerivedData/Build/Intermediates.noindex/Dream\ Again.build/Debug-iphonesimulator/Dream\ AgainTests.build/Objects-normal/arm64/Dream_AgainTests.swiftmodule -validate-clang-modules-once -clang-build-session-file /Users/shiv/Projects/iphone/Dream\ Again/DerivedData/ModuleCache.noindex/Session.modulevalidation -Xcc -I/Users/shiv/Projects/iphone/Dream\ Again/DerivedData/Build/Intermediates.noindex/Dream\ Again.build/Debug-iphonesimulator/Dream\ AgainTests.build/swift-overrides.hmap -emit-const-values -Xfrontend -const-gather-protocols-file -Xfrontend /Users/shiv/Projects/iphone/Dream\ Again/DerivedData/Build/Intermediates.noindex/Dream\ Again.build/Debug-iphonesimulator/Dream\ AgainTests.build/Objects-normal/arm64/Dream\ AgainTests_const_extract_protocols.json -Xcc -iquote -Xcc /Users/shiv/Projects/iphone/Dream\ Again/DerivedData/Build/Intermediates.noindex/Dream\ Again.build/Debug-iphonesimulator/Dream\ AgainTests.build/Dream\ AgainTests-generated-files.hmap -Xcc -I/Users/shiv/Projects/iphone/Dream\ Again/DerivedData/Build/Intermediates.noindex/Dream\ Again.build/Debug-iphonesimulator/Dream\ AgainTests.build/Dream\ AgainTests-own-target-headers.hmap -Xcc -I/Users/shiv/Projects/iphone/Dream\ Again/DerivedData/Build/Intermediates.noindex/Dream\ Again.build/Debug-iphonesimulator/Dream\ AgainTests.build/Dream\ AgainTests-all-target-headers.hmap -Xcc -iquote -Xcc /Users/shiv/Projects/iphone/Dream\ Again/DerivedData/Build/Intermediates.noindex/Dream\ Again.build/Debug-iphonesimulator/Dream\ AgainTests.build/Dream\ AgainTests-project-headers.hmap -Xcc -I/Users/shiv/Projects/iphone/Dream\ Again/DerivedData/Build/Products/Debug-iphonesimulator/include -Xcc -I/Users/shiv/Projects/iphone/Dream\ Again/DerivedData/Build/Intermediates.noindex/Dream\ Again.build/Debug-iphonesimulator/Dream\ AgainTests.build/DerivedSources-normal/arm64 -Xcc -I/Users/shiv/Projects/iphone/Dream\ Again/DerivedData/Build/Intermediates.noindex/Dream\ Again.build/Debug-iphonesimulator/Dream\ AgainTests.build/DerivedSources/arm64 -Xcc -I/Users/shiv/Projects/iphone/Dream\ Again/DerivedData/Build/Intermediates.noindex/Dream\ Again.build/Debug-iphonesimulator/Dream\ AgainTests.build/DerivedSources -Xcc -DDEBUG\=1 -emit-objc-header -emit-objc-header-path /Users/shiv/Projects/iphone/Dream\ Again/DerivedData/Build/Intermediates.noindex/Dream\ Again.build/Debug-iphonesimulator/Dream\ AgainTests.build/Objects-normal/arm64/Dream_AgainTests-Swift.h -working-directory /Users/shiv/Projects/iphone/Dream\ Again -experimental-emit-module-separately -disable-cmo

SwiftDriverJobDiscovery normal arm64 Compiling ContentView.swift (in target 'Dream Again' from project 'Dream Again')

SwiftDriver\ Compilation Dream\ Again normal arm64 com.apple.xcode.tools.swift.compiler (in target 'Dream Again' from project 'Dream Again')
    cd /Users/shiv/Projects/iphone/Dream\ Again
    builtin-Swift-Compilation -- /Applications/Xcode.app/Contents/Developer/Toolchains/XcodeDefault.xctoolchain/usr/bin/swiftc -module-name DreamAgain -Onone @/Users/shiv/Projects/iphone/Dream\ Again/DerivedData/Build/Intermediates.noindex/Dream\ Again.build/Debug-iphonesimulator/Dream\ Again.build/Objects-normal/arm64/Dream\ Again.SwiftFileList -DDEBUG -enable-bare-slash-regex -enable-upcoming-feature DisableOutwardActorInference -enable-upcoming-feature InferSendableFromCaptures -enable-upcoming-feature GlobalActorIsolatedTypesUsability -enable-upcoming-feature MemberImportVisibility -enable-upcoming-feature InferIsolatedConformances -enable-upcoming-feature NonisolatedNonsendingByDefault -enable-experimental-feature DebugDescriptionMacro -sdk /Applications/Xcode.app/Contents/Developer/Platforms/iPhoneSimulator.platform/Developer/SDKs/iPhoneSimulator26.5.sdk -target arm64-apple-ios18.0-simulator -g -module-cache-path /Users/shiv/Projects/iphone/Dream\ Again/DerivedData/ModuleCache.noindex -Xfrontend -serialize-debugging-options -enable-testing -index-store-path /Users/shiv/Projects/iphone/Dream\ Again/DerivedData/Index.noindex/DataStore -Xcc -D_LIBCPP_HARDENING_MODE\=_LIBCPP_HARDENING_MODE_DEBUG -swift-version 5 -I /Users/shiv/Projects/iphone/Dream\ Again/DerivedData/Build/Products/Debug-iphonesimulator -F /Users/shiv/Projects/iphone/Dream\ Again/DerivedData/Build/Products/Debug-iphonesimulator -emit-localized-strings -emit-localized-strings-path /Users/shiv/Projects/iphone/Dream\ Again/DerivedData/Build/Intermediates.noindex/Dream\ Again.build/Debug-iphonesimulator/Dream\ Again.build/Objects-normal/arm64 -c -j8 -enable-batch-mode -incremental -Xcc -ivfsstatcache -Xcc /Users/shiv/Projects/iphone/Dream\ Again/DerivedData/SDKStatCaches.noindex/iphonesimulator26.5-23F81a-688ef53f1462e2c8f657fdc38a81448f6cfe768891a92b912361537c460fe42b.sdkstatcache -output-file-map /Users/shiv/Projects/iphone/Dream\ Again/DerivedData/Build/Intermediates.noindex/Dream\ Again.build/Debug-iphonesimulator/Dream\ Again.build/Objects-normal/arm64/Dream\ Again-OutputFileMap.json -use-frontend-parseable-output -save-temps -no-color-diagnostics -explicit-module-build -module-cache-path /Users/shiv/Projects/iphone/Dream\ Again/DerivedData/Build/Intermediates.noindex/SwiftExplicitPrecompiledModules -clang-scanner-module-cache-path /Users/shiv/Projects/iphone/Dream\ Again/DerivedData/ModuleCache.noindex -sdk-module-cache-path /Users/shiv/Projects/iphone/Dream\ Again/DerivedData/ModuleCache.noindex -serialize-diagnostics -emit-dependencies -emit-module -emit-module-path /Users/shiv/Projects/iphone/Dream\ Again/DerivedData/Build/Intermediates.noindex/Dream\ Again.build/Debug-iphonesimulator/Dream\ Again.build/Objects-normal/arm64/DreamAgain.swiftmodule -validate-clang-modules-once -clang-build-session-file /Users/shiv/Projects/iphone/Dream\ Again/DerivedData/ModuleCache.noindex/Session.modulevalidation -Xcc -I/Users/shiv/Projects/iphone/Dream\ Again/DerivedData/Build/Intermediates.noindex/Dream\ Again.build/Debug-iphonesimulator/Dream\ Again.build/swift-overrides.hmap -emit-const-values -Xfrontend -const-gather-protocols-file -Xfrontend /Users/shiv/Projects/iphone/Dream\ Again/DerivedData/Build/Intermediates.noindex/Dream\ Again.build/Debug-iphonesimulator/Dream\ Again.build/Objects-normal/arm64/Dream\ Again_const_extract_protocols.json -Xcc -iquote -Xcc /Users/shiv/Projects/iphone/Dream\ Again/DerivedData/Build/Intermediates.noindex/Dream\ Again.build/Debug-iphonesimulator/Dream\ Again.build/Dream\ Again-generated-files.hmap -Xcc -I/Users/shiv/Projects/iphone/Dream\ Again/DerivedData/Build/Intermediates.noindex/Dream\ Again.build/Debug-iphonesimulator/Dream\ Again.build/Dream\ Again-own-target-headers.hmap -Xcc -I/Users/shiv/Projects/iphone/Dream\ Again/DerivedData/Build/Intermediates.noindex/Dream\ Again.build/Debug-iphonesimulator/Dream\ Again.build/Dream\ Again-all-target-headers.hmap -Xcc -iquote -Xcc /Users/shiv/Projects/iphone/Dream\ Again/DerivedData/Build/Intermediates.noindex/Dream\ Again.build/Debug-iphonesimulator/Dream\ Again.build/Dream\ Again-project-headers.hmap -Xcc -I/Users/shiv/Projects/iphone/Dream\ Again/DerivedData/Build/Products/Debug-iphonesimulator/include -Xcc -I/Users/shiv/Projects/iphone/Dream\ Again/DerivedData/Build/Intermediates.noindex/Dream\ Again.build/Debug-iphonesimulator/Dream\ Again.build/DerivedSources-normal/arm64 -Xcc -I/Users/shiv/Projects/iphone/Dream\ Again/DerivedData/Build/Intermediates.noindex/Dream\ Again.build/Debug-iphonesimulator/Dream\ Again.build/DerivedSources/arm64 -Xcc -I/Users/shiv/Projects/iphone/Dream\ Again/DerivedData/Build/Intermediates.noindex/Dream\ Again.build/Debug-iphonesimulator/Dream\ Again.build/DerivedSources -Xcc -DDEBUG\=1 -emit-objc-header -emit-objc-header-path /Users/shiv/Projects/iphone/Dream\ Again/DerivedData/Build/Intermediates.noindex/Dream\ Again.build/Debug-iphonesimulator/Dream\ Again.build/Objects-normal/arm64/DreamAgain-Swift.h -working-directory /Users/shiv/Projects/iphone/Dream\ Again -experimental-emit-module-separately -disable-cmo

Ld /Users/shiv/Projects/iphone/Dream\ Again/DerivedData/Build/Products/Debug-iphonesimulator/Dream\ Again.app/Dream\ Again.debug.dylib normal (in target 'Dream Again' from project 'Dream Again')
    cd /Users/shiv/Projects/iphone/Dream\ Again
    /Applications/Xcode.app/Contents/Developer/Toolchains/XcodeDefault.xctoolchain/usr/bin/clang -Xlinker -reproducible -target arm64-apple-ios18.0-simulator -dynamiclib -isysroot /Applications/Xcode.app/Contents/Developer/Platforms/iPhoneSimulator.platform/Developer/SDKs/iPhoneSimulator26.5.sdk -O0 -L/Users/shiv/Projects/iphone/Dream\ Again/DerivedData/Build/Intermediates.noindex/EagerLinkingTBDs/Debug-iphonesimulator -L/Users/shiv/Projects/iphone/Dream\ Again/DerivedData/Build/Products/Debug-iphonesimulator -F/Users/shiv/Projects/iphone/Dream\ Again/DerivedData/Build/Intermediates.noindex/EagerLinkingTBDs/Debug-iphonesimulator -F/Users/shiv/Projects/iphone/Dream\ Again/DerivedData/Build/Products/Debug-iphonesimulator -filelist /Users/shiv/Projects/iphone/Dream\ Again/DerivedData/Build/Intermediates.noindex/Dream\ Again.build/Debug-iphonesimulator/Dream\ Again.build/Objects-normal/arm64/Dream\ Again.LinkFileList -install_name @rpath/Dream\ Again.debug.dylib -Xlinker -rpath -Xlinker /usr/lib/swift -Xlinker -rpath -Xlinker @executable_path/Frameworks -Xlinker -dead_strip -Xlinker -object_path_lto -Xlinker /Users/shiv/Projects/iphone/Dream\ Again/DerivedData/Build/Intermediates.noindex/Dream\ Again.build/Debug-iphonesimulator/Dream\ Again.build/Objects-normal/arm64/Dream\ Again_lto.o -rdynamic -Xlinker -no_deduplicate -Xlinker -objc_abi_version -Xlinker 2 -Xlinker -dependency_info -Xlinker /Users/shiv/Projects/iphone/Dream\ Again/DerivedData/Build/Intermediates.noindex/Dream\ Again.build/Debug-iphonesimulator/Dream\ Again.build/Objects-normal/arm64/Dream\ Again_dependency_info.dat -fobjc-link-runtime -L/Applications/Xcode.app/Contents/Developer/Toolchains/XcodeDefault.xctoolchain/usr/lib/swift/iphonesimulator -L/usr/lib/swift -Xlinker -add_ast_path -Xlinker /Users/shiv/Projects/iphone/Dream\ Again/DerivedData/Build/Intermediates.noindex/Dream\ Again.build/Debug-iphonesimulator/Dream\ Again.build/Objects-normal/arm64/DreamAgain.swiftmodule @/Users/shiv/Projects/iphone/Dream\ Again/DerivedData/Build/Intermediates.noindex/Dream\ Again.build/Debug-iphonesimulator/Dream\ Again.build/Objects-normal/arm64/DreamAgain-linker-args.resp -Xlinker -alias -Xlinker _main -Xlinker ___debug_main_executable_dylib_entry_point -Xlinker -no_adhoc_codesign -o /Users/shiv/Projects/iphone/Dream\ Again/DerivedData/Build/Products/Debug-iphonesimulator/Dream\ Again.app/Dream\ Again.debug.dylib

ConstructStubExecutorLinkFileList /Users/shiv/Projects/iphone/Dream\ Again/DerivedData/Build/Intermediates.noindex/Dream\ Again.build/Debug-iphonesimulator/Dream\ Again.build/Dream\ Again-ExecutorLinkFileList-normal-arm64.txt (in target 'Dream Again' from project 'Dream Again')
    cd /Users/shiv/Projects/iphone/Dream\ Again
    construct-stub-executor-link-file-list /Users/shiv/Projects/iphone/Dream\ Again/DerivedData/Build/Products/Debug-iphonesimulator/Dream\ Again.app/Dream\ Again.debug.dylib /Applications/Xcode.app/Contents/Developer/Platforms/iPhoneSimulator.platform/Developer/usr/lib/libPreviewsJITStubExecutor_no_swift_entry_point.a /Applications/Xcode.app/Contents/Developer/Platforms/iPhoneSimulator.platform/Developer/usr/lib/libPreviewsJITStubExecutor.a --output /Users/shiv/Projects/iphone/Dream\ Again/DerivedData/Build/Intermediates.noindex/Dream\ Again.build/Debug-iphonesimulator/Dream\ Again.build/Dream\ Again-ExecutorLinkFileList-normal-arm64.txt
note: Using stub executor library with Swift entry point. (in target 'Dream Again' from project 'Dream Again')

Ld /Users/shiv/Projects/iphone/Dream\ Again/DerivedData/Build/Products/Debug-iphonesimulator/Dream\ Again.app/Dream\ Again normal (in target 'Dream Again' from project 'Dream Again')
    cd /Users/shiv/Projects/iphone/Dream\ Again
    /Applications/Xcode.app/Contents/Developer/Toolchains/XcodeDefault.xctoolchain/usr/bin/clang -Xlinker -reproducible -target arm64-apple-ios18.0-simulator -isysroot /Applications/Xcode.app/Contents/Developer/Platforms/iPhoneSimulator.platform/Developer/SDKs/iPhoneSimulator26.5.sdk -O0 -L/Users/shiv/Projects/iphone/Dream\ Again/DerivedData/Build/Products/Debug-iphonesimulator -F/Users/shiv/Projects/iphone/Dream\ Again/DerivedData/Build/Products/Debug-iphonesimulator -Xlinker -rpath -Xlinker @executable_path -Xlinker -rpath -Xlinker @executable_path/Frameworks -rdynamic -Xlinker -no_deduplicate -Xlinker -objc_abi_version -Xlinker 2 -e ___debug_blank_executor_main -Xlinker -sectcreate -Xlinker __TEXT -Xlinker __debug_dylib -Xlinker /Users/shiv/Projects/iphone/Dream\ Again/DerivedData/Build/Intermediates.noindex/Dream\ Again.build/Debug-iphonesimulator/Dream\ Again.build/Dream\ Again-DebugDylibPath-normal-arm64.txt -Xlinker -sectcreate -Xlinker __TEXT -Xlinker __debug_instlnm -Xlinker /Users/shiv/Projects/iphone/Dream\ Again/DerivedData/Build/Intermediates.noindex/Dream\ Again.build/Debug-iphonesimulator/Dream\ Again.build/Dream\ Again-DebugDylibInstallName-normal-arm64.txt -Xlinker -filelist -Xlinker /Users/shiv/Projects/iphone/Dream\ Again/DerivedData/Build/Intermediates.noindex/Dream\ Again.build/Debug-iphonesimulator/Dream\ Again.build/Dream\ Again-ExecutorLinkFileList-normal-arm64.txt -Xlinker -sectcreate -Xlinker __TEXT -Xlinker __entitlements -Xlinker /Users/shiv/Projects/iphone/Dream\ Again/DerivedData/Build/Intermediates.noindex/Dream\ Again.build/Debug-iphonesimulator/Dream\ Again.build/Dream\ Again.app-Simulated.xcent -Xlinker -sectcreate -Xlinker __TEXT -Xlinker __ents_der -Xlinker /Users/shiv/Projects/iphone/Dream\ Again/DerivedData/Build/Intermediates.noindex/Dream\ Again.build/Debug-iphonesimulator/Dream\ Again.build/Dream\ Again.app-Simulated.xcent.der /Users/shiv/Projects/iphone/Dream\ Again/DerivedData/Build/Products/Debug-iphonesimulator/Dream\ Again.app/Dream\ Again.debug.dylib -Xlinker -no_adhoc_codesign -o /Users/shiv/Projects/iphone/Dream\ Again/DerivedData/Build/Products/Debug-iphonesimulator/Dream\ Again.app/Dream\ Again

ExtractAppIntentsMetadata (in target 'Dream Again' from project 'Dream Again')
    cd /Users/shiv/Projects/iphone/Dream\ Again
    /Applications/Xcode.app/Contents/Developer/Toolchains/XcodeDefault.xctoolchain/usr/bin/appintentsmetadataprocessor --toolchain-dir /var/run/com.apple.security.cryptexd/mnt/com.apple.MobileAsset.MetalToolchain-v17.6.109.0.3j1gY1/Metal.xctoolchain --module-name DreamAgain --sdk-root /Applications/Xcode.app/Contents/Developer/Platforms/iPhoneSimulator.platform/Developer/SDKs/iPhoneSimulator26.5.sdk --xcode-version 17F113 --platform-family iOS --deployment-target 18.0 --bundle-identifier nani.Dream-Again --output /Users/shiv/Projects/iphone/Dream\ Again/DerivedData/Build/Products/Debug-iphonesimulator/Dream\ Again.app --target-triple arm64-apple-ios18.0-simulator --binary-file /Users/shiv/Projects/iphone/Dream\ Again/DerivedData/Build/Products/Debug-iphonesimulator/Dream\ Again.app/Dream\ Again --dependency-file /Users/shiv/Projects/iphone/Dream\ Again/DerivedData/Build/Intermediates.noindex/Dream\ Again.build/Debug-iphonesimulator/Dream\ Again.build/Objects-normal/arm64/Dream\ Again_dependency_info.dat --stringsdata-file /Users/shiv/Projects/iphone/Dream\ Again/DerivedData/Build/Intermediates.noindex/Dream\ Again.build/Debug-iphonesimulator/Dream\ Again.build/Objects-normal/arm64/ExtractedAppShortcutsMetadata.stringsdata --source-file-list /Users/shiv/Projects/iphone/Dream\ Again/DerivedData/Build/Intermediates.noindex/Dream\ Again.build/Debug-iphonesimulator/Dream\ Again.build/Objects-normal/arm64/Dream\ Again.SwiftFileList --metadata-file-list /Users/shiv/Projects/iphone/Dream\ Again/DerivedData/Build/Intermediates.noindex/Dream\ Again.build/Debug-iphonesimulator/Dream\ Again.build/Dream\ Again.DependencyMetadataFileList --static-metadata-file-list /Users/shiv/Projects/iphone/Dream\ Again/DerivedData/Build/Intermediates.noindex/Dream\ Again.build/Debug-iphonesimulator/Dream\ Again.build/Dream\ Again.DependencyStaticMetadataFileList --swift-const-vals-list /Users/shiv/Projects/iphone/Dream\ Again/DerivedData/Build/Intermediates.noindex/Dream\ Again.build/Debug-iphonesimulator/Dream\ Again.build/Objects-normal/arm64/Dream\ Again.SwiftConstValuesFileList --compile-time-extraction --deployment-aware-processing --validate-assistant-intents --no-app-shortcuts-localization
2026-09-17 00:29:29.527 appintentsmetadataprocessor[12460:190227] Starting appintentsmetadataprocessor export
2026-09-17 00:29:29.554 appintentsmetadataprocessor[12460:190227] warning: Metadata extraction skipped. No AppIntents.framework dependency found.

CopySwiftLibs /Users/shiv/Projects/iphone/Dream\ Again/DerivedData/Build/Products/Debug-iphonesimulator/Dream\ Again.app (in target 'Dream Again' from project 'Dream Again')
    cd /Users/shiv/Projects/iphone/Dream\ Again
    builtin-swiftStdLibTool --copy --verbose --sign - --scan-executable /Users/shiv/Projects/iphone/Dream\ Again/DerivedData/Build/Products/Debug-iphonesimulator/Dream\ Again.app/Dream\ Again.debug.dylib --scan-folder /Users/shiv/Projects/iphone/Dream\ Again/DerivedData/Build/Products/Debug-iphonesimulator/Dream\ Again.app/Frameworks --scan-folder /Users/shiv/Projects/iphone/Dream\ Again/DerivedData/Build/Products/Debug-iphonesimulator/Dream\ Again.app/PlugIns --scan-folder /Users/shiv/Projects/iphone/Dream\ Again/DerivedData/Build/Products/Debug-iphonesimulator/Dream\ Again.app/SystemExtensions --scan-folder /Users/shiv/Projects/iphone/Dream\ Again/DerivedData/Build/Products/Debug-iphonesimulator/Dream\ Again.app/Extensions --platform iphonesimulator --toolchain /var/run/com.apple.security.cryptexd/mnt/com.apple.MobileAsset.MetalToolchain-v17.6.109.0.3j1gY1/Metal.xctoolchain --toolchain /Applications/Xcode.app/Contents/Developer/Toolchains/XcodeDefault.xctoolchain --destination /Users/shiv/Projects/iphone/Dream\ Again/DerivedData/Build/Products/Debug-iphonesimulator/Dream\ Again.app/Frameworks --strip-bitcode --strip-bitcode-tool /Applications/Xcode.app/Contents/Developer/Toolchains/XcodeDefault.xctoolchain/usr/bin/bitcode_strip --emit-dependency-info /Users/shiv/Projects/iphone/Dream\ Again/DerivedData/Build/Intermediates.noindex/Dream\ Again.build/Debug-iphonesimulator/Dream\ Again.build/SwiftStdLibToolInputDependencies.dep --filter-for-swift-os

ProcessInfoPlistFile /Users/shiv/Projects/iphone/Dream\ Again/DerivedData/Build/Products/Debug-iphonesimulator/Dream\ Again.app/PlugIns/Dream\ AgainTests.xctest/Info.plist /Users/shiv/Projects/iphone/Dream\ Again/DerivedData/Build/Intermediates.noindex/Dream\ Again.build/Debug-iphonesimulator/Dream\ AgainTests.build/empty-Dream\ AgainTests.plist (in target 'Dream AgainTests' from project 'Dream Again')
    cd /Users/shiv/Projects/iphone/Dream\ Again
    builtin-infoPlistUtility /Users/shiv/Projects/iphone/Dream\ Again/DerivedData/Build/Intermediates.noindex/Dream\ Again.build/Debug-iphonesimulator/Dream\ AgainTests.build/empty-Dream\ AgainTests.plist -producttype com.apple.product-type.bundle.unit-test -expandbuildsettings -format binary -platform iphonesimulator -o /Users/shiv/Projects/iphone/Dream\ Again/DerivedData/Build/Products/Debug-iphonesimulator/Dream\ Again.app/PlugIns/Dream\ AgainTests.xctest/Info.plist

Ld /Users/shiv/Projects/iphone/Dream\ Again/DerivedData/Build/Products/Debug-iphonesimulator/Dream\ Again.app/PlugIns/Dream\ AgainTests.xctest/Dream\ AgainTests normal (in target 'Dream AgainTests' from project 'Dream Again')
    cd /Users/shiv/Projects/iphone/Dream\ Again
    /Applications/Xcode.app/Contents/Developer/Toolchains/XcodeDefault.xctoolchain/usr/bin/clang -Xlinker -reproducible -target arm64-apple-ios18.0-simulator -bundle -isysroot /Applications/Xcode.app/Contents/Developer/Platforms/iPhoneSimulator.platform/Developer/SDKs/iPhoneSimulator26.5.sdk -O0 -L/Users/shiv/Projects/iphone/Dream\ Again/DerivedData/Build/Intermediates.noindex/EagerLinkingTBDs/Debug-iphonesimulator -L/Users/shiv/Projects/iphone/Dream\ Again/DerivedData/Build/Products/Debug-iphonesimulator -L/Applications/Xcode.app/Contents/Developer/Platforms/iPhoneSimulator.platform/Developer/usr/lib -F/Users/shiv/Projects/iphone/Dream\ Again/DerivedData/Build/Intermediates.noindex/EagerLinkingTBDs/Debug-iphonesimulator -F/Users/shiv/Projects/iphone/Dream\ Again/DerivedData/Build/Products/Debug-iphonesimulator -iframework /Applications/Xcode.app/Contents/Developer/Platforms/iPhoneSimulator.platform/Developer/Library/Frameworks -iframework /Applications/Xcode.app/Contents/Developer/Platforms/iPhoneSimulator.platform/Developer/SDKs/iPhoneSimulator26.5.sdk/Developer/Library/Frameworks -filelist /Users/shiv/Projects/iphone/Dream\ Again/DerivedData/Build/Intermediates.noindex/Dream\ Again.build/Debug-iphonesimulator/Dream\ AgainTests.build/Objects-normal/arm64/Dream\ AgainTests.LinkFileList -Xlinker -rpath -Xlinker /usr/lib/swift -Xlinker -rpath -Xlinker @loader_path/Frameworks -Xlinker -rpath -Xlinker @executable_path/Frameworks -Xlinker -dead_strip -bundle_loader /Users/shiv/Projects/iphone/Dream\ Again/DerivedData/Build/Products/Debug-iphonesimulator/Dream\ Again.app/Dream\ Again -Xlinker -object_path_lto -Xlinker /Users/shiv/Projects/iphone/Dream\ Again/DerivedData/Build/Intermediates.noindex/Dream\ Again.build/Debug-iphonesimulator/Dream\ AgainTests.build/Objects-normal/arm64/Dream\ AgainTests_lto.o -rdynamic -Xlinker -no_deduplicate -Xlinker -objc_abi_version -Xlinker 2 -Xlinker -dependency_info -Xlinker /Users/shiv/Projects/iphone/Dream\ Again/DerivedData/Build/Intermediates.noindex/Dream\ Again.build/Debug-iphonesimulator/Dream\ AgainTests.build/Objects-normal/arm64/Dream\ AgainTests_dependency_info.dat -fobjc-link-runtime -L/Applications/Xcode.app/Contents/Developer/Toolchains/XcodeDefault.xctoolchain/usr/lib/swift/iphonesimulator -L/usr/lib/swift -Xlinker -add_ast_path -Xlinker /Users/shiv/Projects/iphone/Dream\ Again/DerivedData/Build/Intermediates.noindex/Dream\ Again.build/Debug-iphonesimulator/Dream\ AgainTests.build/Objects-normal/arm64/Dream_AgainTests.swiftmodule @/Users/shiv/Projects/iphone/Dream\ Again/DerivedData/Build/Intermediates.noindex/Dream\ Again.build/Debug-iphonesimulator/Dream\ AgainTests.build/Objects-normal/arm64/Dream_AgainTests-linker-args.resp -Xlinker -needed_framework -Xlinker XCTest -framework XCTest -Xlinker -needed-lXCTestSwiftSupport -lXCTestSwiftSupport /Users/shiv/Projects/iphone/Dream\ Again/DerivedData/Build/Products/Debug-iphonesimulator/Dream\ Again.app/Dream\ Again.debug.dylib -Xlinker -no_adhoc_codesign -o /Users/shiv/Projects/iphone/Dream\ Again/DerivedData/Build/Products/Debug-iphonesimulator/Dream\ Again.app/PlugIns/Dream\ AgainTests.xctest/Dream\ AgainTests

CopySwiftLibs /Users/shiv/Projects/iphone/Dream\ Again/DerivedData/Build/Products/Debug-iphonesimulator/Dream\ Again.app/PlugIns/Dream\ AgainTests.xctest (in target 'Dream AgainTests' from project 'Dream Again')
    cd /Users/shiv/Projects/iphone/Dream\ Again
    builtin-swiftStdLibTool --copy --verbose --sign - --scan-executable /Users/shiv/Projects/iphone/Dream\ Again/DerivedData/Build/Products/Debug-iphonesimulator/Dream\ Again.app/PlugIns/Dream\ AgainTests.xctest/Dream\ AgainTests --scan-folder /Users/shiv/Projects/iphone/Dream\ Again/DerivedData/Build/Products/Debug-iphonesimulator/Dream\ Again.app/PlugIns/Dream\ AgainTests.xctest/Frameworks --scan-folder /Users/shiv/Projects/iphone/Dream\ Again/DerivedData/Build/Products/Debug-iphonesimulator/Dream\ Again.app/PlugIns/Dream\ AgainTests.xctest/PlugIns --scan-folder /Users/shiv/Projects/iphone/Dream\ Again/DerivedData/Build/Products/Debug-iphonesimulator/Dream\ Again.app/PlugIns/Dream\ AgainTests.xctest/SystemExtensions --scan-folder /Users/shiv/Projects/iphone/Dream\ Again/DerivedData/Build/Products/Debug-iphonesimulator/Dream\ Again.app/PlugIns/Dream\ AgainTests.xctest/Extensions --platform iphonesimulator --toolchain /var/run/com.apple.security.cryptexd/mnt/com.apple.MobileAsset.MetalToolchain-v17.6.109.0.3j1gY1/Metal.xctoolchain --toolchain /Applications/Xcode.app/Contents/Developer/Toolchains/XcodeDefault.xctoolchain --destination /Users/shiv/Projects/iphone/Dream\ Again/DerivedData/Build/Products/Debug-iphonesimulator/Dream\ Again.app/PlugIns/Dream\ AgainTests.xctest/Frameworks --strip-bitcode --scan-executable /Applications/Xcode.app/Contents/Developer/Platforms/iPhoneSimulator.platform/Developer/usr/lib/libXCTestSwiftSupport.dylib --strip-bitcode-tool /Applications/Xcode.app/Contents/Developer/Toolchains/XcodeDefault.xctoolchain/usr/bin/bitcode_strip --emit-dependency-info /Users/shiv/Projects/iphone/Dream\ Again/DerivedData/Build/Intermediates.noindex/Dream\ Again.build/Debug-iphonesimulator/Dream\ AgainTests.build/SwiftStdLibToolInputDependencies.dep --filter-for-swift-os

ExtractAppIntentsMetadata (in target 'Dream AgainTests' from project 'Dream Again')
    cd /Users/shiv/Projects/iphone/Dream\ Again
    /Applications/Xcode.app/Contents/Developer/Toolchains/XcodeDefault.xctoolchain/usr/bin/appintentsmetadataprocessor --toolchain-dir /var/run/com.apple.security.cryptexd/mnt/com.apple.MobileAsset.MetalToolchain-v17.6.109.0.3j1gY1/Metal.xctoolchain --module-name Dream_AgainTests --sdk-root /Applications/Xcode.app/Contents/Developer/Platforms/iPhoneSimulator.platform/Developer/SDKs/iPhoneSimulator26.5.sdk --xcode-version 17F113 --platform-family iOS --deployment-target 18.0 --bundle-identifier nani.Dream-AgainTests --output /Users/shiv/Projects/iphone/Dream\ Again/DerivedData/Build/Products/Debug-iphonesimulator/Dream\ Again.app/PlugIns/Dream\ AgainTests.xctest --target-triple arm64-apple-ios18.0-simulator --binary-file /Users/shiv/Projects/iphone/Dream\ Again/DerivedData/Build/Products/Debug-iphonesimulator/Dream\ Again.app/PlugIns/Dream\ AgainTests.xctest/Dream\ AgainTests --dependency-file /Users/shiv/Projects/iphone/Dream\ Again/DerivedData/Build/Intermediates.noindex/Dream\ Again.build/Debug-iphonesimulator/Dream\ AgainTests.build/Objects-normal/arm64/Dream\ AgainTests_dependency_info.dat --stringsdata-file /Users/shiv/Projects/iphone/Dream\ Again/DerivedData/Build/Intermediates.noindex/Dream\ Again.build/Debug-iphonesimulator/Dream\ AgainTests.build/Objects-normal/arm64/ExtractedAppShortcutsMetadata.stringsdata --source-file-list /Users/shiv/Projects/iphone/Dream\ Again/DerivedData/Build/Intermediates.noindex/Dream\ Again.build/Debug-iphonesimulator/Dream\ AgainTests.build/Objects-normal/arm64/Dream\ AgainTests.SwiftFileList --metadata-file-list /Users/shiv/Projects/iphone/Dream\ Again/DerivedData/Build/Intermediates.noindex/Dream\ Again.build/Debug-iphonesimulator/Dream\ AgainTests.build/Dream\ AgainTests.DependencyMetadataFileList --static-metadata-file-list /Users/shiv/Projects/iphone/Dream\ Again/DerivedData/Build/Intermediates.noindex/Dream\ Again.build/Debug-iphonesimulator/Dream\ AgainTests.build/Dream\ AgainTests.DependencyStaticMetadataFileList --swift-const-vals-list /Users/shiv/Projects/iphone/Dream\ Again/DerivedData/Build/Intermediates.noindex/Dream\ Again.build/Debug-iphonesimulator/Dream\ AgainTests.build/Objects-normal/arm64/Dream\ AgainTests.SwiftConstValuesFileList --compile-time-extraction --deployment-aware-processing --validate-assistant-intents --no-app-shortcuts-localization
2026-09-17 00:29:31.064 appintentsmetadataprocessor[12465:190291] Starting appintentsmetadataprocessor export
2026-09-17 00:29:31.069 appintentsmetadataprocessor[12465:190291] warning: Metadata extraction skipped. No AppIntents.framework dependency found.

AppIntentsSSUTraining (in target 'Dream AgainTests' from project 'Dream Again')
    cd /Users/shiv/Projects/iphone/Dream\ Again
    /Applications/Xcode.app/Contents/Developer/Toolchains/XcodeDefault.xctoolchain/usr/bin/appintentsnltrainingprocessor --infoplist-path /Users/shiv/Projects/iphone/Dream\ Again/DerivedData/Build/Products/Debug-iphonesimulator/Dream\ Again.app/PlugIns/Dream\ AgainTests.xctest/Info.plist --temp-dir-path /Users/shiv/Projects/iphone/Dream\ Again/DerivedData/Build/Intermediates.noindex/Dream\ Again.build/Debug-iphonesimulator/Dream\ AgainTests.build/ssu --bundle-id nani.Dream-AgainTests --product-path /Users/shiv/Projects/iphone/Dream\ Again/DerivedData/Build/Products/Debug-iphonesimulator/Dream\ Again.app/PlugIns/Dream\ AgainTests.xctest --extracted-metadata-path /Users/shiv/Projects/iphone/Dream\ Again/DerivedData/Build/Products/Debug-iphonesimulator/Dream\ Again.app/PlugIns/Dream\ AgainTests.xctest/Metadata.appintents --metadata-file-list /Users/shiv/Projects/iphone/Dream\ Again/DerivedData/Build/Intermediates.noindex/Dream\ Again.build/Debug-iphonesimulator/Dream\ AgainTests.build/Dream\ AgainTests.DependencyMetadataFileList --source-file /Users/shiv/Projects/iphone/Dream\ Again/DerivedData/Build/Products/Debug-iphonesimulator/Dream\ Again.app/PlugIns/Dream\ AgainTests.xctest/Info.plist --archive-ssu-assets
2026-09-17 00:29:31.163 appintentsnltrainingprocessor[12466:190297] Parsing options for appintentsnltrainingprocessor
2026-09-17 00:29:31.164 appintentsnltrainingprocessor[12466:190297] Starting AppIntents SSU YAML Generation
2026-09-17 00:29:31.169 appintentsnltrainingprocessor[12466:190297] No AppShortcuts found - Skipping.

CodeSign /Users/shiv/Projects/iphone/Dream\ Again/DerivedData/Build/Products/Debug-iphonesimulator/Dream\ Again.app/PlugIns/Dream\ AgainTests.xctest (in target 'Dream AgainTests' from project 'Dream Again')
    cd /Users/shiv/Projects/iphone/Dream\ Again
    
    Signing Identity:     "Sign to Run Locally"
    
    /usr/bin/codesign --force --sign - --timestamp\=none --generate-entitlement-der /Users/shiv/Projects/iphone/Dream\ Again/DerivedData/Build/Products/Debug-iphonesimulator/Dream\ Again.app/PlugIns/Dream\ AgainTests.xctest

RegisterExecutionPolicyException /Users/shiv/Projects/iphone/Dream\ Again/DerivedData/Build/Products/Debug-iphonesimulator/Dream\ Again.app/PlugIns/Dream\ AgainTests.xctest (in target 'Dream AgainTests' from project 'Dream Again')
    cd /Users/shiv/Projects/iphone/Dream\ Again
    builtin-RegisterExecutionPolicyException /Users/shiv/Projects/iphone/Dream\ Again/DerivedData/Build/Products/Debug-iphonesimulator/Dream\ Again.app/PlugIns/Dream\ AgainTests.xctest

Touch /Users/shiv/Projects/iphone/Dream\ Again/DerivedData/Build/Products/Debug-iphonesimulator/Dream\ Again.app/PlugIns/Dream\ AgainTests.xctest (in target 'Dream AgainTests' from project 'Dream Again')
    cd /Users/shiv/Projects/iphone/Dream\ Again
    /usr/bin/touch -c /Users/shiv/Projects/iphone/Dream\ Again/DerivedData/Build/Products/Debug-iphonesimulator/Dream\ Again.app/PlugIns/Dream\ AgainTests.xctest

CodeSign /Users/shiv/Projects/iphone/Dream\ Again/DerivedData/Build/Products/Debug-iphonesimulator/Dream\ Again.app/Dream\ Again.debug.dylib (in target 'Dream Again' from project 'Dream Again')
    cd /Users/shiv/Projects/iphone/Dream\ Again
    
    Signing Identity:     "Sign to Run Locally"
    
    /usr/bin/codesign --force --sign - --timestamp\=none --generate-entitlement-der /Users/shiv/Projects/iphone/Dream\ Again/DerivedData/Build/Products/Debug-iphonesimulator/Dream\ Again.app/Dream\ Again.debug.dylib

CodeSign /Users/shiv/Projects/iphone/Dream\ Again/DerivedData/Build/Products/Debug-iphonesimulator/Dream\ Again.app/__preview.dylib (in target 'Dream Again' from project 'Dream Again')
    cd /Users/shiv/Projects/iphone/Dream\ Again
    
    Signing Identity:     "Sign to Run Locally"
    
    /usr/bin/codesign --force --sign - --timestamp\=none --generate-entitlement-der /Users/shiv/Projects/iphone/Dream\ Again/DerivedData/Build/Products/Debug-iphonesimulator/Dream\ Again.app/__preview.dylib
/Users/shiv/Projects/iphone/Dream Again/DerivedData/Build/Products/Debug-iphonesimulator/Dream Again.app/__preview.dylib: replacing existing signature

CodeSign /Users/shiv/Projects/iphone/Dream\ Again/DerivedData/Build/Products/Debug-iphonesimulator/Dream\ Again.app (in target 'Dream Again' from project 'Dream Again')
    cd /Users/shiv/Projects/iphone/Dream\ Again
    
    Signing Identity:     "Sign to Run Locally"
    
    /usr/bin/codesign --force --sign - --timestamp\=none --generate-entitlement-der /Users/shiv/Projects/iphone/Dream\ Again/DerivedData/Build/Products/Debug-iphonesimulator/Dream\ Again.app

Validate /Users/shiv/Projects/iphone/Dream\ Again/DerivedData/Build/Products/Debug-iphonesimulator/Dream\ Again.app (in target 'Dream Again' from project 'Dream Again')
    cd /Users/shiv/Projects/iphone/Dream\ Again
    builtin-validationUtility /Users/shiv/Projects/iphone/Dream\ Again/DerivedData/Build/Products/Debug-iphonesimulator/Dream\ Again.app -shallow-bundle -infoplist-subpath Info.plist

ProcessInfoPlistFile /Users/shiv/Projects/iphone/Dream\ Again/DerivedData/Build/Products/Debug-iphonesimulator/Dream\ AgainUITests-Runner.app/PlugIns/Dream\ AgainUITests.xctest/Info.plist /Users/shiv/Projects/iphone/Dream\ Again/DerivedData/Build/Intermediates.noindex/Dream\ Again.build/Debug-iphonesimulator/Dream\ AgainUITests.build/empty-Dream\ AgainUITests.plist (in target 'Dream AgainUITests' from project 'Dream Again')
    cd /Users/shiv/Projects/iphone/Dream\ Again
    builtin-infoPlistUtility /Users/shiv/Projects/iphone/Dream\ Again/DerivedData/Build/Intermediates.noindex/Dream\ Again.build/Debug-iphonesimulator/Dream\ AgainUITests.build/empty-Dream\ AgainUITests.plist -producttype com.apple.product-type.bundle.ui-testing -expandbuildsettings -format binary -platform iphonesimulator -additionalcontentfile /Users/shiv/Projects/iphone/Dream\ Again/DerivedData/Build/Intermediates.noindex/Dream\ Again.build/Debug-iphonesimulator/Dream\ AgainUITests.build/ProductTypeInfoPlistAdditions.plist -o /Users/shiv/Projects/iphone/Dream\ Again/DerivedData/Build/Products/Debug-iphonesimulator/Dream\ AgainUITests-Runner.app/PlugIns/Dream\ AgainUITests.xctest/Info.plist

CopySwiftLibs /Users/shiv/Projects/iphone/Dream\ Again/DerivedData/Build/Products/Debug-iphonesimulator/Dream\ AgainUITests-Runner.app/PlugIns/Dream\ AgainUITests.xctest (in target 'Dream AgainUITests' from project 'Dream Again')
    cd /Users/shiv/Projects/iphone/Dream\ Again
    builtin-swiftStdLibTool --copy --verbose --sign - --scan-executable /Users/shiv/Projects/iphone/Dream\ Again/DerivedData/Build/Products/Debug-iphonesimulator/Dream\ AgainUITests-Runner.app/PlugIns/Dream\ AgainUITests.xctest/Dream\ AgainUITests --scan-folder /Users/shiv/Projects/iphone/Dream\ Again/DerivedData/Build/Products/Debug-iphonesimulator/Dream\ AgainUITests-Runner.app/PlugIns/Dream\ AgainUITests.xctest/Frameworks --scan-folder /Users/shiv/Projects/iphone/Dream\ Again/DerivedData/Build/Products/Debug-iphonesimulator/Dream\ AgainUITests-Runner.app/PlugIns/Dream\ AgainUITests.xctest/PlugIns --scan-folder /Users/shiv/Projects/iphone/Dream\ Again/DerivedData/Build/Products/Debug-iphonesimulator/Dream\ AgainUITests-Runner.app/PlugIns/Dream\ AgainUITests.xctest/SystemExtensions --scan-folder /Users/shiv/Projects/iphone/Dream\ Again/DerivedData/Build/Products/Debug-iphonesimulator/Dream\ AgainUITests-Runner.app/PlugIns/Dream\ AgainUITests.xctest/Extensions --platform iphonesimulator --toolchain /var/run/com.apple.security.cryptexd/mnt/com.apple.MobileAsset.MetalToolchain-v17.6.109.0.3j1gY1/Metal.xctoolchain --toolchain /Applications/Xcode.app/Contents/Developer/Toolchains/XcodeDefault.xctoolchain --destination /Users/shiv/Projects/iphone/Dream\ Again/DerivedData/Build/Products/Debug-iphonesimulator/Dream\ AgainUITests-Runner.app/PlugIns/Dream\ AgainUITests.xctest/Frameworks --strip-bitcode --scan-executable /Applications/Xcode.app/Contents/Developer/Platforms/iPhoneSimulator.platform/Developer/usr/lib/libXCTestSwiftSupport.dylib --strip-bitcode-tool /Applications/Xcode.app/Contents/Developer/Toolchains/XcodeDefault.xctoolchain/usr/bin/bitcode_strip --emit-dependency-info /Users/shiv/Projects/iphone/Dream\ Again/DerivedData/Build/Intermediates.noindex/Dream\ Again.build/Debug-iphonesimulator/Dream\ AgainUITests.build/SwiftStdLibToolInputDependencies.dep --filter-for-swift-os

2026-09-17 00:30:15.957345+0700 Dream Again[12534:192125] [Core] {"msg":"file does not exist... clearing", "file":/Library/Developer/CoreSimulator/Volumes/iOS_23F77/Library/Developer/CoreSimulator/Profiles/Runtimes/iOS 26.5.simruntime/Contents/Resources/RuntimeRoot/private/var/Managed Preferences/kCFPreferencesCurrentUser/com.apple.CoreMotion.plist, "error":Error Domain=NSCocoaErrorDomain Code=260 "The file “com.apple.CoreMotion.plist” couldn’t be opened because there is no such file." UserInfo={NSFilePath=/Library/Developer/CoreSimulator/Volumes/iOS_23F77/Library/Developer/CoreSimulator/Profiles/Runtimes/iOS 26.5.simruntime/Contents/Resources/RuntimeRoot/private/var/Managed Preferences/kCFPreferencesCurrentUser/com.apple.CoreMotion.plist, NSURL=file:///Library/Developer/CoreSimulator/Volumes/iOS_23F77/Library/Developer/CoreSimulator/Profiles/Runtimes/iOS%2026.5.simruntime/Contents/Resources/RuntimeRoot/private/var/Managed%20Preferences/kCFPreferencesCurrentUser/com.apple.CoreMotion.plist, NSUnderlyingError=0x106c68d20 {Error Domain=NSPOSIXErrorDomain Code=2 "No such file or directory"}}}
2026-09-17 00:30:16.270876+0700 Dream Again[12534:192106] [plugin] AddInstanceForFactory: No factory registered for id <CFUUID 0x106d0e400> F8BB1C28-BAE8-11D6-9C31-00039315CD46
2026-09-17 00:30:16.535849+0700 Dream Again[12534:192130] [AMCP]          HALC_ProxyIOContext.cpp:1623  HALC_ProxyIOContext::IOWorkLoop: skipping cycle due to overload
2026-09-17 00:30:16.918181+0700 Dream Again[12534:191640] [Foundation.IO] Could not locate file 'default-binaryarchive.metallib' in bundle.
2026-09-17 00:30:16.972563+0700 Dream Again[12534:191640] [Assets] asset string 'engine:throttleGhosted.rematerial' parse failed: Invalid asset path: Unknown asset type suffix 'engine:throttleGhosted.rematerial'
2026-09-17 00:30:17.402721+0700 Dream Again[12534:191640] [Assets] Could not resolve material name 'engine:BuiltinRenderGraphResources/AR/suFeatheringCreateMergedOcclusionMask.rematerial' in bundle at '/Users/shiv/Library/Developer/CoreSimulator/Devices/80DBBEEC-A752-43F6-A60E-2419BAE5B77E/data/Containers/Bundle/Application/3DAACF16-B55B-495E-9840-3A871DDF767D/Dream Again.app'. Loading via asset path.
2026-09-17 00:30:17.435466+0700 Dream Again[12534:191640] [Assets] Could not resolve material name 'engine:BuiltinRenderGraphResources/AR/arKitPassthrough.rematerial' in bundle at '/Users/shiv/Library/Developer/CoreSimulator/Devices/80DBBEEC-A752-43F6-A60E-2419BAE5B77E/data/Containers/Bundle/Application/3DAACF16-B55B-495E-9840-3A871DDF767D/Dream Again.app'. Loading via asset path.
2026-09-17 00:30:17.439027+0700 Dream Again[12534:191640] [Assets] Could not resolve material name 'engine:BuiltinRenderGraphResources/AR/arSegmentationComposite.rematerial' in bundle at '/Users/shiv/Library/Developer/CoreSimulator/Devices/80DBBEEC-A752-43F6-A60E-2419BAE5B77E/data/Containers/Bundle/Application/3DAACF16-B55B-495E-9840-3A871DDF767D/Dream Again.app'. Loading via asset path.
2026-09-17 00:30:17.442785+0700 Dream Again[12534:191640] [Assets] Could not resolve material name 'engine:BuiltinRenderGraphResources/AR/arInPlacePostProcessCombinedPermute0.rematerial' in bundle at '/Users/shiv/Library/Developer/CoreSimulator/Devices/80DBBEEC-A752-43F6-A60E-2419BAE5B77E/data/Containers/Bundle/Application/3DAACF16-B55B-495E-9840-3A871DDF767D/Dream Again.app'. Loading via asset path.
2026-09-17 00:30:17.447361+0700 Dream Again[12534:191640] [Assets] Could not resolve material name 'engine:BuiltinRenderGraphResources/AR/arInPlacePostProcessCombinedPermute1.rematerial' in bundle at '/Users/shiv/Library/Developer/CoreSimulator/Devices/80DBBEEC-A752-43F6-A60E-2419BAE5B77E/data/Containers/Bundle/Application/3DAACF16-B55B-495E-9840-3A871DDF767D/Dream Again.app'. Loading via asset path.
2026-09-17 00:30:17.451280+0700 Dream Again[12534:191640] [Assets] Could not resolve material name 'engine:BuiltinRenderGraphResources/AR/arInPlacePostProcessCombinedPermute2.rematerial' in bundle at '/Users/shiv/Library/Developer/CoreSimulator/Devices/80DBBEEC-A752-43F6-A60E-2419BAE5B77E/data/Containers/Bundle/Application/3DAACF16-B55B-495E-9840-3A871DDF767D/Dream Again.app'. Loading via asset path.
2026-09-17 00:30:17.471764+0700 Dream Again[12534:191640] [Assets] Could not resolve material name 'engine:BuiltinRenderGraphResources/AR/arInPlacePostProcessCombinedPermute3.rematerial' in bundle at '/Users/shiv/Library/Developer/CoreSimulator/Devices/80DBBEEC-A752-43F6-A60E-2419BAE5B77E/data/Containers/Bundle/Application/3DAACF16-B55B-495E-9840-3A871DDF767D/Dream Again.app'. Loading via asset path.
2026-09-17 00:30:17.475686+0700 Dream Again[12534:191640] [Assets] Could not resolve material name 'engine:BuiltinRenderGraphResources/AR/arInPlacePostProcessCombinedPermute4.rematerial' in bundle at '/Users/shiv/Library/Developer/CoreSimulator/Devices/80DBBEEC-A752-43F6-A60E-2419BAE5B77E/data/Containers/Bundle/Application/3DAACF16-B55B-495E-9840-3A871DDF767D/Dream Again.app'. Loading via asset path.
2026-09-17 00:30:17.485498+0700 Dream Again[12534:191640] [Assets] Could not resolve material name 'engine:BuiltinRenderGraphResources/AR/arInPlacePostProcessCombinedPermute5.rematerial' in bundle at '/Users/shiv/Library/Developer/CoreSimulator/Devices/80DBBEEC-A752-43F6-A60E-2419BAE5B77E/data/Containers/Bundle/Application/3DAACF16-B55B-495E-9840-3A871DDF767D/Dream Again.app'. Loading via asset path.
2026-09-17 00:30:17.505932+0700 Dream Again[12534:191640] [Assets] Could not resolve material name 'engine:BuiltinRenderGraphResources/AR/arInPlacePostProcessCombinedPermute6.rematerial' in bundle at '/Users/shiv/Library/Developer/CoreSimulator/Devices/80DBBEEC-A752-43F6-A60E-2419BAE5B77E/data/Containers/Bundle/Application/3DAACF16-B55B-495E-9840-3A871DDF767D/Dream Again.app'. Loading via asset path.
2026-09-17 00:30:17.510414+0700 Dream Again[12534:191640] [Assets] Could not resolve material name 'engine:BuiltinRenderGraphResources/AR/arInPlacePostProcessCombinedPermute7.rematerial' in bundle at '/Users/shiv/Library/Developer/CoreSimulator/Devices/80DBBEEC-A752-43F6-A60E-2419BAE5B77E/data/Containers/Bundle/Application/3DAACF16-B55B-495E-9840-3A871DDF767D/Dream Again.app'. Loading via asset path.
2026-09-17 00:30:17.514544+0700 Dream Again[12534:191640] [Assets] Could not resolve material name 'engine:BuiltinRenderGraphResources/AR/arInPlacePostProcessCombinedPermute8.rematerial' in bundle at '/Users/shiv/Library/Developer/CoreSimulator/Devices/80DBBEEC-A752-43F6-A60E-2419BAE5B77E/data/Containers/Bundle/Application/3DAACF16-B55B-495E-9840-3A871DDF767D/Dream Again.app'. Loading via asset path.
2026-09-17 00:30:17.519257+0700 Dream Again[12534:191640] [Assets] Could not resolve material name 'engine:BuiltinRenderGraphResources/AR/arInPlacePostProcessCombinedPermute9.rematerial' in bundle at '/Users/shiv/Library/Developer/CoreSimulator/Devices/80DBBEEC-A752-43F6-A60E-2419BAE5B77E/data/Containers/Bundle/Application/3DAACF16-B55B-495E-9840-3A871DDF767D/Dream Again.app'. Loading via asset path.
2026-09-17 00:30:17.523849+0700 Dream Again[12534:191640] [Assets] Could not resolve material name 'engine:BuiltinRenderGraphResources/AR/arInPlacePostProcessCombinedPermute10.rematerial' in bundle at '/Users/shiv/Library/Developer/CoreSimulator/Devices/80DBBEEC-A752-43F6-A60E-2419BAE5B77E/data/Containers/Bundle/Application/3DAACF16-B55B-495E-9840-3A871DDF767D/Dream Again.app'. Loading via asset path.
2026-09-17 00:30:17.527493+0700 Dream Again[12534:191640] [Assets] Could not resolve material name 'engine:BuiltinRenderGraphResources/AR/arInPlacePostProcessCombinedPermute11.rematerial' in bundle at '/Users/shiv/Library/Developer/CoreSimulator/Devices/80DBBEEC-A752-43F6-A60E-2419BAE5B77E/data/Containers/Bundle/Application/3DAACF16-B55B-495E-9840-3A871DDF767D/Dream Again.app'. Loading via asset path.
2026-09-17 00:30:17.531612+0700 Dream Again[12534:191640] [Assets] Could not resolve material name 'engine:BuiltinRenderGraphResources/AR/arInPlacePostProcessCombinedPermute12.rematerial' in bundle at '/Users/shiv/Library/Developer/CoreSimulator/Devices/80DBBEEC-A752-43F6-A60E-2419BAE5B77E/data/Containers/Bundle/Application/3DAACF16-B55B-495E-9840-3A871DDF767D/Dream Again.app'. Loading via asset path.
2026-09-17 00:30:17.535828+0700 Dream Again[12534:191640] [Assets] Could not resolve material name 'engine:BuiltinRenderGraphResources/AR/arInPlacePostProcessCombinedPermute13.rematerial' in bundle at '/Users/shiv/Library/Developer/CoreSimulator/Devices/80DBBEEC-A752-43F6-A60E-2419BAE5B77E/data/Containers/Bundle/Application/3DAACF16-B55B-495E-9840-3A871DDF767D/Dream Again.app'. Loading via asset path.
2026-09-17 00:30:17.540531+0700 Dream Again[12534:191640] [Assets] Could not resolve material name 'engine:BuiltinRenderGraphResources/AR/arInPlacePostProcessCombinedPermute14.rematerial' in bundle at '/Users/shiv/Library/Developer/CoreSimulator/Devices/80DBBEEC-A752-43F6-A60E-2419BAE5B77E/data/Containers/Bundle/Application/3DAACF16-B55B-495E-9840-3A871DDF767D/Dream Again.app'. Loading via asset path.
2026-09-17 00:30:17.546005+0700 Dream Again[12534:191640] [Assets] Could not resolve material name 'engine:BuiltinRenderGraphResources/AR/arInPlacePostProcessCombinedPermute15.rematerial' in bundle at '/Users/shiv/Library/Developer/CoreSimulator/Devices/80DBBEEC-A752-43F6-A60E-2419BAE5B77E/data/Containers/Bundle/Application/3DAACF16-B55B-495E-9840-3A871DDF767D/Dream Again.app'. Loading via asset path.
Test Suite 'Selected tests' started at 2026-09-17 00:30:21.984.
Test Suite 'Dream AgainTests.xctest' started at 2026-09-17 00:30:21.985.
Test Suite 'Dream_AgainTests' started at 2026-09-17 00:30:21.985.
Test Case '-[Dream_AgainTests.Dream_AgainTests testStrawLossRepairAndBurstRendering]' started.
2026-09-17 00:30:22.380383+0700 Dream Again[12534:192215] Compiler failed to build request
2026-09-17 00:30:22.388870+0700 Dream Again[12534:192218] [Graphics] makeRenderPipelineState failed [reading from a rendertarget is not supported].
2026-09-17 00:30:22.392969+0700 Dream Again[12534:192218] [Graphics] Pipeline for technique meshShadowCasterProgrammableBlending failed compilation!
2026-09-17 00:30:22.541309+0700 Dream Again[12534:191640] [Assets] Could not resolve material name 'engine:BuiltinRenderGraphResources/AR/suFeatheringCreateMergedOcclusionMask.rematerial' in bundle at '/Users/shiv/Library/Developer/CoreSimulator/Devices/80DBBEEC-A752-43F6-A60E-2419BAE5B77E/data/Containers/Bundle/Application/3DAACF16-B55B-495E-9840-3A871DDF767D/Dream Again.app'. Loading via asset path.
2026-09-17 00:30:22.541546+0700 Dream Again[12534:191640] [Assets] Could not resolve material name 'engine:BuiltinRenderGraphResources/AR/arKitPassthrough.rematerial' in bundle at '/Users/shiv/Library/Developer/CoreSimulator/Devices/80DBBEEC-A752-43F6-A60E-2419BAE5B77E/data/Containers/Bundle/Application/3DAACF16-B55B-495E-9840-3A871DDF767D/Dream Again.app'. Loading via asset path.
2026-09-17 00:30:22.541666+0700 Dream Again[12534:191640] [Assets] Could not resolve material name 'engine:BuiltinRenderGraphResources/AR/arSegmentationComposite.rematerial' in bundle at '/Users/shiv/Library/Developer/CoreSimulator/Devices/80DBBEEC-A752-43F6-A60E-2419BAE5B77E/data/Containers/Bundle/Application/3DAACF16-B55B-495E-9840-3A871DDF767D/Dream Again.app'. Loading via asset path.
2026-09-17 00:30:22.541747+0700 Dream Again[12534:191640] [Assets] Could not resolve material name 'engine:BuiltinRenderGraphResources/AR/arInPlacePostProcessCombinedPermute0.rematerial' in bundle at '/Users/shiv/Library/Developer/CoreSimulator/Devices/80DBBEEC-A752-43F6-A60E-2419BAE5B77E/data/Containers/Bundle/Application/3DAACF16-B55B-495E-9840-3A871DDF767D/Dream Again.app'. Loading via asset path.
2026-09-17 00:30:22.541985+0700 Dream Again[12534:191640] [Assets] Could not resolve material name 'engine:BuiltinRenderGraphResources/AR/arInPlacePostProcessCombinedPermute1.rematerial' in bundle at '/Users/shiv/Library/Developer/CoreSimulator/Devices/80DBBEEC-A752-43F6-A60E-2419BAE5B77E/data/Containers/Bundle/Application/3DAACF16-B55B-495E-9840-3A871DDF767D/Dream Again.app'. Loading via asset path.
2026-09-17 00:30:22.542060+0700 Dream Again[12534:191640] [Assets] Could not resolve material name 'engine:BuiltinRenderGraphResources/AR/arInPlacePostProcessCombinedPermute2.rematerial' in bundle at '/Users/shiv/Library/Developer/CoreSimulator/Devices/80DBBEEC-A752-43F6-A60E-2419BAE5B77E/data/Containers/Bundle/Application/3DAACF16-B55B-495E-9840-3A871DDF767D/Dream Again.app'. Loading via asset path.
2026-09-17 00:30:22.542132+0700 Dream Again[12534:191640] [Assets] Could not resolve material name 'engine:BuiltinRenderGraphResources/AR/arInPlacePostProcessCombinedPermute3.rematerial' in bundle at '/Users/shiv/Library/Developer/CoreSimulator/Devices/80DBBEEC-A752-43F6-A60E-2419BAE5B77E/data/Containers/Bundle/Application/3DAACF16-B55B-495E-9840-3A871DDF767D/Dream Again.app'. Loading via asset path.
2026-09-17 00:30:22.542261+0700 Dream Again[12534:191640] [Assets] Could not resolve material name 'engine:BuiltinRenderGraphResources/AR/arInPlacePostProcessCombinedPermute4.rematerial' in bundle at '/Users/shiv/Library/Developer/CoreSimulator/Devices/80DBBEEC-A752-43F6-A60E-2419BAE5B77E/data/Containers/Bundle/Application/3DAACF16-B55B-495E-9840-3A871DDF767D/Dream Again.app'. Loading via asset path.
2026-09-17 00:30:22.542335+0700 Dream Again[12534:191640] [Assets] Could not resolve material name 'engine:BuiltinRenderGraphResources/AR/arInPlacePostProcessCombinedPermute5.rematerial' in bundle at '/Users/shiv/Library/Developer/CoreSimulator/Devices/80DBBEEC-A752-43F6-A60E-2419BAE5B77E/data/Containers/Bundle/Application/3DAACF16-B55B-495E-9840-3A871DDF767D/Dream Again.app'. Loading via asset path.
2026-09-17 00:30:22.542556+0700 Dream Again[12534:191640] [Assets] Could not resolve material name 'engine:BuiltinRenderGraphResources/AR/arInPlacePostProcessCombinedPermute6.rematerial' in bundle at '/Users/shiv/Library/Developer/CoreSimulator/Devices/80DBBEEC-A752-43F6-A60E-2419BAE5B77E/data/Containers/Bundle/Application/3DAACF16-B55B-495E-9840-3A871DDF767D/Dream Again.app'. Loading via asset path.
2026-09-17 00:30:22.542623+0700 Dream Again[12534:191640] [Assets] Could not resolve material name 'engine:BuiltinRenderGraphResources/AR/arInPlacePostProcessCombinedPermute7.rematerial' in bundle at '/Users/shiv/Library/Developer/CoreSimulator/Devices/80DBBEEC-A752-43F6-A60E-2419BAE5B77E/data/Containers/Bundle/Application/3DAACF16-B55B-495E-9840-3A871DDF767D/Dream Again.app'. Loading via asset path.
2026-09-17 00:30:22.542680+0700 Dream Again[12534:191640] [Assets] Could not resolve material name 'engine:BuiltinRenderGraphResources/AR/arInPlacePostProcessCombinedPermute8.rematerial' in bundle at '/Users/shiv/Library/Developer/CoreSimulator/Devices/80DBBEEC-A752-43F6-A60E-2419BAE5B77E/data/Containers/Bundle/Application/3DAACF16-B55B-495E-9840-3A871DDF767D/Dream Again.app'. Loading via asset path.
2026-09-17 00:30:22.542819+0700 Dream Again[12534:191640] [Assets] Could not resolve material name 'engine:BuiltinRenderGraphResources/AR/arInPlacePostProcessCombinedPermute9.rematerial' in bundle at '/Users/shiv/Library/Developer/CoreSimulator/Devices/80DBBEEC-A752-43F6-A60E-2419BAE5B77E/data/Containers/Bundle/Application/3DAACF16-B55B-495E-9840-3A871DDF767D/Dream Again.app'. Loading via asset path.
2026-09-17 00:30:22.542888+0700 Dream Again[12534:191640] [Assets] Could not resolve material name 'engine:BuiltinRenderGraphResources/AR/arInPlacePostProcessCombinedPermute10.rematerial' in bundle at '/Users/shiv/Library/Developer/CoreSimulator/Devices/80DBBEEC-A752-43F6-A60E-2419BAE5B77E/data/Containers/Bundle/Application/3DAACF16-B55B-495E-9840-3A871DDF767D/Dream Again.app'. Loading via asset path.
2026-09-17 00:30:22.543162+0700 Dream Again[12534:191640] [Assets] Could not resolve material name 'engine:BuiltinRenderGraphResources/AR/arInPlacePostProcessCombinedPermute11.rematerial' in bundle at '/Users/shiv/Library/Developer/CoreSimulator/Devices/80DBBEEC-A752-43F6-A60E-2419BAE5B77E/data/Containers/Bundle/Application/3DAACF16-B55B-495E-9840-3A871DDF767D/Dream Again.app'. Loading via asset path.
2026-09-17 00:30:22.543230+0700 Dream Again[12534:191640] [Assets] Could not resolve material name 'engine:BuiltinRenderGraphResources/AR/arInPlacePostProcessCombinedPermute12.rematerial' in bundle at '/Users/shiv/Library/Developer/CoreSimulator/Devices/80DBBEEC-A752-43F6-A60E-2419BAE5B77E/data/Containers/Bundle/Application/3DAACF16-B55B-495E-9840-3A871DDF767D/Dream Again.app'. Loading via asset path.
2026-09-17 00:30:22.543303+0700 Dream Again[12534:191640] [Assets] Could not resolve material name 'engine:BuiltinRenderGraphResources/AR/arInPlacePostProcessCombinedPermute13.rematerial' in bundle at '/Users/shiv/Library/Developer/CoreSimulator/Devices/80DBBEEC-A752-43F6-A60E-2419BAE5B77E/data/Containers/Bundle/Application/3DAACF16-B55B-495E-9840-3A871DDF767D/Dream Again.app'. Loading via asset path.
2026-09-17 00:30:22.543368+0700 Dream Again[12534:191640] [Assets] Could not resolve material name 'engine:BuiltinRenderGraphResources/AR/arInPlacePostProcessCombinedPermute14.rematerial' in bundle at '/Users/shiv/Library/Developer/CoreSimulator/Devices/80DBBEEC-A752-43F6-A60E-2419BAE5B77E/data/Containers/Bundle/Application/3DAACF16-B55B-495E-9840-3A871DDF767D/Dream Again.app'. Loading via asset path.
2026-09-17 00:30:22.543430+0700 Dream Again[12534:191640] [Assets] Could not resolve material name 'engine:BuiltinRenderGraphResources/AR/arInPlacePostProcessCombinedPermute15.rematerial' in bundle at '/Users/shiv/Library/Developer/CoreSimulator/Devices/80DBBEEC-A752-43F6-A60E-2419BAE5B77E/data/Containers/Bundle/Application/3DAACF16-B55B-495E-9840-3A871DDF767D/Dream Again.app'. Loading via asset path.
2026-09-17 00:30:24.366884+0700 Dream Again[12534:192465] [STS-N] exiting spatial tracking service update thread because wait returned 37
Test Case '-[Dream_AgainTests.Dream_AgainTests testStrawLossRepairAndBurstRendering]' passed (2.423 seconds).
Test Suite 'Dream_AgainTests' passed at 2026-09-17 00:30:24.413.
	 Executed 1 test, with 0 failures (0 unexpected) in 2.423 (2.428) seconds
Test Suite 'Dream AgainTests.xctest' passed at 2026-09-17 00:30:24.414.
	 Executed 1 test, with 0 failures (0 unexpected) in 2.423 (2.429) seconds
Test Suite 'Selected tests' passed at 2026-09-17 00:30:24.414.
	 Executed 1 test, with 0 failures (0 unexpected) in 2.423 (2.430) seconds
2026-09-17 00:30:24.971 xcodebuild[12217:187269] [MT] IDETestOperationsObserverDebug: 51.639 elapsed -- Testing started completed.
2026-09-17 00:30:24.971 xcodebuild[12217:187269] [MT] IDETestOperationsObserverDebug: 0.000 sec, +0.000 sec -- start
2026-09-17 00:30:24.971 xcodebuild[12217:187269] [MT] IDETestOperationsObserverDebug: 51.639 sec, +51.639 sec -- end

Test session results, code coverage, and logs:
	/Users/shiv/Projects/iphone/Dream Again/DerivedData/Logs/Test/Test-Dream Again-2026.09.17_00-27-33-+0700.xcresult

** TEST SUCCEEDED **

Testing started
