Command line invocation:
    /Applications/Xcode.app/Contents/Developer/usr/bin/xcodebuild -project "Dream Again.xcodeproj" -scheme "Dream Again" -configuration Debug -destination "platform=iOS Simulator,id=80DBBEEC-A752-43F6-A60E-2419BAE5B77E" -derivedDataPath DerivedData "-only-testing:Dream AgainTests" test

ComputePackagePrebuildTargetDependencyGraph

Prepare packages

CreateBuildRequest

SendProjectDescription

CreateBuildOperation

ComputeTargetDependencyGraph
note: Building targets in dependency order
note: Target dependency graph (3 targets)
    Target 'Dream AgainUITests' in project 'Dream Again'
        ➜ Explicit dependency on target 'Dream Again' in project 'Dream Again'
    Target 'Dream AgainTests' in project 'Dream Again'
        ➜ Explicit dependency on target 'Dream Again' in project 'Dream Again'
    Target 'Dream Again' in project 'Dream Again' (no dependencies)

GatherProvisioningInputs

CreateBuildDescription

ExecuteExternalTool /Applications/Xcode.app/Contents/Developer/Toolchains/XcodeDefault.xctoolchain/usr/bin/swiftc --version

ExecuteExternalTool /Applications/Xcode.app/Contents/Developer/usr/bin/actool --print-asset-tag-combinations --output-format xml1 /Users/shiv/Projects/iphone/Dream Again/Dream Again/Assets.xcassets

ExecuteExternalTool /Applications/Xcode.app/Contents/Developer/Toolchains/XcodeDefault.xctoolchain/usr/bin/clang -v -E -dM -isysroot /Applications/Xcode.app/Contents/Developer/Platforms/iPhoneSimulator.platform/Developer/SDKs/iPhoneSimulator26.5.sdk -x c -c /dev/null

ExecuteExternalTool /Applications/Xcode.app/Contents/Developer/Toolchains/XcodeDefault.xctoolchain/usr/bin/ld -version_details

ExecuteExternalTool /Applications/Xcode.app/Contents/Developer/usr/bin/actool --version --output-format xml1

Build description signature: 5974c079658313ba8e5d17b4c107716b
Build description path: /Users/shiv/Projects/iphone/Dream Again/DerivedData/Build/Intermediates.noindex/XCBuildData/5974c079658313ba8e5d17b4c107716b.xcbuilddata
ClangStatCache /Applications/Xcode.app/Contents/Developer/Toolchains/XcodeDefault.xctoolchain/usr/bin/clang-stat-cache /Applications/Xcode.app/Contents/Developer/Platforms/iPhoneSimulator.platform/Developer/SDKs/iPhoneSimulator26.5.sdk /Users/shiv/Projects/iphone/Dream\ Again/DerivedData/SDKStatCaches.noindex/iphonesimulator26.5-23F81a-688ef53f1462e2c8f657fdc38a81448f6cfe768891a92b912361537c460fe42b.sdkstatcache
    cd /Users/shiv/Projects/iphone/Dream\ Again/Dream\ Again.xcodeproj
    /Applications/Xcode.app/Contents/Developer/Toolchains/XcodeDefault.xctoolchain/usr/bin/clang-stat-cache /Applications/Xcode.app/Contents/Developer/Platforms/iPhoneSimulator.platform/Developer/SDKs/iPhoneSimulator26.5.sdk -o /Users/shiv/Projects/iphone/Dream\ Again/DerivedData/SDKStatCaches.noindex/iphonesimulator26.5-23F81a-688ef53f1462e2c8f657fdc38a81448f6cfe768891a92b912361537c460fe42b.sdkstatcache

MkDir /Users/shiv/Projects/iphone/Dream\ Again/DerivedData/Build/Products/Debug-iphonesimulator/Dream\ Again.app/PlugIns/Dream\ AgainTests.xctest (in target 'Dream AgainTests' from project 'Dream Again')
    cd /Users/shiv/Projects/iphone/Dream\ Again
    /bin/mkdir -p /Users/shiv/Projects/iphone/Dream\ Again/DerivedData/Build/Products/Debug-iphonesimulator/Dream\ Again.app/PlugIns/Dream\ AgainTests.xctest

MkDir /Users/shiv/Projects/iphone/Dream\ Again/DerivedData/Build/Products/Debug-iphonesimulator/Dream\ Again.app/PlugIns (in target 'Dream Again' from project 'Dream Again')
    cd /Users/shiv/Projects/iphone/Dream\ Again
    /bin/mkdir -p /Users/shiv/Projects/iphone/Dream\ Again/DerivedData/Build/Products/Debug-iphonesimulator/Dream\ Again.app/PlugIns

MkDir /Users/shiv/Projects/iphone/Dream\ Again/DerivedData/Build/Products/Debug-iphonesimulator/Dream\ Again.app/Frameworks (in target 'Dream Again' from project 'Dream Again')
    cd /Users/shiv/Projects/iphone/Dream\ Again
    /bin/mkdir -p /Users/shiv/Projects/iphone/Dream\ Again/DerivedData/Build/Products/Debug-iphonesimulator/Dream\ Again.app/Frameworks

ProcessProductPackaging "" /Users/shiv/Projects/iphone/Dream\ Again/DerivedData/Build/Intermediates.noindex/Dream\ Again.build/Debug-iphonesimulator/Dream\ Again.build/Dream\ Again.app-Simulated.xcent (in target 'Dream Again' from project 'Dream Again')
    cd /Users/shiv/Projects/iphone/Dream\ Again

    Entitlements:

    {
    "application-identifier" = "BZ2SH7NUDM.nani.Dream-Again";
}

    builtin-productPackagingUtility -entitlements -format xml -o /Users/shiv/Projects/iphone/Dream\ Again/DerivedData/Build/Intermediates.noindex/Dream\ Again.build/Debug-iphonesimulator/Dream\ Again.build/Dream\ Again.app-Simulated.xcent

ProcessProductPackagingDER /Users/shiv/Projects/iphone/Dream\ Again/DerivedData/Build/Intermediates.noindex/Dream\ Again.build/Debug-iphonesimulator/Dream\ Again.build/Dream\ Again.app-Simulated.xcent /Users/shiv/Projects/iphone/Dream\ Again/DerivedData/Build/Intermediates.noindex/Dream\ Again.build/Debug-iphonesimulator/Dream\ Again.build/Dream\ Again.app-Simulated.xcent.der (in target 'Dream Again' from project 'Dream Again')
    cd /Users/shiv/Projects/iphone/Dream\ Again
    /usr/bin/derq query -f xml -i /Users/shiv/Projects/iphone/Dream\ Again/DerivedData/Build/Intermediates.noindex/Dream\ Again.build/Debug-iphonesimulator/Dream\ Again.build/Dream\ Again.app-Simulated.xcent -o /Users/shiv/Projects/iphone/Dream\ Again/DerivedData/Build/Intermediates.noindex/Dream\ Again.build/Debug-iphonesimulator/Dream\ Again.build/Dream\ Again.app-Simulated.xcent.der --raw

CpResource /Users/shiv/Projects/iphone/Dream\ Again/DerivedData/Build/Products/Debug-iphonesimulator/Dream\ Again.app/game_config.json /Users/shiv/Projects/iphone/Dream\ Again/Dream\ Again/Resources/game_config.json (in target 'Dream Again' from project 'Dream Again')
    cd /Users/shiv/Projects/iphone/Dream\ Again
    builtin-copy -exclude .DS_Store -exclude CVS -exclude .svn -exclude .git -exclude .hg -resolve-src-symlinks /Users/shiv/Projects/iphone/Dream\ Again/Dream\ Again/Resources/game_config.json /Users/shiv/Projects/iphone/Dream\ Again/DerivedData/Build/Products/Debug-iphonesimulator/Dream\ Again.app

CpResource /Users/shiv/Projects/iphone/Dream\ Again/DerivedData/Build/Products/Debug-iphonesimulator/Dream\ Again.app/conformance_vectors.json /Users/shiv/Projects/iphone/Dream\ Again/Dream\ Again/Resources/conformance_vectors.json (in target 'Dream Again' from project 'Dream Again')
    cd /Users/shiv/Projects/iphone/Dream\ Again
    builtin-copy -exclude .DS_Store -exclude CVS -exclude .svn -exclude .git -exclude .hg -resolve-src-symlinks /Users/shiv/Projects/iphone/Dream\ Again/Dream\ Again/Resources/conformance_vectors.json /Users/shiv/Projects/iphone/Dream\ Again/DerivedData/Build/Products/Debug-iphonesimulator/Dream\ Again.app

Copy /Users/shiv/Projects/iphone/Dream\ Again/DerivedData/Build/Products/Debug-iphonesimulator/Dream\ Again.app/Frameworks/libXCTestBundleInject.dylib /Applications/Xcode.app/Contents/Developer/Platforms/iPhoneSimulator.platform/Developer/usr/lib/libXCTestBundleInject.dylib (in target 'Dream Again' from project 'Dream Again')
    cd /Users/shiv/Projects/iphone/Dream\ Again
    builtin-copy -exclude .DS_Store -exclude CVS -exclude .svn -exclude .git -exclude .hg -exclude Headers -exclude PrivateHeaders -exclude Modules -exclude \*.tbd -resolve-src-symlinks /Applications/Xcode.app/Contents/Developer/Platforms/iPhoneSimulator.platform/Developer/usr/lib/libXCTestBundleInject.dylib /Users/shiv/Projects/iphone/Dream\ Again/DerivedData/Build/Products/Debug-iphonesimulator/Dream\ Again.app/Frameworks

Copy /Users/shiv/Projects/iphone/Dream\ Again/DerivedData/Build/Products/Debug-iphonesimulator/Dream\ Again.app/Frameworks/XCUIAutomation.framework /Applications/Xcode.app/Contents/Developer/Platforms/iPhoneSimulator.platform/Developer/Library/Frameworks/XCUIAutomation.framework (in target 'Dream Again' from project 'Dream Again')
    cd /Users/shiv/Projects/iphone/Dream\ Again
    builtin-copy -exclude .DS_Store -exclude CVS -exclude .svn -exclude .git -exclude .hg -exclude Headers -exclude PrivateHeaders -exclude Modules -exclude \*.tbd -resolve-src-symlinks /Applications/Xcode.app/Contents/Developer/Platforms/iPhoneSimulator.platform/Developer/Library/Frameworks/XCUIAutomation.framework /Users/shiv/Projects/iphone/Dream\ Again/DerivedData/Build/Products/Debug-iphonesimulator/Dream\ Again.app/Frameworks

Copy /Users/shiv/Projects/iphone/Dream\ Again/DerivedData/Build/Products/Debug-iphonesimulator/Dream\ Again.app/Frameworks/XCTestSupport.framework /Applications/Xcode.app/Contents/Developer/Platforms/iPhoneSimulator.platform/Developer/Library/PrivateFrameworks/XCTestSupport.framework (in target 'Dream Again' from project 'Dream Again')
    cd /Users/shiv/Projects/iphone/Dream\ Again
    builtin-copy -exclude .DS_Store -exclude CVS -exclude .svn -exclude .git -exclude .hg -exclude Headers -exclude PrivateHeaders -exclude Modules -exclude \*.tbd -resolve-src-symlinks /Applications/Xcode.app/Contents/Developer/Platforms/iPhoneSimulator.platform/Developer/Library/PrivateFrameworks/XCTestSupport.framework /Users/shiv/Projects/iphone/Dream\ Again/DerivedData/Build/Products/Debug-iphonesimulator/Dream\ Again.app/Frameworks

Copy /Users/shiv/Projects/iphone/Dream\ Again/DerivedData/Build/Products/Debug-iphonesimulator/Dream\ Again.app/Frameworks/libXCTestSwiftSupport.dylib /Applications/Xcode.app/Contents/Developer/Platforms/iPhoneSimulator.platform/Developer/usr/lib/libXCTestSwiftSupport.dylib (in target 'Dream Again' from project 'Dream Again')
    cd /Users/shiv/Projects/iphone/Dream\ Again
    builtin-copy -exclude .DS_Store -exclude CVS -exclude .svn -exclude .git -exclude .hg -exclude Headers -exclude PrivateHeaders -exclude Modules -exclude \*.tbd -resolve-src-symlinks /Applications/Xcode.app/Contents/Developer/Platforms/iPhoneSimulator.platform/Developer/usr/lib/libXCTestSwiftSupport.dylib /Users/shiv/Projects/iphone/Dream\ Again/DerivedData/Build/Products/Debug-iphonesimulator/Dream\ Again.app/Frameworks

Copy /Users/shiv/Projects/iphone/Dream\ Again/DerivedData/Build/Products/Debug-iphonesimulator/Dream\ Again.app/Frameworks/XCUnit.framework /Applications/Xcode.app/Contents/Developer/Platforms/iPhoneSimulator.platform/Developer/Library/PrivateFrameworks/XCUnit.framework (in target 'Dream Again' from project 'Dream Again')
    cd /Users/shiv/Projects/iphone/Dream\ Again
    builtin-copy -exclude .DS_Store -exclude CVS -exclude .svn -exclude .git -exclude .hg -exclude Headers -exclude PrivateHeaders -exclude Modules -exclude \*.tbd -resolve-src-symlinks /Applications/Xcode.app/Contents/Developer/Platforms/iPhoneSimulator.platform/Developer/Library/PrivateFrameworks/XCUnit.framework /Users/shiv/Projects/iphone/Dream\ Again/DerivedData/Build/Products/Debug-iphonesimulator/Dream\ Again.app/Frameworks

SwiftDriver Dream\ Again normal arm64 com.apple.xcode.tools.swift.compiler (in target 'Dream Again' from project 'Dream Again')
    cd /Users/shiv/Projects/iphone/Dream\ Again
    builtin-SwiftDriver -- /Applications/Xcode.app/Contents/Developer/Toolchains/XcodeDefault.xctoolchain/usr/bin/swiftc -module-name DreamAgain -Onone @/Users/shiv/Projects/iphone/Dream\ Again/DerivedData/Build/Intermediates.noindex/Dream\ Again.build/Debug-iphonesimulator/Dream\ Again.build/Objects-normal/arm64/Dream\ Again.SwiftFileList -DDEBUG -enable-bare-slash-regex -enable-upcoming-feature DisableOutwardActorInference -enable-upcoming-feature InferSendableFromCaptures -enable-upcoming-feature GlobalActorIsolatedTypesUsability -enable-upcoming-feature MemberImportVisibility -enable-upcoming-feature InferIsolatedConformances -enable-upcoming-feature NonisolatedNonsendingByDefault -enable-experimental-feature DebugDescriptionMacro -sdk /Applications/Xcode.app/Contents/Developer/Platforms/iPhoneSimulator.platform/Developer/SDKs/iPhoneSimulator26.5.sdk -target arm64-apple-ios18.0-simulator -g -module-cache-path /Users/shiv/Projects/iphone/Dream\ Again/DerivedData/ModuleCache.noindex -Xfrontend -serialize-debugging-options -enable-testing -index-store-path /Users/shiv/Projects/iphone/Dream\ Again/DerivedData/Index.noindex/DataStore -Xcc -D_LIBCPP_HARDENING_MODE\=_LIBCPP_HARDENING_MODE_DEBUG -swift-version 5 -I /Users/shiv/Projects/iphone/Dream\ Again/DerivedData/Build/Products/Debug-iphonesimulator -F /Users/shiv/Projects/iphone/Dream\ Again/DerivedData/Build/Products/Debug-iphonesimulator -emit-localized-strings -emit-localized-strings-path /Users/shiv/Projects/iphone/Dream\ Again/DerivedData/Build/Intermediates.noindex/Dream\ Again.build/Debug-iphonesimulator/Dream\ Again.build/Objects-normal/arm64 -c -j8 -enable-batch-mode -incremental -Xcc -ivfsstatcache -Xcc /Users/shiv/Projects/iphone/Dream\ Again/DerivedData/SDKStatCaches.noindex/iphonesimulator26.5-23F81a-688ef53f1462e2c8f657fdc38a81448f6cfe768891a92b912361537c460fe42b.sdkstatcache -output-file-map /Users/shiv/Projects/iphone/Dream\ Again/DerivedData/Build/Intermediates.noindex/Dream\ Again.build/Debug-iphonesimulator/Dream\ Again.build/Objects-normal/arm64/Dream\ Again-OutputFileMap.json -use-frontend-parseable-output -save-temps -no-color-diagnostics -explicit-module-build -module-cache-path /Users/shiv/Projects/iphone/Dream\ Again/DerivedData/Build/Intermediates.noindex/SwiftExplicitPrecompiledModules -clang-scanner-module-cache-path /Users/shiv/Projects/iphone/Dream\ Again/DerivedData/ModuleCache.noindex -sdk-module-cache-path /Users/shiv/Projects/iphone/Dream\ Again/DerivedData/ModuleCache.noindex -serialize-diagnostics -emit-dependencies -emit-module -emit-module-path /Users/shiv/Projects/iphone/Dream\ Again/DerivedData/Build/Intermediates.noindex/Dream\ Again.build/Debug-iphonesimulator/Dream\ Again.build/Objects-normal/arm64/DreamAgain.swiftmodule -validate-clang-modules-once -clang-build-session-file /Users/shiv/Projects/iphone/Dream\ Again/DerivedData/ModuleCache.noindex/Session.modulevalidation -Xcc -I/Users/shiv/Projects/iphone/Dream\ Again/DerivedData/Build/Intermediates.noindex/Dream\ Again.build/Debug-iphonesimulator/Dream\ Again.build/swift-overrides.hmap -emit-const-values -Xfrontend -const-gather-protocols-file -Xfrontend /Users/shiv/Projects/iphone/Dream\ Again/DerivedData/Build/Intermediates.noindex/Dream\ Again.build/Debug-iphonesimulator/Dream\ Again.build/Objects-normal/arm64/Dream\ Again_const_extract_protocols.json -Xcc -iquote -Xcc /Users/shiv/Projects/iphone/Dream\ Again/DerivedData/Build/Intermediates.noindex/Dream\ Again.build/Debug-iphonesimulator/Dream\ Again.build/Dream\ Again-generated-files.hmap -Xcc -I/Users/shiv/Projects/iphone/Dream\ Again/DerivedData/Build/Intermediates.noindex/Dream\ Again.build/Debug-iphonesimulator/Dream\ Again.build/Dream\ Again-own-target-headers.hmap -Xcc -I/Users/shiv/Projects/iphone/Dream\ Again/DerivedData/Build/Intermediates.noindex/Dream\ Again.build/Debug-iphonesimulator/Dream\ Again.build/Dream\ Again-all-target-headers.hmap -Xcc -iquote -Xcc /Users/shiv/Projects/iphone/Dream\ Again/DerivedData/Build/Intermediates.noindex/Dream\ Again.build/Debug-iphonesimulator/Dream\ Again.build/Dream\ Again-project-headers.hmap -Xcc -I/Users/shiv/Projects/iphone/Dream\ Again/DerivedData/Build/Products/Debug-iphonesimulator/include -Xcc -I/Users/shiv/Projects/iphone/Dream\ Again/DerivedData/Build/Intermediates.noindex/Dream\ Again.build/Debug-iphonesimulator/Dream\ Again.build/DerivedSources-normal/arm64 -Xcc -I/Users/shiv/Projects/iphone/Dream\ Again/DerivedData/Build/Intermediates.noindex/Dream\ Again.build/Debug-iphonesimulator/Dream\ Again.build/DerivedSources/arm64 -Xcc -I/Users/shiv/Projects/iphone/Dream\ Again/DerivedData/Build/Intermediates.noindex/Dream\ Again.build/Debug-iphonesimulator/Dream\ Again.build/DerivedSources -Xcc -DDEBUG\=1 -emit-objc-header -emit-objc-header-path /Users/shiv/Projects/iphone/Dream\ Again/DerivedData/Build/Intermediates.noindex/Dream\ Again.build/Debug-iphonesimulator/Dream\ Again.build/Objects-normal/arm64/DreamAgain-Swift.h -working-directory /Users/shiv/Projects/iphone/Dream\ Again -experimental-emit-module-separately -disable-cmo

Copy /Users/shiv/Projects/iphone/Dream\ Again/DerivedData/Build/Products/Debug-iphonesimulator/Dream\ Again.app/Frameworks/XCTestCore.framework /Applications/Xcode.app/Contents/Developer/Platforms/iPhoneSimulator.platform/Developer/Library/PrivateFrameworks/XCTestCore.framework (in target 'Dream Again' from project 'Dream Again')
    cd /Users/shiv/Projects/iphone/Dream\ Again
    builtin-copy -exclude .DS_Store -exclude CVS -exclude .svn -exclude .git -exclude .hg -exclude Headers -exclude PrivateHeaders -exclude Modules -exclude \*.tbd -resolve-src-symlinks /Applications/Xcode.app/Contents/Developer/Platforms/iPhoneSimulator.platform/Developer/Library/PrivateFrameworks/XCTestCore.framework /Users/shiv/Projects/iphone/Dream\ Again/DerivedData/Build/Products/Debug-iphonesimulator/Dream\ Again.app/Frameworks

Copy /Users/shiv/Projects/iphone/Dream\ Again/DerivedData/Build/Products/Debug-iphonesimulator/Dream\ Again.app/Frameworks/XCTest.framework /Applications/Xcode.app/Contents/Developer/Platforms/iPhoneSimulator.platform/Developer/Library/Frameworks/XCTest.framework (in target 'Dream Again' from project 'Dream Again')
    cd /Users/shiv/Projects/iphone/Dream\ Again
    builtin-copy -exclude .DS_Store -exclude CVS -exclude .svn -exclude .git -exclude .hg -exclude Headers -exclude PrivateHeaders -exclude Modules -exclude \*.tbd -resolve-src-symlinks /Applications/Xcode.app/Contents/Developer/Platforms/iPhoneSimulator.platform/Developer/Library/Frameworks/XCTest.framework /Users/shiv/Projects/iphone/Dream\ Again/DerivedData/Build/Products/Debug-iphonesimulator/Dream\ Again.app/Frameworks

Copy /Users/shiv/Projects/iphone/Dream\ Again/DerivedData/Build/Products/Debug-iphonesimulator/Dream\ Again.app/Frameworks/XCTAutomationSupport.framework /Applications/Xcode.app/Contents/Developer/Platforms/iPhoneSimulator.platform/Developer/Library/PrivateFrameworks/XCTAutomationSupport.framework (in target 'Dream Again' from project 'Dream Again')
    cd /Users/shiv/Projects/iphone/Dream\ Again
    builtin-copy -exclude .DS_Store -exclude CVS -exclude .svn -exclude .git -exclude .hg -exclude Headers -exclude PrivateHeaders -exclude Modules -exclude \*.tbd -resolve-src-symlinks /Applications/Xcode.app/Contents/Developer/Platforms/iPhoneSimulator.platform/Developer/Library/PrivateFrameworks/XCTAutomationSupport.framework /Users/shiv/Projects/iphone/Dream\ Again/DerivedData/Build/Products/Debug-iphonesimulator/Dream\ Again.app/Frameworks

Copy /Users/shiv/Projects/iphone/Dream\ Again/DerivedData/Build/Products/Debug-iphonesimulator/Dream\ Again.app/Frameworks/Testing.framework /Applications/Xcode.app/Contents/Developer/Platforms/iPhoneSimulator.platform/Developer/Library/Frameworks/Testing.framework (in target 'Dream Again' from project 'Dream Again')
    cd /Users/shiv/Projects/iphone/Dream\ Again
    builtin-copy -exclude .DS_Store -exclude CVS -exclude .svn -exclude .git -exclude .hg -exclude Headers -exclude PrivateHeaders -exclude Modules -exclude \*.tbd -resolve-src-symlinks /Applications/Xcode.app/Contents/Developer/Platforms/iPhoneSimulator.platform/Developer/Library/Frameworks/Testing.framework /Users/shiv/Projects/iphone/Dream\ Again/DerivedData/Build/Products/Debug-iphonesimulator/Dream\ Again.app/Frameworks

ProcessInfoPlistFile /Users/shiv/Projects/iphone/Dream\ Again/DerivedData/Build/Products/Debug-iphonesimulator/Dream\ Again.app/Info.plist /Users/shiv/Projects/iphone/Dream\ Again/Configuration/Info.plist (in target 'Dream Again' from project 'Dream Again')
    cd /Users/shiv/Projects/iphone/Dream\ Again
    builtin-infoPlistUtility /Users/shiv/Projects/iphone/Dream\ Again/Configuration/Info.plist -producttype com.apple.product-type.application -genpkginfo /Users/shiv/Projects/iphone/Dream\ Again/DerivedData/Build/Products/Debug-iphonesimulator/Dream\ Again.app/PkgInfo -expandbuildsettings -format binary -platform iphonesimulator -additionalcontentfile /Users/shiv/Projects/iphone/Dream\ Again/DerivedData/Build/Intermediates.noindex/Dream\ Again.build/Debug-iphonesimulator/Dream\ Again.build/assetcatalog_generated_info.plist -o /Users/shiv/Projects/iphone/Dream\ Again/DerivedData/Build/Products/Debug-iphonesimulator/Dream\ Again.app/Info.plist
warning: The application supports opening files, but doesn't declare whether it supports opening them in place. You can add an LSSupportsOpeningDocumentsInPlace entry or an UISupportsDocumentBrowser entry to your Info.plist to declare support. (in target 'Dream Again' from project 'Dream Again')

SwiftEmitModule normal arm64 Emitting\ module\ for\ DreamAgain (in target 'Dream Again' from project 'Dream Again')

EmitSwiftModule normal arm64 (in target 'Dream Again' from project 'Dream Again')
    cd /Users/shiv/Projects/iphone/Dream\ Again


SwiftCompile normal arm64 Compiling\ Simulation.swift /Users/shiv/Projects/iphone/Dream\ Again/Dream\ Again/Core/Simulation.swift (in target 'Dream Again' from project 'Dream Again')
SwiftCompile normal arm64 /Users/shiv/Projects/iphone/Dream\ Again/Dream\ Again/Core/Simulation.swift (in target 'Dream Again' from project 'Dream Again')
    cd /Users/shiv/Projects/iphone/Dream\ Again


SwiftCompile normal arm64 Compiling\ Determinism.swift /Users/shiv/Projects/iphone/Dream\ Again/Dream\ Again/Core/Determinism.swift (in target 'Dream Again' from project 'Dream Again')

SwiftCompile normal arm64 /Users/shiv/Projects/iphone/Dream\ Again/Dream\ Again/Core/Determinism.swift (in target 'Dream Again' from project 'Dream Again')
    cd /Users/shiv/Projects/iphone/Dream\ Again


SwiftCompile normal arm64 Compiling\ Rules.swift /Users/shiv/Projects/iphone/Dream\ Again/Dream\ Again/Core/Rules.swift (in target 'Dream Again' from project 'Dream Again')

SwiftCompile normal arm64 /Users/shiv/Projects/iphone/Dream\ Again/Dream\ Again/Core/Rules.swift (in target 'Dream Again' from project 'Dream Again')
    cd /Users/shiv/Projects/iphone/Dream\ Again


SwiftDriverJobDiscovery normal arm64 Compiling Rules.swift (in target 'Dream Again' from project 'Dream Again')

SwiftDriverJobDiscovery normal arm64 Compiling Determinism.swift (in target 'Dream Again' from project 'Dream Again')

SwiftCompile normal arm64 Compiling\ HybridDreamLayers.swift /Users/shiv/Projects/iphone/Dream\ Again/Dream\ Again/Rendering/HybridDreamLayers.swift (in target 'Dream Again' from project 'Dream Again')
SwiftCompile normal arm64 /Users/shiv/Projects/iphone/Dream\ Again/Dream\ Again/Rendering/HybridDreamLayers.swift (in target 'Dream Again' from project 'Dream Again')
    cd /Users/shiv/Projects/iphone/Dream\ Again


SwiftCompile normal arm64 Compiling\ PlatformIntegrations.swift /Users/shiv/Projects/iphone/Dream\ Again/Dream\ Again/Services/PlatformIntegrations.swift (in target 'Dream Again' from project 'Dream Again')

SwiftCompile normal arm64 /Users/shiv/Projects/iphone/Dream\ Again/Dream\ Again/Services/PlatformIntegrations.swift (in target 'Dream Again' from project 'Dream Again')
    cd /Users/shiv/Projects/iphone/Dream\ Again


SwiftCompile normal arm64 Compiling\ GameModel.swift /Users/shiv/Projects/iphone/Dream\ Again/Dream\ Again/Services/GameModel.swift (in target 'Dream Again' from project 'Dream Again')
SwiftCompile normal arm64 /Users/shiv/Projects/iphone/Dream\ Again/Dream\ Again/Services/GameModel.swift (in target 'Dream Again' from project 'Dream Again')
    cd /Users/shiv/Projects/iphone/Dream\ Again


SwiftCompile normal arm64 Compiling\ World.swift /Users/shiv/Projects/iphone/Dream\ Again/Dream\ Again/Core/World.swift (in target 'Dream Again' from project 'Dream Again')

SwiftCompile normal arm64 /Users/shiv/Projects/iphone/Dream\ Again/Dream\ Again/Core/World.swift (in target 'Dream Again' from project 'Dream Again')
    cd /Users/shiv/Projects/iphone/Dream\ Again


SwiftCompile normal arm64 Compiling\ Commerce.swift /Users/shiv/Projects/iphone/Dream\ Again/Dream\ Again/Services/Commerce.swift (in target 'Dream Again' from project 'Dream Again')

SwiftCompile normal arm64 /Users/shiv/Projects/iphone/Dream\ Again/Dream\ Again/Services/Commerce.swift (in target 'Dream Again' from project 'Dream Again')
    cd /Users/shiv/Projects/iphone/Dream\ Again


SwiftCompile normal arm64 Compiling\ ContentView.swift /Users/shiv/Projects/iphone/Dream\ Again/Dream\ Again/ContentView.swift (in target 'Dream Again' from project 'Dream Again')
SwiftCompile normal arm64 /Users/shiv/Projects/iphone/Dream\ Again/Dream\ Again/ContentView.swift (in target 'Dream Again' from project 'Dream Again')
    cd /Users/shiv/Projects/iphone/Dream\ Again


SwiftCompile normal arm64 Compiling\ Persistence.swift,\ DistantPathRenderer.swift /Users/shiv/Projects/iphone/Dream\ Again/Dream\ Again/Core/Persistence.swift /Users/shiv/Projects/iphone/Dream\ Again/Dream\ Again/Rendering/DistantPathRenderer.swift (in target 'Dream Again' from project 'Dream Again')

SwiftCompile normal arm64 /Users/shiv/Projects/iphone/Dream\ Again/Dream\ Again/Core/Persistence.swift (in target 'Dream Again' from project 'Dream Again')
    cd /Users/shiv/Projects/iphone/Dream\ Again


SwiftCompile normal arm64 /Users/shiv/Projects/iphone/Dream\ Again/Dream\ Again/Rendering/DistantPathRenderer.swift (in target 'Dream Again' from project 'Dream Again')
    cd /Users/shiv/Projects/iphone/Dream\ Again


SwiftDriverJobDiscovery normal arm64 Emitting module for DreamAgain (in target 'Dream Again' from project 'Dream Again')

SwiftDriverJobDiscovery normal arm64 Compiling Commerce.swift (in target 'Dream Again' from project 'Dream Again')

SwiftDriver\ Compilation\ Requirements Dream\ Again normal arm64 com.apple.xcode.tools.swift.compiler (in target 'Dream Again' from project 'Dream Again')
    cd /Users/shiv/Projects/iphone/Dream\ Again
    builtin-Swift-Compilation-Requirements -- /Applications/Xcode.app/Contents/Developer/Toolchains/XcodeDefault.xctoolchain/usr/bin/swiftc -module-name DreamAgain -Onone @/Users/shiv/Projects/iphone/Dream\ Again/DerivedData/Build/Intermediates.noindex/Dream\ Again.build/Debug-iphonesimulator/Dream\ Again.build/Objects-normal/arm64/Dream\ Again.SwiftFileList -DDEBUG -enable-bare-slash-regex -enable-upcoming-feature DisableOutwardActorInference -enable-upcoming-feature InferSendableFromCaptures -enable-upcoming-feature GlobalActorIsolatedTypesUsability -enable-upcoming-feature MemberImportVisibility -enable-upcoming-feature InferIsolatedConformances -enable-upcoming-feature NonisolatedNonsendingByDefault -enable-experimental-feature DebugDescriptionMacro -sdk /Applications/Xcode.app/Contents/Developer/Platforms/iPhoneSimulator.platform/Developer/SDKs/iPhoneSimulator26.5.sdk -target arm64-apple-ios18.0-simulator -g -module-cache-path /Users/shiv/Projects/iphone/Dream\ Again/DerivedData/ModuleCache.noindex -Xfrontend -serialize-debugging-options -enable-testing -index-store-path /Users/shiv/Projects/iphone/Dream\ Again/DerivedData/Index.noindex/DataStore -Xcc -D_LIBCPP_HARDENING_MODE\=_LIBCPP_HARDENING_MODE_DEBUG -swift-version 5 -I /Users/shiv/Projects/iphone/Dream\ Again/DerivedData/Build/Products/Debug-iphonesimulator -F /Users/shiv/Projects/iphone/Dream\ Again/DerivedData/Build/Products/Debug-iphonesimulator -emit-localized-strings -emit-localized-strings-path /Users/shiv/Projects/iphone/Dream\ Again/DerivedData/Build/Intermediates.noindex/Dream\ Again.build/Debug-iphonesimulator/Dream\ Again.build/Objects-normal/arm64 -c -j8 -enable-batch-mode -incremental -Xcc -ivfsstatcache -Xcc /Users/shiv/Projects/iphone/Dream\ Again/DerivedData/SDKStatCaches.noindex/iphonesimulator26.5-23F81a-688ef53f1462e2c8f657fdc38a81448f6cfe768891a92b912361537c460fe42b.sdkstatcache -output-file-map /Users/shiv/Projects/iphone/Dream\ Again/DerivedData/Build/Intermediates.noindex/Dream\ Again.build/Debug-iphonesimulator/Dream\ Again.build/Objects-normal/arm64/Dream\ Again-OutputFileMap.json -use-frontend-parseable-output -save-temps -no-color-diagnostics -explicit-module-build -module-cache-path /Users/shiv/Projects/iphone/Dream\ Again/DerivedData/Build/Intermediates.noindex/SwiftExplicitPrecompiledModules -clang-scanner-module-cache-path /Users/shiv/Projects/iphone/Dream\ Again/DerivedData/ModuleCache.noindex -sdk-module-cache-path /Users/shiv/Projects/iphone/Dream\ Again/DerivedData/ModuleCache.noindex -serialize-diagnostics -emit-dependencies -emit-module -emit-module-path /Users/shiv/Projects/iphone/Dream\ Again/DerivedData/Build/Intermediates.noindex/Dream\ Again.build/Debug-iphonesimulator/Dream\ Again.build/Objects-normal/arm64/DreamAgain.swiftmodule -validate-clang-modules-once -clang-build-session-file /Users/shiv/Projects/iphone/Dream\ Again/DerivedData/ModuleCache.noindex/Session.modulevalidation -Xcc -I/Users/shiv/Projects/iphone/Dream\ Again/DerivedData/Build/Intermediates.noindex/Dream\ Again.build/Debug-iphonesimulator/Dream\ Again.build/swift-overrides.hmap -emit-const-values -Xfrontend -const-gather-protocols-file -Xfrontend /Users/shiv/Projects/iphone/Dream\ Again/DerivedData/Build/Intermediates.noindex/Dream\ Again.build/Debug-iphonesimulator/Dream\ Again.build/Objects-normal/arm64/Dream\ Again_const_extract_protocols.json -Xcc -iquote -Xcc /Users/shiv/Projects/iphone/Dream\ Again/DerivedData/Build/Intermediates.noindex/Dream\ Again.build/Debug-iphonesimulator/Dream\ Again.build/Dream\ Again-generated-files.hmap -Xcc -I/Users/shiv/Projects/iphone/Dream\ Again/DerivedData/Build/Intermediates.noindex/Dream\ Again.build/Debug-iphonesimulator/Dream\ Again.build/Dream\ Again-own-target-headers.hmap -Xcc -I/Users/shiv/Projects/iphone/Dream\ Again/DerivedData/Build/Intermediates.noindex/Dream\ Again.build/Debug-iphonesimulator/Dream\ Again.build/Dream\ Again-all-target-headers.hmap -Xcc -iquote -Xcc /Users/shiv/Projects/iphone/Dream\ Again/DerivedData/Build/Intermediates.noindex/Dream\ Again.build/Debug-iphonesimulator/Dream\ Again.build/Dream\ Again-project-headers.hmap -Xcc -I/Users/shiv/Projects/iphone/Dream\ Again/DerivedData/Build/Products/Debug-iphonesimulator/include -Xcc -I/Users/shiv/Projects/iphone/Dream\ Again/DerivedData/Build/Intermediates.noindex/Dream\ Again.build/Debug-iphonesimulator/Dream\ Again.build/DerivedSources-normal/arm64 -Xcc -I/Users/shiv/Projects/iphone/Dream\ Again/DerivedData/Build/Intermediates.noindex/Dream\ Again.build/Debug-iphonesimulator/Dream\ Again.build/DerivedSources/arm64 -Xcc -I/Users/shiv/Projects/iphone/Dream\ Again/DerivedData/Build/Intermediates.noindex/Dream\ Again.build/Debug-iphonesimulator/Dream\ Again.build/DerivedSources -Xcc -DDEBUG\=1 -emit-objc-header -emit-objc-header-path /Users/shiv/Projects/iphone/Dream\ Again/DerivedData/Build/Intermediates.noindex/Dream\ Again.build/Debug-iphonesimulator/Dream\ Again.build/Objects-normal/arm64/DreamAgain-Swift.h -working-directory /Users/shiv/Projects/iphone/Dream\ Again -experimental-emit-module-separately -disable-cmo

SwiftCompile normal arm64 Compiling\ Certification.swift,\ Difficulty.swift /Users/shiv/Projects/iphone/Dream\ Again/Dream\ Again/Core/Certification.swift /Users/shiv/Projects/iphone/Dream\ Again/Dream\ Again/Core/Difficulty.swift (in target 'Dream Again' from project 'Dream Again')

SwiftCompile normal arm64 /Users/shiv/Projects/iphone/Dream\ Again/Dream\ Again/Core/Certification.swift (in target 'Dream Again' from project 'Dream Again')
    cd /Users/shiv/Projects/iphone/Dream\ Again


SwiftCompile normal arm64 /Users/shiv/Projects/iphone/Dream\ Again/Dream\ Again/Core/Difficulty.swift (in target 'Dream Again' from project 'Dream Again')
    cd /Users/shiv/Projects/iphone/Dream\ Again


Copy /Users/shiv/Projects/iphone/Dream\ Again/DerivedData/Build/Products/Debug-iphonesimulator/DreamAgain.swiftmodule/arm64-apple-ios-simulator.swiftmodule /Users/shiv/Projects/iphone/Dream\ Again/DerivedData/Build/Intermediates.noindex/Dream\ Again.build/Debug-iphonesimulator/Dream\ Again.build/Objects-normal/arm64/DreamAgain.swiftmodule (in target 'Dream Again' from project 'Dream Again')
    cd /Users/shiv/Projects/iphone/Dream\ Again
    builtin-copy -exclude .DS_Store -exclude CVS -exclude .svn -exclude .git -exclude .hg -resolve-src-symlinks -rename /Users/shiv/Projects/iphone/Dream\ Again/DerivedData/Build/Intermediates.noindex/Dream\ Again.build/Debug-iphonesimulator/Dream\ Again.build/Objects-normal/arm64/DreamAgain.swiftmodule /Users/shiv/Projects/iphone/Dream\ Again/DerivedData/Build/Products/Debug-iphonesimulator/DreamAgain.swiftmodule/arm64-apple-ios-simulator.swiftmodule

SwiftDriverJobDiscovery normal arm64 Compiling PlatformIntegrations.swift (in target 'Dream Again' from project 'Dream Again')

Copy /Users/shiv/Projects/iphone/Dream\ Again/DerivedData/Build/Products/Debug-iphonesimulator/DreamAgain.swiftmodule/arm64-apple-ios-simulator.abi.json /Users/shiv/Projects/iphone/Dream\ Again/DerivedData/Build/Intermediates.noindex/Dream\ Again.build/Debug-iphonesimulator/Dream\ Again.build/Objects-normal/arm64/DreamAgain.abi.json (in target 'Dream Again' from project 'Dream Again')
    cd /Users/shiv/Projects/iphone/Dream\ Again
    builtin-copy -exclude .DS_Store -exclude CVS -exclude .svn -exclude .git -exclude .hg -resolve-src-symlinks -rename /Users/shiv/Projects/iphone/Dream\ Again/DerivedData/Build/Intermediates.noindex/Dream\ Again.build/Debug-iphonesimulator/Dream\ Again.build/Objects-normal/arm64/DreamAgain.abi.json /Users/shiv/Projects/iphone/Dream\ Again/DerivedData/Build/Products/Debug-iphonesimulator/DreamAgain.swiftmodule/arm64-apple-ios-simulator.abi.json

Copy /Users/shiv/Projects/iphone/Dream\ Again/DerivedData/Build/Products/Debug-iphonesimulator/DreamAgain.swiftmodule/Project/arm64-apple-ios-simulator.swiftsourceinfo /Users/shiv/Projects/iphone/Dream\ Again/DerivedData/Build/Intermediates.noindex/Dream\ Again.build/Debug-iphonesimulator/Dream\ Again.build/Objects-normal/arm64/DreamAgain.swiftsourceinfo (in target 'Dream Again' from project 'Dream Again')
    cd /Users/shiv/Projects/iphone/Dream\ Again
    builtin-copy -exclude .DS_Store -exclude CVS -exclude .svn -exclude .git -exclude .hg -resolve-src-symlinks -rename /Users/shiv/Projects/iphone/Dream\ Again/DerivedData/Build/Intermediates.noindex/Dream\ Again.build/Debug-iphonesimulator/Dream\ Again.build/Objects-normal/arm64/DreamAgain.swiftsourceinfo /Users/shiv/Projects/iphone/Dream\ Again/DerivedData/Build/Products/Debug-iphonesimulator/DreamAgain.swiftmodule/Project/arm64-apple-ios-simulator.swiftsourceinfo

SwiftCompile normal arm64 Compiling\ DreamObstacles.swift,\ DreamRenderer.swift /Users/shiv/Projects/iphone/Dream\ Again/Dream\ Again/Rendering/DreamObstacles.swift /Users/shiv/Projects/iphone/Dream\ Again/Dream\ Again/Rendering/DreamRenderer.swift (in target 'Dream Again' from project 'Dream Again')

SwiftCompile normal arm64 /Users/shiv/Projects/iphone/Dream\ Again/Dream\ Again/Rendering/DreamObstacles.swift (in target 'Dream Again' from project 'Dream Again')
    cd /Users/shiv/Projects/iphone/Dream\ Again


SwiftCompile normal arm64 /Users/shiv/Projects/iphone/Dream\ Again/Dream\ Again/Rendering/DreamRenderer.swift (in target 'Dream Again' from project 'Dream Again')
    cd /Users/shiv/Projects/iphone/Dream\ Again


SwiftDriverJobDiscovery normal arm64 Compiling Simulation.swift (in target 'Dream Again' from project 'Dream Again')

SwiftDriver Dream\ AgainTests normal arm64 com.apple.xcode.tools.swift.compiler (in target 'Dream AgainTests' from project 'Dream Again')
    cd /Users/shiv/Projects/iphone/Dream\ Again
    builtin-SwiftDriver -- /Applications/Xcode.app/Contents/Developer/Toolchains/XcodeDefault.xctoolchain/usr/bin/swiftc -module-name Dream_AgainTests -Onone @/Users/shiv/Projects/iphone/Dream\ Again/DerivedData/Build/Intermediates.noindex/Dream\ Again.build/Debug-iphonesimulator/Dream\ AgainTests.build/Objects-normal/arm64/Dream\ AgainTests.SwiftFileList -DDEBUG -plugin-path /Applications/Xcode.app/Contents/Developer/Toolchains/XcodeDefault.xctoolchain/usr/lib/swift/host/plugins/testing -enable-bare-slash-regex -enable-upcoming-feature DisableOutwardActorInference -enable-upcoming-feature InferSendableFromCaptures -enable-upcoming-feature GlobalActorIsolatedTypesUsability -enable-upcoming-feature MemberImportVisibility -enable-upcoming-feature InferIsolatedConformances -enable-upcoming-feature NonisolatedNonsendingByDefault -enable-experimental-feature DebugDescriptionMacro -sdk /Applications/Xcode.app/Contents/Developer/Platforms/iPhoneSimulator.platform/Developer/SDKs/iPhoneSimulator26.5.sdk -target arm64-apple-ios18.0-simulator -g -module-cache-path /Users/shiv/Projects/iphone/Dream\ Again/DerivedData/ModuleCache.noindex -Xfrontend -serialize-debugging-options -enable-testing -index-store-path /Users/shiv/Projects/iphone/Dream\ Again/DerivedData/Index.noindex/DataStore -Xcc -D_LIBCPP_HARDENING_MODE\=_LIBCPP_HARDENING_MODE_DEBUG -swift-version 5 -I /Users/shiv/Projects/iphone/Dream\ Again/DerivedData/Build/Products/Debug-iphonesimulator -Isystem /Applications/Xcode.app/Contents/Developer/Platforms/iPhoneSimulator.platform/Developer/usr/lib -F /Users/shiv/Projects/iphone/Dream\ Again/DerivedData/Build/Products/Debug-iphonesimulator -F /Applications/Xcode.app/Contents/Developer/Platforms/iPhoneSimulator.platform/Developer/Library/Frameworks -F /Applications/Xcode.app/Contents/Developer/Platforms/iPhoneSimulator.platform/Developer/SDKs/iPhoneSimulator26.5.sdk/Developer/Library/Frameworks -parse-as-library -c -j8 -enable-batch-mode -incremental -Xcc -ivfsstatcache -Xcc /Users/shiv/Projects/iphone/Dream\ Again/DerivedData/SDKStatCaches.noindex/iphonesimulator26.5-23F81a-688ef53f1462e2c8f657fdc38a81448f6cfe768891a92b912361537c460fe42b.sdkstatcache -output-file-map /Users/shiv/Projects/iphone/Dream\ Again/DerivedData/Build/Intermediates.noindex/Dream\ Again.build/Debug-iphonesimulator/Dream\ AgainTests.build/Objects-normal/arm64/Dream\ AgainTests-OutputFileMap.json -use-frontend-parseable-output -save-temps -no-color-diagnostics -explicit-module-build -module-cache-path /Users/shiv/Projects/iphone/Dream\ Again/DerivedData/Build/Intermediates.noindex/SwiftExplicitPrecompiledModules -clang-scanner-module-cache-path /Users/shiv/Projects/iphone/Dream\ Again/DerivedData/ModuleCache.noindex -sdk-module-cache-path /Users/shiv/Projects/iphone/Dream\ Again/DerivedData/ModuleCache.noindex -serialize-diagnostics -emit-dependencies -emit-module -emit-module-path /Users/shiv/Projects/iphone/Dream\ Again/DerivedData/Build/Intermediates.noindex/Dream\ Again.build/Debug-iphonesimulator/Dream\ AgainTests.build/Objects-normal/arm64/Dream_AgainTests.swiftmodule -validate-clang-modules-once -clang-build-session-file /Users/shiv/Projects/iphone/Dream\ Again/DerivedData/ModuleCache.noindex/Session.modulevalidation -Xcc -I/Users/shiv/Projects/iphone/Dream\ Again/DerivedData/Build/Intermediates.noindex/Dream\ Again.build/Debug-iphonesimulator/Dream\ AgainTests.build/swift-overrides.hmap -emit-const-values -Xfrontend -const-gather-protocols-file -Xfrontend /Users/shiv/Projects/iphone/Dream\ Again/DerivedData/Build/Intermediates.noindex/Dream\ Again.build/Debug-iphonesimulator/Dream\ AgainTests.build/Objects-normal/arm64/Dream\ AgainTests_const_extract_protocols.json -Xcc -iquote -Xcc /Users/shiv/Projects/iphone/Dream\ Again/DerivedData/Build/Intermediates.noindex/Dream\ Again.build/Debug-iphonesimulator/Dream\ AgainTests.build/Dream\ AgainTests-generated-files.hmap -Xcc -I/Users/shiv/Projects/iphone/Dream\ Again/DerivedData/Build/Intermediates.noindex/Dream\ Again.build/Debug-iphonesimulator/Dream\ AgainTests.build/Dream\ AgainTests-own-target-headers.hmap -Xcc -I/Users/shiv/Projects/iphone/Dream\ Again/DerivedData/Build/Intermediates.noindex/Dream\ Again.build/Debug-iphonesimulator/Dream\ AgainTests.build/Dream\ AgainTests-all-target-headers.hmap -Xcc -iquote -Xcc /Users/shiv/Projects/iphone/Dream\ Again/DerivedData/Build/Intermediates.noindex/Dream\ Again.build/Debug-iphonesimulator/Dream\ AgainTests.build/Dream\ AgainTests-project-headers.hmap -Xcc -I/Users/shiv/Projects/iphone/Dream\ Again/DerivedData/Build/Products/Debug-iphonesimulator/include -Xcc -I/Users/shiv/Projects/iphone/Dream\ Again/DerivedData/Build/Intermediates.noindex/Dream\ Again.build/Debug-iphonesimulator/Dream\ AgainTests.build/DerivedSources-normal/arm64 -Xcc -I/Users/shiv/Projects/iphone/Dream\ Again/DerivedData/Build/Intermediates.noindex/Dream\ Again.build/Debug-iphonesimulator/Dream\ AgainTests.build/DerivedSources/arm64 -Xcc -I/Users/shiv/Projects/iphone/Dream\ Again/DerivedData/Build/Intermediates.noindex/Dream\ Again.build/Debug-iphonesimulator/Dream\ AgainTests.build/DerivedSources -Xcc -DDEBUG\=1 -emit-objc-header -emit-objc-header-path /Users/shiv/Projects/iphone/Dream\ Again/DerivedData/Build/Intermediates.noindex/Dream\ Again.build/Debug-iphonesimulator/Dream\ AgainTests.build/Objects-normal/arm64/Dream_AgainTests-Swift.h -working-directory /Users/shiv/Projects/iphone/Dream\ Again -experimental-emit-module-separately -disable-cmo

SwiftEmitModule normal arm64 Emitting\ module\ for\ Dream_AgainTests (in target 'Dream AgainTests' from project 'Dream Again')

SwiftCompile normal arm64 /Users/shiv/Projects/iphone/Dream\ Again/Dream\ AgainTests/Dream_AgainTests.swift (in target 'Dream AgainTests' from project 'Dream Again')
    cd /Users/shiv/Projects/iphone/Dream\ Again


SwiftCompile normal arm64 Compiling\ Dream_AgainTests.swift /Users/shiv/Projects/iphone/Dream\ Again/Dream\ AgainTests/Dream_AgainTests.swift (in target 'Dream AgainTests' from project 'Dream Again')

SwiftCompile normal arm64 /Users/shiv/Projects/iphone/Dream\ Again/Dream\ AgainTests/Dream_AgainTests.swift (in target 'Dream AgainTests' from project 'Dream Again')
    cd /Users/shiv/Projects/iphone/Dream\ Again


SwiftDriverJobDiscovery normal arm64 Compiling HybridDreamLayers.swift (in target 'Dream Again' from project 'Dream Again')

SwiftDriverJobDiscovery normal arm64 Compiling Certification.swift, Difficulty.swift (in target 'Dream Again' from project 'Dream Again')

SwiftDriverJobDiscovery normal arm64 Emitting module for Dream_AgainTests (in target 'Dream AgainTests' from project 'Dream Again')

SwiftDriver\ Compilation\ Requirements Dream\ AgainTests normal arm64 com.apple.xcode.tools.swift.compiler (in target 'Dream AgainTests' from project 'Dream Again')
    cd /Users/shiv/Projects/iphone/Dream\ Again
    builtin-Swift-Compilation-Requirements -- /Applications/Xcode.app/Contents/Developer/Toolchains/XcodeDefault.xctoolchain/usr/bin/swiftc -module-name Dream_AgainTests -Onone @/Users/shiv/Projects/iphone/Dream\ Again/DerivedData/Build/Intermediates.noindex/Dream\ Again.build/Debug-iphonesimulator/Dream\ AgainTests.build/Objects-normal/arm64/Dream\ AgainTests.SwiftFileList -DDEBUG -plugin-path /Applications/Xcode.app/Contents/Developer/Toolchains/XcodeDefault.xctoolchain/usr/lib/swift/host/plugins/testing -enable-bare-slash-regex -enable-upcoming-feature DisableOutwardActorInference -enable-upcoming-feature InferSendableFromCaptures -enable-upcoming-feature GlobalActorIsolatedTypesUsability -enable-upcoming-feature MemberImportVisibility -enable-upcoming-feature InferIsolatedConformances -enable-upcoming-feature NonisolatedNonsendingByDefault -enable-experimental-feature DebugDescriptionMacro -sdk /Applications/Xcode.app/Contents/Developer/Platforms/iPhoneSimulator.platform/Developer/SDKs/iPhoneSimulator26.5.sdk -target arm64-apple-ios18.0-simulator -g -module-cache-path /Users/shiv/Projects/iphone/Dream\ Again/DerivedData/ModuleCache.noindex -Xfrontend -serialize-debugging-options -enable-testing -index-store-path /Users/shiv/Projects/iphone/Dream\ Again/DerivedData/Index.noindex/DataStore -Xcc -D_LIBCPP_HARDENING_MODE\=_LIBCPP_HARDENING_MODE_DEBUG -swift-version 5 -I /Users/shiv/Projects/iphone/Dream\ Again/DerivedData/Build/Products/Debug-iphonesimulator -Isystem /Applications/Xcode.app/Contents/Developer/Platforms/iPhoneSimulator.platform/Developer/usr/lib -F /Users/shiv/Projects/iphone/Dream\ Again/DerivedData/Build/Products/Debug-iphonesimulator -F /Applications/Xcode.app/Contents/Developer/Platforms/iPhoneSimulator.platform/Developer/Library/Frameworks -F /Applications/Xcode.app/Contents/Developer/Platforms/iPhoneSimulator.platform/Developer/SDKs/iPhoneSimulator26.5.sdk/Developer/Library/Frameworks -parse-as-library -c -j8 -enable-batch-mode -incremental -Xcc -ivfsstatcache -Xcc /Users/shiv/Projects/iphone/Dream\ Again/DerivedData/SDKStatCaches.noindex/iphonesimulator26.5-23F81a-688ef53f1462e2c8f657fdc38a81448f6cfe768891a92b912361537c460fe42b.sdkstatcache -output-file-map /Users/shiv/Projects/iphone/Dream\ Again/DerivedData/Build/Intermediates.noindex/Dream\ Again.build/Debug-iphonesimulator/Dream\ AgainTests.build/Objects-normal/arm64/Dream\ AgainTests-OutputFileMap.json -use-frontend-parseable-output -save-temps -no-color-diagnostics -explicit-module-build -module-cache-path /Users/shiv/Projects/iphone/Dream\ Again/DerivedData/Build/Intermediates.noindex/SwiftExplicitPrecompiledModules -clang-scanner-module-cache-path /Users/shiv/Projects/iphone/Dream\ Again/DerivedData/ModuleCache.noindex -sdk-module-cache-path /Users/shiv/Projects/iphone/Dream\ Again/DerivedData/ModuleCache.noindex -serialize-diagnostics -emit-dependencies -emit-module -emit-module-path /Users/shiv/Projects/iphone/Dream\ Again/DerivedData/Build/Intermediates.noindex/Dream\ Again.build/Debug-iphonesimulator/Dream\ AgainTests.build/Objects-normal/arm64/Dream_AgainTests.swiftmodule -validate-clang-modules-once -clang-build-session-file /Users/shiv/Projects/iphone/Dream\ Again/DerivedData/ModuleCache.noindex/Session.modulevalidation -Xcc -I/Users/shiv/Projects/iphone/Dream\ Again/DerivedData/Build/Intermediates.noindex/Dream\ Again.build/Debug-iphonesimulator/Dream\ AgainTests.build/swift-overrides.hmap -emit-const-values -Xfrontend -const-gather-protocols-file -Xfrontend /Users/shiv/Projects/iphone/Dream\ Again/DerivedData/Build/Intermediates.noindex/Dream\ Again.build/Debug-iphonesimulator/Dream\ AgainTests.build/Objects-normal/arm64/Dream\ AgainTests_const_extract_protocols.json -Xcc -iquote -Xcc /Users/shiv/Projects/iphone/Dream\ Again/DerivedData/Build/Intermediates.noindex/Dream\ Again.build/Debug-iphonesimulator/Dream\ AgainTests.build/Dream\ AgainTests-generated-files.hmap -Xcc -I/Users/shiv/Projects/iphone/Dream\ Again/DerivedData/Build/Intermediates.noindex/Dream\ Again.build/Debug-iphonesimulator/Dream\ AgainTests.build/Dream\ AgainTests-own-target-headers.hmap -Xcc -I/Users/shiv/Projects/iphone/Dream\ Again/DerivedData/Build/Intermediates.noindex/Dream\ Again.build/Debug-iphonesimulator/Dream\ AgainTests.build/Dream\ AgainTests-all-target-headers.hmap -Xcc -iquote -Xcc /Users/shiv/Projects/iphone/Dream\ Again/DerivedData/Build/Intermediates.noindex/Dream\ Again.build/Debug-iphonesimulator/Dream\ AgainTests.build/Dream\ AgainTests-project-headers.hmap -Xcc -I/Users/shiv/Projects/iphone/Dream\ Again/DerivedData/Build/Products/Debug-iphonesimulator/include -Xcc -I/Users/shiv/Projects/iphone/Dream\ Again/DerivedData/Build/Intermediates.noindex/Dream\ Again.build/Debug-iphonesimulator/Dream\ AgainTests.build/DerivedSources-normal/arm64 -Xcc -I/Users/shiv/Projects/iphone/Dream\ Again/DerivedData/Build/Intermediates.noindex/Dream\ Again.build/Debug-iphonesimulator/Dream\ AgainTests.build/DerivedSources/arm64 -Xcc -I/Users/shiv/Projects/iphone/Dream\ Again/DerivedData/Build/Intermediates.noindex/Dream\ Again.build/Debug-iphonesimulator/Dream\ AgainTests.build/DerivedSources -Xcc -DDEBUG\=1 -emit-objc-header -emit-objc-header-path /Users/shiv/Projects/iphone/Dream\ Again/DerivedData/Build/Intermediates.noindex/Dream\ Again.build/Debug-iphonesimulator/Dream\ AgainTests.build/Objects-normal/arm64/Dream_AgainTests-Swift.h -working-directory /Users/shiv/Projects/iphone/Dream\ Again -experimental-emit-module-separately -disable-cmo

Copy /Users/shiv/Projects/iphone/Dream\ Again/DerivedData/Build/Products/Debug-iphonesimulator/Dream_AgainTests.swiftmodule/arm64-apple-ios-simulator.abi.json /Users/shiv/Projects/iphone/Dream\ Again/DerivedData/Build/Intermediates.noindex/Dream\ Again.build/Debug-iphonesimulator/Dream\ AgainTests.build/Objects-normal/arm64/Dream_AgainTests.abi.json (in target 'Dream AgainTests' from project 'Dream Again')
    cd /Users/shiv/Projects/iphone/Dream\ Again
    builtin-copy -exclude .DS_Store -exclude CVS -exclude .svn -exclude .git -exclude .hg -resolve-src-symlinks -rename /Users/shiv/Projects/iphone/Dream\ Again/DerivedData/Build/Intermediates.noindex/Dream\ Again.build/Debug-iphonesimulator/Dream\ AgainTests.build/Objects-normal/arm64/Dream_AgainTests.abi.json /Users/shiv/Projects/iphone/Dream\ Again/DerivedData/Build/Products/Debug-iphonesimulator/Dream_AgainTests.swiftmodule/arm64-apple-ios-simulator.abi.json

SwiftDriverJobDiscovery normal arm64 Compiling World.swift (in target 'Dream Again' from project 'Dream Again')

SwiftDriverJobDiscovery normal arm64 Compiling Persistence.swift, DistantPathRenderer.swift (in target 'Dream Again' from project 'Dream Again')

SwiftDriverJobDiscovery normal arm64 Compiling GameModel.swift (in target 'Dream Again' from project 'Dream Again')

SwiftDriverJobDiscovery normal arm64 Compiling DreamObstacles.swift, DreamRenderer.swift (in target 'Dream Again' from project 'Dream Again')

SwiftDriverJobDiscovery normal arm64 Compiling Dream_AgainTests.swift (in target 'Dream AgainTests' from project 'Dream Again')

SwiftDriver\ Compilation Dream\ AgainTests normal arm64 com.apple.xcode.tools.swift.compiler (in target 'Dream AgainTests' from project 'Dream Again')
    cd /Users/shiv/Projects/iphone/Dream\ Again
    builtin-Swift-Compilation -- /Applications/Xcode.app/Contents/Developer/Toolchains/XcodeDefault.xctoolchain/usr/bin/swiftc -module-name Dream_AgainTests -Onone @/Users/shiv/Projects/iphone/Dream\ Again/DerivedData/Build/Intermediates.noindex/Dream\ Again.build/Debug-iphonesimulator/Dream\ AgainTests.build/Objects-normal/arm64/Dream\ AgainTests.SwiftFileList -DDEBUG -plugin-path /Applications/Xcode.app/Contents/Developer/Toolchains/XcodeDefault.xctoolchain/usr/lib/swift/host/plugins/testing -enable-bare-slash-regex -enable-upcoming-feature DisableOutwardActorInference -enable-upcoming-feature InferSendableFromCaptures -enable-upcoming-feature GlobalActorIsolatedTypesUsability -enable-upcoming-feature MemberImportVisibility -enable-upcoming-feature InferIsolatedConformances -enable-upcoming-feature NonisolatedNonsendingByDefault -enable-experimental-feature DebugDescriptionMacro -sdk /Applications/Xcode.app/Contents/Developer/Platforms/iPhoneSimulator.platform/Developer/SDKs/iPhoneSimulator26.5.sdk -target arm64-apple-ios18.0-simulator -g -module-cache-path /Users/shiv/Projects/iphone/Dream\ Again/DerivedData/ModuleCache.noindex -Xfrontend -serialize-debugging-options -enable-testing -index-store-path /Users/shiv/Projects/iphone/Dream\ Again/DerivedData/Index.noindex/DataStore -Xcc -D_LIBCPP_HARDENING_MODE\=_LIBCPP_HARDENING_MODE_DEBUG -swift-version 5 -I /Users/shiv/Projects/iphone/Dream\ Again/DerivedData/Build/Products/Debug-iphonesimulator -Isystem /Applications/Xcode.app/Contents/Developer/Platforms/iPhoneSimulator.platform/Developer/usr/lib -F /Users/shiv/Projects/iphone/Dream\ Again/DerivedData/Build/Products/Debug-iphonesimulator -F /Applications/Xcode.app/Contents/Developer/Platforms/iPhoneSimulator.platform/Developer/Library/Frameworks -F /Applications/Xcode.app/Contents/Developer/Platforms/iPhoneSimulator.platform/Developer/SDKs/iPhoneSimulator26.5.sdk/Developer/Library/Frameworks -parse-as-library -c -j8 -enable-batch-mode -incremental -Xcc -ivfsstatcache -Xcc /Users/shiv/Projects/iphone/Dream\ Again/DerivedData/SDKStatCaches.noindex/iphonesimulator26.5-23F81a-688ef53f1462e2c8f657fdc38a81448f6cfe768891a92b912361537c460fe42b.sdkstatcache -output-file-map /Users/shiv/Projects/iphone/Dream\ Again/DerivedData/Build/Intermediates.noindex/Dream\ Again.build/Debug-iphonesimulator/Dream\ AgainTests.build/Objects-normal/arm64/Dream\ AgainTests-OutputFileMap.json -use-frontend-parseable-output -save-temps -no-color-diagnostics -explicit-module-build -module-cache-path /Users/shiv/Projects/iphone/Dream\ Again/DerivedData/Build/Intermediates.noindex/SwiftExplicitPrecompiledModules -clang-scanner-module-cache-path /Users/shiv/Projects/iphone/Dream\ Again/DerivedData/ModuleCache.noindex -sdk-module-cache-path /Users/shiv/Projects/iphone/Dream\ Again/DerivedData/ModuleCache.noindex -serialize-diagnostics -emit-dependencies -emit-module -emit-module-path /Users/shiv/Projects/iphone/Dream\ Again/DerivedData/Build/Intermediates.noindex/Dream\ Again.build/Debug-iphonesimulator/Dream\ AgainTests.build/Objects-normal/arm64/Dream_AgainTests.swiftmodule -validate-clang-modules-once -clang-build-session-file /Users/shiv/Projects/iphone/Dream\ Again/DerivedData/ModuleCache.noindex/Session.modulevalidation -Xcc -I/Users/shiv/Projects/iphone/Dream\ Again/DerivedData/Build/Intermediates.noindex/Dream\ Again.build/Debug-iphonesimulator/Dream\ AgainTests.build/swift-overrides.hmap -emit-const-values -Xfrontend -const-gather-protocols-file -Xfrontend /Users/shiv/Projects/iphone/Dream\ Again/DerivedData/Build/Intermediates.noindex/Dream\ Again.build/Debug-iphonesimulator/Dream\ AgainTests.build/Objects-normal/arm64/Dream\ AgainTests_const_extract_protocols.json -Xcc -iquote -Xcc /Users/shiv/Projects/iphone/Dream\ Again/DerivedData/Build/Intermediates.noindex/Dream\ Again.build/Debug-iphonesimulator/Dream\ AgainTests.build/Dream\ AgainTests-generated-files.hmap -Xcc -I/Users/shiv/Projects/iphone/Dream\ Again/DerivedData/Build/Intermediates.noindex/Dream\ Again.build/Debug-iphonesimulator/Dream\ AgainTests.build/Dream\ AgainTests-own-target-headers.hmap -Xcc -I/Users/shiv/Projects/iphone/Dream\ Again/DerivedData/Build/Intermediates.noindex/Dream\ Again.build/Debug-iphonesimulator/Dream\ AgainTests.build/Dream\ AgainTests-all-target-headers.hmap -Xcc -iquote -Xcc /Users/shiv/Projects/iphone/Dream\ Again/DerivedData/Build/Intermediates.noindex/Dream\ Again.build/Debug-iphonesimulator/Dream\ AgainTests.build/Dream\ AgainTests-project-headers.hmap -Xcc -I/Users/shiv/Projects/iphone/Dream\ Again/DerivedData/Build/Products/Debug-iphonesimulator/include -Xcc -I/Users/shiv/Projects/iphone/Dream\ Again/DerivedData/Build/Intermediates.noindex/Dream\ Again.build/Debug-iphonesimulator/Dream\ AgainTests.build/DerivedSources-normal/arm64 -Xcc -I/Users/shiv/Projects/iphone/Dream\ Again/DerivedData/Build/Intermediates.noindex/Dream\ Again.build/Debug-iphonesimulator/Dream\ AgainTests.build/DerivedSources/arm64 -Xcc -I/Users/shiv/Projects/iphone/Dream\ Again/DerivedData/Build/Intermediates.noindex/Dream\ Again.build/Debug-iphonesimulator/Dream\ AgainTests.build/DerivedSources -Xcc -DDEBUG\=1 -emit-objc-header -emit-objc-header-path /Users/shiv/Projects/iphone/Dream\ Again/DerivedData/Build/Intermediates.noindex/Dream\ Again.build/Debug-iphonesimulator/Dream\ AgainTests.build/Objects-normal/arm64/Dream_AgainTests-Swift.h -working-directory /Users/shiv/Projects/iphone/Dream\ Again -experimental-emit-module-separately -disable-cmo

SwiftDriverJobDiscovery normal arm64 Compiling ContentView.swift (in target 'Dream Again' from project 'Dream Again')

SwiftDriver\ Compilation Dream\ Again normal arm64 com.apple.xcode.tools.swift.compiler (in target 'Dream Again' from project 'Dream Again')
    cd /Users/shiv/Projects/iphone/Dream\ Again
    builtin-Swift-Compilation -- /Applications/Xcode.app/Contents/Developer/Toolchains/XcodeDefault.xctoolchain/usr/bin/swiftc -module-name DreamAgain -Onone @/Users/shiv/Projects/iphone/Dream\ Again/DerivedData/Build/Intermediates.noindex/Dream\ Again.build/Debug-iphonesimulator/Dream\ Again.build/Objects-normal/arm64/Dream\ Again.SwiftFileList -DDEBUG -enable-bare-slash-regex -enable-upcoming-feature DisableOutwardActorInference -enable-upcoming-feature InferSendableFromCaptures -enable-upcoming-feature GlobalActorIsolatedTypesUsability -enable-upcoming-feature MemberImportVisibility -enable-upcoming-feature InferIsolatedConformances -enable-upcoming-feature NonisolatedNonsendingByDefault -enable-experimental-feature DebugDescriptionMacro -sdk /Applications/Xcode.app/Contents/Developer/Platforms/iPhoneSimulator.platform/Developer/SDKs/iPhoneSimulator26.5.sdk -target arm64-apple-ios18.0-simulator -g -module-cache-path /Users/shiv/Projects/iphone/Dream\ Again/DerivedData/ModuleCache.noindex -Xfrontend -serialize-debugging-options -enable-testing -index-store-path /Users/shiv/Projects/iphone/Dream\ Again/DerivedData/Index.noindex/DataStore -Xcc -D_LIBCPP_HARDENING_MODE\=_LIBCPP_HARDENING_MODE_DEBUG -swift-version 5 -I /Users/shiv/Projects/iphone/Dream\ Again/DerivedData/Build/Products/Debug-iphonesimulator -F /Users/shiv/Projects/iphone/Dream\ Again/DerivedData/Build/Products/Debug-iphonesimulator -emit-localized-strings -emit-localized-strings-path /Users/shiv/Projects/iphone/Dream\ Again/DerivedData/Build/Intermediates.noindex/Dream\ Again.build/Debug-iphonesimulator/Dream\ Again.build/Objects-normal/arm64 -c -j8 -enable-batch-mode -incremental -Xcc -ivfsstatcache -Xcc /Users/shiv/Projects/iphone/Dream\ Again/DerivedData/SDKStatCaches.noindex/iphonesimulator26.5-23F81a-688ef53f1462e2c8f657fdc38a81448f6cfe768891a92b912361537c460fe42b.sdkstatcache -output-file-map /Users/shiv/Projects/iphone/Dream\ Again/DerivedData/Build/Intermediates.noindex/Dream\ Again.build/Debug-iphonesimulator/Dream\ Again.build/Objects-normal/arm64/Dream\ Again-OutputFileMap.json -use-frontend-parseable-output -save-temps -no-color-diagnostics -explicit-module-build -module-cache-path /Users/shiv/Projects/iphone/Dream\ Again/DerivedData/Build/Intermediates.noindex/SwiftExplicitPrecompiledModules -clang-scanner-module-cache-path /Users/shiv/Projects/iphone/Dream\ Again/DerivedData/ModuleCache.noindex -sdk-module-cache-path /Users/shiv/Projects/iphone/Dream\ Again/DerivedData/ModuleCache.noindex -serialize-diagnostics -emit-dependencies -emit-module -emit-module-path /Users/shiv/Projects/iphone/Dream\ Again/DerivedData/Build/Intermediates.noindex/Dream\ Again.build/Debug-iphonesimulator/Dream\ Again.build/Objects-normal/arm64/DreamAgain.swiftmodule -validate-clang-modules-once -clang-build-session-file /Users/shiv/Projects/iphone/Dream\ Again/DerivedData/ModuleCache.noindex/Session.modulevalidation -Xcc -I/Users/shiv/Projects/iphone/Dream\ Again/DerivedData/Build/Intermediates.noindex/Dream\ Again.build/Debug-iphonesimulator/Dream\ Again.build/swift-overrides.hmap -emit-const-values -Xfrontend -const-gather-protocols-file -Xfrontend /Users/shiv/Projects/iphone/Dream\ Again/DerivedData/Build/Intermediates.noindex/Dream\ Again.build/Debug-iphonesimulator/Dream\ Again.build/Objects-normal/arm64/Dream\ Again_const_extract_protocols.json -Xcc -iquote -Xcc /Users/shiv/Projects/iphone/Dream\ Again/DerivedData/Build/Intermediates.noindex/Dream\ Again.build/Debug-iphonesimulator/Dream\ Again.build/Dream\ Again-generated-files.hmap -Xcc -I/Users/shiv/Projects/iphone/Dream\ Again/DerivedData/Build/Intermediates.noindex/Dream\ Again.build/Debug-iphonesimulator/Dream\ Again.build/Dream\ Again-own-target-headers.hmap -Xcc -I/Users/shiv/Projects/iphone/Dream\ Again/DerivedData/Build/Intermediates.noindex/Dream\ Again.build/Debug-iphonesimulator/Dream\ Again.build/Dream\ Again-all-target-headers.hmap -Xcc -iquote -Xcc /Users/shiv/Projects/iphone/Dream\ Again/DerivedData/Build/Intermediates.noindex/Dream\ Again.build/Debug-iphonesimulator/Dream\ Again.build/Dream\ Again-project-headers.hmap -Xcc -I/Users/shiv/Projects/iphone/Dream\ Again/DerivedData/Build/Products/Debug-iphonesimulator/include -Xcc -I/Users/shiv/Projects/iphone/Dream\ Again/DerivedData/Build/Intermediates.noindex/Dream\ Again.build/Debug-iphonesimulator/Dream\ Again.build/DerivedSources-normal/arm64 -Xcc -I/Users/shiv/Projects/iphone/Dream\ Again/DerivedData/Build/Intermediates.noindex/Dream\ Again.build/Debug-iphonesimulator/Dream\ Again.build/DerivedSources/arm64 -Xcc -I/Users/shiv/Projects/iphone/Dream\ Again/DerivedData/Build/Intermediates.noindex/Dream\ Again.build/Debug-iphonesimulator/Dream\ Again.build/DerivedSources -Xcc -DDEBUG\=1 -emit-objc-header -emit-objc-header-path /Users/shiv/Projects/iphone/Dream\ Again/DerivedData/Build/Intermediates.noindex/Dream\ Again.build/Debug-iphonesimulator/Dream\ Again.build/Objects-normal/arm64/DreamAgain-Swift.h -working-directory /Users/shiv/Projects/iphone/Dream\ Again -experimental-emit-module-separately -disable-cmo

Ld /Users/shiv/Projects/iphone/Dream\ Again/DerivedData/Build/Products/Debug-iphonesimulator/Dream\ Again.app/Dream\ Again.debug.dylib normal (in target 'Dream Again' from project 'Dream Again')
    cd /Users/shiv/Projects/iphone/Dream\ Again
    /Applications/Xcode.app/Contents/Developer/Toolchains/XcodeDefault.xctoolchain/usr/bin/clang -Xlinker -reproducible -target arm64-apple-ios18.0-simulator -dynamiclib -isysroot /Applications/Xcode.app/Contents/Developer/Platforms/iPhoneSimulator.platform/Developer/SDKs/iPhoneSimulator26.5.sdk -O0 -L/Users/shiv/Projects/iphone/Dream\ Again/DerivedData/Build/Intermediates.noindex/EagerLinkingTBDs/Debug-iphonesimulator -L/Users/shiv/Projects/iphone/Dream\ Again/DerivedData/Build/Products/Debug-iphonesimulator -F/Users/shiv/Projects/iphone/Dream\ Again/DerivedData/Build/Intermediates.noindex/EagerLinkingTBDs/Debug-iphonesimulator -F/Users/shiv/Projects/iphone/Dream\ Again/DerivedData/Build/Products/Debug-iphonesimulator -filelist /Users/shiv/Projects/iphone/Dream\ Again/DerivedData/Build/Intermediates.noindex/Dream\ Again.build/Debug-iphonesimulator/Dream\ Again.build/Objects-normal/arm64/Dream\ Again.LinkFileList -install_name @rpath/Dream\ Again.debug.dylib -Xlinker -rpath -Xlinker /usr/lib/swift -Xlinker -rpath -Xlinker @executable_path/Frameworks -Xlinker -dead_strip -Xlinker -object_path_lto -Xlinker /Users/shiv/Projects/iphone/Dream\ Again/DerivedData/Build/Intermediates.noindex/Dream\ Again.build/Debug-iphonesimulator/Dream\ Again.build/Objects-normal/arm64/Dream\ Again_lto.o -rdynamic -Xlinker -no_deduplicate -Xlinker -objc_abi_version -Xlinker 2 -Xlinker -dependency_info -Xlinker /Users/shiv/Projects/iphone/Dream\ Again/DerivedData/Build/Intermediates.noindex/Dream\ Again.build/Debug-iphonesimulator/Dream\ Again.build/Objects-normal/arm64/Dream\ Again_dependency_info.dat -fobjc-link-runtime -L/Applications/Xcode.app/Contents/Developer/Toolchains/XcodeDefault.xctoolchain/usr/lib/swift/iphonesimulator -L/usr/lib/swift -Xlinker -add_ast_path -Xlinker /Users/shiv/Projects/iphone/Dream\ Again/DerivedData/Build/Intermediates.noindex/Dream\ Again.build/Debug-iphonesimulator/Dream\ Again.build/Objects-normal/arm64/DreamAgain.swiftmodule @/Users/shiv/Projects/iphone/Dream\ Again/DerivedData/Build/Intermediates.noindex/Dream\ Again.build/Debug-iphonesimulator/Dream\ Again.build/Objects-normal/arm64/DreamAgain-linker-args.resp -Xlinker -alias -Xlinker _main -Xlinker ___debug_main_executable_dylib_entry_point -Xlinker -no_adhoc_codesign -o /Users/shiv/Projects/iphone/Dream\ Again/DerivedData/Build/Products/Debug-iphonesimulator/Dream\ Again.app/Dream\ Again.debug.dylib

ConstructStubExecutorLinkFileList /Users/shiv/Projects/iphone/Dream\ Again/DerivedData/Build/Intermediates.noindex/Dream\ Again.build/Debug-iphonesimulator/Dream\ Again.build/Dream\ Again-ExecutorLinkFileList-normal-arm64.txt (in target 'Dream Again' from project 'Dream Again')
    cd /Users/shiv/Projects/iphone/Dream\ Again
    construct-stub-executor-link-file-list /Users/shiv/Projects/iphone/Dream\ Again/DerivedData/Build/Products/Debug-iphonesimulator/Dream\ Again.app/Dream\ Again.debug.dylib /Applications/Xcode.app/Contents/Developer/Platforms/iPhoneSimulator.platform/Developer/usr/lib/libPreviewsJITStubExecutor_no_swift_entry_point.a /Applications/Xcode.app/Contents/Developer/Platforms/iPhoneSimulator.platform/Developer/usr/lib/libPreviewsJITStubExecutor.a --output /Users/shiv/Projects/iphone/Dream\ Again/DerivedData/Build/Intermediates.noindex/Dream\ Again.build/Debug-iphonesimulator/Dream\ Again.build/Dream\ Again-ExecutorLinkFileList-normal-arm64.txt
note: Using stub executor library with Swift entry point. (in target 'Dream Again' from project 'Dream Again')

Ld /Users/shiv/Projects/iphone/Dream\ Again/DerivedData/Build/Products/Debug-iphonesimulator/Dream\ Again.app/Dream\ Again normal (in target 'Dream Again' from project 'Dream Again')
    cd /Users/shiv/Projects/iphone/Dream\ Again
    /Applications/Xcode.app/Contents/Developer/Toolchains/XcodeDefault.xctoolchain/usr/bin/clang -Xlinker -reproducible -target arm64-apple-ios18.0-simulator -isysroot /Applications/Xcode.app/Contents/Developer/Platforms/iPhoneSimulator.platform/Developer/SDKs/iPhoneSimulator26.5.sdk -O0 -L/Users/shiv/Projects/iphone/Dream\ Again/DerivedData/Build/Products/Debug-iphonesimulator -F/Users/shiv/Projects/iphone/Dream\ Again/DerivedData/Build/Products/Debug-iphonesimulator -Xlinker -rpath -Xlinker @executable_path -Xlinker -rpath -Xlinker @executable_path/Frameworks -rdynamic -Xlinker -no_deduplicate -Xlinker -objc_abi_version -Xlinker 2 -e ___debug_blank_executor_main -Xlinker -sectcreate -Xlinker __TEXT -Xlinker __debug_dylib -Xlinker /Users/shiv/Projects/iphone/Dream\ Again/DerivedData/Build/Intermediates.noindex/Dream\ Again.build/Debug-iphonesimulator/Dream\ Again.build/Dream\ Again-DebugDylibPath-normal-arm64.txt -Xlinker -sectcreate -Xlinker __TEXT -Xlinker __debug_instlnm -Xlinker /Users/shiv/Projects/iphone/Dream\ Again/DerivedData/Build/Intermediates.noindex/Dream\ Again.build/Debug-iphonesimulator/Dream\ Again.build/Dream\ Again-DebugDylibInstallName-normal-arm64.txt -Xlinker -filelist -Xlinker /Users/shiv/Projects/iphone/Dream\ Again/DerivedData/Build/Intermediates.noindex/Dream\ Again.build/Debug-iphonesimulator/Dream\ Again.build/Dream\ Again-ExecutorLinkFileList-normal-arm64.txt -Xlinker -sectcreate -Xlinker __TEXT -Xlinker __entitlements -Xlinker /Users/shiv/Projects/iphone/Dream\ Again/DerivedData/Build/Intermediates.noindex/Dream\ Again.build/Debug-iphonesimulator/Dream\ Again.build/Dream\ Again.app-Simulated.xcent -Xlinker -sectcreate -Xlinker __TEXT -Xlinker __ents_der -Xlinker /Users/shiv/Projects/iphone/Dream\ Again/DerivedData/Build/Intermediates.noindex/Dream\ Again.build/Debug-iphonesimulator/Dream\ Again.build/Dream\ Again.app-Simulated.xcent.der /Users/shiv/Projects/iphone/Dream\ Again/DerivedData/Build/Products/Debug-iphonesimulator/Dream\ Again.app/Dream\ Again.debug.dylib -Xlinker -no_adhoc_codesign -o /Users/shiv/Projects/iphone/Dream\ Again/DerivedData/Build/Products/Debug-iphonesimulator/Dream\ Again.app/Dream\ Again

CopySwiftLibs /Users/shiv/Projects/iphone/Dream\ Again/DerivedData/Build/Products/Debug-iphonesimulator/Dream\ Again.app (in target 'Dream Again' from project 'Dream Again')
    cd /Users/shiv/Projects/iphone/Dream\ Again
    builtin-swiftStdLibTool --copy --verbose --sign - --scan-executable /Users/shiv/Projects/iphone/Dream\ Again/DerivedData/Build/Products/Debug-iphonesimulator/Dream\ Again.app/Dream\ Again.debug.dylib --scan-folder /Users/shiv/Projects/iphone/Dream\ Again/DerivedData/Build/Products/Debug-iphonesimulator/Dream\ Again.app/Frameworks --scan-folder /Users/shiv/Projects/iphone/Dream\ Again/DerivedData/Build/Products/Debug-iphonesimulator/Dream\ Again.app/PlugIns --scan-folder /Users/shiv/Projects/iphone/Dream\ Again/DerivedData/Build/Products/Debug-iphonesimulator/Dream\ Again.app/SystemExtensions --scan-folder /Users/shiv/Projects/iphone/Dream\ Again/DerivedData/Build/Products/Debug-iphonesimulator/Dream\ Again.app/Extensions --platform iphonesimulator --toolchain /var/run/com.apple.security.cryptexd/mnt/com.apple.MobileAsset.MetalToolchain-v17.6.109.0.bHGsrr/Metal.xctoolchain --toolchain /Applications/Xcode.app/Contents/Developer/Toolchains/XcodeDefault.xctoolchain --destination /Users/shiv/Projects/iphone/Dream\ Again/DerivedData/Build/Products/Debug-iphonesimulator/Dream\ Again.app/Frameworks --strip-bitcode --strip-bitcode-tool /Applications/Xcode.app/Contents/Developer/Toolchains/XcodeDefault.xctoolchain/usr/bin/bitcode_strip --emit-dependency-info /Users/shiv/Projects/iphone/Dream\ Again/DerivedData/Build/Intermediates.noindex/Dream\ Again.build/Debug-iphonesimulator/Dream\ Again.build/SwiftStdLibToolInputDependencies.dep --filter-for-swift-os

ExtractAppIntentsMetadata (in target 'Dream Again' from project 'Dream Again')
    cd /Users/shiv/Projects/iphone/Dream\ Again
    /Applications/Xcode.app/Contents/Developer/Toolchains/XcodeDefault.xctoolchain/usr/bin/appintentsmetadataprocessor --toolchain-dir /var/run/com.apple.security.cryptexd/mnt/com.apple.MobileAsset.MetalToolchain-v17.6.109.0.bHGsrr/Metal.xctoolchain --module-name DreamAgain --sdk-root /Applications/Xcode.app/Contents/Developer/Platforms/iPhoneSimulator.platform/Developer/SDKs/iPhoneSimulator26.5.sdk --xcode-version 17F113 --platform-family iOS --deployment-target 18.0 --bundle-identifier nani.Dream-Again --output /Users/shiv/Projects/iphone/Dream\ Again/DerivedData/Build/Products/Debug-iphonesimulator/Dream\ Again.app --target-triple arm64-apple-ios18.0-simulator --binary-file /Users/shiv/Projects/iphone/Dream\ Again/DerivedData/Build/Products/Debug-iphonesimulator/Dream\ Again.app/Dream\ Again --dependency-file /Users/shiv/Projects/iphone/Dream\ Again/DerivedData/Build/Intermediates.noindex/Dream\ Again.build/Debug-iphonesimulator/Dream\ Again.build/Objects-normal/arm64/Dream\ Again_dependency_info.dat --stringsdata-file /Users/shiv/Projects/iphone/Dream\ Again/DerivedData/Build/Intermediates.noindex/Dream\ Again.build/Debug-iphonesimulator/Dream\ Again.build/Objects-normal/arm64/ExtractedAppShortcutsMetadata.stringsdata --source-file-list /Users/shiv/Projects/iphone/Dream\ Again/DerivedData/Build/Intermediates.noindex/Dream\ Again.build/Debug-iphonesimulator/Dream\ Again.build/Objects-normal/arm64/Dream\ Again.SwiftFileList --metadata-file-list /Users/shiv/Projects/iphone/Dream\ Again/DerivedData/Build/Intermediates.noindex/Dream\ Again.build/Debug-iphonesimulator/Dream\ Again.build/Dream\ Again.DependencyMetadataFileList --static-metadata-file-list /Users/shiv/Projects/iphone/Dream\ Again/DerivedData/Build/Intermediates.noindex/Dream\ Again.build/Debug-iphonesimulator/Dream\ Again.build/Dream\ Again.DependencyStaticMetadataFileList --swift-const-vals-list /Users/shiv/Projects/iphone/Dream\ Again/DerivedData/Build/Intermediates.noindex/Dream\ Again.build/Debug-iphonesimulator/Dream\ Again.build/Objects-normal/arm64/Dream\ Again.SwiftConstValuesFileList --compile-time-extraction --deployment-aware-processing --validate-assistant-intents --no-app-shortcuts-localization
2026-09-15 02:25:23.439 appintentsmetadataprocessor[58385:11525347] Starting appintentsmetadataprocessor export
2026-09-15 02:25:23.463 appintentsmetadataprocessor[58385:11525347] warning: Metadata extraction skipped. No AppIntents.framework dependency found.

ProcessInfoPlistFile /Users/shiv/Projects/iphone/Dream\ Again/DerivedData/Build/Products/Debug-iphonesimulator/Dream\ Again.app/PlugIns/Dream\ AgainTests.xctest/Info.plist /Users/shiv/Projects/iphone/Dream\ Again/DerivedData/Build/Intermediates.noindex/Dream\ Again.build/Debug-iphonesimulator/Dream\ AgainTests.build/empty-Dream\ AgainTests.plist (in target 'Dream AgainTests' from project 'Dream Again')
    cd /Users/shiv/Projects/iphone/Dream\ Again
    builtin-infoPlistUtility /Users/shiv/Projects/iphone/Dream\ Again/DerivedData/Build/Intermediates.noindex/Dream\ Again.build/Debug-iphonesimulator/Dream\ AgainTests.build/empty-Dream\ AgainTests.plist -producttype com.apple.product-type.bundle.unit-test -expandbuildsettings -format binary -platform iphonesimulator -o /Users/shiv/Projects/iphone/Dream\ Again/DerivedData/Build/Products/Debug-iphonesimulator/Dream\ Again.app/PlugIns/Dream\ AgainTests.xctest/Info.plist

Ld /Users/shiv/Projects/iphone/Dream\ Again/DerivedData/Build/Products/Debug-iphonesimulator/Dream\ Again.app/PlugIns/Dream\ AgainTests.xctest/Dream\ AgainTests normal (in target 'Dream AgainTests' from project 'Dream Again')
    cd /Users/shiv/Projects/iphone/Dream\ Again
    /Applications/Xcode.app/Contents/Developer/Toolchains/XcodeDefault.xctoolchain/usr/bin/clang -Xlinker -reproducible -target arm64-apple-ios18.0-simulator -bundle -isysroot /Applications/Xcode.app/Contents/Developer/Platforms/iPhoneSimulator.platform/Developer/SDKs/iPhoneSimulator26.5.sdk -O0 -L/Users/shiv/Projects/iphone/Dream\ Again/DerivedData/Build/Intermediates.noindex/EagerLinkingTBDs/Debug-iphonesimulator -L/Users/shiv/Projects/iphone/Dream\ Again/DerivedData/Build/Products/Debug-iphonesimulator -L/Applications/Xcode.app/Contents/Developer/Platforms/iPhoneSimulator.platform/Developer/usr/lib -F/Users/shiv/Projects/iphone/Dream\ Again/DerivedData/Build/Intermediates.noindex/EagerLinkingTBDs/Debug-iphonesimulator -F/Users/shiv/Projects/iphone/Dream\ Again/DerivedData/Build/Products/Debug-iphonesimulator -iframework /Applications/Xcode.app/Contents/Developer/Platforms/iPhoneSimulator.platform/Developer/Library/Frameworks -iframework /Applications/Xcode.app/Contents/Developer/Platforms/iPhoneSimulator.platform/Developer/SDKs/iPhoneSimulator26.5.sdk/Developer/Library/Frameworks -filelist /Users/shiv/Projects/iphone/Dream\ Again/DerivedData/Build/Intermediates.noindex/Dream\ Again.build/Debug-iphonesimulator/Dream\ AgainTests.build/Objects-normal/arm64/Dream\ AgainTests.LinkFileList -Xlinker -rpath -Xlinker /usr/lib/swift -Xlinker -rpath -Xlinker @loader_path/Frameworks -Xlinker -rpath -Xlinker @executable_path/Frameworks -Xlinker -dead_strip -bundle_loader /Users/shiv/Projects/iphone/Dream\ Again/DerivedData/Build/Products/Debug-iphonesimulator/Dream\ Again.app/Dream\ Again -Xlinker -object_path_lto -Xlinker /Users/shiv/Projects/iphone/Dream\ Again/DerivedData/Build/Intermediates.noindex/Dream\ Again.build/Debug-iphonesimulator/Dream\ AgainTests.build/Objects-normal/arm64/Dream\ AgainTests_lto.o -rdynamic -Xlinker -no_deduplicate -Xlinker -objc_abi_version -Xlinker 2 -Xlinker -dependency_info -Xlinker /Users/shiv/Projects/iphone/Dream\ Again/DerivedData/Build/Intermediates.noindex/Dream\ Again.build/Debug-iphonesimulator/Dream\ AgainTests.build/Objects-normal/arm64/Dream\ AgainTests_dependency_info.dat -fobjc-link-runtime -L/Applications/Xcode.app/Contents/Developer/Toolchains/XcodeDefault.xctoolchain/usr/lib/swift/iphonesimulator -L/usr/lib/swift -Xlinker -add_ast_path -Xlinker /Users/shiv/Projects/iphone/Dream\ Again/DerivedData/Build/Intermediates.noindex/Dream\ Again.build/Debug-iphonesimulator/Dream\ AgainTests.build/Objects-normal/arm64/Dream_AgainTests.swiftmodule @/Users/shiv/Projects/iphone/Dream\ Again/DerivedData/Build/Intermediates.noindex/Dream\ Again.build/Debug-iphonesimulator/Dream\ AgainTests.build/Objects-normal/arm64/Dream_AgainTests-linker-args.resp -Xlinker -needed_framework -Xlinker XCTest -framework XCTest -Xlinker -needed-lXCTestSwiftSupport -lXCTestSwiftSupport /Users/shiv/Projects/iphone/Dream\ Again/DerivedData/Build/Products/Debug-iphonesimulator/Dream\ Again.app/Dream\ Again.debug.dylib -Xlinker -no_adhoc_codesign -o /Users/shiv/Projects/iphone/Dream\ Again/DerivedData/Build/Products/Debug-iphonesimulator/Dream\ Again.app/PlugIns/Dream\ AgainTests.xctest/Dream\ AgainTests

CopySwiftLibs /Users/shiv/Projects/iphone/Dream\ Again/DerivedData/Build/Products/Debug-iphonesimulator/Dream\ Again.app/PlugIns/Dream\ AgainTests.xctest (in target 'Dream AgainTests' from project 'Dream Again')
    cd /Users/shiv/Projects/iphone/Dream\ Again
    builtin-swiftStdLibTool --copy --verbose --sign - --scan-executable /Users/shiv/Projects/iphone/Dream\ Again/DerivedData/Build/Products/Debug-iphonesimulator/Dream\ Again.app/PlugIns/Dream\ AgainTests.xctest/Dream\ AgainTests --scan-folder /Users/shiv/Projects/iphone/Dream\ Again/DerivedData/Build/Products/Debug-iphonesimulator/Dream\ Again.app/PlugIns/Dream\ AgainTests.xctest/Frameworks --scan-folder /Users/shiv/Projects/iphone/Dream\ Again/DerivedData/Build/Products/Debug-iphonesimulator/Dream\ Again.app/PlugIns/Dream\ AgainTests.xctest/PlugIns --scan-folder /Users/shiv/Projects/iphone/Dream\ Again/DerivedData/Build/Products/Debug-iphonesimulator/Dream\ Again.app/PlugIns/Dream\ AgainTests.xctest/SystemExtensions --scan-folder /Users/shiv/Projects/iphone/Dream\ Again/DerivedData/Build/Products/Debug-iphonesimulator/Dream\ Again.app/PlugIns/Dream\ AgainTests.xctest/Extensions --platform iphonesimulator --toolchain /var/run/com.apple.security.cryptexd/mnt/com.apple.MobileAsset.MetalToolchain-v17.6.109.0.bHGsrr/Metal.xctoolchain --toolchain /Applications/Xcode.app/Contents/Developer/Toolchains/XcodeDefault.xctoolchain --destination /Users/shiv/Projects/iphone/Dream\ Again/DerivedData/Build/Products/Debug-iphonesimulator/Dream\ Again.app/PlugIns/Dream\ AgainTests.xctest/Frameworks --strip-bitcode --scan-executable /Applications/Xcode.app/Contents/Developer/Platforms/iPhoneSimulator.platform/Developer/usr/lib/libXCTestSwiftSupport.dylib --strip-bitcode-tool /Applications/Xcode.app/Contents/Developer/Toolchains/XcodeDefault.xctoolchain/usr/bin/bitcode_strip --emit-dependency-info /Users/shiv/Projects/iphone/Dream\ Again/DerivedData/Build/Intermediates.noindex/Dream\ Again.build/Debug-iphonesimulator/Dream\ AgainTests.build/SwiftStdLibToolInputDependencies.dep --filter-for-swift-os

ExtractAppIntentsMetadata (in target 'Dream AgainTests' from project 'Dream Again')
    cd /Users/shiv/Projects/iphone/Dream\ Again
    /Applications/Xcode.app/Contents/Developer/Toolchains/XcodeDefault.xctoolchain/usr/bin/appintentsmetadataprocessor --toolchain-dir /var/run/com.apple.security.cryptexd/mnt/com.apple.MobileAsset.MetalToolchain-v17.6.109.0.bHGsrr/Metal.xctoolchain --module-name Dream_AgainTests --sdk-root /Applications/Xcode.app/Contents/Developer/Platforms/iPhoneSimulator.platform/Developer/SDKs/iPhoneSimulator26.5.sdk --xcode-version 17F113 --platform-family iOS --deployment-target 18.0 --bundle-identifier nani.Dream-AgainTests --output /Users/shiv/Projects/iphone/Dream\ Again/DerivedData/Build/Products/Debug-iphonesimulator/Dream\ Again.app/PlugIns/Dream\ AgainTests.xctest --target-triple arm64-apple-ios18.0-simulator --binary-file /Users/shiv/Projects/iphone/Dream\ Again/DerivedData/Build/Products/Debug-iphonesimulator/Dream\ Again.app/PlugIns/Dream\ AgainTests.xctest/Dream\ AgainTests --dependency-file /Users/shiv/Projects/iphone/Dream\ Again/DerivedData/Build/Intermediates.noindex/Dream\ Again.build/Debug-iphonesimulator/Dream\ AgainTests.build/Objects-normal/arm64/Dream\ AgainTests_dependency_info.dat --stringsdata-file /Users/shiv/Projects/iphone/Dream\ Again/DerivedData/Build/Intermediates.noindex/Dream\ Again.build/Debug-iphonesimulator/Dream\ AgainTests.build/Objects-normal/arm64/ExtractedAppShortcutsMetadata.stringsdata --source-file-list /Users/shiv/Projects/iphone/Dream\ Again/DerivedData/Build/Intermediates.noindex/Dream\ Again.build/Debug-iphonesimulator/Dream\ AgainTests.build/Objects-normal/arm64/Dream\ AgainTests.SwiftFileList --metadata-file-list /Users/shiv/Projects/iphone/Dream\ Again/DerivedData/Build/Intermediates.noindex/Dream\ Again.build/Debug-iphonesimulator/Dream\ AgainTests.build/Dream\ AgainTests.DependencyMetadataFileList --static-metadata-file-list /Users/shiv/Projects/iphone/Dream\ Again/DerivedData/Build/Intermediates.noindex/Dream\ Again.build/Debug-iphonesimulator/Dream\ AgainTests.build/Dream\ AgainTests.DependencyStaticMetadataFileList --swift-const-vals-list /Users/shiv/Projects/iphone/Dream\ Again/DerivedData/Build/Intermediates.noindex/Dream\ Again.build/Debug-iphonesimulator/Dream\ AgainTests.build/Objects-normal/arm64/Dream\ AgainTests.SwiftConstValuesFileList --compile-time-extraction --deployment-aware-processing --validate-assistant-intents --no-app-shortcuts-localization
2026-09-15 02:25:25.315 appintentsmetadataprocessor[58394:11525406] Starting appintentsmetadataprocessor export
2026-09-15 02:25:25.320 appintentsmetadataprocessor[58394:11525406] warning: Metadata extraction skipped. No AppIntents.framework dependency found.

AppIntentsSSUTraining (in target 'Dream AgainTests' from project 'Dream Again')
    cd /Users/shiv/Projects/iphone/Dream\ Again
    /Applications/Xcode.app/Contents/Developer/Toolchains/XcodeDefault.xctoolchain/usr/bin/appintentsnltrainingprocessor --infoplist-path /Users/shiv/Projects/iphone/Dream\ Again/DerivedData/Build/Products/Debug-iphonesimulator/Dream\ Again.app/PlugIns/Dream\ AgainTests.xctest/Info.plist --temp-dir-path /Users/shiv/Projects/iphone/Dream\ Again/DerivedData/Build/Intermediates.noindex/Dream\ Again.build/Debug-iphonesimulator/Dream\ AgainTests.build/ssu --bundle-id nani.Dream-AgainTests --product-path /Users/shiv/Projects/iphone/Dream\ Again/DerivedData/Build/Products/Debug-iphonesimulator/Dream\ Again.app/PlugIns/Dream\ AgainTests.xctest --extracted-metadata-path /Users/shiv/Projects/iphone/Dream\ Again/DerivedData/Build/Products/Debug-iphonesimulator/Dream\ Again.app/PlugIns/Dream\ AgainTests.xctest/Metadata.appintents --metadata-file-list /Users/shiv/Projects/iphone/Dream\ Again/DerivedData/Build/Intermediates.noindex/Dream\ Again.build/Debug-iphonesimulator/Dream\ AgainTests.build/Dream\ AgainTests.DependencyMetadataFileList --source-file /Users/shiv/Projects/iphone/Dream\ Again/DerivedData/Build/Products/Debug-iphonesimulator/Dream\ Again.app/PlugIns/Dream\ AgainTests.xctest/Info.plist --archive-ssu-assets
2026-09-15 02:25:25.466 appintentsnltrainingprocessor[58395:11525411] Parsing options for appintentsnltrainingprocessor
2026-09-15 02:25:25.468 appintentsnltrainingprocessor[58395:11525411] Starting AppIntents SSU YAML Generation
2026-09-15 02:25:25.480 appintentsnltrainingprocessor[58395:11525411] No AppShortcuts found - Skipping.

CodeSign /Users/shiv/Projects/iphone/Dream\ Again/DerivedData/Build/Products/Debug-iphonesimulator/Dream\ Again.app/PlugIns/Dream\ AgainTests.xctest (in target 'Dream AgainTests' from project 'Dream Again')
    cd /Users/shiv/Projects/iphone/Dream\ Again

    Signing Identity:     "Sign to Run Locally"

    /usr/bin/codesign --force --sign - --timestamp\=none --generate-entitlement-der /Users/shiv/Projects/iphone/Dream\ Again/DerivedData/Build/Products/Debug-iphonesimulator/Dream\ Again.app/PlugIns/Dream\ AgainTests.xctest

RegisterExecutionPolicyException /Users/shiv/Projects/iphone/Dream\ Again/DerivedData/Build/Products/Debug-iphonesimulator/Dream\ Again.app/PlugIns/Dream\ AgainTests.xctest (in target 'Dream AgainTests' from project 'Dream Again')
    cd /Users/shiv/Projects/iphone/Dream\ Again
    builtin-RegisterExecutionPolicyException /Users/shiv/Projects/iphone/Dream\ Again/DerivedData/Build/Products/Debug-iphonesimulator/Dream\ Again.app/PlugIns/Dream\ AgainTests.xctest

Touch /Users/shiv/Projects/iphone/Dream\ Again/DerivedData/Build/Products/Debug-iphonesimulator/Dream\ Again.app/PlugIns/Dream\ AgainTests.xctest (in target 'Dream AgainTests' from project 'Dream Again')
    cd /Users/shiv/Projects/iphone/Dream\ Again
    /usr/bin/touch -c /Users/shiv/Projects/iphone/Dream\ Again/DerivedData/Build/Products/Debug-iphonesimulator/Dream\ Again.app/PlugIns/Dream\ AgainTests.xctest

CodeSign /Users/shiv/Projects/iphone/Dream\ Again/DerivedData/Build/Products/Debug-iphonesimulator/Dream\ Again.app/Dream\ Again.debug.dylib (in target 'Dream Again' from project 'Dream Again')
    cd /Users/shiv/Projects/iphone/Dream\ Again

    Signing Identity:     "Sign to Run Locally"

    /usr/bin/codesign --force --sign - --timestamp\=none --generate-entitlement-der /Users/shiv/Projects/iphone/Dream\ Again/DerivedData/Build/Products/Debug-iphonesimulator/Dream\ Again.app/Dream\ Again.debug.dylib

CodeSign /Users/shiv/Projects/iphone/Dream\ Again/DerivedData/Build/Products/Debug-iphonesimulator/Dream\ Again.app/__preview.dylib (in target 'Dream Again' from project 'Dream Again')
    cd /Users/shiv/Projects/iphone/Dream\ Again

    Signing Identity:     "Sign to Run Locally"

    /usr/bin/codesign --force --sign - --timestamp\=none --generate-entitlement-der /Users/shiv/Projects/iphone/Dream\ Again/DerivedData/Build/Products/Debug-iphonesimulator/Dream\ Again.app/__preview.dylib
/Users/shiv/Projects/iphone/Dream Again/DerivedData/Build/Products/Debug-iphonesimulator/Dream Again.app/__preview.dylib: replacing existing signature

CodeSign /Users/shiv/Projects/iphone/Dream\ Again/DerivedData/Build/Products/Debug-iphonesimulator/Dream\ Again.app (in target 'Dream Again' from project 'Dream Again')
    cd /Users/shiv/Projects/iphone/Dream\ Again

    Signing Identity:     "Sign to Run Locally"

    /usr/bin/codesign --force --sign - --timestamp\=none --generate-entitlement-der /Users/shiv/Projects/iphone/Dream\ Again/DerivedData/Build/Products/Debug-iphonesimulator/Dream\ Again.app

Validate /Users/shiv/Projects/iphone/Dream\ Again/DerivedData/Build/Products/Debug-iphonesimulator/Dream\ Again.app (in target 'Dream Again' from project 'Dream Again')
    cd /Users/shiv/Projects/iphone/Dream\ Again
    builtin-validationUtility /Users/shiv/Projects/iphone/Dream\ Again/DerivedData/Build/Products/Debug-iphonesimulator/Dream\ Again.app -shallow-bundle -infoplist-subpath Info.plist

ProcessInfoPlistFile /Users/shiv/Projects/iphone/Dream\ Again/DerivedData/Build/Products/Debug-iphonesimulator/Dream\ AgainUITests-Runner.app/PlugIns/Dream\ AgainUITests.xctest/Info.plist /Users/shiv/Projects/iphone/Dream\ Again/DerivedData/Build/Intermediates.noindex/Dream\ Again.build/Debug-iphonesimulator/Dream\ AgainUITests.build/empty-Dream\ AgainUITests.plist (in target 'Dream AgainUITests' from project 'Dream Again')
    cd /Users/shiv/Projects/iphone/Dream\ Again
    builtin-infoPlistUtility /Users/shiv/Projects/iphone/Dream\ Again/DerivedData/Build/Intermediates.noindex/Dream\ Again.build/Debug-iphonesimulator/Dream\ AgainUITests.build/empty-Dream\ AgainUITests.plist -producttype com.apple.product-type.bundle.ui-testing -expandbuildsettings -format binary -platform iphonesimulator -additionalcontentfile /Users/shiv/Projects/iphone/Dream\ Again/DerivedData/Build/Intermediates.noindex/Dream\ Again.build/Debug-iphonesimulator/Dream\ AgainUITests.build/ProductTypeInfoPlistAdditions.plist -o /Users/shiv/Projects/iphone/Dream\ Again/DerivedData/Build/Products/Debug-iphonesimulator/Dream\ AgainUITests-Runner.app/PlugIns/Dream\ AgainUITests.xctest/Info.plist

CopySwiftLibs /Users/shiv/Projects/iphone/Dream\ Again/DerivedData/Build/Products/Debug-iphonesimulator/Dream\ AgainUITests-Runner.app/PlugIns/Dream\ AgainUITests.xctest (in target 'Dream AgainUITests' from project 'Dream Again')
    cd /Users/shiv/Projects/iphone/Dream\ Again
    builtin-swiftStdLibTool --copy --verbose --sign - --scan-executable /Users/shiv/Projects/iphone/Dream\ Again/DerivedData/Build/Products/Debug-iphonesimulator/Dream\ AgainUITests-Runner.app/PlugIns/Dream\ AgainUITests.xctest/Dream\ AgainUITests --scan-folder /Users/shiv/Projects/iphone/Dream\ Again/DerivedData/Build/Products/Debug-iphonesimulator/Dream\ AgainUITests-Runner.app/PlugIns/Dream\ AgainUITests.xctest/Frameworks --scan-folder /Users/shiv/Projects/iphone/Dream\ Again/DerivedData/Build/Products/Debug-iphonesimulator/Dream\ AgainUITests-Runner.app/PlugIns/Dream\ AgainUITests.xctest/PlugIns --scan-folder /Users/shiv/Projects/iphone/Dream\ Again/DerivedData/Build/Products/Debug-iphonesimulator/Dream\ AgainUITests-Runner.app/PlugIns/Dream\ AgainUITests.xctest/SystemExtensions --scan-folder /Users/shiv/Projects/iphone/Dream\ Again/DerivedData/Build/Products/Debug-iphonesimulator/Dream\ AgainUITests-Runner.app/PlugIns/Dream\ AgainUITests.xctest/Extensions --platform iphonesimulator --toolchain /var/run/com.apple.security.cryptexd/mnt/com.apple.MobileAsset.MetalToolchain-v17.6.109.0.bHGsrr/Metal.xctoolchain --toolchain /Applications/Xcode.app/Contents/Developer/Toolchains/XcodeDefault.xctoolchain --destination /Users/shiv/Projects/iphone/Dream\ Again/DerivedData/Build/Products/Debug-iphonesimulator/Dream\ AgainUITests-Runner.app/PlugIns/Dream\ AgainUITests.xctest/Frameworks --strip-bitcode --scan-executable /Applications/Xcode.app/Contents/Developer/Platforms/iPhoneSimulator.platform/Developer/usr/lib/libXCTestSwiftSupport.dylib --strip-bitcode-tool /Applications/Xcode.app/Contents/Developer/Toolchains/XcodeDefault.xctoolchain/usr/bin/bitcode_strip --emit-dependency-info /Users/shiv/Projects/iphone/Dream\ Again/DerivedData/Build/Intermediates.noindex/Dream\ Again.build/Debug-iphonesimulator/Dream\ AgainUITests.build/SwiftStdLibToolInputDependencies.dep --filter-for-swift-os

2026-09-15 02:26:09.736859+0700 Dream Again[58507:11527249] [Core] {"msg":"file does not exist... clearing", "file":/Library/Developer/CoreSimulator/Volumes/iOS_23F77/Library/Developer/CoreSimulator/Profiles/Runtimes/iOS 26.5.simruntime/Contents/Resources/RuntimeRoot/private/var/Managed Preferences/kCFPreferencesCurrentUser/com.apple.CoreMotion.plist, "error":Error Domain=NSCocoaErrorDomain Code=260 "The file “com.apple.CoreMotion.plist” couldn’t be opened because there is no such file." UserInfo={NSFilePath=/Library/Developer/CoreSimulator/Volumes/iOS_23F77/Library/Developer/CoreSimulator/Profiles/Runtimes/iOS 26.5.simruntime/Contents/Resources/RuntimeRoot/private/var/Managed Preferences/kCFPreferencesCurrentUser/com.apple.CoreMotion.plist, NSURL=file:///Library/Developer/CoreSimulator/Volumes/iOS_23F77/Library/Developer/CoreSimulator/Profiles/Runtimes/iOS%2026.5.simruntime/Contents/Resources/RuntimeRoot/private/var/Managed%20Preferences/kCFPreferencesCurrentUser/com.apple.CoreMotion.plist, NSUnderlyingError=0x105c84cf0 {Error Domain=NSPOSIXErrorDomain Code=2 "No such file or directory"}}}
2026-09-15 02:26:09.917533+0700 Dream Again[58507:11527152] [plugin] AddInstanceForFactory: No factory registered for id <CFUUID 0x108cb0400> F8BB1C28-BAE8-11D6-9C31-00039315CD46
2026-09-15 02:26:10.071090+0700 Dream Again[58507:11527255] [AMCP]          HALC_ProxyIOContext.cpp:1623  HALC_ProxyIOContext::IOWorkLoop: skipping cycle due to overload
2026-09-15 02:26:10.462318+0700 Dream Again[58507:11526743] [Foundation.IO] Could not locate file 'default-binaryarchive.metallib' in bundle.
2026-09-15 02:26:10.513949+0700 Dream Again[58507:11526743] [Assets] asset string 'engine:throttleGhosted.rematerial' parse failed: Invalid asset path: Unknown asset type suffix 'engine:throttleGhosted.rematerial'
2026-09-15 02:26:10.867813+0700 Dream Again[58507:11526743] [Assets] Could not resolve material name 'engine:BuiltinRenderGraphResources/AR/suFeatheringCreateMergedOcclusionMask.rematerial' in bundle at '/Users/shiv/Library/Developer/CoreSimulator/Devices/80DBBEEC-A752-43F6-A60E-2419BAE5B77E/data/Containers/Bundle/Application/2393C54B-1982-4BD5-B707-DB8099DAD460/Dream Again.app'. Loading via asset path.
2026-09-15 02:26:10.893878+0700 Dream Again[58507:11526743] [Assets] Could not resolve material name 'engine:BuiltinRenderGraphResources/AR/arKitPassthrough.rematerial' in bundle at '/Users/shiv/Library/Developer/CoreSimulator/Devices/80DBBEEC-A752-43F6-A60E-2419BAE5B77E/data/Containers/Bundle/Application/2393C54B-1982-4BD5-B707-DB8099DAD460/Dream Again.app'. Loading via asset path.
2026-09-15 02:26:10.895799+0700 Dream Again[58507:11526743] [Assets] Could not resolve material name 'engine:BuiltinRenderGraphResources/AR/arSegmentationComposite.rematerial' in bundle at '/Users/shiv/Library/Developer/CoreSimulator/Devices/80DBBEEC-A752-43F6-A60E-2419BAE5B77E/data/Containers/Bundle/Application/2393C54B-1982-4BD5-B707-DB8099DAD460/Dream Again.app'. Loading via asset path.
2026-09-15 02:26:10.897317+0700 Dream Again[58507:11526743] [Assets] Could not resolve material name 'engine:BuiltinRenderGraphResources/AR/arInPlacePostProcessCombinedPermute0.rematerial' in bundle at '/Users/shiv/Library/Developer/CoreSimulator/Devices/80DBBEEC-A752-43F6-A60E-2419BAE5B77E/data/Containers/Bundle/Application/2393C54B-1982-4BD5-B707-DB8099DAD460/Dream Again.app'. Loading via asset path.
2026-09-15 02:26:10.899305+0700 Dream Again[58507:11526743] [Assets] Could not resolve material name 'engine:BuiltinRenderGraphResources/AR/arInPlacePostProcessCombinedPermute1.rematerial' in bundle at '/Users/shiv/Library/Developer/CoreSimulator/Devices/80DBBEEC-A752-43F6-A60E-2419BAE5B77E/data/Containers/Bundle/Application/2393C54B-1982-4BD5-B707-DB8099DAD460/Dream Again.app'. Loading via asset path.
2026-09-15 02:26:10.900783+0700 Dream Again[58507:11526743] [Assets] Could not resolve material name 'engine:BuiltinRenderGraphResources/AR/arInPlacePostProcessCombinedPermute2.rematerial' in bundle at '/Users/shiv/Library/Developer/CoreSimulator/Devices/80DBBEEC-A752-43F6-A60E-2419BAE5B77E/data/Containers/Bundle/Application/2393C54B-1982-4BD5-B707-DB8099DAD460/Dream Again.app'. Loading via asset path.
2026-09-15 02:26:10.913085+0700 Dream Again[58507:11526743] [Assets] Could not resolve material name 'engine:BuiltinRenderGraphResources/AR/arInPlacePostProcessCombinedPermute3.rematerial' in bundle at '/Users/shiv/Library/Developer/CoreSimulator/Devices/80DBBEEC-A752-43F6-A60E-2419BAE5B77E/data/Containers/Bundle/Application/2393C54B-1982-4BD5-B707-DB8099DAD460/Dream Again.app'. Loading via asset path.
2026-09-15 02:26:10.914981+0700 Dream Again[58507:11526743] [Assets] Could not resolve material name 'engine:BuiltinRenderGraphResources/AR/arInPlacePostProcessCombinedPermute4.rematerial' in bundle at '/Users/shiv/Library/Developer/CoreSimulator/Devices/80DBBEEC-A752-43F6-A60E-2419BAE5B77E/data/Containers/Bundle/Application/2393C54B-1982-4BD5-B707-DB8099DAD460/Dream Again.app'. Loading via asset path.
2026-09-15 02:26:10.916634+0700 Dream Again[58507:11526743] [Assets] Could not resolve material name 'engine:BuiltinRenderGraphResources/AR/arInPlacePostProcessCombinedPermute5.rematerial' in bundle at '/Users/shiv/Library/Developer/CoreSimulator/Devices/80DBBEEC-A752-43F6-A60E-2419BAE5B77E/data/Containers/Bundle/Application/2393C54B-1982-4BD5-B707-DB8099DAD460/Dream Again.app'. Loading via asset path.
2026-09-15 02:26:10.918379+0700 Dream Again[58507:11526743] [Assets] Could not resolve material name 'engine:BuiltinRenderGraphResources/AR/arInPlacePostProcessCombinedPermute6.rematerial' in bundle at '/Users/shiv/Library/Developer/CoreSimulator/Devices/80DBBEEC-A752-43F6-A60E-2419BAE5B77E/data/Containers/Bundle/Application/2393C54B-1982-4BD5-B707-DB8099DAD460/Dream Again.app'. Loading via asset path.
2026-09-15 02:26:10.919973+0700 Dream Again[58507:11526743] [Assets] Could not resolve material name 'engine:BuiltinRenderGraphResources/AR/arInPlacePostProcessCombinedPermute7.rematerial' in bundle at '/Users/shiv/Library/Developer/CoreSimulator/Devices/80DBBEEC-A752-43F6-A60E-2419BAE5B77E/data/Containers/Bundle/Application/2393C54B-1982-4BD5-B707-DB8099DAD460/Dream Again.app'. Loading via asset path.
2026-09-15 02:26:10.922411+0700 Dream Again[58507:11526743] [Assets] Could not resolve material name 'engine:BuiltinRenderGraphResources/AR/arInPlacePostProcessCombinedPermute8.rematerial' in bundle at '/Users/shiv/Library/Developer/CoreSimulator/Devices/80DBBEEC-A752-43F6-A60E-2419BAE5B77E/data/Containers/Bundle/Application/2393C54B-1982-4BD5-B707-DB8099DAD460/Dream Again.app'. Loading via asset path.
2026-09-15 02:26:10.924270+0700 Dream Again[58507:11526743] [Assets] Could not resolve material name 'engine:BuiltinRenderGraphResources/AR/arInPlacePostProcessCombinedPermute9.rematerial' in bundle at '/Users/shiv/Library/Developer/CoreSimulator/Devices/80DBBEEC-A752-43F6-A60E-2419BAE5B77E/data/Containers/Bundle/Application/2393C54B-1982-4BD5-B707-DB8099DAD460/Dream Again.app'. Loading via asset path.
2026-09-15 02:26:10.925751+0700 Dream Again[58507:11526743] [Assets] Could not resolve material name 'engine:BuiltinRenderGraphResources/AR/arInPlacePostProcessCombinedPermute10.rematerial' in bundle at '/Users/shiv/Library/Developer/CoreSimulator/Devices/80DBBEEC-A752-43F6-A60E-2419BAE5B77E/data/Containers/Bundle/Application/2393C54B-1982-4BD5-B707-DB8099DAD460/Dream Again.app'. Loading via asset path.
2026-09-15 02:26:10.927137+0700 Dream Again[58507:11526743] [Assets] Could not resolve material name 'engine:BuiltinRenderGraphResources/AR/arInPlacePostProcessCombinedPermute11.rematerial' in bundle at '/Users/shiv/Library/Developer/CoreSimulator/Devices/80DBBEEC-A752-43F6-A60E-2419BAE5B77E/data/Containers/Bundle/Application/2393C54B-1982-4BD5-B707-DB8099DAD460/Dream Again.app'. Loading via asset path.
2026-09-15 02:26:10.928718+0700 Dream Again[58507:11526743] [Assets] Could not resolve material name 'engine:BuiltinRenderGraphResources/AR/arInPlacePostProcessCombinedPermute12.rematerial' in bundle at '/Users/shiv/Library/Developer/CoreSimulator/Devices/80DBBEEC-A752-43F6-A60E-2419BAE5B77E/data/Containers/Bundle/Application/2393C54B-1982-4BD5-B707-DB8099DAD460/Dream Again.app'. Loading via asset path.
2026-09-15 02:26:10.930366+0700 Dream Again[58507:11526743] [Assets] Could not resolve material name 'engine:BuiltinRenderGraphResources/AR/arInPlacePostProcessCombinedPermute13.rematerial' in bundle at '/Users/shiv/Library/Developer/CoreSimulator/Devices/80DBBEEC-A752-43F6-A60E-2419BAE5B77E/data/Containers/Bundle/Application/2393C54B-1982-4BD5-B707-DB8099DAD460/Dream Again.app'. Loading via asset path.
2026-09-15 02:26:10.932030+0700 Dream Again[58507:11526743] [Assets] Could not resolve material name 'engine:BuiltinRenderGraphResources/AR/arInPlacePostProcessCombinedPermute14.rematerial' in bundle at '/Users/shiv/Library/Developer/CoreSimulator/Devices/80DBBEEC-A752-43F6-A60E-2419BAE5B77E/data/Containers/Bundle/Application/2393C54B-1982-4BD5-B707-DB8099DAD460/Dream Again.app'. Loading via asset path.
2026-09-15 02:26:10.933571+0700 Dream Again[58507:11526743] [Assets] Could not resolve material name 'engine:BuiltinRenderGraphResources/AR/arInPlacePostProcessCombinedPermute15.rematerial' in bundle at '/Users/shiv/Library/Developer/CoreSimulator/Devices/80DBBEEC-A752-43F6-A60E-2419BAE5B77E/data/Containers/Bundle/Application/2393C54B-1982-4BD5-B707-DB8099DAD460/Dream Again.app'. Loading via asset path.
2026-09-15 02:26:15.739176+0700 Dream Again[58507:11527152] Compiler failed to build request
2026-09-15 02:26:15.739921+0700 Dream Again[58507:11527148] [Graphics] makeRenderPipelineState failed [reading from a rendertarget is not supported].
2026-09-15 02:26:15.740165+0700 Dream Again[58507:11527148] [Graphics] Pipeline for technique meshShadowCasterProgrammableBlending failed compilation!
Test Suite 'All tests' started at 2026-09-15 02:26:16.735.
Test Suite 'Dream AgainTests.xctest' started at 2026-09-15 02:26:16.740.
Test Suite 'Dream_AgainTests' started at 2026-09-15 02:26:16.740.
Test Case '-[Dream_AgainTests.Dream_AgainTests testAllHatsFitBothCharactersWithoutChangingTheRun]' started.
2026-09-15 02:26:16.842416+0700 Dream Again[58507:11526743] [Assets] Could not resolve material name 'engine:BuiltinRenderGraphResources/AR/suFeatheringCreateMergedOcclusionMask.rematerial' in bundle at '/Users/shiv/Library/Developer/CoreSimulator/Devices/80DBBEEC-A752-43F6-A60E-2419BAE5B77E/data/Containers/Bundle/Application/2393C54B-1982-4BD5-B707-DB8099DAD460/Dream Again.app'. Loading via asset path.
2026-09-15 02:26:16.842756+0700 Dream Again[58507:11526743] [Assets] Could not resolve material name 'engine:BuiltinRenderGraphResources/AR/arKitPassthrough.rematerial' in bundle at '/Users/shiv/Library/Developer/CoreSimulator/Devices/80DBBEEC-A752-43F6-A60E-2419BAE5B77E/data/Containers/Bundle/Application/2393C54B-1982-4BD5-B707-DB8099DAD460/Dream Again.app'. Loading via asset path.
2026-09-15 02:26:16.981560+0700 Dream Again[58507:11526743] [Assets] Could not resolve material name 'engine:BuiltinRenderGraphResources/AR/arSegmentationComposite.rematerial' in bundle at '/Users/shiv/Library/Developer/CoreSimulator/Devices/80DBBEEC-A752-43F6-A60E-2419BAE5B77E/data/Containers/Bundle/Application/2393C54B-1982-4BD5-B707-DB8099DAD460/Dream Again.app'. Loading via asset path.
2026-09-15 02:26:16.981823+0700 Dream Again[58507:11526743] [Assets] Could not resolve material name 'engine:BuiltinRenderGraphResources/AR/arInPlacePostProcessCombinedPermute0.rematerial' in bundle at '/Users/shiv/Library/Developer/CoreSimulator/Devices/80DBBEEC-A752-43F6-A60E-2419BAE5B77E/data/Containers/Bundle/Application/2393C54B-1982-4BD5-B707-DB8099DAD460/Dream Again.app'. Loading via asset path.
2026-09-15 02:26:16.982085+0700 Dream Again[58507:11526743] [Assets] Could not resolve material name 'engine:BuiltinRenderGraphResources/AR/arInPlacePostProcessCombinedPermute1.rematerial' in bundle at '/Users/shiv/Library/Developer/CoreSimulator/Devices/80DBBEEC-A752-43F6-A60E-2419BAE5B77E/data/Containers/Bundle/Application/2393C54B-1982-4BD5-B707-DB8099DAD460/Dream Again.app'. Loading via asset path.
2026-09-15 02:26:16.982279+0700 Dream Again[58507:11526743] [Assets] Could not resolve material name 'engine:BuiltinRenderGraphResources/AR/arInPlacePostProcessCombinedPermute2.rematerial' in bundle at '/Users/shiv/Library/Developer/CoreSimulator/Devices/80DBBEEC-A752-43F6-A60E-2419BAE5B77E/data/Containers/Bundle/Application/2393C54B-1982-4BD5-B707-DB8099DAD460/Dream Again.app'. Loading via asset path.
2026-09-15 02:26:16.982451+0700 Dream Again[58507:11526743] [Assets] Could not resolve material name 'engine:BuiltinRenderGraphResources/AR/arInPlacePostProcessCombinedPermute3.rematerial' in bundle at '/Users/shiv/Library/Developer/CoreSimulator/Devices/80DBBEEC-A752-43F6-A60E-2419BAE5B77E/data/Containers/Bundle/Application/2393C54B-1982-4BD5-B707-DB8099DAD460/Dream Again.app'. Loading via asset path.
2026-09-15 02:26:16.982600+0700 Dream Again[58507:11526743] [Assets] Could not resolve material name 'engine:BuiltinRenderGraphResources/AR/arInPlacePostProcessCombinedPermute4.rematerial' in bundle at '/Users/shiv/Library/Developer/CoreSimulator/Devices/80DBBEEC-A752-43F6-A60E-2419BAE5B77E/data/Containers/Bundle/Application/2393C54B-1982-4BD5-B707-DB8099DAD460/Dream Again.app'. Loading via asset path.
2026-09-15 02:26:16.982775+0700 Dream Again[58507:11526743] [Assets] Could not resolve material name 'engine:BuiltinRenderGraphResources/AR/arInPlacePostProcessCombinedPermute5.rematerial' in bundle at '/Users/shiv/Library/Developer/CoreSimulator/Devices/80DBBEEC-A752-43F6-A60E-2419BAE5B77E/data/Containers/Bundle/Application/2393C54B-1982-4BD5-B707-DB8099DAD460/Dream Again.app'. Loading via asset path.
2026-09-15 02:26:17.031770+0700 Dream Again[58507:11526743] [Assets] Could not resolve material name 'engine:BuiltinRenderGraphResources/AR/arInPlacePostProcessCombinedPermute6.rematerial' in bundle at '/Users/shiv/Library/Developer/CoreSimulator/Devices/80DBBEEC-A752-43F6-A60E-2419BAE5B77E/data/Containers/Bundle/Application/2393C54B-1982-4BD5-B707-DB8099DAD460/Dream Again.app'. Loading via asset path.
2026-09-15 02:26:17.032079+0700 Dream Again[58507:11526743] [Assets] Could not resolve material name 'engine:BuiltinRenderGraphResources/AR/arInPlacePostProcessCombinedPermute7.rematerial' in bundle at '/Users/shiv/Library/Developer/CoreSimulator/Devices/80DBBEEC-A752-43F6-A60E-2419BAE5B77E/data/Containers/Bundle/Application/2393C54B-1982-4BD5-B707-DB8099DAD460/Dream Again.app'. Loading via asset path.
2026-09-15 02:26:17.032287+0700 Dream Again[58507:11526743] [Assets] Could not resolve material name 'engine:BuiltinRenderGraphResources/AR/arInPlacePostProcessCombinedPermute8.rematerial' in bundle at '/Users/shiv/Library/Developer/CoreSimulator/Devices/80DBBEEC-A752-43F6-A60E-2419BAE5B77E/data/Containers/Bundle/Application/2393C54B-1982-4BD5-B707-DB8099DAD460/Dream Again.app'. Loading via asset path.
2026-09-15 02:26:17.032819+0700 Dream Again[58507:11526743] [Assets] Could not resolve material name 'engine:BuiltinRenderGraphResources/AR/arInPlacePostProcessCombinedPermute9.rematerial' in bundle at '/Users/shiv/Library/Developer/CoreSimulator/Devices/80DBBEEC-A752-43F6-A60E-2419BAE5B77E/data/Containers/Bundle/Application/2393C54B-1982-4BD5-B707-DB8099DAD460/Dream Again.app'. Loading via asset path.
2026-09-15 02:26:17.033056+0700 Dream Again[58507:11526743] [Assets] Could not resolve material name 'engine:BuiltinRenderGraphResources/AR/arInPlacePostProcessCombinedPermute10.rematerial' in bundle at '/Users/shiv/Library/Developer/CoreSimulator/Devices/80DBBEEC-A752-43F6-A60E-2419BAE5B77E/data/Containers/Bundle/Application/2393C54B-1982-4BD5-B707-DB8099DAD460/Dream Again.app'. Loading via asset path.
2026-09-15 02:26:17.034805+0700 Dream Again[58507:11526743] [Assets] Could not resolve material name 'engine:BuiltinRenderGraphResources/AR/arInPlacePostProcessCombinedPermute11.rematerial' in bundle at '/Users/shiv/Library/Developer/CoreSimulator/Devices/80DBBEEC-A752-43F6-A60E-2419BAE5B77E/data/Containers/Bundle/Application/2393C54B-1982-4BD5-B707-DB8099DAD460/Dream Again.app'. Loading via asset path.
2026-09-15 02:26:17.035023+0700 Dream Again[58507:11526743] [Assets] Could not resolve material name 'engine:BuiltinRenderGraphResources/AR/arInPlacePostProcessCombinedPermute12.rematerial' in bundle at '/Users/shiv/Library/Developer/CoreSimulator/Devices/80DBBEEC-A752-43F6-A60E-2419BAE5B77E/data/Containers/Bundle/Application/2393C54B-1982-4BD5-B707-DB8099DAD460/Dream Again.app'. Loading via asset path.
2026-09-15 02:26:17.035236+0700 Dream Again[58507:11526743] [Assets] Could not resolve material name 'engine:BuiltinRenderGraphResources/AR/arInPlacePostProcessCombinedPermute13.rematerial' in bundle at '/Users/shiv/Library/Developer/CoreSimulator/Devices/80DBBEEC-A752-43F6-A60E-2419BAE5B77E/data/Containers/Bundle/Application/2393C54B-1982-4BD5-B707-DB8099DAD460/Dream Again.app'. Loading via asset path.
2026-09-15 02:26:17.035390+0700 Dream Again[58507:11526743] [Assets] Could not resolve material name 'engine:BuiltinRenderGraphResources/AR/arInPlacePostProcessCombinedPermute14.rematerial' in bundle at '/Users/shiv/Library/Developer/CoreSimulator/Devices/80DBBEEC-A752-43F6-A60E-2419BAE5B77E/data/Containers/Bundle/Application/2393C54B-1982-4BD5-B707-DB8099DAD460/Dream Again.app'. Loading via asset path.
2026-09-15 02:26:17.035561+0700 Dream Again[58507:11526743] [Assets] Could not resolve material name 'engine:BuiltinRenderGraphResources/AR/arInPlacePostProcessCombinedPermute15.rematerial' in bundle at '/Users/shiv/Library/Developer/CoreSimulator/Devices/80DBBEEC-A752-43F6-A60E-2419BAE5B77E/data/Containers/Bundle/Application/2393C54B-1982-4BD5-B707-DB8099DAD460/Dream Again.app'. Loading via asset path.
2026-09-15 02:26:18.720161+0700 Dream Again[58507:11527582] [STS-N] exiting spatial tracking service update thread because wait returned 37
Test Case '-[Dream_AgainTests.Dream_AgainTests testAllHatsFitBothCharactersWithoutChangingTheRun]' passed (1.991 seconds).
Test Case '-[Dream_AgainTests.Dream_AgainTests testArtPreviewCannotEarnOrPersistRewards]' started.
2026-09-15 02:26:18.766653+0700 Dream Again[58507:11526743] [Assets] Could not resolve material name 'engine:BuiltinRenderGraphResources/AR/suFeatheringCreateMergedOcclusionMask.rematerial' in bundle at '/Users/shiv/Library/Developer/CoreSimulator/Devices/80DBBEEC-A752-43F6-A60E-2419BAE5B77E/data/Containers/Bundle/Application/2393C54B-1982-4BD5-B707-DB8099DAD460/Dream Again.app'. Loading via asset path.
2026-09-15 02:26:18.766781+0700 Dream Again[58507:11526743] [Assets] Could not resolve material name 'engine:BuiltinRenderGraphResources/AR/arKitPassthrough.rematerial' in bundle at '/Users/shiv/Library/Developer/CoreSimulator/Devices/80DBBEEC-A752-43F6-A60E-2419BAE5B77E/data/Containers/Bundle/Application/2393C54B-1982-4BD5-B707-DB8099DAD460/Dream Again.app'. Loading via asset path.
2026-09-15 02:26:18.766899+0700 Dream Again[58507:11526743] [Assets] Could not resolve material name 'engine:BuiltinRenderGraphResources/AR/arSegmentationComposite.rematerial' in bundle at '/Users/shiv/Library/Developer/CoreSimulator/Devices/80DBBEEC-A752-43F6-A60E-2419BAE5B77E/data/Containers/Bundle/Application/2393C54B-1982-4BD5-B707-DB8099DAD460/Dream Again.app'. Loading via asset path.
2026-09-15 02:26:18.767016+0700 Dream Again[58507:11526743] [Assets] Could not resolve material name 'engine:BuiltinRenderGraphResources/AR/arInPlacePostProcessCombinedPermute0.rematerial' in bundle at '/Users/shiv/Library/Developer/CoreSimulator/Devices/80DBBEEC-A752-43F6-A60E-2419BAE5B77E/data/Containers/Bundle/Application/2393C54B-1982-4BD5-B707-DB8099DAD460/Dream Again.app'. Loading via asset path.
2026-09-15 02:26:18.767109+0700 Dream Again[58507:11526743] [Assets] Could not resolve material name 'engine:BuiltinRenderGraphResources/AR/arInPlacePostProcessCombinedPermute1.rematerial' in bundle at '/Users/shiv/Library/Developer/CoreSimulator/Devices/80DBBEEC-A752-43F6-A60E-2419BAE5B77E/data/Containers/Bundle/Application/2393C54B-1982-4BD5-B707-DB8099DAD460/Dream Again.app'. Loading via asset path.
2026-09-15 02:26:18.767191+0700 Dream Again[58507:11526743] [Assets] Could not resolve material name 'engine:BuiltinRenderGraphResources/AR/arInPlacePostProcessCombinedPermute2.rematerial' in bundle at '/Users/shiv/Library/Developer/CoreSimulator/Devices/80DBBEEC-A752-43F6-A60E-2419BAE5B77E/data/Containers/Bundle/Application/2393C54B-1982-4BD5-B707-DB8099DAD460/Dream Again.app'. Loading via asset path.
2026-09-15 02:26:18.767792+0700 Dream Again[58507:11526743] [Assets] Could not resolve material name 'engine:BuiltinRenderGraphResources/AR/arInPlacePostProcessCombinedPermute3.rematerial' in bundle at '/Users/shiv/Library/Developer/CoreSimulator/Devices/80DBBEEC-A752-43F6-A60E-2419BAE5B77E/data/Containers/Bundle/Application/2393C54B-1982-4BD5-B707-DB8099DAD460/Dream Again.app'. Loading via asset path.
2026-09-15 02:26:18.767896+0700 Dream Again[58507:11526743] [Assets] Could not resolve material name 'engine:BuiltinRenderGraphResources/AR/arInPlacePostProcessCombinedPermute4.rematerial' in bundle at '/Users/shiv/Library/Developer/CoreSimulator/Devices/80DBBEEC-A752-43F6-A60E-2419BAE5B77E/data/Containers/Bundle/Application/2393C54B-1982-4BD5-B707-DB8099DAD460/Dream Again.app'. Loading via asset path.
2026-09-15 02:26:18.768002+0700 Dream Again[58507:11526743] [Assets] Could not resolve material name 'engine:BuiltinRenderGraphResources/AR/arInPlacePostProcessCombinedPermute5.rematerial' in bundle at '/Users/shiv/Library/Developer/CoreSimulator/Devices/80DBBEEC-A752-43F6-A60E-2419BAE5B77E/data/Containers/Bundle/Application/2393C54B-1982-4BD5-B707-DB8099DAD460/Dream Again.app'. Loading via asset path.
2026-09-15 02:26:18.768083+0700 Dream Again[58507:11526743] [Assets] Could not resolve material name 'engine:BuiltinRenderGraphResources/AR/arInPlacePostProcessCombinedPermute6.rematerial' in bundle at '/Users/shiv/Library/Developer/CoreSimulator/Devices/80DBBEEC-A752-43F6-A60E-2419BAE5B77E/data/Containers/Bundle/Application/2393C54B-1982-4BD5-B707-DB8099DAD460/Dream Again.app'. Loading via asset path.
2026-09-15 02:26:18.768179+0700 Dream Again[58507:11526743] [Assets] Could not resolve material name 'engine:BuiltinRenderGraphResources/AR/arInPlacePostProcessCombinedPermute7.rematerial' in bundle at '/Users/shiv/Library/Developer/CoreSimulator/Devices/80DBBEEC-A752-43F6-A60E-2419BAE5B77E/data/Containers/Bundle/Application/2393C54B-1982-4BD5-B707-DB8099DAD460/Dream Again.app'. Loading via asset path.
2026-09-15 02:26:18.768286+0700 Dream Again[58507:11526743] [Assets] Could not resolve material name 'engine:BuiltinRenderGraphResources/AR/arInPlacePostProcessCombinedPermute8.rematerial' in bundle at '/Users/shiv/Library/Developer/CoreSimulator/Devices/80DBBEEC-A752-43F6-A60E-2419BAE5B77E/data/Containers/Bundle/Application/2393C54B-1982-4BD5-B707-DB8099DAD460/Dream Again.app'. Loading via asset path.
2026-09-15 02:26:18.768371+0700 Dream Again[58507:11526743] [Assets] Could not resolve material name 'engine:BuiltinRenderGraphResources/AR/arInPlacePostProcessCombinedPermute9.rematerial' in bundle at '/Users/shiv/Library/Developer/CoreSimulator/Devices/80DBBEEC-A752-43F6-A60E-2419BAE5B77E/data/Containers/Bundle/Application/2393C54B-1982-4BD5-B707-DB8099DAD460/Dream Again.app'. Loading via asset path.
2026-09-15 02:26:18.768444+0700 Dream Again[58507:11526743] [Assets] Could not resolve material name 'engine:BuiltinRenderGraphResources/AR/arInPlacePostProcessCombinedPermute10.rematerial' in bundle at '/Users/shiv/Library/Developer/CoreSimulator/Devices/80DBBEEC-A752-43F6-A60E-2419BAE5B77E/data/Containers/Bundle/Application/2393C54B-1982-4BD5-B707-DB8099DAD460/Dream Again.app'. Loading via asset path.
2026-09-15 02:26:18.768515+0700 Dream Again[58507:11526743] [Assets] Could not resolve material name 'engine:BuiltinRenderGraphResources/AR/arInPlacePostProcessCombinedPermute11.rematerial' in bundle at '/Users/shiv/Library/Developer/CoreSimulator/Devices/80DBBEEC-A752-43F6-A60E-2419BAE5B77E/data/Containers/Bundle/Application/2393C54B-1982-4BD5-B707-DB8099DAD460/Dream Again.app'. Loading via asset path.
2026-09-15 02:26:18.768641+0700 Dream Again[58507:11526743] [Assets] Could not resolve material name 'engine:BuiltinRenderGraphResources/AR/arInPlacePostProcessCombinedPermute12.rematerial' in bundle at '/Users/shiv/Library/Developer/CoreSimulator/Devices/80DBBEEC-A752-43F6-A60E-2419BAE5B77E/data/Containers/Bundle/Application/2393C54B-1982-4BD5-B707-DB8099DAD460/Dream Again.app'. Loading via asset path.
2026-09-15 02:26:18.768717+0700 Dream Again[58507:11526743] [Assets] Could not resolve material name 'engine:BuiltinRenderGraphResources/AR/arInPlacePostProcessCombinedPermute13.rematerial' in bundle at '/Users/shiv/Library/Developer/CoreSimulator/Devices/80DBBEEC-A752-43F6-A60E-2419BAE5B77E/data/Containers/Bundle/Application/2393C54B-1982-4BD5-B707-DB8099DAD460/Dream Again.app'. Loading via asset path.
2026-09-15 02:26:18.768788+0700 Dream Again[58507:11526743] [Assets] Could not resolve material name 'engine:BuiltinRenderGraphResources/AR/arInPlacePostProcessCombinedPermute14.rematerial' in bundle at '/Users/shiv/Library/Developer/CoreSimulator/Devices/80DBBEEC-A752-43F6-A60E-2419BAE5B77E/data/Containers/Bundle/Application/2393C54B-1982-4BD5-B707-DB8099DAD460/Dream Again.app'. Loading via asset path.
2026-09-15 02:26:18.768895+0700 Dream Again[58507:11526743] [Assets] Could not resolve material name 'engine:BuiltinRenderGraphResources/AR/arInPlacePostProcessCombinedPermute15.rematerial' in bundle at '/Users/shiv/Library/Developer/CoreSimulator/Devices/80DBBEEC-A752-43F6-A60E-2419BAE5B77E/data/Containers/Bundle/Application/2393C54B-1982-4BD5-B707-DB8099DAD460/Dream Again.app'. Loading via asset path.
2026-09-15 02:26:19.898546+0700 Dream Again[58507:11527603] [STS-N] exiting spatial tracking service update thread because wait returned 37
Test Case '-[Dream_AgainTests.Dream_AgainTests testArtPreviewCannotEarnOrPersistRewards]' passed (1.170 seconds).
Test Case '-[Dream_AgainTests.Dream_AgainTests testBalloonsMoveWithoutRebuildingAndPopEffectsExpire]' started.
2026-09-15 02:26:19.944621+0700 Dream Again[58507:11526743] [Assets] Could not resolve material name 'engine:BuiltinRenderGraphResources/AR/suFeatheringCreateMergedOcclusionMask.rematerial' in bundle at '/Users/shiv/Library/Developer/CoreSimulator/Devices/80DBBEEC-A752-43F6-A60E-2419BAE5B77E/data/Containers/Bundle/Application/2393C54B-1982-4BD5-B707-DB8099DAD460/Dream Again.app'. Loading via asset path.
2026-09-15 02:26:19.944783+0700 Dream Again[58507:11526743] [Assets] Could not resolve material name 'engine:BuiltinRenderGraphResources/AR/arKitPassthrough.rematerial' in bundle at '/Users/shiv/Library/Developer/CoreSimulator/Devices/80DBBEEC-A752-43F6-A60E-2419BAE5B77E/data/Containers/Bundle/Application/2393C54B-1982-4BD5-B707-DB8099DAD460/Dream Again.app'. Loading via asset path.
2026-09-15 02:26:19.944886+0700 Dream Again[58507:11526743] [Assets] Could not resolve material name 'engine:BuiltinRenderGraphResources/AR/arSegmentationComposite.rematerial' in bundle at '/Users/shiv/Library/Developer/CoreSimulator/Devices/80DBBEEC-A752-43F6-A60E-2419BAE5B77E/data/Containers/Bundle/Application/2393C54B-1982-4BD5-B707-DB8099DAD460/Dream Again.app'. Loading via asset path.
2026-09-15 02:26:19.945014+0700 Dream Again[58507:11526743] [Assets] Could not resolve material name 'engine:BuiltinRenderGraphResources/AR/arInPlacePostProcessCombinedPermute0.rematerial' in bundle at '/Users/shiv/Library/Developer/CoreSimulator/Devices/80DBBEEC-A752-43F6-A60E-2419BAE5B77E/data/Containers/Bundle/Application/2393C54B-1982-4BD5-B707-DB8099DAD460/Dream Again.app'. Loading via asset path.
2026-09-15 02:26:19.945162+0700 Dream Again[58507:11526743] [Assets] Could not resolve material name 'engine:BuiltinRenderGraphResources/AR/arInPlacePostProcessCombinedPermute1.rematerial' in bundle at '/Users/shiv/Library/Developer/CoreSimulator/Devices/80DBBEEC-A752-43F6-A60E-2419BAE5B77E/data/Containers/Bundle/Application/2393C54B-1982-4BD5-B707-DB8099DAD460/Dream Again.app'. Loading via asset path.
2026-09-15 02:26:19.945247+0700 Dream Again[58507:11526743] [Assets] Could not resolve material name 'engine:BuiltinRenderGraphResources/AR/arInPlacePostProcessCombinedPermute2.rematerial' in bundle at '/Users/shiv/Library/Developer/CoreSimulator/Devices/80DBBEEC-A752-43F6-A60E-2419BAE5B77E/data/Containers/Bundle/Application/2393C54B-1982-4BD5-B707-DB8099DAD460/Dream Again.app'. Loading via asset path.
2026-09-15 02:26:19.945344+0700 Dream Again[58507:11526743] [Assets] Could not resolve material name 'engine:BuiltinRenderGraphResources/AR/arInPlacePostProcessCombinedPermute3.rematerial' in bundle at '/Users/shiv/Library/Developer/CoreSimulator/Devices/80DBBEEC-A752-43F6-A60E-2419BAE5B77E/data/Containers/Bundle/Application/2393C54B-1982-4BD5-B707-DB8099DAD460/Dream Again.app'. Loading via asset path.
2026-09-15 02:26:19.945905+0700 Dream Again[58507:11526743] [Assets] Could not resolve material name 'engine:BuiltinRenderGraphResources/AR/arInPlacePostProcessCombinedPermute4.rematerial' in bundle at '/Users/shiv/Library/Developer/CoreSimulator/Devices/80DBBEEC-A752-43F6-A60E-2419BAE5B77E/data/Containers/Bundle/Application/2393C54B-1982-4BD5-B707-DB8099DAD460/Dream Again.app'. Loading via asset path.
2026-09-15 02:26:19.945982+0700 Dream Again[58507:11526743] [Assets] Could not resolve material name 'engine:BuiltinRenderGraphResources/AR/arInPlacePostProcessCombinedPermute5.rematerial' in bundle at '/Users/shiv/Library/Developer/CoreSimulator/Devices/80DBBEEC-A752-43F6-A60E-2419BAE5B77E/data/Containers/Bundle/Application/2393C54B-1982-4BD5-B707-DB8099DAD460/Dream Again.app'. Loading via asset path.
2026-09-15 02:26:19.946190+0700 Dream Again[58507:11526743] [Assets] Could not resolve material name 'engine:BuiltinRenderGraphResources/AR/arInPlacePostProcessCombinedPermute6.rematerial' in bundle at '/Users/shiv/Library/Developer/CoreSimulator/Devices/80DBBEEC-A752-43F6-A60E-2419BAE5B77E/data/Containers/Bundle/Application/2393C54B-1982-4BD5-B707-DB8099DAD460/Dream Again.app'. Loading via asset path.
2026-09-15 02:26:19.946268+0700 Dream Again[58507:11526743] [Assets] Could not resolve material name 'engine:BuiltinRenderGraphResources/AR/arInPlacePostProcessCombinedPermute7.rematerial' in bundle at '/Users/shiv/Library/Developer/CoreSimulator/Devices/80DBBEEC-A752-43F6-A60E-2419BAE5B77E/data/Containers/Bundle/Application/2393C54B-1982-4BD5-B707-DB8099DAD460/Dream Again.app'. Loading via asset path.
2026-09-15 02:26:19.946345+0700 Dream Again[58507:11526743] [Assets] Could not resolve material name 'engine:BuiltinRenderGraphResources/AR/arInPlacePostProcessCombinedPermute8.rematerial' in bundle at '/Users/shiv/Library/Developer/CoreSimulator/Devices/80DBBEEC-A752-43F6-A60E-2419BAE5B77E/data/Containers/Bundle/Application/2393C54B-1982-4BD5-B707-DB8099DAD460/Dream Again.app'. Loading via asset path.
2026-09-15 02:26:19.946417+0700 Dream Again[58507:11526743] [Assets] Could not resolve material name 'engine:BuiltinRenderGraphResources/AR/arInPlacePostProcessCombinedPermute9.rematerial' in bundle at '/Users/shiv/Library/Developer/CoreSimulator/Devices/80DBBEEC-A752-43F6-A60E-2419BAE5B77E/data/Containers/Bundle/Application/2393C54B-1982-4BD5-B707-DB8099DAD460/Dream Again.app'. Loading via asset path.
2026-09-15 02:26:19.946494+0700 Dream Again[58507:11526743] [Assets] Could not resolve material name 'engine:BuiltinRenderGraphResources/AR/arInPlacePostProcessCombinedPermute10.rematerial' in bundle at '/Users/shiv/Library/Developer/CoreSimulator/Devices/80DBBEEC-A752-43F6-A60E-2419BAE5B77E/data/Containers/Bundle/Application/2393C54B-1982-4BD5-B707-DB8099DAD460/Dream Again.app'. Loading via asset path.
2026-09-15 02:26:19.946599+0700 Dream Again[58507:11526743] [Assets] Could not resolve material name 'engine:BuiltinRenderGraphResources/AR/arInPlacePostProcessCombinedPermute11.rematerial' in bundle at '/Users/shiv/Library/Developer/CoreSimulator/Devices/80DBBEEC-A752-43F6-A60E-2419BAE5B77E/data/Containers/Bundle/Application/2393C54B-1982-4BD5-B707-DB8099DAD460/Dream Again.app'. Loading via asset path.
2026-09-15 02:26:19.946674+0700 Dream Again[58507:11526743] [Assets] Could not resolve material name 'engine:BuiltinRenderGraphResources/AR/arInPlacePostProcessCombinedPermute12.rematerial' in bundle at '/Users/shiv/Library/Developer/CoreSimulator/Devices/80DBBEEC-A752-43F6-A60E-2419BAE5B77E/data/Containers/Bundle/Application/2393C54B-1982-4BD5-B707-DB8099DAD460/Dream Again.app'. Loading via asset path.
2026-09-15 02:26:19.946752+0700 Dream Again[58507:11526743] [Assets] Could not resolve material name 'engine:BuiltinRenderGraphResources/AR/arInPlacePostProcessCombinedPermute13.rematerial' in bundle at '/Users/shiv/Library/Developer/CoreSimulator/Devices/80DBBEEC-A752-43F6-A60E-2419BAE5B77E/data/Containers/Bundle/Application/2393C54B-1982-4BD5-B707-DB8099DAD460/Dream Again.app'. Loading via asset path.
2026-09-15 02:26:19.946823+0700 Dream Again[58507:11526743] [Assets] Could not resolve material name 'engine:BuiltinRenderGraphResources/AR/arInPlacePostProcessCombinedPermute14.rematerial' in bundle at '/Users/shiv/Library/Developer/CoreSimulator/Devices/80DBBEEC-A752-43F6-A60E-2419BAE5B77E/data/Containers/Bundle/Application/2393C54B-1982-4BD5-B707-DB8099DAD460/Dream Again.app'. Loading via asset path.
2026-09-15 02:26:19.946900+0700 Dream Again[58507:11526743] [Assets] Could not resolve material name 'engine:BuiltinRenderGraphResources/AR/arInPlacePostProcessCombinedPermute15.rematerial' in bundle at '/Users/shiv/Library/Developer/CoreSimulator/Devices/80DBBEEC-A752-43F6-A60E-2419BAE5B77E/data/Containers/Bundle/Application/2393C54B-1982-4BD5-B707-DB8099DAD460/Dream Again.app'. Loading via asset path.
2026-09-15 02:26:21.075171+0700 Dream Again[58507:11527631] [STS-N] exiting spatial tracking service update thread because wait returned 37
Test Case '-[Dream_AgainTests.Dream_AgainTests testBalloonsMoveWithoutRebuildingAndPopEffectsExpire]' passed (1.178 seconds).
Test Case '-[Dream_AgainTests.Dream_AgainTests testCollageRebaseTransitionsAndCPUProfile]' started.
2026-09-15 02:26:21.137344+0700 Dream Again[58507:11526743] [Assets] Could not resolve material name 'engine:BuiltinRenderGraphResources/AR/suFeatheringCreateMergedOcclusionMask.rematerial' in bundle at '/Users/shiv/Library/Developer/CoreSimulator/Devices/80DBBEEC-A752-43F6-A60E-2419BAE5B77E/data/Containers/Bundle/Application/2393C54B-1982-4BD5-B707-DB8099DAD460/Dream Again.app'. Loading via asset path.
2026-09-15 02:26:21.138724+0700 Dream Again[58507:11526743] [Assets] Could not resolve material name 'engine:BuiltinRenderGraphResources/AR/arKitPassthrough.rematerial' in bundle at '/Users/shiv/Library/Developer/CoreSimulator/Devices/80DBBEEC-A752-43F6-A60E-2419BAE5B77E/data/Containers/Bundle/Application/2393C54B-1982-4BD5-B707-DB8099DAD460/Dream Again.app'. Loading via asset path.
2026-09-15 02:26:21.138897+0700 Dream Again[58507:11526743] [Assets] Could not resolve material name 'engine:BuiltinRenderGraphResources/AR/arSegmentationComposite.rematerial' in bundle at '/Users/shiv/Library/Developer/CoreSimulator/Devices/80DBBEEC-A752-43F6-A60E-2419BAE5B77E/data/Containers/Bundle/Application/2393C54B-1982-4BD5-B707-DB8099DAD460/Dream Again.app'. Loading via asset path.
2026-09-15 02:26:21.140487+0700 Dream Again[58507:11526743] [Assets] Could not resolve material name 'engine:BuiltinRenderGraphResources/AR/arInPlacePostProcessCombinedPermute0.rematerial' in bundle at '/Users/shiv/Library/Developer/CoreSimulator/Devices/80DBBEEC-A752-43F6-A60E-2419BAE5B77E/data/Containers/Bundle/Application/2393C54B-1982-4BD5-B707-DB8099DAD460/Dream Again.app'. Loading via asset path.
2026-09-15 02:26:21.140647+0700 Dream Again[58507:11526743] [Assets] Could not resolve material name 'engine:BuiltinRenderGraphResources/AR/arInPlacePostProcessCombinedPermute1.rematerial' in bundle at '/Users/shiv/Library/Developer/CoreSimulator/Devices/80DBBEEC-A752-43F6-A60E-2419BAE5B77E/data/Containers/Bundle/Application/2393C54B-1982-4BD5-B707-DB8099DAD460/Dream Again.app'. Loading via asset path.
2026-09-15 02:26:21.140774+0700 Dream Again[58507:11526743] [Assets] Could not resolve material name 'engine:BuiltinRenderGraphResources/AR/arInPlacePostProcessCombinedPermute2.rematerial' in bundle at '/Users/shiv/Library/Developer/CoreSimulator/Devices/80DBBEEC-A752-43F6-A60E-2419BAE5B77E/data/Containers/Bundle/Application/2393C54B-1982-4BD5-B707-DB8099DAD460/Dream Again.app'. Loading via asset path.
2026-09-15 02:26:21.142064+0700 Dream Again[58507:11526743] [Assets] Could not resolve material name 'engine:BuiltinRenderGraphResources/AR/arInPlacePostProcessCombinedPermute3.rematerial' in bundle at '/Users/shiv/Library/Developer/CoreSimulator/Devices/80DBBEEC-A752-43F6-A60E-2419BAE5B77E/data/Containers/Bundle/Application/2393C54B-1982-4BD5-B707-DB8099DAD460/Dream Again.app'. Loading via asset path.
2026-09-15 02:26:21.142197+0700 Dream Again[58507:11526743] [Assets] Could not resolve material name 'engine:BuiltinRenderGraphResources/AR/arInPlacePostProcessCombinedPermute4.rematerial' in bundle at '/Users/shiv/Library/Developer/CoreSimulator/Devices/80DBBEEC-A752-43F6-A60E-2419BAE5B77E/data/Containers/Bundle/Application/2393C54B-1982-4BD5-B707-DB8099DAD460/Dream Again.app'. Loading via asset path.
2026-09-15 02:26:21.142473+0700 Dream Again[58507:11526743] [Assets] Could not resolve material name 'engine:BuiltinRenderGraphResources/AR/arInPlacePostProcessCombinedPermute5.rematerial' in bundle at '/Users/shiv/Library/Developer/CoreSimulator/Devices/80DBBEEC-A752-43F6-A60E-2419BAE5B77E/data/Containers/Bundle/Application/2393C54B-1982-4BD5-B707-DB8099DAD460/Dream Again.app'. Loading via asset path.
2026-09-15 02:26:21.142607+0700 Dream Again[58507:11526743] [Assets] Could not resolve material name 'engine:BuiltinRenderGraphResources/AR/arInPlacePostProcessCombinedPermute6.rematerial' in bundle at '/Users/shiv/Library/Developer/CoreSimulator/Devices/80DBBEEC-A752-43F6-A60E-2419BAE5B77E/data/Containers/Bundle/Application/2393C54B-1982-4BD5-B707-DB8099DAD460/Dream Again.app'. Loading via asset path.
2026-09-15 02:26:21.142711+0700 Dream Again[58507:11526743] [Assets] Could not resolve material name 'engine:BuiltinRenderGraphResources/AR/arInPlacePostProcessCombinedPermute7.rematerial' in bundle at '/Users/shiv/Library/Developer/CoreSimulator/Devices/80DBBEEC-A752-43F6-A60E-2419BAE5B77E/data/Containers/Bundle/Application/2393C54B-1982-4BD5-B707-DB8099DAD460/Dream Again.app'. Loading via asset path.
2026-09-15 02:26:21.144481+0700 Dream Again[58507:11526743] [Assets] Could not resolve material name 'engine:BuiltinRenderGraphResources/AR/arInPlacePostProcessCombinedPermute8.rematerial' in bundle at '/Users/shiv/Library/Developer/CoreSimulator/Devices/80DBBEEC-A752-43F6-A60E-2419BAE5B77E/data/Containers/Bundle/Application/2393C54B-1982-4BD5-B707-DB8099DAD460/Dream Again.app'. Loading via asset path.
2026-09-15 02:26:21.144598+0700 Dream Again[58507:11526743] [Assets] Could not resolve material name 'engine:BuiltinRenderGraphResources/AR/arInPlacePostProcessCombinedPermute9.rematerial' in bundle at '/Users/shiv/Library/Developer/CoreSimulator/Devices/80DBBEEC-A752-43F6-A60E-2419BAE5B77E/data/Containers/Bundle/Application/2393C54B-1982-4BD5-B707-DB8099DAD460/Dream Again.app'. Loading via asset path.
2026-09-15 02:26:21.145144+0700 Dream Again[58507:11526743] [Assets] Could not resolve material name 'engine:BuiltinRenderGraphResources/AR/arInPlacePostProcessCombinedPermute10.rematerial' in bundle at '/Users/shiv/Library/Developer/CoreSimulator/Devices/80DBBEEC-A752-43F6-A60E-2419BAE5B77E/data/Containers/Bundle/Application/2393C54B-1982-4BD5-B707-DB8099DAD460/Dream Again.app'. Loading via asset path.
2026-09-15 02:26:21.145262+0700 Dream Again[58507:11526743] [Assets] Could not resolve material name 'engine:BuiltinRenderGraphResources/AR/arInPlacePostProcessCombinedPermute11.rematerial' in bundle at '/Users/shiv/Library/Developer/CoreSimulator/Devices/80DBBEEC-A752-43F6-A60E-2419BAE5B77E/data/Containers/Bundle/Application/2393C54B-1982-4BD5-B707-DB8099DAD460/Dream Again.app'. Loading via asset path.
2026-09-15 02:26:21.145360+0700 Dream Again[58507:11526743] [Assets] Could not resolve material name 'engine:BuiltinRenderGraphResources/AR/arInPlacePostProcessCombinedPermute12.rematerial' in bundle at '/Users/shiv/Library/Developer/CoreSimulator/Devices/80DBBEEC-A752-43F6-A60E-2419BAE5B77E/data/Containers/Bundle/Application/2393C54B-1982-4BD5-B707-DB8099DAD460/Dream Again.app'. Loading via asset path.
2026-09-15 02:26:21.145503+0700 Dream Again[58507:11526743] [Assets] Could not resolve material name 'engine:BuiltinRenderGraphResources/AR/arInPlacePostProcessCombinedPermute13.rematerial' in bundle at '/Users/shiv/Library/Developer/CoreSimulator/Devices/80DBBEEC-A752-43F6-A60E-2419BAE5B77E/data/Containers/Bundle/Application/2393C54B-1982-4BD5-B707-DB8099DAD460/Dream Again.app'. Loading via asset path.
2026-09-15 02:26:21.145601+0700 Dream Again[58507:11526743] [Assets] Could not resolve material name 'engine:BuiltinRenderGraphResources/AR/arInPlacePostProcessCombinedPermute14.rematerial' in bundle at '/Users/shiv/Library/Developer/CoreSimulator/Devices/80DBBEEC-A752-43F6-A60E-2419BAE5B77E/data/Containers/Bundle/Application/2393C54B-1982-4BD5-B707-DB8099DAD460/Dream Again.app'. Loading via asset path.
2026-09-15 02:26:21.145877+0700 Dream Again[58507:11526743] [Assets] Could not resolve material name 'engine:BuiltinRenderGraphResources/AR/arInPlacePostProcessCombinedPermute15.rematerial' in bundle at '/Users/shiv/Library/Developer/CoreSimulator/Devices/80DBBEEC-A752-43F6-A60E-2419BAE5B77E/data/Containers/Bundle/Application/2393C54B-1982-4BD5-B707-DB8099DAD460/Dream Again.app'. Loading via asset path.
2026-09-15 02:26:21.912047+0700 Dream Again[58507:11527364] [API] [CAMetalLayer nextDrawable] returning nil because allocation failed.
2026-09-15 02:26:21.940432+0700 Dream Again[58507:11527364] [API] [CAMetalLayer nextDrawable] returning nil because allocation failed.
2026-09-15 02:26:22.257877+0700 Dream Again[58507:11527364] [API] [CAMetalLayer nextDrawable] returning nil because allocation failed.
2026-09-15 02:26:22.266871+0700 Dream Again[58507:11527364] [API] [CAMetalLayer nextDrawable] returning nil because allocation failed.
2026-09-15 02:26:22.274866+0700 Dream Again[58507:11527364] [API] [CAMetalLayer nextDrawable] returning nil because allocation failed.
2026-09-15 02:26:22.285286+0700 Dream Again[58507:11527364] [API] [CAMetalLayer nextDrawable] returning nil because allocation failed.
2026-09-15 02:26:22.302682+0700 Dream Again[58507:11527364] [API] [CAMetalLayer nextDrawable] returning nil because allocation failed.
2026-09-15 02:26:22.318581+0700 Dream Again[58507:11527364] [API] [CAMetalLayer nextDrawable] returning nil because allocation failed.
2026-09-15 02:26:22.336014+0700 Dream Again[58507:11527364] [API] [CAMetalLayer nextDrawable] returning nil because allocation failed.
2026-09-15 02:26:22.351845+0700 Dream Again[58507:11527364] [API] [CAMetalLayer nextDrawable] returning nil because allocation failed.
2026-09-15 02:26:22.369329+0700 Dream Again[58507:11527364] [API] [CAMetalLayer nextDrawable] returning nil because allocation failed.
2026-09-15 02:26:22.384767+0700 Dream Again[58507:11527364] [API] [CAMetalLayer nextDrawable] returning nil because allocation failed.
2026-09-15 02:26:22.402986+0700 Dream Again[58507:11527364] [API] [CAMetalLayer nextDrawable] returning nil because allocation failed.
2026-09-15 02:26:22.418069+0700 Dream Again[58507:11527364] [API] [CAMetalLayer nextDrawable] returning nil because allocation failed.
2026-09-15 02:26:22.435962+0700 Dream Again[58507:11527364] [API] [CAMetalLayer nextDrawable] returning nil because allocation failed.
2026-09-15 02:26:22.451075+0700 Dream Again[58507:11527364] [API] [CAMetalLayer nextDrawable] returning nil because allocation failed.
2026-09-15 02:26:22.469466+0700 Dream Again[58507:11527364] [API] [CAMetalLayer nextDrawable] returning nil because allocation failed.
2026-09-15 02:26:22.484401+0700 Dream Again[58507:11527364] [API] [CAMetalLayer nextDrawable] returning nil because allocation failed.
2026-09-15 02:26:22.501553+0700 Dream Again[58507:11527364] [API] [CAMetalLayer nextDrawable] returning nil because allocation failed.
2026-09-15 02:26:22.518208+0700 Dream Again[58507:11527364] [API] [CAMetalLayer nextDrawable] returning nil because allocation failed.
2026-09-15 02:26:22.536428+0700 Dream Again[58507:11527364] [API] [CAMetalLayer nextDrawable] returning nil because allocation failed.
2026-09-15 02:26:22.551798+0700 Dream Again[58507:11527364] [API] [CAMetalLayer nextDrawable] returning nil because allocation failed.
2026-09-15 02:26:22.569284+0700 Dream Again[58507:11527364] [API] [CAMetalLayer nextDrawable] returning nil because allocation failed.
2026-09-15 02:26:22.584735+0700 Dream Again[58507:11527364] [API] [CAMetalLayer nextDrawable] returning nil because allocation failed.
2026-09-15 02:26:22.618704+0700 Dream Again[58507:11527364] [API] [CAMetalLayer nextDrawable] returning nil because allocation failed.
2026-09-15 02:26:22.634756+0700 Dream Again[58507:11527364] [API] [CAMetalLayer nextDrawable] returning nil because allocation failed.
2026-09-15 02:26:22.652333+0700 Dream Again[58507:11527364] [API] [CAMetalLayer nextDrawable] returning nil because allocation failed.
2026-09-15 02:26:22.667698+0700 Dream Again[58507:11527364] [API] [CAMetalLayer nextDrawable] returning nil because allocation failed.
2026-09-15 02:26:22.685672+0700 Dream Again[58507:11527364] [API] [CAMetalLayer nextDrawable] returning nil because allocation failed.
2026-09-15 02:26:22.701282+0700 Dream Again[58507:11527364] [API] [CAMetalLayer nextDrawable] returning nil because allocation failed.
2026-09-15 02:26:22.718795+0700 Dream Again[58507:11527364] [API] [CAMetalLayer nextDrawable] returning nil because allocation failed.
2026-09-15 02:26:22.734743+0700 Dream Again[58507:11527364] [API] [CAMetalLayer nextDrawable] returning nil because allocation failed.
2026-09-15 02:26:22.752490+0700 Dream Again[58507:11527364] [API] [CAMetalLayer nextDrawable] returning nil because allocation failed.
2026-09-15 02:26:22.768080+0700 Dream Again[58507:11527364] [API] [CAMetalLayer nextDrawable] returning nil because allocation failed.
2026-09-15 02:26:22.785428+0700 Dream Again[58507:11527364] [API] [CAMetalLayer nextDrawable] returning nil because allocation failed.
2026-09-15 02:26:22.801364+0700 Dream Again[58507:11527364] [API] [CAMetalLayer nextDrawable] returning nil because allocation failed.
2026-09-15 02:26:22.819144+0700 Dream Again[58507:11527364] [API] [CAMetalLayer nextDrawable] returning nil because allocation failed.
2026-09-15 02:26:22.834464+0700 Dream Again[58507:11527364] [API] [CAMetalLayer nextDrawable] returning nil because allocation failed.
2026-09-15 02:26:22.852446+0700 Dream Again[58507:11527364] [API] [CAMetalLayer nextDrawable] returning nil because allocation failed.
2026-09-15 02:26:22.867261+0700 Dream Again[58507:11527364] [API] [CAMetalLayer nextDrawable] returning nil because allocation failed.
2026-09-15 02:26:22.885451+0700 Dream Again[58507:11527364] [API] [CAMetalLayer nextDrawable] returning nil because allocation failed.
2026-09-15 02:26:22.900810+0700 Dream Again[58507:11527364] [API] [CAMetalLayer nextDrawable] returning nil because allocation failed.
2026-09-15 02:26:22.918174+0700 Dream Again[58507:11527364] [API] [CAMetalLayer nextDrawable] returning nil because allocation failed.
2026-09-15 02:26:22.934334+0700 Dream Again[58507:11527364] [API] [CAMetalLayer nextDrawable] returning nil because allocation failed.
2026-09-15 02:26:22.951809+0700 Dream Again[58507:11527364] [API] [CAMetalLayer nextDrawable] returning nil because allocation failed.
2026-09-15 02:26:22.967229+0700 Dream Again[58507:11527364] [API] [CAMetalLayer nextDrawable] returning nil because allocation failed.
2026-09-15 02:26:22.985840+0700 Dream Again[58507:11527364] [API] [CAMetalLayer nextDrawable] returning nil because allocation failed.
2026-09-15 02:26:23.001431+0700 Dream Again[58507:11527364] [API] [CAMetalLayer nextDrawable] returning nil because allocation failed.
2026-09-15 02:26:23.018767+0700 Dream Again[58507:11527364] [API] [CAMetalLayer nextDrawable] returning nil because allocation failed.
2026-09-15 02:26:23.033858+0700 Dream Again[58507:11527364] [API] [CAMetalLayer nextDrawable] returning nil because allocation failed.
2026-09-15 02:26:23.052271+0700 Dream Again[58507:11527364] [API] [CAMetalLayer nextDrawable] returning nil because allocation failed.
2026-09-15 02:26:23.067795+0700 Dream Again[58507:11527364] [API] [CAMetalLayer nextDrawable] returning nil because allocation failed.
2026-09-15 02:26:23.085195+0700 Dream Again[58507:11527364] [API] [CAMetalLayer nextDrawable] returning nil because allocation failed.
2026-09-15 02:26:23.101453+0700 Dream Again[58507:11527364] [API] [CAMetalLayer nextDrawable] returning nil because allocation failed.
2026-09-15 02:26:23.119059+0700 Dream Again[58507:11527364] [API] [CAMetalLayer nextDrawable] returning nil because allocation failed.
2026-09-15 02:26:23.134743+0700 Dream Again[58507:11527364] [API] [CAMetalLayer nextDrawable] returning nil because allocation failed.
2026-09-15 02:26:23.152093+0700 Dream Again[58507:11527364] [API] [CAMetalLayer nextDrawable] returning nil because allocation failed.
2026-09-15 02:26:23.168178+0700 Dream Again[58507:11527364] [API] [CAMetalLayer nextDrawable] returning nil because allocation failed.
2026-09-15 02:26:23.185722+0700 Dream Again[58507:11527364] [API] [CAMetalLayer nextDrawable] returning nil because allocation failed.
2026-09-15 02:26:23.201265+0700 Dream Again[58507:11527364] [API] [CAMetalLayer nextDrawable] returning nil because allocation failed.
2026-09-15 02:26:23.218875+0700 Dream Again[58507:11527364] [API] [CAMetalLayer nextDrawable] returning nil because allocation failed.
2026-09-15 02:26:23.234665+0700 Dream Again[58507:11527364] [API] [CAMetalLayer nextDrawable] returning nil because allocation failed.
2026-09-15 02:26:23.252418+0700 Dream Again[58507:11527364] [API] [CAMetalLayer nextDrawable] returning nil because allocation failed.
2026-09-15 02:26:23.268184+0700 Dream Again[58507:11527364] [API] [CAMetalLayer nextDrawable] returning nil because allocation failed.
2026-09-15 02:26:23.285877+0700 Dream Again[58507:11527364] [API] [CAMetalLayer nextDrawable] returning nil because allocation failed.
2026-09-15 02:26:23.301169+0700 Dream Again[58507:11527364] [API] [CAMetalLayer nextDrawable] returning nil because allocation failed.
2026-09-15 02:26:23.319623+0700 Dream Again[58507:11527364] [API] [CAMetalLayer nextDrawable] returning nil because allocation failed.
2026-09-15 02:26:23.334876+0700 Dream Again[58507:11527364] [API] [CAMetalLayer nextDrawable] returning nil because allocation failed.
2026-09-15 02:26:23.352859+0700 Dream Again[58507:11527364] [API] [CAMetalLayer nextDrawable] returning nil because allocation failed.
2026-09-15 02:26:23.368035+0700 Dream Again[58507:11527364] [API] [CAMetalLayer nextDrawable] returning nil because allocation failed.
2026-09-15 02:26:23.385487+0700 Dream Again[58507:11527364] [API] [CAMetalLayer nextDrawable] returning nil because allocation failed.
2026-09-15 02:26:23.401519+0700 Dream Again[58507:11527364] [API] [CAMetalLayer nextDrawable] returning nil because allocation failed.
2026-09-15 02:26:23.419070+0700 Dream Again[58507:11527364] [API] [CAMetalLayer nextDrawable] returning nil because allocation failed.
2026-09-15 02:26:23.434506+0700 Dream Again[58507:11527364] [API] [CAMetalLayer nextDrawable] returning nil because allocation failed.
2026-09-15 02:26:23.452257+0700 Dream Again[58507:11527364] [API] [CAMetalLayer nextDrawable] returning nil because allocation failed.
2026-09-15 02:26:23.467711+0700 Dream Again[58507:11527364] [API] [CAMetalLayer nextDrawable] returning nil because allocation failed.
2026-09-15 02:26:23.485428+0700 Dream Again[58507:11527364] [API] [CAMetalLayer nextDrawable] returning nil because allocation failed.
2026-09-15 02:26:23.501551+0700 Dream Again[58507:11527364] [API] [CAMetalLayer nextDrawable] returning nil because allocation failed.
2026-09-15 02:26:23.518956+0700 Dream Again[58507:11527364] [API] [CAMetalLayer nextDrawable] returning nil because allocation failed.
2026-09-15 02:26:23.534804+0700 Dream Again[58507:11527364] [API] [CAMetalLayer nextDrawable] returning nil because allocation failed.
2026-09-15 02:26:23.552808+0700 Dream Again[58507:11527364] [API] [CAMetalLayer nextDrawable] returning nil because allocation failed.
2026-09-15 02:26:23.568166+0700 Dream Again[58507:11527364] [API] [CAMetalLayer nextDrawable] returning nil because allocation failed.
2026-09-15 02:26:23.585112+0700 Dream Again[58507:11527364] [API] [CAMetalLayer nextDrawable] returning nil because allocation failed.
2026-09-15 02:26:23.601384+0700 Dream Again[58507:11527364] [API] [CAMetalLayer nextDrawable] returning nil because allocation failed.
2026-09-15 02:26:23.618701+0700 Dream Again[58507:11527364] [API] [CAMetalLayer nextDrawable] returning nil because allocation failed.
2026-09-15 02:26:23.634863+0700 Dream Again[58507:11527364] [API] [CAMetalLayer nextDrawable] returning nil because allocation failed.
2026-09-15 02:26:23.652413+0700 Dream Again[58507:11527364] [API] [CAMetalLayer nextDrawable] returning nil because allocation failed.
2026-09-15 02:26:23.668055+0700 Dream Again[58507:11527364] [API] [CAMetalLayer nextDrawable] returning nil because allocation failed.
2026-09-15 02:26:23.686013+0700 Dream Again[58507:11527364] [API] [CAMetalLayer nextDrawable] returning nil because allocation failed.
2026-09-15 02:26:23.701397+0700 Dream Again[58507:11527364] [API] [CAMetalLayer nextDrawable] returning nil because allocation failed.
2026-09-15 02:26:23.719501+0700 Dream Again[58507:11527364] [API] [CAMetalLayer nextDrawable] returning nil because allocation failed.
2026-09-15 02:26:23.734701+0700 Dream Again[58507:11527364] [API] [CAMetalLayer nextDrawable] returning nil because allocation failed.
2026-09-15 02:26:23.752328+0700 Dream Again[58507:11527364] [API] [CAMetalLayer nextDrawable] returning nil because allocation failed.
2026-09-15 02:26:23.768152+0700 Dream Again[58507:11527364] [API] [CAMetalLayer nextDrawable] returning nil because allocation failed.
2026-09-15 02:26:23.785968+0700 Dream Again[58507:11527364] [API] [CAMetalLayer nextDrawable] returning nil because allocation failed.
2026-09-15 02:26:23.801437+0700 Dream Again[58507:11527364] [API] [CAMetalLayer nextDrawable] returning nil because allocation failed.
2026-09-15 02:26:23.819774+0700 Dream Again[58507:11527364] [API] [CAMetalLayer nextDrawable] returning nil because allocation failed.
2026-09-15 02:26:23.834176+0700 Dream Again[58507:11527364] [API] [CAMetalLayer nextDrawable] returning nil because allocation failed.
2026-09-15 02:26:23.852829+0700 Dream Again[58507:11527364] [API] [CAMetalLayer nextDrawable] returning nil because allocation failed.
2026-09-15 02:26:23.867772+0700 Dream Again[58507:11527364] [API] [CAMetalLayer nextDrawable] returning nil because allocation failed.
2026-09-15 02:26:23.885794+0700 Dream Again[58507:11527364] [API] [CAMetalLayer nextDrawable] returning nil because allocation failed.
2026-09-15 02:26:23.901434+0700 Dream Again[58507:11527364] [API] [CAMetalLayer nextDrawable] returning nil because allocation failed.
2026-09-15 02:26:23.919602+0700 Dream Again[58507:11527364] [API] [CAMetalLayer nextDrawable] returning nil because allocation failed.
2026-09-15 02:26:23.934526+0700 Dream Again[58507:11527364] [API] [CAMetalLayer nextDrawable] returning nil because allocation failed.
2026-09-15 02:26:23.952501+0700 Dream Again[58507:11527364] [API] [CAMetalLayer nextDrawable] returning nil because allocation failed.
2026-09-15 02:26:23.967791+0700 Dream Again[58507:11527364] [API] [CAMetalLayer nextDrawable] returning nil because allocation failed.
2026-09-15 02:26:23.986051+0700 Dream Again[58507:11527364] [API] [CAMetalLayer nextDrawable] returning nil because allocation failed.
2026-09-15 02:26:24.001423+0700 Dream Again[58507:11527364] [API] [CAMetalLayer nextDrawable] returning nil because allocation failed.
2026-09-15 02:26:24.018561+0700 Dream Again[58507:11527364] [API] [CAMetalLayer nextDrawable] returning nil because allocation failed.
2026-09-15 02:26:24.034572+0700 Dream Again[58507:11527364] [API] [CAMetalLayer nextDrawable] returning nil because allocation failed.
2026-09-15 02:26:24.052486+0700 Dream Again[58507:11527364] [API] [CAMetalLayer nextDrawable] returning nil because allocation failed.
2026-09-15 02:26:24.068205+0700 Dream Again[58507:11527364] [API] [CAMetalLayer nextDrawable] returning nil because allocation failed.
2026-09-15 02:26:24.086124+0700 Dream Again[58507:11527364] [API] [CAMetalLayer nextDrawable] returning nil because allocation failed.
2026-09-15 02:26:24.101276+0700 Dream Again[58507:11527364] [API] [CAMetalLayer nextDrawable] returning nil because allocation failed.
2026-09-15 02:26:24.119116+0700 Dream Again[58507:11527364] [API] [CAMetalLayer nextDrawable] returning nil because allocation failed.
2026-09-15 02:26:24.134587+0700 Dream Again[58507:11527364] [API] [CAMetalLayer nextDrawable] returning nil because allocation failed.
2026-09-15 02:26:24.153004+0700 Dream Again[58507:11527364] [API] [CAMetalLayer nextDrawable] returning nil because allocation failed.
2026-09-15 02:26:24.167868+0700 Dream Again[58507:11527364] [API] [CAMetalLayer nextDrawable] returning nil because allocation failed.
2026-09-15 02:26:24.185794+0700 Dream Again[58507:11527364] [API] [CAMetalLayer nextDrawable] returning nil because allocation failed.
2026-09-15 02:26:24.201514+0700 Dream Again[58507:11527364] [API] [CAMetalLayer nextDrawable] returning nil because allocation failed.
2026-09-15 02:26:24.218789+0700 Dream Again[58507:11527364] [API] [CAMetalLayer nextDrawable] returning nil because allocation failed.
2026-09-15 02:26:24.234792+0700 Dream Again[58507:11527364] [API] [CAMetalLayer nextDrawable] returning nil because allocation failed.
2026-09-15 02:26:24.251784+0700 Dream Again[58507:11527364] [API] [CAMetalLayer nextDrawable] returning nil because allocation failed.
2026-09-15 02:26:24.268136+0700 Dream Again[58507:11527364] [API] [CAMetalLayer nextDrawable] returning nil because allocation failed.
2026-09-15 02:26:24.285838+0700 Dream Again[58507:11527364] [API] [CAMetalLayer nextDrawable] returning nil because allocation failed.
2026-09-15 02:26:24.301521+0700 Dream Again[58507:11527364] [API] [CAMetalLayer nextDrawable] returning nil because allocation failed.
2026-09-15 02:26:24.318768+0700 Dream Again[58507:11527364] [API] [CAMetalLayer nextDrawable] returning nil because allocation failed.
2026-09-15 02:26:24.334203+0700 Dream Again[58507:11527364] [API] [CAMetalLayer nextDrawable] returning nil because allocation failed.
2026-09-15 02:26:24.352424+0700 Dream Again[58507:11527364] [API] [CAMetalLayer nextDrawable] returning nil because allocation failed.
2026-09-15 02:26:24.368169+0700 Dream Again[58507:11527364] [API] [CAMetalLayer nextDrawable] returning nil because allocation failed.
2026-09-15 02:26:24.385773+0700 Dream Again[58507:11527364] [API] [CAMetalLayer nextDrawable] returning nil because allocation failed.
2026-09-15 02:26:24.401505+0700 Dream Again[58507:11527364] [API] [CAMetalLayer nextDrawable] returning nil because allocation failed.
2026-09-15 02:26:24.419117+0700 Dream Again[58507:11527364] [API] [CAMetalLayer nextDrawable] returning nil because allocation failed.
2026-09-15 02:26:24.434889+0700 Dream Again[58507:11527364] [API] [CAMetalLayer nextDrawable] returning nil because allocation failed.
2026-09-15 02:26:24.452442+0700 Dream Again[58507:11527364] [API] [CAMetalLayer nextDrawable] returning nil because allocation failed.
2026-09-15 02:26:24.468169+0700 Dream Again[58507:11527364] [API] [CAMetalLayer nextDrawable] returning nil because allocation failed.
2026-09-15 02:26:24.586744+0700 Dream Again[58507:11527364] [API] [CAMetalLayer nextDrawable] returning nil because allocation failed.
2026-09-15 02:26:24.717523+0700 Dream Again[58507:11527364] [API] [CAMetalLayer nextDrawable] returning nil because allocation failed.
2026-09-15 02:26:24.752529+0700 Dream Again[58507:11527364] [API] [CAMetalLayer nextDrawable] returning nil because allocation failed.
2026-09-15 02:26:24.768283+0700 Dream Again[58507:11527364] [API] [CAMetalLayer nextDrawable] returning nil because allocation failed.
2026-09-15 02:26:24.787557+0700 Dream Again[58507:11527364] [API] [CAMetalLayer nextDrawable] returning nil because allocation failed.
2026-09-15 02:26:24.802868+0700 Dream Again[58507:11527364] [API] [CAMetalLayer nextDrawable] returning nil because allocation failed.
2026-09-15 02:26:24.820910+0700 Dream Again[58507:11527364] [API] [CAMetalLayer nextDrawable] returning nil because allocation failed.
2026-09-15 02:26:24.835872+0700 Dream Again[58507:11527364] [API] [CAMetalLayer nextDrawable] returning nil because allocation failed.
2026-09-15 02:26:24.854050+0700 Dream Again[58507:11527364] [API] [CAMetalLayer nextDrawable] returning nil because allocation failed.
2026-09-15 02:26:24.868939+0700 Dream Again[58507:11527364] [API] [CAMetalLayer nextDrawable] returning nil because allocation failed.
2026-09-15 02:26:24.888065+0700 Dream Again[58507:11527364] [API] [CAMetalLayer nextDrawable] returning nil because allocation failed.
2026-09-15 02:26:24.902149+0700 Dream Again[58507:11527364] [API] [CAMetalLayer nextDrawable] returning nil because allocation failed.
2026-09-15 02:26:24.921047+0700 Dream Again[58507:11527364] [API] [CAMetalLayer nextDrawable] returning nil because allocation failed.
2026-09-15 02:26:24.935537+0700 Dream Again[58507:11527364] [API] [CAMetalLayer nextDrawable] returning nil because allocation failed.
2026-09-15 02:26:24.953222+0700 Dream Again[58507:11527364] [API] [CAMetalLayer nextDrawable] returning nil because allocation failed.
2026-09-15 02:26:24.969786+0700 Dream Again[58507:11527364] [API] [CAMetalLayer nextDrawable] returning nil because allocation failed.
2026-09-15 02:26:24.987532+0700 Dream Again[58507:11527364] [API] [CAMetalLayer nextDrawable] returning nil because allocation failed.
2026-09-15 02:26:25.002706+0700 Dream Again[58507:11527364] [API] [CAMetalLayer nextDrawable] returning nil because allocation failed.
2026-09-15 02:26:25.020827+0700 Dream Again[58507:11527364] [API] [CAMetalLayer nextDrawable] returning nil because allocation failed.
2026-09-15 02:26:25.035989+0700 Dream Again[58507:11527364] [API] [CAMetalLayer nextDrawable] returning nil because allocation failed.
2026-09-15 02:26:25.053711+0700 Dream Again[58507:11527364] [API] [CAMetalLayer nextDrawable] returning nil because allocation failed.
2026-09-15 02:26:25.068932+0700 Dream Again[58507:11527364] [API] [CAMetalLayer nextDrawable] returning nil because allocation failed.
2026-09-15 02:26:25.087618+0700 Dream Again[58507:11527364] [API] [CAMetalLayer nextDrawable] returning nil because allocation failed.
2026-09-15 02:26:25.102892+0700 Dream Again[58507:11527364] [API] [CAMetalLayer nextDrawable] returning nil because allocation failed.
2026-09-15 02:26:25.121372+0700 Dream Again[58507:11527364] [API] [CAMetalLayer nextDrawable] returning nil because allocation failed.
2026-09-15 02:26:25.136151+0700 Dream Again[58507:11527364] [API] [CAMetalLayer nextDrawable] returning nil because allocation failed.
2026-09-15 02:26:25.154322+0700 Dream Again[58507:11527364] [API] [CAMetalLayer nextDrawable] returning nil because allocation failed.
2026-09-15 02:26:25.169339+0700 Dream Again[58507:11527364] [API] [CAMetalLayer nextDrawable] returning nil because allocation failed.
2026-09-15 02:26:25.187683+0700 Dream Again[58507:11527364] [API] [CAMetalLayer nextDrawable] returning nil because allocation failed.
2026-09-15 02:26:25.202868+0700 Dream Again[58507:11527364] [API] [CAMetalLayer nextDrawable] returning nil because allocation failed.
2026-09-15 02:26:25.221771+0700 Dream Again[58507:11527364] [API] [CAMetalLayer nextDrawable] returning nil because allocation failed.
2026-09-15 02:26:25.235908+0700 Dream Again[58507:11527364] [API] [CAMetalLayer nextDrawable] returning nil because allocation failed.
2026-09-15 02:26:25.254813+0700 Dream Again[58507:11527364] [API] [CAMetalLayer nextDrawable] returning nil because allocation failed.
2026-09-15 02:26:25.269460+0700 Dream Again[58507:11527364] [API] [CAMetalLayer nextDrawable] returning nil because allocation failed.
2026-09-15 02:26:25.287526+0700 Dream Again[58507:11527364] [API] [CAMetalLayer nextDrawable] returning nil because allocation failed.
2026-09-15 02:26:25.303052+0700 Dream Again[58507:11527364] [API] [CAMetalLayer nextDrawable] returning nil because allocation failed.
2026-09-15 02:26:25.329527+0700 Dream Again[58507:11527364] [API] [CAMetalLayer nextDrawable] returning nil because allocation failed.
2026-09-15 02:26:25.338750+0700 Dream Again[58507:11527364] [API] [CAMetalLayer nextDrawable] returning nil because allocation failed.
2026-09-15 02:26:25.354636+0700 Dream Again[58507:11527364] [API] [CAMetalLayer nextDrawable] returning nil because allocation failed.
2026-09-15 02:26:25.368864+0700 Dream Again[58507:11527364] [API] [CAMetalLayer nextDrawable] returning nil because allocation failed.
2026-09-15 02:26:25.387699+0700 Dream Again[58507:11527364] [API] [CAMetalLayer nextDrawable] returning nil because allocation failed.
2026-09-15 02:26:25.402983+0700 Dream Again[58507:11527364] [API] [CAMetalLayer nextDrawable] returning nil because allocation failed.
2026-09-15 02:26:25.423296+0700 Dream Again[58507:11527364] [API] [CAMetalLayer nextDrawable] returning nil because allocation failed.
2026-09-15 02:26:25.436459+0700 Dream Again[58507:11527364] [API] [CAMetalLayer nextDrawable] returning nil because allocation failed.
2026-09-15 02:26:25.454246+0700 Dream Again[58507:11527364] [API] [CAMetalLayer nextDrawable] returning nil because allocation failed.
2026-09-15 02:26:25.469383+0700 Dream Again[58507:11527364] [API] [CAMetalLayer nextDrawable] returning nil because allocation failed.
2026-09-15 02:26:25.487468+0700 Dream Again[58507:11527364] [API] [CAMetalLayer nextDrawable] returning nil because allocation failed.
2026-09-15 02:26:25.502626+0700 Dream Again[58507:11527364] [API] [CAMetalLayer nextDrawable] returning nil because allocation failed.
2026-09-15 02:26:25.520681+0700 Dream Again[58507:11527364] [API] [CAMetalLayer nextDrawable] returning nil because allocation failed.
2026-09-15 02:26:25.536366+0700 Dream Again[58507:11527364] [API] [CAMetalLayer nextDrawable] returning nil because allocation failed.
2026-09-15 02:26:25.554210+0700 Dream Again[58507:11527364] [API] [CAMetalLayer nextDrawable] returning nil because allocation failed.
2026-09-15 02:26:25.569393+0700 Dream Again[58507:11527364] [API] [CAMetalLayer nextDrawable] returning nil because allocation failed.
2026-09-15 02:26:25.587630+0700 Dream Again[58507:11527364] [API] [CAMetalLayer nextDrawable] returning nil because allocation failed.
DREAM_RENDER_CPU samples=660 median_ms=0.764012336730957 p95_ms=0.885009765625 max_ms=10.856032371520996 entities=256 cards=16
2026-09-15 02:26:53.493157+0700 Dream Again[58507:11527686] [STS-N] exiting spatial tracking service update thread because wait returned 37
Test Case '-[Dream_AgainTests.Dream_AgainTests testCollageRebaseTransitionsAndCPUProfile]' passed (32.436 seconds).
Test Case '-[Dream_AgainTests.Dream_AgainTests testCollageReviewClearsInitialGapsAndCannotEarn]' started.
2026-09-15 02:26:54.062824+0700 Dream Again[58507:11526743] [Assets] Could not resolve material name 'engine:BuiltinRenderGraphResources/AR/suFeatheringCreateMergedOcclusionMask.rematerial' in bundle at '/Users/shiv/Library/Developer/CoreSimulator/Devices/80DBBEEC-A752-43F6-A60E-2419BAE5B77E/data/Containers/Bundle/Application/2393C54B-1982-4BD5-B707-DB8099DAD460/Dream Again.app'. Loading via asset path.
2026-09-15 02:26:54.063054+0700 Dream Again[58507:11526743] [Assets] Could not resolve material name 'engine:BuiltinRenderGraphResources/AR/arKitPassthrough.rematerial' in bundle at '/Users/shiv/Library/Developer/CoreSimulator/Devices/80DBBEEC-A752-43F6-A60E-2419BAE5B77E/data/Containers/Bundle/Application/2393C54B-1982-4BD5-B707-DB8099DAD460/Dream Again.app'. Loading via asset path.
2026-09-15 02:26:54.063197+0700 Dream Again[58507:11526743] [Assets] Could not resolve material name 'engine:BuiltinRenderGraphResources/AR/arSegmentationComposite.rematerial' in bundle at '/Users/shiv/Library/Developer/CoreSimulator/Devices/80DBBEEC-A752-43F6-A60E-2419BAE5B77E/data/Containers/Bundle/Application/2393C54B-1982-4BD5-B707-DB8099DAD460/Dream Again.app'. Loading via asset path.
2026-09-15 02:26:54.063377+0700 Dream Again[58507:11526743] [Assets] Could not resolve material name 'engine:BuiltinRenderGraphResources/AR/arInPlacePostProcessCombinedPermute0.rematerial' in bundle at '/Users/shiv/Library/Developer/CoreSimulator/Devices/80DBBEEC-A752-43F6-A60E-2419BAE5B77E/data/Containers/Bundle/Application/2393C54B-1982-4BD5-B707-DB8099DAD460/Dream Again.app'. Loading via asset path.
2026-09-15 02:26:54.063512+0700 Dream Again[58507:11526743] [Assets] Could not resolve material name 'engine:BuiltinRenderGraphResources/AR/arInPlacePostProcessCombinedPermute1.rematerial' in bundle at '/Users/shiv/Library/Developer/CoreSimulator/Devices/80DBBEEC-A752-43F6-A60E-2419BAE5B77E/data/Containers/Bundle/Application/2393C54B-1982-4BD5-B707-DB8099DAD460/Dream Again.app'. Loading via asset path.
2026-09-15 02:26:54.063626+0700 Dream Again[58507:11526743] [Assets] Could not resolve material name 'engine:BuiltinRenderGraphResources/AR/arInPlacePostProcessCombinedPermute2.rematerial' in bundle at '/Users/shiv/Library/Developer/CoreSimulator/Devices/80DBBEEC-A752-43F6-A60E-2419BAE5B77E/data/Containers/Bundle/Application/2393C54B-1982-4BD5-B707-DB8099DAD460/Dream Again.app'. Loading via asset path.
2026-09-15 02:26:54.063777+0700 Dream Again[58507:11526743] [Assets] Could not resolve material name 'engine:BuiltinRenderGraphResources/AR/arInPlacePostProcessCombinedPermute3.rematerial' in bundle at '/Users/shiv/Library/Developer/CoreSimulator/Devices/80DBBEEC-A752-43F6-A60E-2419BAE5B77E/data/Containers/Bundle/Application/2393C54B-1982-4BD5-B707-DB8099DAD460/Dream Again.app'. Loading via asset path.
2026-09-15 02:26:54.063890+0700 Dream Again[58507:11526743] [Assets] Could not resolve material name 'engine:BuiltinRenderGraphResources/AR/arInPlacePostProcessCombinedPermute4.rematerial' in bundle at '/Users/shiv/Library/Developer/CoreSimulator/Devices/80DBBEEC-A752-43F6-A60E-2419BAE5B77E/data/Containers/Bundle/Application/2393C54B-1982-4BD5-B707-DB8099DAD460/Dream Again.app'. Loading via asset path.
2026-09-15 02:26:54.064026+0700 Dream Again[58507:11526743] [Assets] Could not resolve material name 'engine:BuiltinRenderGraphResources/AR/arInPlacePostProcessCombinedPermute5.rematerial' in bundle at '/Users/shiv/Library/Developer/CoreSimulator/Devices/80DBBEEC-A752-43F6-A60E-2419BAE5B77E/data/Containers/Bundle/Application/2393C54B-1982-4BD5-B707-DB8099DAD460/Dream Again.app'. Loading via asset path.
2026-09-15 02:26:54.064131+0700 Dream Again[58507:11526743] [Assets] Could not resolve material name 'engine:BuiltinRenderGraphResources/AR/arInPlacePostProcessCombinedPermute6.rematerial' in bundle at '/Users/shiv/Library/Developer/CoreSimulator/Devices/80DBBEEC-A752-43F6-A60E-2419BAE5B77E/data/Containers/Bundle/Application/2393C54B-1982-4BD5-B707-DB8099DAD460/Dream Again.app'. Loading via asset path.
2026-09-15 02:26:54.064233+0700 Dream Again[58507:11526743] [Assets] Could not resolve material name 'engine:BuiltinRenderGraphResources/AR/arInPlacePostProcessCombinedPermute7.rematerial' in bundle at '/Users/shiv/Library/Developer/CoreSimulator/Devices/80DBBEEC-A752-43F6-A60E-2419BAE5B77E/data/Containers/Bundle/Application/2393C54B-1982-4BD5-B707-DB8099DAD460/Dream Again.app'. Loading via asset path.
2026-09-15 02:26:54.064420+0700 Dream Again[58507:11526743] [Assets] Could not resolve material name 'engine:BuiltinRenderGraphResources/AR/arInPlacePostProcessCombinedPermute8.rematerial' in bundle at '/Users/shiv/Library/Developer/CoreSimulator/Devices/80DBBEEC-A752-43F6-A60E-2419BAE5B77E/data/Containers/Bundle/Application/2393C54B-1982-4BD5-B707-DB8099DAD460/Dream Again.app'. Loading via asset path.
2026-09-15 02:26:54.064534+0700 Dream Again[58507:11526743] [Assets] Could not resolve material name 'engine:BuiltinRenderGraphResources/AR/arInPlacePostProcessCombinedPermute9.rematerial' in bundle at '/Users/shiv/Library/Developer/CoreSimulator/Devices/80DBBEEC-A752-43F6-A60E-2419BAE5B77E/data/Containers/Bundle/Application/2393C54B-1982-4BD5-B707-DB8099DAD460/Dream Again.app'. Loading via asset path.
2026-09-15 02:26:54.064637+0700 Dream Again[58507:11526743] [Assets] Could not resolve material name 'engine:BuiltinRenderGraphResources/AR/arInPlacePostProcessCombinedPermute10.rematerial' in bundle at '/Users/shiv/Library/Developer/CoreSimulator/Devices/80DBBEEC-A752-43F6-A60E-2419BAE5B77E/data/Containers/Bundle/Application/2393C54B-1982-4BD5-B707-DB8099DAD460/Dream Again.app'. Loading via asset path.
2026-09-15 02:26:54.064730+0700 Dream Again[58507:11526743] [Assets] Could not resolve material name 'engine:BuiltinRenderGraphResources/AR/arInPlacePostProcessCombinedPermute11.rematerial' in bundle at '/Users/shiv/Library/Developer/CoreSimulator/Devices/80DBBEEC-A752-43F6-A60E-2419BAE5B77E/data/Containers/Bundle/Application/2393C54B-1982-4BD5-B707-DB8099DAD460/Dream Again.app'. Loading via asset path.
2026-09-15 02:26:54.064821+0700 Dream Again[58507:11526743] [Assets] Could not resolve material name 'engine:BuiltinRenderGraphResources/AR/arInPlacePostProcessCombinedPermute12.rematerial' in bundle at '/Users/shiv/Library/Developer/CoreSimulator/Devices/80DBBEEC-A752-43F6-A60E-2419BAE5B77E/data/Containers/Bundle/Application/2393C54B-1982-4BD5-B707-DB8099DAD460/Dream Again.app'. Loading via asset path.
2026-09-15 02:26:54.064916+0700 Dream Again[58507:11526743] [Assets] Could not resolve material name 'engine:BuiltinRenderGraphResources/AR/arInPlacePostProcessCombinedPermute13.rematerial' in bundle at '/Users/shiv/Library/Developer/CoreSimulator/Devices/80DBBEEC-A752-43F6-A60E-2419BAE5B77E/data/Containers/Bundle/Application/2393C54B-1982-4BD5-B707-DB8099DAD460/Dream Again.app'. Loading via asset path.
2026-09-15 02:26:54.065128+0700 Dream Again[58507:11526743] [Assets] Could not resolve material name 'engine:BuiltinRenderGraphResources/AR/arInPlacePostProcessCombinedPermute14.rematerial' in bundle at '/Users/shiv/Library/Developer/CoreSimulator/Devices/80DBBEEC-A752-43F6-A60E-2419BAE5B77E/data/Containers/Bundle/Application/2393C54B-1982-4BD5-B707-DB8099DAD460/Dream Again.app'. Loading via asset path.
2026-09-15 02:26:54.065218+0700 Dream Again[58507:11526743] [Assets] Could not resolve material name 'engine:BuiltinRenderGraphResources/AR/arInPlacePostProcessCombinedPermute15.rematerial' in bundle at '/Users/shiv/Library/Developer/CoreSimulator/Devices/80DBBEEC-A752-43F6-A60E-2419BAE5B77E/data/Containers/Bundle/Application/2393C54B-1982-4BD5-B707-DB8099DAD460/Dream Again.app'. Loading via asset path.
2026-09-15 02:26:55.154580+0700 Dream Again[58507:11528201] [STS-N] exiting spatial tracking service update thread because wait returned 37
Test Case '-[Dream_AgainTests.Dream_AgainTests testCollageReviewClearsInitialGapsAndCannotEarn]' passed (1.639 seconds).
Test Case '-[Dream_AgainTests.Dream_AgainTests testCollageSelectionIsDeterministicAndPresentationOnly]' started.
Test Case '-[Dream_AgainTests.Dream_AgainTests testCollageSelectionIsDeterministicAndPresentationOnly]' passed (0.001 seconds).
Test Case '-[Dream_AgainTests.Dream_AgainTests testCoreIdentityInApp]' started.
Test Case '-[Dream_AgainTests.Dream_AgainTests testCoreIdentityInApp]' passed (0.003 seconds).
Test Case '-[Dream_AgainTests.Dream_AgainTests testDisplayLinkDoesNotRetainDiscardedGame]' started.
2026-09-15 02:26:55.200756+0700 Dream Again[58507:11526743] [Assets] Could not resolve material name 'engine:BuiltinRenderGraphResources/AR/suFeatheringCreateMergedOcclusionMask.rematerial' in bundle at '/Users/shiv/Library/Developer/CoreSimulator/Devices/80DBBEEC-A752-43F6-A60E-2419BAE5B77E/data/Containers/Bundle/Application/2393C54B-1982-4BD5-B707-DB8099DAD460/Dream Again.app'. Loading via asset path.
2026-09-15 02:26:55.200918+0700 Dream Again[58507:11526743] [Assets] Could not resolve material name 'engine:BuiltinRenderGraphResources/AR/arKitPassthrough.rematerial' in bundle at '/Users/shiv/Library/Developer/CoreSimulator/Devices/80DBBEEC-A752-43F6-A60E-2419BAE5B77E/data/Containers/Bundle/Application/2393C54B-1982-4BD5-B707-DB8099DAD460/Dream Again.app'. Loading via asset path.
2026-09-15 02:26:55.200996+0700 Dream Again[58507:11526743] [Assets] Could not resolve material name 'engine:BuiltinRenderGraphResources/AR/arSegmentationComposite.rematerial' in bundle at '/Users/shiv/Library/Developer/CoreSimulator/Devices/80DBBEEC-A752-43F6-A60E-2419BAE5B77E/data/Containers/Bundle/Application/2393C54B-1982-4BD5-B707-DB8099DAD460/Dream Again.app'. Loading via asset path.
2026-09-15 02:26:55.201103+0700 Dream Again[58507:11526743] [Assets] Could not resolve material name 'engine:BuiltinRenderGraphResources/AR/arInPlacePostProcessCombinedPermute0.rematerial' in bundle at '/Users/shiv/Library/Developer/CoreSimulator/Devices/80DBBEEC-A752-43F6-A60E-2419BAE5B77E/data/Containers/Bundle/Application/2393C54B-1982-4BD5-B707-DB8099DAD460/Dream Again.app'. Loading via asset path.
2026-09-15 02:26:55.201178+0700 Dream Again[58507:11526743] [Assets] Could not resolve material name 'engine:BuiltinRenderGraphResources/AR/arInPlacePostProcessCombinedPermute1.rematerial' in bundle at '/Users/shiv/Library/Developer/CoreSimulator/Devices/80DBBEEC-A752-43F6-A60E-2419BAE5B77E/data/Containers/Bundle/Application/2393C54B-1982-4BD5-B707-DB8099DAD460/Dream Again.app'. Loading via asset path.
2026-09-15 02:26:55.201253+0700 Dream Again[58507:11526743] [Assets] Could not resolve material name 'engine:BuiltinRenderGraphResources/AR/arInPlacePostProcessCombinedPermute2.rematerial' in bundle at '/Users/shiv/Library/Developer/CoreSimulator/Devices/80DBBEEC-A752-43F6-A60E-2419BAE5B77E/data/Containers/Bundle/Application/2393C54B-1982-4BD5-B707-DB8099DAD460/Dream Again.app'. Loading via asset path.
2026-09-15 02:26:55.201846+0700 Dream Again[58507:11526743] [Assets] Could not resolve material name 'engine:BuiltinRenderGraphResources/AR/arInPlacePostProcessCombinedPermute3.rematerial' in bundle at '/Users/shiv/Library/Developer/CoreSimulator/Devices/80DBBEEC-A752-43F6-A60E-2419BAE5B77E/data/Containers/Bundle/Application/2393C54B-1982-4BD5-B707-DB8099DAD460/Dream Again.app'. Loading via asset path.
2026-09-15 02:26:55.201913+0700 Dream Again[58507:11526743] [Assets] Could not resolve material name 'engine:BuiltinRenderGraphResources/AR/arInPlacePostProcessCombinedPermute4.rematerial' in bundle at '/Users/shiv/Library/Developer/CoreSimulator/Devices/80DBBEEC-A752-43F6-A60E-2419BAE5B77E/data/Containers/Bundle/Application/2393C54B-1982-4BD5-B707-DB8099DAD460/Dream Again.app'. Loading via asset path.
2026-09-15 02:26:55.202015+0700 Dream Again[58507:11526743] [Assets] Could not resolve material name 'engine:BuiltinRenderGraphResources/AR/arInPlacePostProcessCombinedPermute5.rematerial' in bundle at '/Users/shiv/Library/Developer/CoreSimulator/Devices/80DBBEEC-A752-43F6-A60E-2419BAE5B77E/data/Containers/Bundle/Application/2393C54B-1982-4BD5-B707-DB8099DAD460/Dream Again.app'. Loading via asset path.
2026-09-15 02:26:55.202205+0700 Dream Again[58507:11526743] [Assets] Could not resolve material name 'engine:BuiltinRenderGraphResources/AR/arInPlacePostProcessCombinedPermute6.rematerial' in bundle at '/Users/shiv/Library/Developer/CoreSimulator/Devices/80DBBEEC-A752-43F6-A60E-2419BAE5B77E/data/Containers/Bundle/Application/2393C54B-1982-4BD5-B707-DB8099DAD460/Dream Again.app'. Loading via asset path.
2026-09-15 02:26:55.202283+0700 Dream Again[58507:11526743] [Assets] Could not resolve material name 'engine:BuiltinRenderGraphResources/AR/arInPlacePostProcessCombinedPermute7.rematerial' in bundle at '/Users/shiv/Library/Developer/CoreSimulator/Devices/80DBBEEC-A752-43F6-A60E-2419BAE5B77E/data/Containers/Bundle/Application/2393C54B-1982-4BD5-B707-DB8099DAD460/Dream Again.app'. Loading via asset path.
2026-09-15 02:26:55.202357+0700 Dream Again[58507:11526743] [Assets] Could not resolve material name 'engine:BuiltinRenderGraphResources/AR/arInPlacePostProcessCombinedPermute8.rematerial' in bundle at '/Users/shiv/Library/Developer/CoreSimulator/Devices/80DBBEEC-A752-43F6-A60E-2419BAE5B77E/data/Containers/Bundle/Application/2393C54B-1982-4BD5-B707-DB8099DAD460/Dream Again.app'. Loading via asset path.
2026-09-15 02:26:55.202427+0700 Dream Again[58507:11526743] [Assets] Could not resolve material name 'engine:BuiltinRenderGraphResources/AR/arInPlacePostProcessCombinedPermute9.rematerial' in bundle at '/Users/shiv/Library/Developer/CoreSimulator/Devices/80DBBEEC-A752-43F6-A60E-2419BAE5B77E/data/Containers/Bundle/Application/2393C54B-1982-4BD5-B707-DB8099DAD460/Dream Again.app'. Loading via asset path.
2026-09-15 02:26:55.202523+0700 Dream Again[58507:11526743] [Assets] Could not resolve material name 'engine:BuiltinRenderGraphResources/AR/arInPlacePostProcessCombinedPermute10.rematerial' in bundle at '/Users/shiv/Library/Developer/CoreSimulator/Devices/80DBBEEC-A752-43F6-A60E-2419BAE5B77E/data/Containers/Bundle/Application/2393C54B-1982-4BD5-B707-DB8099DAD460/Dream Again.app'. Loading via asset path.
2026-09-15 02:26:55.202595+0700 Dream Again[58507:11526743] [Assets] Could not resolve material name 'engine:BuiltinRenderGraphResources/AR/arInPlacePostProcessCombinedPermute11.rematerial' in bundle at '/Users/shiv/Library/Developer/CoreSimulator/Devices/80DBBEEC-A752-43F6-A60E-2419BAE5B77E/data/Containers/Bundle/Application/2393C54B-1982-4BD5-B707-DB8099DAD460/Dream Again.app'. Loading via asset path.
2026-09-15 02:26:55.202657+0700 Dream Again[58507:11526743] [Assets] Could not resolve material name 'engine:BuiltinRenderGraphResources/AR/arInPlacePostProcessCombinedPermute12.rematerial' in bundle at '/Users/shiv/Library/Developer/CoreSimulator/Devices/80DBBEEC-A752-43F6-A60E-2419BAE5B77E/data/Containers/Bundle/Application/2393C54B-1982-4BD5-B707-DB8099DAD460/Dream Again.app'. Loading via asset path.
2026-09-15 02:26:55.202751+0700 Dream Again[58507:11526743] [Assets] Could not resolve material name 'engine:BuiltinRenderGraphResources/AR/arInPlacePostProcessCombinedPermute13.rematerial' in bundle at '/Users/shiv/Library/Developer/CoreSimulator/Devices/80DBBEEC-A752-43F6-A60E-2419BAE5B77E/data/Containers/Bundle/Application/2393C54B-1982-4BD5-B707-DB8099DAD460/Dream Again.app'. Loading via asset path.
2026-09-15 02:26:55.202811+0700 Dream Again[58507:11526743] [Assets] Could not resolve material name 'engine:BuiltinRenderGraphResources/AR/arInPlacePostProcessCombinedPermute14.rematerial' in bundle at '/Users/shiv/Library/Developer/CoreSimulator/Devices/80DBBEEC-A752-43F6-A60E-2419BAE5B77E/data/Containers/Bundle/Application/2393C54B-1982-4BD5-B707-DB8099DAD460/Dream Again.app'. Loading via asset path.
2026-09-15 02:26:55.202994+0700 Dream Again[58507:11526743] [Assets] Could not resolve material name 'engine:BuiltinRenderGraphResources/AR/arInPlacePostProcessCombinedPermute15.rematerial' in bundle at '/Users/shiv/Library/Developer/CoreSimulator/Devices/80DBBEEC-A752-43F6-A60E-2419BAE5B77E/data/Containers/Bundle/Application/2393C54B-1982-4BD5-B707-DB8099DAD460/Dream Again.app'. Loading via asset path.
2026-09-15 02:26:55.732556+0700 Dream Again[58507:11528237] [STS-N] exiting spatial tracking service update thread because wait returned 37
Test Case '-[Dream_AgainTests.Dream_AgainTests testDisplayLinkDoesNotRetainDiscardedGame]' passed (0.573 seconds).
Test Case '-[Dream_AgainTests.Dream_AgainTests testEveryAssetBuildsAndBoundsAreFinite]' started.
2026-09-15 02:26:55.777215+0700 Dream Again[58507:11526743] [Assets] Could not resolve material name 'engine:BuiltinRenderGraphResources/AR/suFeatheringCreateMergedOcclusionMask.rematerial' in bundle at '/Users/shiv/Library/Developer/CoreSimulator/Devices/80DBBEEC-A752-43F6-A60E-2419BAE5B77E/data/Containers/Bundle/Application/2393C54B-1982-4BD5-B707-DB8099DAD460/Dream Again.app'. Loading via asset path.
2026-09-15 02:26:55.777393+0700 Dream Again[58507:11526743] [Assets] Could not resolve material name 'engine:BuiltinRenderGraphResources/AR/arKitPassthrough.rematerial' in bundle at '/Users/shiv/Library/Developer/CoreSimulator/Devices/80DBBEEC-A752-43F6-A60E-2419BAE5B77E/data/Containers/Bundle/Application/2393C54B-1982-4BD5-B707-DB8099DAD460/Dream Again.app'. Loading via asset path.
2026-09-15 02:26:55.777516+0700 Dream Again[58507:11526743] [Assets] Could not resolve material name 'engine:BuiltinRenderGraphResources/AR/arSegmentationComposite.rematerial' in bundle at '/Users/shiv/Library/Developer/CoreSimulator/Devices/80DBBEEC-A752-43F6-A60E-2419BAE5B77E/data/Containers/Bundle/Application/2393C54B-1982-4BD5-B707-DB8099DAD460/Dream Again.app'. Loading via asset path.
2026-09-15 02:26:55.777661+0700 Dream Again[58507:11526743] [Assets] Could not resolve material name 'engine:BuiltinRenderGraphResources/AR/arInPlacePostProcessCombinedPermute0.rematerial' in bundle at '/Users/shiv/Library/Developer/CoreSimulator/Devices/80DBBEEC-A752-43F6-A60E-2419BAE5B77E/data/Containers/Bundle/Application/2393C54B-1982-4BD5-B707-DB8099DAD460/Dream Again.app'. Loading via asset path.
2026-09-15 02:26:55.777839+0700 Dream Again[58507:11526743] [Assets] Could not resolve material name 'engine:BuiltinRenderGraphResources/AR/arInPlacePostProcessCombinedPermute1.rematerial' in bundle at '/Users/shiv/Library/Developer/CoreSimulator/Devices/80DBBEEC-A752-43F6-A60E-2419BAE5B77E/data/Containers/Bundle/Application/2393C54B-1982-4BD5-B707-DB8099DAD460/Dream Again.app'. Loading via asset path.
2026-09-15 02:26:55.777944+0700 Dream Again[58507:11526743] [Assets] Could not resolve material name 'engine:BuiltinRenderGraphResources/AR/arInPlacePostProcessCombinedPermute2.rematerial' in bundle at '/Users/shiv/Library/Developer/CoreSimulator/Devices/80DBBEEC-A752-43F6-A60E-2419BAE5B77E/data/Containers/Bundle/Application/2393C54B-1982-4BD5-B707-DB8099DAD460/Dream Again.app'. Loading via asset path.
2026-09-15 02:26:55.778033+0700 Dream Again[58507:11526743] [Assets] Could not resolve material name 'engine:BuiltinRenderGraphResources/AR/arInPlacePostProcessCombinedPermute3.rematerial' in bundle at '/Users/shiv/Library/Developer/CoreSimulator/Devices/80DBBEEC-A752-43F6-A60E-2419BAE5B77E/data/Containers/Bundle/Application/2393C54B-1982-4BD5-B707-DB8099DAD460/Dream Again.app'. Loading via asset path.
2026-09-15 02:26:55.778585+0700 Dream Again[58507:11526743] [Assets] Could not resolve material name 'engine:BuiltinRenderGraphResources/AR/arInPlacePostProcessCombinedPermute4.rematerial' in bundle at '/Users/shiv/Library/Developer/CoreSimulator/Devices/80DBBEEC-A752-43F6-A60E-2419BAE5B77E/data/Containers/Bundle/Application/2393C54B-1982-4BD5-B707-DB8099DAD460/Dream Again.app'. Loading via asset path.
2026-09-15 02:26:55.778688+0700 Dream Again[58507:11526743] [Assets] Could not resolve material name 'engine:BuiltinRenderGraphResources/AR/arInPlacePostProcessCombinedPermute5.rematerial' in bundle at '/Users/shiv/Library/Developer/CoreSimulator/Devices/80DBBEEC-A752-43F6-A60E-2419BAE5B77E/data/Containers/Bundle/Application/2393C54B-1982-4BD5-B707-DB8099DAD460/Dream Again.app'. Loading via asset path.
2026-09-15 02:26:55.778866+0700 Dream Again[58507:11526743] [Assets] Could not resolve material name 'engine:BuiltinRenderGraphResources/AR/arInPlacePostProcessCombinedPermute6.rematerial' in bundle at '/Users/shiv/Library/Developer/CoreSimulator/Devices/80DBBEEC-A752-43F6-A60E-2419BAE5B77E/data/Containers/Bundle/Application/2393C54B-1982-4BD5-B707-DB8099DAD460/Dream Again.app'. Loading via asset path.
2026-09-15 02:26:55.778952+0700 Dream Again[58507:11526743] [Assets] Could not resolve material name 'engine:BuiltinRenderGraphResources/AR/arInPlacePostProcessCombinedPermute7.rematerial' in bundle at '/Users/shiv/Library/Developer/CoreSimulator/Devices/80DBBEEC-A752-43F6-A60E-2419BAE5B77E/data/Containers/Bundle/Application/2393C54B-1982-4BD5-B707-DB8099DAD460/Dream Again.app'. Loading via asset path.
2026-09-15 02:26:55.779039+0700 Dream Again[58507:11526743] [Assets] Could not resolve material name 'engine:BuiltinRenderGraphResources/AR/arInPlacePostProcessCombinedPermute8.rematerial' in bundle at '/Users/shiv/Library/Developer/CoreSimulator/Devices/80DBBEEC-A752-43F6-A60E-2419BAE5B77E/data/Containers/Bundle/Application/2393C54B-1982-4BD5-B707-DB8099DAD460/Dream Again.app'. Loading via asset path.
2026-09-15 02:26:55.779119+0700 Dream Again[58507:11526743] [Assets] Could not resolve material name 'engine:BuiltinRenderGraphResources/AR/arInPlacePostProcessCombinedPermute9.rematerial' in bundle at '/Users/shiv/Library/Developer/CoreSimulator/Devices/80DBBEEC-A752-43F6-A60E-2419BAE5B77E/data/Containers/Bundle/Application/2393C54B-1982-4BD5-B707-DB8099DAD460/Dream Again.app'. Loading via asset path.
2026-09-15 02:26:55.779228+0700 Dream Again[58507:11526743] [Assets] Could not resolve material name 'engine:BuiltinRenderGraphResources/AR/arInPlacePostProcessCombinedPermute10.rematerial' in bundle at '/Users/shiv/Library/Developer/CoreSimulator/Devices/80DBBEEC-A752-43F6-A60E-2419BAE5B77E/data/Containers/Bundle/Application/2393C54B-1982-4BD5-B707-DB8099DAD460/Dream Again.app'. Loading via asset path.
2026-09-15 02:26:55.779402+0700 Dream Again[58507:11526743] [Assets] Could not resolve material name 'engine:BuiltinRenderGraphResources/AR/arInPlacePostProcessCombinedPermute11.rematerial' in bundle at '/Users/shiv/Library/Developer/CoreSimulator/Devices/80DBBEEC-A752-43F6-A60E-2419BAE5B77E/data/Containers/Bundle/Application/2393C54B-1982-4BD5-B707-DB8099DAD460/Dream Again.app'. Loading via asset path.
2026-09-15 02:26:55.779495+0700 Dream Again[58507:11526743] [Assets] Could not resolve material name 'engine:BuiltinRenderGraphResources/AR/arInPlacePostProcessCombinedPermute12.rematerial' in bundle at '/Users/shiv/Library/Developer/CoreSimulator/Devices/80DBBEEC-A752-43F6-A60E-2419BAE5B77E/data/Containers/Bundle/Application/2393C54B-1982-4BD5-B707-DB8099DAD460/Dream Again.app'. Loading via asset path.
2026-09-15 02:26:55.779588+0700 Dream Again[58507:11526743] [Assets] Could not resolve material name 'engine:BuiltinRenderGraphResources/AR/arInPlacePostProcessCombinedPermute13.rematerial' in bundle at '/Users/shiv/Library/Developer/CoreSimulator/Devices/80DBBEEC-A752-43F6-A60E-2419BAE5B77E/data/Containers/Bundle/Application/2393C54B-1982-4BD5-B707-DB8099DAD460/Dream Again.app'. Loading via asset path.
2026-09-15 02:26:55.779673+0700 Dream Again[58507:11526743] [Assets] Could not resolve material name 'engine:BuiltinRenderGraphResources/AR/arInPlacePostProcessCombinedPermute14.rematerial' in bundle at '/Users/shiv/Library/Developer/CoreSimulator/Devices/80DBBEEC-A752-43F6-A60E-2419BAE5B77E/data/Containers/Bundle/Application/2393C54B-1982-4BD5-B707-DB8099DAD460/Dream Again.app'. Loading via asset path.
2026-09-15 02:26:55.779756+0700 Dream Again[58507:11526743] [Assets] Could not resolve material name 'engine:BuiltinRenderGraphResources/AR/arInPlacePostProcessCombinedPermute15.rematerial' in bundle at '/Users/shiv/Library/Developer/CoreSimulator/Devices/80DBBEEC-A752-43F6-A60E-2419BAE5B77E/data/Containers/Bundle/Application/2393C54B-1982-4BD5-B707-DB8099DAD460/Dream Again.app'. Loading via asset path.
2026-09-15 02:27:01.092923+0700 Dream Again[58507:11528251] [STS-N] exiting spatial tracking service update thread because wait returned 37
Test Case '-[Dream_AgainTests.Dream_AgainTests testEveryAssetBuildsAndBoundsAreFinite]' passed (5.360 seconds).
Test Case '-[Dream_AgainTests.Dream_AgainTests testHybridCollageLoadsOnceAndStaysBounded]' started.
2026-09-15 02:27:01.149091+0700 Dream Again[58507:11526743] [Assets] Could not resolve material name 'engine:BuiltinRenderGraphResources/AR/suFeatheringCreateMergedOcclusionMask.rematerial' in bundle at '/Users/shiv/Library/Developer/CoreSimulator/Devices/80DBBEEC-A752-43F6-A60E-2419BAE5B77E/data/Containers/Bundle/Application/2393C54B-1982-4BD5-B707-DB8099DAD460/Dream Again.app'. Loading via asset path.
2026-09-15 02:27:01.149216+0700 Dream Again[58507:11526743] [Assets] Could not resolve material name 'engine:BuiltinRenderGraphResources/AR/arKitPassthrough.rematerial' in bundle at '/Users/shiv/Library/Developer/CoreSimulator/Devices/80DBBEEC-A752-43F6-A60E-2419BAE5B77E/data/Containers/Bundle/Application/2393C54B-1982-4BD5-B707-DB8099DAD460/Dream Again.app'. Loading via asset path.
2026-09-15 02:27:01.149328+0700 Dream Again[58507:11526743] [Assets] Could not resolve material name 'engine:BuiltinRenderGraphResources/AR/arSegmentationComposite.rematerial' in bundle at '/Users/shiv/Library/Developer/CoreSimulator/Devices/80DBBEEC-A752-43F6-A60E-2419BAE5B77E/data/Containers/Bundle/Application/2393C54B-1982-4BD5-B707-DB8099DAD460/Dream Again.app'. Loading via asset path.
2026-09-15 02:27:01.149410+0700 Dream Again[58507:11526743] [Assets] Could not resolve material name 'engine:BuiltinRenderGraphResources/AR/arInPlacePostProcessCombinedPermute0.rematerial' in bundle at '/Users/shiv/Library/Developer/CoreSimulator/Devices/80DBBEEC-A752-43F6-A60E-2419BAE5B77E/data/Containers/Bundle/Application/2393C54B-1982-4BD5-B707-DB8099DAD460/Dream Again.app'. Loading via asset path.
2026-09-15 02:27:01.149514+0700 Dream Again[58507:11526743] [Assets] Could not resolve material name 'engine:BuiltinRenderGraphResources/AR/arInPlacePostProcessCombinedPermute1.rematerial' in bundle at '/Users/shiv/Library/Developer/CoreSimulator/Devices/80DBBEEC-A752-43F6-A60E-2419BAE5B77E/data/Containers/Bundle/Application/2393C54B-1982-4BD5-B707-DB8099DAD460/Dream Again.app'. Loading via asset path.
2026-09-15 02:27:01.149614+0700 Dream Again[58507:11526743] [Assets] Could not resolve material name 'engine:BuiltinRenderGraphResources/AR/arInPlacePostProcessCombinedPermute2.rematerial' in bundle at '/Users/shiv/Library/Developer/CoreSimulator/Devices/80DBBEEC-A752-43F6-A60E-2419BAE5B77E/data/Containers/Bundle/Application/2393C54B-1982-4BD5-B707-DB8099DAD460/Dream Again.app'. Loading via asset path.
2026-09-15 02:27:01.149684+0700 Dream Again[58507:11526743] [Assets] Could not resolve material name 'engine:BuiltinRenderGraphResources/AR/arInPlacePostProcessCombinedPermute3.rematerial' in bundle at '/Users/shiv/Library/Developer/CoreSimulator/Devices/80DBBEEC-A752-43F6-A60E-2419BAE5B77E/data/Containers/Bundle/Application/2393C54B-1982-4BD5-B707-DB8099DAD460/Dream Again.app'. Loading via asset path.
2026-09-15 02:27:01.149761+0700 Dream Again[58507:11526743] [Assets] Could not resolve material name 'engine:BuiltinRenderGraphResources/AR/arInPlacePostProcessCombinedPermute4.rematerial' in bundle at '/Users/shiv/Library/Developer/CoreSimulator/Devices/80DBBEEC-A752-43F6-A60E-2419BAE5B77E/data/Containers/Bundle/Application/2393C54B-1982-4BD5-B707-DB8099DAD460/Dream Again.app'. Loading via asset path.
2026-09-15 02:27:01.149830+0700 Dream Again[58507:11526743] [Assets] Could not resolve material name 'engine:BuiltinRenderGraphResources/AR/arInPlacePostProcessCombinedPermute5.rematerial' in bundle at '/Users/shiv/Library/Developer/CoreSimulator/Devices/80DBBEEC-A752-43F6-A60E-2419BAE5B77E/data/Containers/Bundle/Application/2393C54B-1982-4BD5-B707-DB8099DAD460/Dream Again.app'. Loading via asset path.
2026-09-15 02:27:01.149975+0700 Dream Again[58507:11526743] [Assets] Could not resolve material name 'engine:BuiltinRenderGraphResources/AR/arInPlacePostProcessCombinedPermute6.rematerial' in bundle at '/Users/shiv/Library/Developer/CoreSimulator/Devices/80DBBEEC-A752-43F6-A60E-2419BAE5B77E/data/Containers/Bundle/Application/2393C54B-1982-4BD5-B707-DB8099DAD460/Dream Again.app'. Loading via asset path.
2026-09-15 02:27:01.150044+0700 Dream Again[58507:11526743] [Assets] Could not resolve material name 'engine:BuiltinRenderGraphResources/AR/arInPlacePostProcessCombinedPermute7.rematerial' in bundle at '/Users/shiv/Library/Developer/CoreSimulator/Devices/80DBBEEC-A752-43F6-A60E-2419BAE5B77E/data/Containers/Bundle/Application/2393C54B-1982-4BD5-B707-DB8099DAD460/Dream Again.app'. Loading via asset path.
2026-09-15 02:27:01.150132+0700 Dream Again[58507:11526743] [Assets] Could not resolve material name 'engine:BuiltinRenderGraphResources/AR/arInPlacePostProcessCombinedPermute8.rematerial' in bundle at '/Users/shiv/Library/Developer/CoreSimulator/Devices/80DBBEEC-A752-43F6-A60E-2419BAE5B77E/data/Containers/Bundle/Application/2393C54B-1982-4BD5-B707-DB8099DAD460/Dream Again.app'. Loading via asset path.
2026-09-15 02:27:01.150717+0700 Dream Again[58507:11526743] [Assets] Could not resolve material name 'engine:BuiltinRenderGraphResources/AR/arInPlacePostProcessCombinedPermute9.rematerial' in bundle at '/Users/shiv/Library/Developer/CoreSimulator/Devices/80DBBEEC-A752-43F6-A60E-2419BAE5B77E/data/Containers/Bundle/Application/2393C54B-1982-4BD5-B707-DB8099DAD460/Dream Again.app'. Loading via asset path.
2026-09-15 02:27:01.150821+0700 Dream Again[58507:11526743] [Assets] Could not resolve material name 'engine:BuiltinRenderGraphResources/AR/arInPlacePostProcessCombinedPermute10.rematerial' in bundle at '/Users/shiv/Library/Developer/CoreSimulator/Devices/80DBBEEC-A752-43F6-A60E-2419BAE5B77E/data/Containers/Bundle/Application/2393C54B-1982-4BD5-B707-DB8099DAD460/Dream Again.app'. Loading via asset path.
2026-09-15 02:27:01.151055+0700 Dream Again[58507:11526743] [Assets] Could not resolve material name 'engine:BuiltinRenderGraphResources/AR/arInPlacePostProcessCombinedPermute11.rematerial' in bundle at '/Users/shiv/Library/Developer/CoreSimulator/Devices/80DBBEEC-A752-43F6-A60E-2419BAE5B77E/data/Containers/Bundle/Application/2393C54B-1982-4BD5-B707-DB8099DAD460/Dream Again.app'. Loading via asset path.
2026-09-15 02:27:01.151136+0700 Dream Again[58507:11526743] [Assets] Could not resolve material name 'engine:BuiltinRenderGraphResources/AR/arInPlacePostProcessCombinedPermute12.rematerial' in bundle at '/Users/shiv/Library/Developer/CoreSimulator/Devices/80DBBEEC-A752-43F6-A60E-2419BAE5B77E/data/Containers/Bundle/Application/2393C54B-1982-4BD5-B707-DB8099DAD460/Dream Again.app'. Loading via asset path.
2026-09-15 02:27:01.151206+0700 Dream Again[58507:11526743] [Assets] Could not resolve material name 'engine:BuiltinRenderGraphResources/AR/arInPlacePostProcessCombinedPermute13.rematerial' in bundle at '/Users/shiv/Library/Developer/CoreSimulator/Devices/80DBBEEC-A752-43F6-A60E-2419BAE5B77E/data/Containers/Bundle/Application/2393C54B-1982-4BD5-B707-DB8099DAD460/Dream Again.app'. Loading via asset path.
2026-09-15 02:27:01.151271+0700 Dream Again[58507:11526743] [Assets] Could not resolve material name 'engine:BuiltinRenderGraphResources/AR/arInPlacePostProcessCombinedPermute14.rematerial' in bundle at '/Users/shiv/Library/Developer/CoreSimulator/Devices/80DBBEEC-A752-43F6-A60E-2419BAE5B77E/data/Containers/Bundle/Application/2393C54B-1982-4BD5-B707-DB8099DAD460/Dream Again.app'. Loading via asset path.
2026-09-15 02:27:01.151352+0700 Dream Again[58507:11526743] [Assets] Could not resolve material name 'engine:BuiltinRenderGraphResources/AR/arInPlacePostProcessCombinedPermute15.rematerial' in bundle at '/Users/shiv/Library/Developer/CoreSimulator/Devices/80DBBEEC-A752-43F6-A60E-2419BAE5B77E/data/Containers/Bundle/Application/2393C54B-1982-4BD5-B707-DB8099DAD460/Dream Again.app'. Loading via asset path.
2026-09-15 02:27:02.235359+0700 Dream Again[58507:11527364] [API] [CAMetalLayer nextDrawable] returning nil because allocation failed.
2026-09-15 02:27:02.289950+0700 Dream Again[58507:11527364] [API] [CAMetalLayer nextDrawable] returning nil because allocation failed.
2026-09-15 02:27:02.480168+0700 Dream Again[58507:11527364] [API] [CAMetalLayer nextDrawable] returning nil because allocation failed.
2026-09-15 02:27:02.489566+0700 Dream Again[58507:11527364] [API] [CAMetalLayer nextDrawable] returning nil because allocation failed.
2026-09-15 02:27:02.500855+0700 Dream Again[58507:11527364] [API] [CAMetalLayer nextDrawable] returning nil because allocation failed.
2026-09-15 02:27:02.517230+0700 Dream Again[58507:11527364] [API] [CAMetalLayer nextDrawable] returning nil because allocation failed.
2026-09-15 02:27:02.534404+0700 Dream Again[58507:11527364] [API] [CAMetalLayer nextDrawable] returning nil because allocation failed.
2026-09-15 02:27:02.551009+0700 Dream Again[58507:11527364] [API] [CAMetalLayer nextDrawable] returning nil because allocation failed.
2026-09-15 02:27:02.567624+0700 Dream Again[58507:11527364] [API] [CAMetalLayer nextDrawable] returning nil because allocation failed.
2026-09-15 02:27:02.584345+0700 Dream Again[58507:11527364] [API] [CAMetalLayer nextDrawable] returning nil because allocation failed.
2026-09-15 02:27:02.601076+0700 Dream Again[58507:11527364] [API] [CAMetalLayer nextDrawable] returning nil because allocation failed.
2026-09-15 02:27:02.617630+0700 Dream Again[58507:11527364] [API] [CAMetalLayer nextDrawable] returning nil because allocation failed.
2026-09-15 02:27:02.634282+0700 Dream Again[58507:11527364] [API] [CAMetalLayer nextDrawable] returning nil because allocation failed.
2026-09-15 02:27:02.651082+0700 Dream Again[58507:11527364] [API] [CAMetalLayer nextDrawable] returning nil because allocation failed.
2026-09-15 02:27:02.667678+0700 Dream Again[58507:11527364] [API] [CAMetalLayer nextDrawable] returning nil because allocation failed.
2026-09-15 02:27:02.684253+0700 Dream Again[58507:11527364] [API] [CAMetalLayer nextDrawable] returning nil because allocation failed.
2026-09-15 02:27:02.700969+0700 Dream Again[58507:11527364] [API] [CAMetalLayer nextDrawable] returning nil because allocation failed.
2026-09-15 02:27:02.717623+0700 Dream Again[58507:11527364] [API] [CAMetalLayer nextDrawable] returning nil because allocation failed.
2026-09-15 02:27:02.734267+0700 Dream Again[58507:11527364] [API] [CAMetalLayer nextDrawable] returning nil because allocation failed.
2026-09-15 02:27:02.750867+0700 Dream Again[58507:11527364] [API] [CAMetalLayer nextDrawable] returning nil because allocation failed.
2026-09-15 02:27:02.767611+0700 Dream Again[58507:11527364] [API] [CAMetalLayer nextDrawable] returning nil because allocation failed.
2026-09-15 02:27:02.784330+0700 Dream Again[58507:11527364] [API] [CAMetalLayer nextDrawable] returning nil because allocation failed.
2026-09-15 02:27:02.800982+0700 Dream Again[58507:11527364] [API] [CAMetalLayer nextDrawable] returning nil because allocation failed.
2026-09-15 02:27:02.817940+0700 Dream Again[58507:11527364] [API] [CAMetalLayer nextDrawable] returning nil because allocation failed.
2026-09-15 02:27:02.834372+0700 Dream Again[58507:11527364] [API] [CAMetalLayer nextDrawable] returning nil because allocation failed.
2026-09-15 02:27:02.851209+0700 Dream Again[58507:11527364] [API] [CAMetalLayer nextDrawable] returning nil because allocation failed.
2026-09-15 02:27:02.868205+0700 Dream Again[58507:11527364] [API] [CAMetalLayer nextDrawable] returning nil because allocation failed.
2026-09-15 02:27:02.884854+0700 Dream Again[58507:11527364] [API] [CAMetalLayer nextDrawable] returning nil because allocation failed.
2026-09-15 02:27:02.901503+0700 Dream Again[58507:11527364] [API] [CAMetalLayer nextDrawable] returning nil because allocation failed.
2026-09-15 02:27:02.918132+0700 Dream Again[58507:11527364] [API] [CAMetalLayer nextDrawable] returning nil because allocation failed.
2026-09-15 02:27:02.934723+0700 Dream Again[58507:11527364] [API] [CAMetalLayer nextDrawable] returning nil because allocation failed.
2026-09-15 02:27:02.951317+0700 Dream Again[58507:11527364] [API] [CAMetalLayer nextDrawable] returning nil because allocation failed.
2026-09-15 02:27:02.967998+0700 Dream Again[58507:11527364] [API] [CAMetalLayer nextDrawable] returning nil because allocation failed.
2026-09-15 02:27:02.984642+0700 Dream Again[58507:11527364] [API] [CAMetalLayer nextDrawable] returning nil because allocation failed.
2026-09-15 02:27:03.001431+0700 Dream Again[58507:11527364] [API] [CAMetalLayer nextDrawable] returning nil because allocation failed.
2026-09-15 02:27:03.018763+0700 Dream Again[58507:11527364] [API] [CAMetalLayer nextDrawable] returning nil because allocation failed.
2026-09-15 02:27:03.034800+0700 Dream Again[58507:11527364] [API] [CAMetalLayer nextDrawable] returning nil because allocation failed.
2026-09-15 02:27:03.051557+0700 Dream Again[58507:11527364] [API] [CAMetalLayer nextDrawable] returning nil because allocation failed.
2026-09-15 02:27:03.068494+0700 Dream Again[58507:11527364] [API] [CAMetalLayer nextDrawable] returning nil because allocation failed.
2026-09-15 02:27:03.085244+0700 Dream Again[58507:11527364] [API] [CAMetalLayer nextDrawable] returning nil because allocation failed.
2026-09-15 02:27:03.102282+0700 Dream Again[58507:11527364] [API] [CAMetalLayer nextDrawable] returning nil because allocation failed.
2026-09-15 02:27:03.119088+0700 Dream Again[58507:11527364] [API] [CAMetalLayer nextDrawable] returning nil because allocation failed.
2026-09-15 02:27:03.136511+0700 Dream Again[58507:11527364] [API] [CAMetalLayer nextDrawable] returning nil because allocation failed.
2026-09-15 02:27:03.152847+0700 Dream Again[58507:11527364] [API] [CAMetalLayer nextDrawable] returning nil because allocation failed.
2026-09-15 02:27:03.170116+0700 Dream Again[58507:11527364] [API] [CAMetalLayer nextDrawable] returning nil because allocation failed.
2026-09-15 02:27:03.186279+0700 Dream Again[58507:11527364] [API] [CAMetalLayer nextDrawable] returning nil because allocation failed.
2026-09-15 02:27:03.203147+0700 Dream Again[58507:11527364] [API] [CAMetalLayer nextDrawable] returning nil because allocation failed.
2026-09-15 02:27:03.219781+0700 Dream Again[58507:11527364] [API] [CAMetalLayer nextDrawable] returning nil because allocation failed.
2026-09-15 02:27:03.236456+0700 Dream Again[58507:11527364] [API] [CAMetalLayer nextDrawable] returning nil because allocation failed.
2026-09-15 02:27:03.253226+0700 Dream Again[58507:11527364] [API] [CAMetalLayer nextDrawable] returning nil because allocation failed.
2026-09-15 02:27:03.269883+0700 Dream Again[58507:11527364] [API] [CAMetalLayer nextDrawable] returning nil because allocation failed.
2026-09-15 02:27:03.286431+0700 Dream Again[58507:11527364] [API] [CAMetalLayer nextDrawable] returning nil because allocation failed.
2026-09-15 02:27:03.303451+0700 Dream Again[58507:11527364] [API] [CAMetalLayer nextDrawable] returning nil because allocation failed.
2026-09-15 02:27:03.319250+0700 Dream Again[58507:11527364] [API] [CAMetalLayer nextDrawable] returning nil because allocation failed.
2026-09-15 02:27:03.336400+0700 Dream Again[58507:11527364] [API] [CAMetalLayer nextDrawable] returning nil because allocation failed.
2026-09-15 02:27:03.352920+0700 Dream Again[58507:11527364] [API] [CAMetalLayer nextDrawable] returning nil because allocation failed.
2026-09-15 02:27:03.371109+0700 Dream Again[58507:11527364] [API] [CAMetalLayer nextDrawable] returning nil because allocation failed.
2026-09-15 02:27:03.386451+0700 Dream Again[58507:11527364] [API] [CAMetalLayer nextDrawable] returning nil because allocation failed.
2026-09-15 02:27:03.402934+0700 Dream Again[58507:11527364] [API] [CAMetalLayer nextDrawable] returning nil because allocation failed.
2026-09-15 02:27:03.419920+0700 Dream Again[58507:11527364] [API] [CAMetalLayer nextDrawable] returning nil because allocation failed.
2026-09-15 02:27:03.438170+0700 Dream Again[58507:11527364] [API] [CAMetalLayer nextDrawable] returning nil because allocation failed.
2026-09-15 02:27:03.452645+0700 Dream Again[58507:11527364] [API] [CAMetalLayer nextDrawable] returning nil because allocation failed.
2026-09-15 02:27:03.468772+0700 Dream Again[58507:11527364] [API] [CAMetalLayer nextDrawable] returning nil because allocation failed.
2026-09-15 02:27:03.485353+0700 Dream Again[58507:11527364] [API] [CAMetalLayer nextDrawable] returning nil because allocation failed.
2026-09-15 02:27:03.502097+0700 Dream Again[58507:11527364] [API] [CAMetalLayer nextDrawable] returning nil because allocation failed.
2026-09-15 02:27:03.518659+0700 Dream Again[58507:11527364] [API] [CAMetalLayer nextDrawable] returning nil because allocation failed.
2026-09-15 02:27:03.535479+0700 Dream Again[58507:11527364] [API] [CAMetalLayer nextDrawable] returning nil because allocation failed.
2026-09-15 02:27:03.551620+0700 Dream Again[58507:11527364] [API] [CAMetalLayer nextDrawable] returning nil because allocation failed.
2026-09-15 02:27:03.568512+0700 Dream Again[58507:11527364] [API] [CAMetalLayer nextDrawable] returning nil because allocation failed.
2026-09-15 02:27:03.584865+0700 Dream Again[58507:11527364] [API] [CAMetalLayer nextDrawable] returning nil because allocation failed.
2026-09-15 02:27:03.602031+0700 Dream Again[58507:11527364] [API] [CAMetalLayer nextDrawable] returning nil because allocation failed.
2026-09-15 02:27:03.618215+0700 Dream Again[58507:11527364] [API] [CAMetalLayer nextDrawable] returning nil because allocation failed.
2026-09-15 02:27:03.634865+0700 Dream Again[58507:11527364] [API] [CAMetalLayer nextDrawable] returning nil because allocation failed.
2026-09-15 02:27:03.651231+0700 Dream Again[58507:11527364] [API] [CAMetalLayer nextDrawable] returning nil because allocation failed.
2026-09-15 02:27:03.668732+0700 Dream Again[58507:11527364] [API] [CAMetalLayer nextDrawable] returning nil because allocation failed.
2026-09-15 02:27:03.684244+0700 Dream Again[58507:11527364] [API] [CAMetalLayer nextDrawable] returning nil because allocation failed.
2026-09-15 02:27:03.701107+0700 Dream Again[58507:11527364] [API] [CAMetalLayer nextDrawable] returning nil because allocation failed.
2026-09-15 02:27:03.717319+0700 Dream Again[58507:11527364] [API] [CAMetalLayer nextDrawable] returning nil because allocation failed.
2026-09-15 02:27:03.735450+0700 Dream Again[58507:11527364] [API] [CAMetalLayer nextDrawable] returning nil because allocation failed.
2026-09-15 02:27:03.751089+0700 Dream Again[58507:11527364] [API] [CAMetalLayer nextDrawable] returning nil because allocation failed.
2026-09-15 02:27:03.767550+0700 Dream Again[58507:11527364] [API] [CAMetalLayer nextDrawable] returning nil because allocation failed.
2026-09-15 02:27:03.784406+0700 Dream Again[58507:11527364] [API] [CAMetalLayer nextDrawable] returning nil because allocation failed.
2026-09-15 02:27:03.801562+0700 Dream Again[58507:11527364] [API] [CAMetalLayer nextDrawable] returning nil because allocation failed.
2026-09-15 02:27:03.817881+0700 Dream Again[58507:11527364] [API] [CAMetalLayer nextDrawable] returning nil because allocation failed.
2026-09-15 02:27:03.834940+0700 Dream Again[58507:11527364] [API] [CAMetalLayer nextDrawable] returning nil because allocation failed.
2026-09-15 02:27:03.851136+0700 Dream Again[58507:11527364] [API] [CAMetalLayer nextDrawable] returning nil because allocation failed.
2026-09-15 02:27:03.868240+0700 Dream Again[58507:11527364] [API] [CAMetalLayer nextDrawable] returning nil because allocation failed.
2026-09-15 02:27:03.884505+0700 Dream Again[58507:11527364] [API] [CAMetalLayer nextDrawable] returning nil because allocation failed.
2026-09-15 02:27:03.901207+0700 Dream Again[58507:11527364] [API] [CAMetalLayer nextDrawable] returning nil because allocation failed.
2026-09-15 02:27:03.918287+0700 Dream Again[58507:11527364] [API] [CAMetalLayer nextDrawable] returning nil because allocation failed.
2026-09-15 02:27:03.935205+0700 Dream Again[58507:11527364] [API] [CAMetalLayer nextDrawable] returning nil because allocation failed.
2026-09-15 02:27:03.951446+0700 Dream Again[58507:11527364] [API] [CAMetalLayer nextDrawable] returning nil because allocation failed.
2026-09-15 02:27:03.967929+0700 Dream Again[58507:11527364] [API] [CAMetalLayer nextDrawable] returning nil because allocation failed.
2026-09-15 02:27:03.984875+0700 Dream Again[58507:11527364] [API] [CAMetalLayer nextDrawable] returning nil because allocation failed.
2026-09-15 02:27:04.001367+0700 Dream Again[58507:11527364] [API] [CAMetalLayer nextDrawable] returning nil because allocation failed.
2026-09-15 02:27:04.018044+0700 Dream Again[58507:11527364] [API] [CAMetalLayer nextDrawable] returning nil because allocation failed.
2026-09-15 02:27:04.034777+0700 Dream Again[58507:11527364] [API] [CAMetalLayer nextDrawable] returning nil because allocation failed.
2026-09-15 02:27:04.051529+0700 Dream Again[58507:11527364] [API] [CAMetalLayer nextDrawable] returning nil because allocation failed.
2026-09-15 02:27:04.068263+0700 Dream Again[58507:11527364] [API] [CAMetalLayer nextDrawable] returning nil because allocation failed.
2026-09-15 02:27:04.085412+0700 Dream Again[58507:11527364] [API] [CAMetalLayer nextDrawable] returning nil because allocation failed.
2026-09-15 02:27:04.102057+0700 Dream Again[58507:11527364] [API] [CAMetalLayer nextDrawable] returning nil because allocation failed.
2026-09-15 02:27:04.118688+0700 Dream Again[58507:11527364] [API] [CAMetalLayer nextDrawable] returning nil because allocation failed.
2026-09-15 02:27:04.135408+0700 Dream Again[58507:11527364] [API] [CAMetalLayer nextDrawable] returning nil because allocation failed.
2026-09-15 02:27:04.152081+0700 Dream Again[58507:11527364] [API] [CAMetalLayer nextDrawable] returning nil because allocation failed.
2026-09-15 02:27:04.168054+0700 Dream Again[58507:11527364] [API] [CAMetalLayer nextDrawable] returning nil because allocation failed.
2026-09-15 02:27:04.185262+0700 Dream Again[58507:11527364] [API] [CAMetalLayer nextDrawable] returning nil because allocation failed.
2026-09-15 02:27:04.201295+0700 Dream Again[58507:11527364] [API] [CAMetalLayer nextDrawable] returning nil because allocation failed.
2026-09-15 02:27:04.218817+0700 Dream Again[58507:11527364] [API] [CAMetalLayer nextDrawable] returning nil because allocation failed.
2026-09-15 02:27:04.236459+0700 Dream Again[58507:11527364] [API] [CAMetalLayer nextDrawable] returning nil because allocation failed.
2026-09-15 02:27:04.252135+0700 Dream Again[58507:11527364] [API] [CAMetalLayer nextDrawable] returning nil because allocation failed.
2026-09-15 02:27:04.268763+0700 Dream Again[58507:11527364] [API] [CAMetalLayer nextDrawable] returning nil because allocation failed.
2026-09-15 02:27:04.285577+0700 Dream Again[58507:11527364] [API] [CAMetalLayer nextDrawable] returning nil because allocation failed.
2026-09-15 02:27:04.302627+0700 Dream Again[58507:11527364] [API] [CAMetalLayer nextDrawable] returning nil because allocation failed.
2026-09-15 02:27:04.319624+0700 Dream Again[58507:11527364] [API] [CAMetalLayer nextDrawable] returning nil because allocation failed.
2026-09-15 02:27:04.335578+0700 Dream Again[58507:11527364] [API] [CAMetalLayer nextDrawable] returning nil because allocation failed.
2026-09-15 02:27:04.353195+0700 Dream Again[58507:11527364] [API] [CAMetalLayer nextDrawable] returning nil because allocation failed.
2026-09-15 02:27:04.368276+0700 Dream Again[58507:11527364] [API] [CAMetalLayer nextDrawable] returning nil because allocation failed.
2026-09-15 02:27:04.385893+0700 Dream Again[58507:11527364] [API] [CAMetalLayer nextDrawable] returning nil because allocation failed.
2026-09-15 02:27:04.404038+0700 Dream Again[58507:11527364] [API] [CAMetalLayer nextDrawable] returning nil because allocation failed.
2026-09-15 02:27:04.419832+0700 Dream Again[58507:11527364] [API] [CAMetalLayer nextDrawable] returning nil because allocation failed.
2026-09-15 02:27:04.436557+0700 Dream Again[58507:11527364] [API] [CAMetalLayer nextDrawable] returning nil because allocation failed.
2026-09-15 02:27:04.452134+0700 Dream Again[58507:11527364] [API] [CAMetalLayer nextDrawable] returning nil because allocation failed.
2026-09-15 02:27:04.470559+0700 Dream Again[58507:11527364] [API] [CAMetalLayer nextDrawable] returning nil because allocation failed.
2026-09-15 02:27:04.486337+0700 Dream Again[58507:11527364] [API] [CAMetalLayer nextDrawable] returning nil because allocation failed.
2026-09-15 02:27:04.503863+0700 Dream Again[58507:11527364] [API] [CAMetalLayer nextDrawable] returning nil because allocation failed.
2026-09-15 02:27:04.519427+0700 Dream Again[58507:11527364] [API] [CAMetalLayer nextDrawable] returning nil because allocation failed.
2026-09-15 02:27:04.536282+0700 Dream Again[58507:11527364] [API] [CAMetalLayer nextDrawable] returning nil because allocation failed.
2026-09-15 02:27:04.551921+0700 Dream Again[58507:11527364] [API] [CAMetalLayer nextDrawable] returning nil because allocation failed.
2026-09-15 02:27:04.569298+0700 Dream Again[58507:11527364] [API] [CAMetalLayer nextDrawable] returning nil because allocation failed.
2026-09-15 02:27:04.586481+0700 Dream Again[58507:11527364] [API] [CAMetalLayer nextDrawable] returning nil because allocation failed.
2026-09-15 02:27:04.602076+0700 Dream Again[58507:11527364] [API] [CAMetalLayer nextDrawable] returning nil because allocation failed.
2026-09-15 02:27:04.618999+0700 Dream Again[58507:11527364] [API] [CAMetalLayer nextDrawable] returning nil because allocation failed.
2026-09-15 02:27:04.636532+0700 Dream Again[58507:11527364] [API] [CAMetalLayer nextDrawable] returning nil because allocation failed.
2026-09-15 02:27:04.652405+0700 Dream Again[58507:11527364] [API] [CAMetalLayer nextDrawable] returning nil because allocation failed.
2026-09-15 02:27:04.670132+0700 Dream Again[58507:11527364] [API] [CAMetalLayer nextDrawable] returning nil because allocation failed.
2026-09-15 02:27:04.685649+0700 Dream Again[58507:11527364] [API] [CAMetalLayer nextDrawable] returning nil because allocation failed.
2026-09-15 02:27:04.702502+0700 Dream Again[58507:11527364] [API] [CAMetalLayer nextDrawable] returning nil because allocation failed.
2026-09-15 02:27:04.719919+0700 Dream Again[58507:11527364] [API] [CAMetalLayer nextDrawable] returning nil because allocation failed.
2026-09-15 02:27:04.735312+0700 Dream Again[58507:11527364] [API] [CAMetalLayer nextDrawable] returning nil because allocation failed.
2026-09-15 02:27:04.752230+0700 Dream Again[58507:11527364] [API] [CAMetalLayer nextDrawable] returning nil because allocation failed.
2026-09-15 02:27:04.769985+0700 Dream Again[58507:11527364] [API] [CAMetalLayer nextDrawable] returning nil because allocation failed.
2026-09-15 02:27:04.785417+0700 Dream Again[58507:11527364] [API] [CAMetalLayer nextDrawable] returning nil because allocation failed.
2026-09-15 02:27:04.802589+0700 Dream Again[58507:11527364] [API] [CAMetalLayer nextDrawable] returning nil because allocation failed.
2026-09-15 02:27:04.819713+0700 Dream Again[58507:11527364] [API] [CAMetalLayer nextDrawable] returning nil because allocation failed.
2026-09-15 02:27:04.836025+0700 Dream Again[58507:11527364] [API] [CAMetalLayer nextDrawable] returning nil because allocation failed.
2026-09-15 02:27:04.852027+0700 Dream Again[58507:11527364] [API] [CAMetalLayer nextDrawable] returning nil because allocation failed.
2026-09-15 02:27:04.872080+0700 Dream Again[58507:11527364] [API] [CAMetalLayer nextDrawable] returning nil because allocation failed.
2026-09-15 02:27:04.886607+0700 Dream Again[58507:11527364] [API] [CAMetalLayer nextDrawable] returning nil because allocation failed.
2026-09-15 02:27:04.902109+0700 Dream Again[58507:11527364] [API] [CAMetalLayer nextDrawable] returning nil because allocation failed.
2026-09-15 02:27:04.919017+0700 Dream Again[58507:11527364] [API] [CAMetalLayer nextDrawable] returning nil because allocation failed.
2026-09-15 02:27:04.936337+0700 Dream Again[58507:11527364] [API] [CAMetalLayer nextDrawable] returning nil because allocation failed.
2026-09-15 02:27:04.952162+0700 Dream Again[58507:11527364] [API] [CAMetalLayer nextDrawable] returning nil because allocation failed.
2026-09-15 02:27:04.968453+0700 Dream Again[58507:11527364] [API] [CAMetalLayer nextDrawable] returning nil because allocation failed.
2026-09-15 02:27:04.984695+0700 Dream Again[58507:11527364] [API] [CAMetalLayer nextDrawable] returning nil because allocation failed.
2026-09-15 02:27:05.001475+0700 Dream Again[58507:11527364] [API] [CAMetalLayer nextDrawable] returning nil because allocation failed.
2026-09-15 02:27:05.018102+0700 Dream Again[58507:11527364] [API] [CAMetalLayer nextDrawable] returning nil because allocation failed.
2026-09-15 02:27:05.034934+0700 Dream Again[58507:11527364] [API] [CAMetalLayer nextDrawable] returning nil because allocation failed.
2026-09-15 02:27:05.051929+0700 Dream Again[58507:11527364] [API] [CAMetalLayer nextDrawable] returning nil because allocation failed.
2026-09-15 02:27:05.067951+0700 Dream Again[58507:11527364] [API] [CAMetalLayer nextDrawable] returning nil because allocation failed.
2026-09-15 02:27:05.313322+0700 Dream Again[58507:11528339] [STS-N] exiting spatial tracking service update thread because wait returned 37
Test Case '-[Dream_AgainTests.Dream_AgainTests testHybridCollageLoadsOnceAndStaysBounded]' passed (4.220 seconds).
Test Case '-[Dream_AgainTests.Dream_AgainTests testMaterialVocabularyAndWhiteEndingRemainCompatible]' started.
2026-09-15 02:27:05.351556+0700 Dream Again[58507:11526743] [Assets] Could not resolve material name 'engine:BuiltinRenderGraphResources/AR/suFeatheringCreateMergedOcclusionMask.rematerial' in bundle at '/Users/shiv/Library/Developer/CoreSimulator/Devices/80DBBEEC-A752-43F6-A60E-2419BAE5B77E/data/Containers/Bundle/Application/2393C54B-1982-4BD5-B707-DB8099DAD460/Dream Again.app'. Loading via asset path.
2026-09-15 02:27:05.351699+0700 Dream Again[58507:11526743] [Assets] Could not resolve material name 'engine:BuiltinRenderGraphResources/AR/arKitPassthrough.rematerial' in bundle at '/Users/shiv/Library/Developer/CoreSimulator/Devices/80DBBEEC-A752-43F6-A60E-2419BAE5B77E/data/Containers/Bundle/Application/2393C54B-1982-4BD5-B707-DB8099DAD460/Dream Again.app'. Loading via asset path.
2026-09-15 02:27:05.351802+0700 Dream Again[58507:11526743] [Assets] Could not resolve material name 'engine:BuiltinRenderGraphResources/AR/arSegmentationComposite.rematerial' in bundle at '/Users/shiv/Library/Developer/CoreSimulator/Devices/80DBBEEC-A752-43F6-A60E-2419BAE5B77E/data/Containers/Bundle/Application/2393C54B-1982-4BD5-B707-DB8099DAD460/Dream Again.app'. Loading via asset path.
2026-09-15 02:27:05.351884+0700 Dream Again[58507:11526743] [Assets] Could not resolve material name 'engine:BuiltinRenderGraphResources/AR/arInPlacePostProcessCombinedPermute0.rematerial' in bundle at '/Users/shiv/Library/Developer/CoreSimulator/Devices/80DBBEEC-A752-43F6-A60E-2419BAE5B77E/data/Containers/Bundle/Application/2393C54B-1982-4BD5-B707-DB8099DAD460/Dream Again.app'. Loading via asset path.
2026-09-15 02:27:05.352094+0700 Dream Again[58507:11526743] [Assets] Could not resolve material name 'engine:BuiltinRenderGraphResources/AR/arInPlacePostProcessCombinedPermute1.rematerial' in bundle at '/Users/shiv/Library/Developer/CoreSimulator/Devices/80DBBEEC-A752-43F6-A60E-2419BAE5B77E/data/Containers/Bundle/Application/2393C54B-1982-4BD5-B707-DB8099DAD460/Dream Again.app'. Loading via asset path.
2026-09-15 02:27:05.352175+0700 Dream Again[58507:11526743] [Assets] Could not resolve material name 'engine:BuiltinRenderGraphResources/AR/arInPlacePostProcessCombinedPermute2.rematerial' in bundle at '/Users/shiv/Library/Developer/CoreSimulator/Devices/80DBBEEC-A752-43F6-A60E-2419BAE5B77E/data/Containers/Bundle/Application/2393C54B-1982-4BD5-B707-DB8099DAD460/Dream Again.app'. Loading via asset path.
2026-09-15 02:27:05.352252+0700 Dream Again[58507:11526743] [Assets] Could not resolve material name 'engine:BuiltinRenderGraphResources/AR/arInPlacePostProcessCombinedPermute3.rematerial' in bundle at '/Users/shiv/Library/Developer/CoreSimulator/Devices/80DBBEEC-A752-43F6-A60E-2419BAE5B77E/data/Containers/Bundle/Application/2393C54B-1982-4BD5-B707-DB8099DAD460/Dream Again.app'. Loading via asset path.
2026-09-15 02:27:05.352435+0700 Dream Again[58507:11526743] [Assets] Could not resolve material name 'engine:BuiltinRenderGraphResources/AR/arInPlacePostProcessCombinedPermute4.rematerial' in bundle at '/Users/shiv/Library/Developer/CoreSimulator/Devices/80DBBEEC-A752-43F6-A60E-2419BAE5B77E/data/Containers/Bundle/Application/2393C54B-1982-4BD5-B707-DB8099DAD460/Dream Again.app'. Loading via asset path.
2026-09-15 02:27:05.352508+0700 Dream Again[58507:11526743] [Assets] Could not resolve material name 'engine:BuiltinRenderGraphResources/AR/arInPlacePostProcessCombinedPermute5.rematerial' in bundle at '/Users/shiv/Library/Developer/CoreSimulator/Devices/80DBBEEC-A752-43F6-A60E-2419BAE5B77E/data/Containers/Bundle/Application/2393C54B-1982-4BD5-B707-DB8099DAD460/Dream Again.app'. Loading via asset path.
2026-09-15 02:27:05.353235+0700 Dream Again[58507:11526743] [Assets] Could not resolve material name 'engine:BuiltinRenderGraphResources/AR/arInPlacePostProcessCombinedPermute6.rematerial' in bundle at '/Users/shiv/Library/Developer/CoreSimulator/Devices/80DBBEEC-A752-43F6-A60E-2419BAE5B77E/data/Containers/Bundle/Application/2393C54B-1982-4BD5-B707-DB8099DAD460/Dream Again.app'. Loading via asset path.
2026-09-15 02:27:05.353324+0700 Dream Again[58507:11526743] [Assets] Could not resolve material name 'engine:BuiltinRenderGraphResources/AR/arInPlacePostProcessCombinedPermute7.rematerial' in bundle at '/Users/shiv/Library/Developer/CoreSimulator/Devices/80DBBEEC-A752-43F6-A60E-2419BAE5B77E/data/Containers/Bundle/Application/2393C54B-1982-4BD5-B707-DB8099DAD460/Dream Again.app'. Loading via asset path.
2026-09-15 02:27:05.353422+0700 Dream Again[58507:11526743] [Assets] Could not resolve material name 'engine:BuiltinRenderGraphResources/AR/arInPlacePostProcessCombinedPermute8.rematerial' in bundle at '/Users/shiv/Library/Developer/CoreSimulator/Devices/80DBBEEC-A752-43F6-A60E-2419BAE5B77E/data/Containers/Bundle/Application/2393C54B-1982-4BD5-B707-DB8099DAD460/Dream Again.app'. Loading via asset path.
2026-09-15 02:27:05.353666+0700 Dream Again[58507:11526743] [Assets] Could not resolve material name 'engine:BuiltinRenderGraphResources/AR/arInPlacePostProcessCombinedPermute9.rematerial' in bundle at '/Users/shiv/Library/Developer/CoreSimulator/Devices/80DBBEEC-A752-43F6-A60E-2419BAE5B77E/data/Containers/Bundle/Application/2393C54B-1982-4BD5-B707-DB8099DAD460/Dream Again.app'. Loading via asset path.
2026-09-15 02:27:05.353740+0700 Dream Again[58507:11526743] [Assets] Could not resolve material name 'engine:BuiltinRenderGraphResources/AR/arInPlacePostProcessCombinedPermute10.rematerial' in bundle at '/Users/shiv/Library/Developer/CoreSimulator/Devices/80DBBEEC-A752-43F6-A60E-2419BAE5B77E/data/Containers/Bundle/Application/2393C54B-1982-4BD5-B707-DB8099DAD460/Dream Again.app'. Loading via asset path.
2026-09-15 02:27:05.353922+0700 Dream Again[58507:11526743] [Assets] Could not resolve material name 'engine:BuiltinRenderGraphResources/AR/arInPlacePostProcessCombinedPermute11.rematerial' in bundle at '/Users/shiv/Library/Developer/CoreSimulator/Devices/80DBBEEC-A752-43F6-A60E-2419BAE5B77E/data/Containers/Bundle/Application/2393C54B-1982-4BD5-B707-DB8099DAD460/Dream Again.app'. Loading via asset path.
2026-09-15 02:27:05.354012+0700 Dream Again[58507:11526743] [Assets] Could not resolve material name 'engine:BuiltinRenderGraphResources/AR/arInPlacePostProcessCombinedPermute12.rematerial' in bundle at '/Users/shiv/Library/Developer/CoreSimulator/Devices/80DBBEEC-A752-43F6-A60E-2419BAE5B77E/data/Containers/Bundle/Application/2393C54B-1982-4BD5-B707-DB8099DAD460/Dream Again.app'. Loading via asset path.
2026-09-15 02:27:05.354081+0700 Dream Again[58507:11526743] [Assets] Could not resolve material name 'engine:BuiltinRenderGraphResources/AR/arInPlacePostProcessCombinedPermute13.rematerial' in bundle at '/Users/shiv/Library/Developer/CoreSimulator/Devices/80DBBEEC-A752-43F6-A60E-2419BAE5B77E/data/Containers/Bundle/Application/2393C54B-1982-4BD5-B707-DB8099DAD460/Dream Again.app'. Loading via asset path.
2026-09-15 02:27:05.354370+0700 Dream Again[58507:11526743] [Assets] Could not resolve material name 'engine:BuiltinRenderGraphResources/AR/arInPlacePostProcessCombinedPermute14.rematerial' in bundle at '/Users/shiv/Library/Developer/CoreSimulator/Devices/80DBBEEC-A752-43F6-A60E-2419BAE5B77E/data/Containers/Bundle/Application/2393C54B-1982-4BD5-B707-DB8099DAD460/Dream Again.app'. Loading via asset path.
2026-09-15 02:27:05.354438+0700 Dream Again[58507:11526743] [Assets] Could not resolve material name 'engine:BuiltinRenderGraphResources/AR/arInPlacePostProcessCombinedPermute15.rematerial' in bundle at '/Users/shiv/Library/Developer/CoreSimulator/Devices/80DBBEEC-A752-43F6-A60E-2419BAE5B77E/data/Containers/Bundle/Application/2393C54B-1982-4BD5-B707-DB8099DAD460/Dream Again.app'. Loading via asset path.
2026-09-15 02:27:05.930140+0700 Dream Again[58507:11528404] [STS-N] exiting spatial tracking service update thread because wait returned 37
Test Case '-[Dream_AgainTests.Dream_AgainTests testMaterialVocabularyAndWhiteEndingRemainCompatible]' passed (0.615 seconds).
Test Case '-[Dream_AgainTests.Dream_AgainTests testMirrorVoidCoversFrameOpening]' started.
2026-09-15 02:27:05.958632+0700 Dream Again[58507:11526743] [Assets] Could not resolve material name 'engine:BuiltinRenderGraphResources/AR/suFeatheringCreateMergedOcclusionMask.rematerial' in bundle at '/Users/shiv/Library/Developer/CoreSimulator/Devices/80DBBEEC-A752-43F6-A60E-2419BAE5B77E/data/Containers/Bundle/Application/2393C54B-1982-4BD5-B707-DB8099DAD460/Dream Again.app'. Loading via asset path.
2026-09-15 02:27:05.958775+0700 Dream Again[58507:11526743] [Assets] Could not resolve material name 'engine:BuiltinRenderGraphResources/AR/arKitPassthrough.rematerial' in bundle at '/Users/shiv/Library/Developer/CoreSimulator/Devices/80DBBEEC-A752-43F6-A60E-2419BAE5B77E/data/Containers/Bundle/Application/2393C54B-1982-4BD5-B707-DB8099DAD460/Dream Again.app'. Loading via asset path.
2026-09-15 02:27:05.958865+0700 Dream Again[58507:11526743] [Assets] Could not resolve material name 'engine:BuiltinRenderGraphResources/AR/arSegmentationComposite.rematerial' in bundle at '/Users/shiv/Library/Developer/CoreSimulator/Devices/80DBBEEC-A752-43F6-A60E-2419BAE5B77E/data/Containers/Bundle/Application/2393C54B-1982-4BD5-B707-DB8099DAD460/Dream Again.app'. Loading via asset path.
2026-09-15 02:27:05.958963+0700 Dream Again[58507:11526743] [Assets] Could not resolve material name 'engine:BuiltinRenderGraphResources/AR/arInPlacePostProcessCombinedPermute0.rematerial' in bundle at '/Users/shiv/Library/Developer/CoreSimulator/Devices/80DBBEEC-A752-43F6-A60E-2419BAE5B77E/data/Containers/Bundle/Application/2393C54B-1982-4BD5-B707-DB8099DAD460/Dream Again.app'. Loading via asset path.
2026-09-15 02:27:05.959067+0700 Dream Again[58507:11526743] [Assets] Could not resolve material name 'engine:BuiltinRenderGraphResources/AR/arInPlacePostProcessCombinedPermute1.rematerial' in bundle at '/Users/shiv/Library/Developer/CoreSimulator/Devices/80DBBEEC-A752-43F6-A60E-2419BAE5B77E/data/Containers/Bundle/Application/2393C54B-1982-4BD5-B707-DB8099DAD460/Dream Again.app'. Loading via asset path.
2026-09-15 02:27:05.959142+0700 Dream Again[58507:11526743] [Assets] Could not resolve material name 'engine:BuiltinRenderGraphResources/AR/arInPlacePostProcessCombinedPermute2.rematerial' in bundle at '/Users/shiv/Library/Developer/CoreSimulator/Devices/80DBBEEC-A752-43F6-A60E-2419BAE5B77E/data/Containers/Bundle/Application/2393C54B-1982-4BD5-B707-DB8099DAD460/Dream Again.app'. Loading via asset path.
2026-09-15 02:27:05.959219+0700 Dream Again[58507:11526743] [Assets] Could not resolve material name 'engine:BuiltinRenderGraphResources/AR/arInPlacePostProcessCombinedPermute3.rematerial' in bundle at '/Users/shiv/Library/Developer/CoreSimulator/Devices/80DBBEEC-A752-43F6-A60E-2419BAE5B77E/data/Containers/Bundle/Application/2393C54B-1982-4BD5-B707-DB8099DAD460/Dream Again.app'. Loading via asset path.
2026-09-15 02:27:05.959297+0700 Dream Again[58507:11526743] [Assets] Could not resolve material name 'engine:BuiltinRenderGraphResources/AR/arInPlacePostProcessCombinedPermute4.rematerial' in bundle at '/Users/shiv/Library/Developer/CoreSimulator/Devices/80DBBEEC-A752-43F6-A60E-2419BAE5B77E/data/Containers/Bundle/Application/2393C54B-1982-4BD5-B707-DB8099DAD460/Dream Again.app'. Loading via asset path.
2026-09-15 02:27:05.959923+0700 Dream Again[58507:11526743] [Assets] Could not resolve material name 'engine:BuiltinRenderGraphResources/AR/arInPlacePostProcessCombinedPermute5.rematerial' in bundle at '/Users/shiv/Library/Developer/CoreSimulator/Devices/80DBBEEC-A752-43F6-A60E-2419BAE5B77E/data/Containers/Bundle/Application/2393C54B-1982-4BD5-B707-DB8099DAD460/Dream Again.app'. Loading via asset path.
2026-09-15 02:27:05.960007+0700 Dream Again[58507:11526743] [Assets] Could not resolve material name 'engine:BuiltinRenderGraphResources/AR/arInPlacePostProcessCombinedPermute6.rematerial' in bundle at '/Users/shiv/Library/Developer/CoreSimulator/Devices/80DBBEEC-A752-43F6-A60E-2419BAE5B77E/data/Containers/Bundle/Application/2393C54B-1982-4BD5-B707-DB8099DAD460/Dream Again.app'. Loading via asset path.
2026-09-15 02:27:05.960084+0700 Dream Again[58507:11526743] [Assets] Could not resolve material name 'engine:BuiltinRenderGraphResources/AR/arInPlacePostProcessCombinedPermute7.rematerial' in bundle at '/Users/shiv/Library/Developer/CoreSimulator/Devices/80DBBEEC-A752-43F6-A60E-2419BAE5B77E/data/Containers/Bundle/Application/2393C54B-1982-4BD5-B707-DB8099DAD460/Dream Again.app'. Loading via asset path.
2026-09-15 02:27:05.960167+0700 Dream Again[58507:11526743] [Assets] Could not resolve material name 'engine:BuiltinRenderGraphResources/AR/arInPlacePostProcessCombinedPermute8.rematerial' in bundle at '/Users/shiv/Library/Developer/CoreSimulator/Devices/80DBBEEC-A752-43F6-A60E-2419BAE5B77E/data/Containers/Bundle/Application/2393C54B-1982-4BD5-B707-DB8099DAD460/Dream Again.app'. Loading via asset path.
2026-09-15 02:27:05.960232+0700 Dream Again[58507:11526743] [Assets] Could not resolve material name 'engine:BuiltinRenderGraphResources/AR/arInPlacePostProcessCombinedPermute9.rematerial' in bundle at '/Users/shiv/Library/Developer/CoreSimulator/Devices/80DBBEEC-A752-43F6-A60E-2419BAE5B77E/data/Containers/Bundle/Application/2393C54B-1982-4BD5-B707-DB8099DAD460/Dream Again.app'. Loading via asset path.
2026-09-15 02:27:05.960448+0700 Dream Again[58507:11526743] [Assets] Could not resolve material name 'engine:BuiltinRenderGraphResources/AR/arInPlacePostProcessCombinedPermute10.rematerial' in bundle at '/Users/shiv/Library/Developer/CoreSimulator/Devices/80DBBEEC-A752-43F6-A60E-2419BAE5B77E/data/Containers/Bundle/Application/2393C54B-1982-4BD5-B707-DB8099DAD460/Dream Again.app'. Loading via asset path.
2026-09-15 02:27:05.960521+0700 Dream Again[58507:11526743] [Assets] Could not resolve material name 'engine:BuiltinRenderGraphResources/AR/arInPlacePostProcessCombinedPermute11.rematerial' in bundle at '/Users/shiv/Library/Developer/CoreSimulator/Devices/80DBBEEC-A752-43F6-A60E-2419BAE5B77E/data/Containers/Bundle/Application/2393C54B-1982-4BD5-B707-DB8099DAD460/Dream Again.app'. Loading via asset path.
2026-09-15 02:27:05.960598+0700 Dream Again[58507:11526743] [Assets] Could not resolve material name 'engine:BuiltinRenderGraphResources/AR/arInPlacePostProcessCombinedPermute12.rematerial' in bundle at '/Users/shiv/Library/Developer/CoreSimulator/Devices/80DBBEEC-A752-43F6-A60E-2419BAE5B77E/data/Containers/Bundle/Application/2393C54B-1982-4BD5-B707-DB8099DAD460/Dream Again.app'. Loading via asset path.
2026-09-15 02:27:05.960666+0700 Dream Again[58507:11526743] [Assets] Could not resolve material name 'engine:BuiltinRenderGraphResources/AR/arInPlacePostProcessCombinedPermute13.rematerial' in bundle at '/Users/shiv/Library/Developer/CoreSimulator/Devices/80DBBEEC-A752-43F6-A60E-2419BAE5B77E/data/Containers/Bundle/Application/2393C54B-1982-4BD5-B707-DB8099DAD460/Dream Again.app'. Loading via asset path.
2026-09-15 02:27:05.960732+0700 Dream Again[58507:11526743] [Assets] Could not resolve material name 'engine:BuiltinRenderGraphResources/AR/arInPlacePostProcessCombinedPermute14.rematerial' in bundle at '/Users/shiv/Library/Developer/CoreSimulator/Devices/80DBBEEC-A752-43F6-A60E-2419BAE5B77E/data/Containers/Bundle/Application/2393C54B-1982-4BD5-B707-DB8099DAD460/Dream Again.app'. Loading via asset path.
2026-09-15 02:27:05.960892+0700 Dream Again[58507:11526743] [Assets] Could not resolve material name 'engine:BuiltinRenderGraphResources/AR/arInPlacePostProcessCombinedPermute15.rematerial' in bundle at '/Users/shiv/Library/Developer/CoreSimulator/Devices/80DBBEEC-A752-43F6-A60E-2419BAE5B77E/data/Containers/Bundle/Application/2393C54B-1982-4BD5-B707-DB8099DAD460/Dream Again.app'. Loading via asset path.
2026-09-15 02:27:06.472890+0700 Dream Again[58507:11528417] [STS-N] exiting spatial tracking service update thread because wait returned 37
Test Case '-[Dream_AgainTests.Dream_AgainTests testMirrorVoidCoversFrameOpening]' passed (0.543 seconds).
Test Case '-[Dream_AgainTests.Dream_AgainTests testNormalDreamClearsVisualReviewOverrides]' started.
2026-09-15 02:27:06.510753+0700 Dream Again[58507:11526743] [Assets] Could not resolve material name 'engine:BuiltinRenderGraphResources/AR/suFeatheringCreateMergedOcclusionMask.rematerial' in bundle at '/Users/shiv/Library/Developer/CoreSimulator/Devices/80DBBEEC-A752-43F6-A60E-2419BAE5B77E/data/Containers/Bundle/Application/2393C54B-1982-4BD5-B707-DB8099DAD460/Dream Again.app'. Loading via asset path.
2026-09-15 02:27:06.510937+0700 Dream Again[58507:11526743] [Assets] Could not resolve material name 'engine:BuiltinRenderGraphResources/AR/arKitPassthrough.rematerial' in bundle at '/Users/shiv/Library/Developer/CoreSimulator/Devices/80DBBEEC-A752-43F6-A60E-2419BAE5B77E/data/Containers/Bundle/Application/2393C54B-1982-4BD5-B707-DB8099DAD460/Dream Again.app'. Loading via asset path.
2026-09-15 02:27:06.511030+0700 Dream Again[58507:11526743] [Assets] Could not resolve material name 'engine:BuiltinRenderGraphResources/AR/arSegmentationComposite.rematerial' in bundle at '/Users/shiv/Library/Developer/CoreSimulator/Devices/80DBBEEC-A752-43F6-A60E-2419BAE5B77E/data/Containers/Bundle/Application/2393C54B-1982-4BD5-B707-DB8099DAD460/Dream Again.app'. Loading via asset path.
2026-09-15 02:27:06.511147+0700 Dream Again[58507:11526743] [Assets] Could not resolve material name 'engine:BuiltinRenderGraphResources/AR/arInPlacePostProcessCombinedPermute0.rematerial' in bundle at '/Users/shiv/Library/Developer/CoreSimulator/Devices/80DBBEEC-A752-43F6-A60E-2419BAE5B77E/data/Containers/Bundle/Application/2393C54B-1982-4BD5-B707-DB8099DAD460/Dream Again.app'. Loading via asset path.
2026-09-15 02:27:06.511248+0700 Dream Again[58507:11526743] [Assets] Could not resolve material name 'engine:BuiltinRenderGraphResources/AR/arInPlacePostProcessCombinedPermute1.rematerial' in bundle at '/Users/shiv/Library/Developer/CoreSimulator/Devices/80DBBEEC-A752-43F6-A60E-2419BAE5B77E/data/Containers/Bundle/Application/2393C54B-1982-4BD5-B707-DB8099DAD460/Dream Again.app'. Loading via asset path.
2026-09-15 02:27:06.511351+0700 Dream Again[58507:11526743] [Assets] Could not resolve material name 'engine:BuiltinRenderGraphResources/AR/arInPlacePostProcessCombinedPermute2.rematerial' in bundle at '/Users/shiv/Library/Developer/CoreSimulator/Devices/80DBBEEC-A752-43F6-A60E-2419BAE5B77E/data/Containers/Bundle/Application/2393C54B-1982-4BD5-B707-DB8099DAD460/Dream Again.app'. Loading via asset path.
2026-09-15 02:27:06.512006+0700 Dream Again[58507:11526743] [Assets] Could not resolve material name 'engine:BuiltinRenderGraphResources/AR/arInPlacePostProcessCombinedPermute3.rematerial' in bundle at '/Users/shiv/Library/Developer/CoreSimulator/Devices/80DBBEEC-A752-43F6-A60E-2419BAE5B77E/data/Containers/Bundle/Application/2393C54B-1982-4BD5-B707-DB8099DAD460/Dream Again.app'. Loading via asset path.
2026-09-15 02:27:06.512095+0700 Dream Again[58507:11526743] [Assets] Could not resolve material name 'engine:BuiltinRenderGraphResources/AR/arInPlacePostProcessCombinedPermute4.rematerial' in bundle at '/Users/shiv/Library/Developer/CoreSimulator/Devices/80DBBEEC-A752-43F6-A60E-2419BAE5B77E/data/Containers/Bundle/Application/2393C54B-1982-4BD5-B707-DB8099DAD460/Dream Again.app'. Loading via asset path.
2026-09-15 02:27:06.512206+0700 Dream Again[58507:11526743] [Assets] Could not resolve material name 'engine:BuiltinRenderGraphResources/AR/arInPlacePostProcessCombinedPermute5.rematerial' in bundle at '/Users/shiv/Library/Developer/CoreSimulator/Devices/80DBBEEC-A752-43F6-A60E-2419BAE5B77E/data/Containers/Bundle/Application/2393C54B-1982-4BD5-B707-DB8099DAD460/Dream Again.app'. Loading via asset path.
2026-09-15 02:27:06.512293+0700 Dream Again[58507:11526743] [Assets] Could not resolve material name 'engine:BuiltinRenderGraphResources/AR/arInPlacePostProcessCombinedPermute6.rematerial' in bundle at '/Users/shiv/Library/Developer/CoreSimulator/Devices/80DBBEEC-A752-43F6-A60E-2419BAE5B77E/data/Containers/Bundle/Application/2393C54B-1982-4BD5-B707-DB8099DAD460/Dream Again.app'. Loading via asset path.
2026-09-15 02:27:06.512387+0700 Dream Again[58507:11526743] [Assets] Could not resolve material name 'engine:BuiltinRenderGraphResources/AR/arInPlacePostProcessCombinedPermute7.rematerial' in bundle at '/Users/shiv/Library/Developer/CoreSimulator/Devices/80DBBEEC-A752-43F6-A60E-2419BAE5B77E/data/Containers/Bundle/Application/2393C54B-1982-4BD5-B707-DB8099DAD460/Dream Again.app'. Loading via asset path.
2026-09-15 02:27:06.512477+0700 Dream Again[58507:11526743] [Assets] Could not resolve material name 'engine:BuiltinRenderGraphResources/AR/arInPlacePostProcessCombinedPermute8.rematerial' in bundle at '/Users/shiv/Library/Developer/CoreSimulator/Devices/80DBBEEC-A752-43F6-A60E-2419BAE5B77E/data/Containers/Bundle/Application/2393C54B-1982-4BD5-B707-DB8099DAD460/Dream Again.app'. Loading via asset path.
2026-09-15 02:27:06.512554+0700 Dream Again[58507:11526743] [Assets] Could not resolve material name 'engine:BuiltinRenderGraphResources/AR/arInPlacePostProcessCombinedPermute9.rematerial' in bundle at '/Users/shiv/Library/Developer/CoreSimulator/Devices/80DBBEEC-A752-43F6-A60E-2419BAE5B77E/data/Containers/Bundle/Application/2393C54B-1982-4BD5-B707-DB8099DAD460/Dream Again.app'. Loading via asset path.
2026-09-15 02:27:06.512725+0700 Dream Again[58507:11526743] [Assets] Could not resolve material name 'engine:BuiltinRenderGraphResources/AR/arInPlacePostProcessCombinedPermute10.rematerial' in bundle at '/Users/shiv/Library/Developer/CoreSimulator/Devices/80DBBEEC-A752-43F6-A60E-2419BAE5B77E/data/Containers/Bundle/Application/2393C54B-1982-4BD5-B707-DB8099DAD460/Dream Again.app'. Loading via asset path.
2026-09-15 02:27:06.512803+0700 Dream Again[58507:11526743] [Assets] Could not resolve material name 'engine:BuiltinRenderGraphResources/AR/arInPlacePostProcessCombinedPermute11.rematerial' in bundle at '/Users/shiv/Library/Developer/CoreSimulator/Devices/80DBBEEC-A752-43F6-A60E-2419BAE5B77E/data/Containers/Bundle/Application/2393C54B-1982-4BD5-B707-DB8099DAD460/Dream Again.app'. Loading via asset path.
2026-09-15 02:27:06.512883+0700 Dream Again[58507:11526743] [Assets] Could not resolve material name 'engine:BuiltinRenderGraphResources/AR/arInPlacePostProcessCombinedPermute12.rematerial' in bundle at '/Users/shiv/Library/Developer/CoreSimulator/Devices/80DBBEEC-A752-43F6-A60E-2419BAE5B77E/data/Containers/Bundle/Application/2393C54B-1982-4BD5-B707-DB8099DAD460/Dream Again.app'. Loading via asset path.
2026-09-15 02:27:06.512962+0700 Dream Again[58507:11526743] [Assets] Could not resolve material name 'engine:BuiltinRenderGraphResources/AR/arInPlacePostProcessCombinedPermute13.rematerial' in bundle at '/Users/shiv/Library/Developer/CoreSimulator/Devices/80DBBEEC-A752-43F6-A60E-2419BAE5B77E/data/Containers/Bundle/Application/2393C54B-1982-4BD5-B707-DB8099DAD460/Dream Again.app'. Loading via asset path.
2026-09-15 02:27:06.513034+0700 Dream Again[58507:11526743] [Assets] Could not resolve material name 'engine:BuiltinRenderGraphResources/AR/arInPlacePostProcessCombinedPermute14.rematerial' in bundle at '/Users/shiv/Library/Developer/CoreSimulator/Devices/80DBBEEC-A752-43F6-A60E-2419BAE5B77E/data/Containers/Bundle/Application/2393C54B-1982-4BD5-B707-DB8099DAD460/Dream Again.app'. Loading via asset path.
2026-09-15 02:27:06.513110+0700 Dream Again[58507:11526743] [Assets] Could not resolve material name 'engine:BuiltinRenderGraphResources/AR/arInPlacePostProcessCombinedPermute15.rematerial' in bundle at '/Users/shiv/Library/Developer/CoreSimulator/Devices/80DBBEEC-A752-43F6-A60E-2419BAE5B77E/data/Containers/Bundle/Application/2393C54B-1982-4BD5-B707-DB8099DAD460/Dream Again.app'. Loading via asset path.
2026-09-15 02:27:08.661078+0700 Dream Again[58507:11528429] [STS-N] exiting spatial tracking service update thread because wait returned 37
Test Case '-[Dream_AgainTests.Dream_AgainTests testNormalDreamClearsVisualReviewOverrides]' passed (2.188 seconds).
Test Case '-[Dream_AgainTests.Dream_AgainTests testObstacleAnimationReusesEntitiesAndRewardsStayDisabled]' started.
2026-09-15 02:27:08.720079+0700 Dream Again[58507:11526743] [Assets] Could not resolve material name 'engine:BuiltinRenderGraphResources/AR/suFeatheringCreateMergedOcclusionMask.rematerial' in bundle at '/Users/shiv/Library/Developer/CoreSimulator/Devices/80DBBEEC-A752-43F6-A60E-2419BAE5B77E/data/Containers/Bundle/Application/2393C54B-1982-4BD5-B707-DB8099DAD460/Dream Again.app'. Loading via asset path.
2026-09-15 02:27:08.720222+0700 Dream Again[58507:11526743] [Assets] Could not resolve material name 'engine:BuiltinRenderGraphResources/AR/arKitPassthrough.rematerial' in bundle at '/Users/shiv/Library/Developer/CoreSimulator/Devices/80DBBEEC-A752-43F6-A60E-2419BAE5B77E/data/Containers/Bundle/Application/2393C54B-1982-4BD5-B707-DB8099DAD460/Dream Again.app'. Loading via asset path.
2026-09-15 02:27:08.720322+0700 Dream Again[58507:11526743] [Assets] Could not resolve material name 'engine:BuiltinRenderGraphResources/AR/arSegmentationComposite.rematerial' in bundle at '/Users/shiv/Library/Developer/CoreSimulator/Devices/80DBBEEC-A752-43F6-A60E-2419BAE5B77E/data/Containers/Bundle/Application/2393C54B-1982-4BD5-B707-DB8099DAD460/Dream Again.app'. Loading via asset path.
2026-09-15 02:27:08.720404+0700 Dream Again[58507:11526743] [Assets] Could not resolve material name 'engine:BuiltinRenderGraphResources/AR/arInPlacePostProcessCombinedPermute0.rematerial' in bundle at '/Users/shiv/Library/Developer/CoreSimulator/Devices/80DBBEEC-A752-43F6-A60E-2419BAE5B77E/data/Containers/Bundle/Application/2393C54B-1982-4BD5-B707-DB8099DAD460/Dream Again.app'. Loading via asset path.
2026-09-15 02:27:08.720932+0700 Dream Again[58507:11526743] [Assets] Could not resolve material name 'engine:BuiltinRenderGraphResources/AR/arInPlacePostProcessCombinedPermute1.rematerial' in bundle at '/Users/shiv/Library/Developer/CoreSimulator/Devices/80DBBEEC-A752-43F6-A60E-2419BAE5B77E/data/Containers/Bundle/Application/2393C54B-1982-4BD5-B707-DB8099DAD460/Dream Again.app'. Loading via asset path.
2026-09-15 02:27:08.721014+0700 Dream Again[58507:11526743] [Assets] Could not resolve material name 'engine:BuiltinRenderGraphResources/AR/arInPlacePostProcessCombinedPermute2.rematerial' in bundle at '/Users/shiv/Library/Developer/CoreSimulator/Devices/80DBBEEC-A752-43F6-A60E-2419BAE5B77E/data/Containers/Bundle/Application/2393C54B-1982-4BD5-B707-DB8099DAD460/Dream Again.app'. Loading via asset path.
2026-09-15 02:27:08.721080+0700 Dream Again[58507:11526743] [Assets] Could not resolve material name 'engine:BuiltinRenderGraphResources/AR/arInPlacePostProcessCombinedPermute3.rematerial' in bundle at '/Users/shiv/Library/Developer/CoreSimulator/Devices/80DBBEEC-A752-43F6-A60E-2419BAE5B77E/data/Containers/Bundle/Application/2393C54B-1982-4BD5-B707-DB8099DAD460/Dream Again.app'. Loading via asset path.
2026-09-15 02:27:08.721962+0700 Dream Again[58507:11526743] [Assets] Could not resolve material name 'engine:BuiltinRenderGraphResources/AR/arInPlacePostProcessCombinedPermute4.rematerial' in bundle at '/Users/shiv/Library/Developer/CoreSimulator/Devices/80DBBEEC-A752-43F6-A60E-2419BAE5B77E/data/Containers/Bundle/Application/2393C54B-1982-4BD5-B707-DB8099DAD460/Dream Again.app'. Loading via asset path.
2026-09-15 02:27:08.722046+0700 Dream Again[58507:11526743] [Assets] Could not resolve material name 'engine:BuiltinRenderGraphResources/AR/arInPlacePostProcessCombinedPermute5.rematerial' in bundle at '/Users/shiv/Library/Developer/CoreSimulator/Devices/80DBBEEC-A752-43F6-A60E-2419BAE5B77E/data/Containers/Bundle/Application/2393C54B-1982-4BD5-B707-DB8099DAD460/Dream Again.app'. Loading via asset path.
2026-09-15 02:27:08.722178+0700 Dream Again[58507:11526743] [Assets] Could not resolve material name 'engine:BuiltinRenderGraphResources/AR/arInPlacePostProcessCombinedPermute6.rematerial' in bundle at '/Users/shiv/Library/Developer/CoreSimulator/Devices/80DBBEEC-A752-43F6-A60E-2419BAE5B77E/data/Containers/Bundle/Application/2393C54B-1982-4BD5-B707-DB8099DAD460/Dream Again.app'. Loading via asset path.
2026-09-15 02:27:08.722247+0700 Dream Again[58507:11526743] [Assets] Could not resolve material name 'engine:BuiltinRenderGraphResources/AR/arInPlacePostProcessCombinedPermute7.rematerial' in bundle at '/Users/shiv/Library/Developer/CoreSimulator/Devices/80DBBEEC-A752-43F6-A60E-2419BAE5B77E/data/Containers/Bundle/Application/2393C54B-1982-4BD5-B707-DB8099DAD460/Dream Again.app'. Loading via asset path.
2026-09-15 02:27:08.722350+0700 Dream Again[58507:11526743] [Assets] Could not resolve material name 'engine:BuiltinRenderGraphResources/AR/arInPlacePostProcessCombinedPermute8.rematerial' in bundle at '/Users/shiv/Library/Developer/CoreSimulator/Devices/80DBBEEC-A752-43F6-A60E-2419BAE5B77E/data/Containers/Bundle/Application/2393C54B-1982-4BD5-B707-DB8099DAD460/Dream Again.app'. Loading via asset path.
2026-09-15 02:27:08.722427+0700 Dream Again[58507:11526743] [Assets] Could not resolve material name 'engine:BuiltinRenderGraphResources/AR/arInPlacePostProcessCombinedPermute9.rematerial' in bundle at '/Users/shiv/Library/Developer/CoreSimulator/Devices/80DBBEEC-A752-43F6-A60E-2419BAE5B77E/data/Containers/Bundle/Application/2393C54B-1982-4BD5-B707-DB8099DAD460/Dream Again.app'. Loading via asset path.
2026-09-15 02:27:08.722494+0700 Dream Again[58507:11526743] [Assets] Could not resolve material name 'engine:BuiltinRenderGraphResources/AR/arInPlacePostProcessCombinedPermute10.rematerial' in bundle at '/Users/shiv/Library/Developer/CoreSimulator/Devices/80DBBEEC-A752-43F6-A60E-2419BAE5B77E/data/Containers/Bundle/Application/2393C54B-1982-4BD5-B707-DB8099DAD460/Dream Again.app'. Loading via asset path.
2026-09-15 02:27:08.722569+0700 Dream Again[58507:11526743] [Assets] Could not resolve material name 'engine:BuiltinRenderGraphResources/AR/arInPlacePostProcessCombinedPermute11.rematerial' in bundle at '/Users/shiv/Library/Developer/CoreSimulator/Devices/80DBBEEC-A752-43F6-A60E-2419BAE5B77E/data/Containers/Bundle/Application/2393C54B-1982-4BD5-B707-DB8099DAD460/Dream Again.app'. Loading via asset path.
2026-09-15 02:27:08.722640+0700 Dream Again[58507:11526743] [Assets] Could not resolve material name 'engine:BuiltinRenderGraphResources/AR/arInPlacePostProcessCombinedPermute12.rematerial' in bundle at '/Users/shiv/Library/Developer/CoreSimulator/Devices/80DBBEEC-A752-43F6-A60E-2419BAE5B77E/data/Containers/Bundle/Application/2393C54B-1982-4BD5-B707-DB8099DAD460/Dream Again.app'. Loading via asset path.
2026-09-15 02:27:08.722712+0700 Dream Again[58507:11526743] [Assets] Could not resolve material name 'engine:BuiltinRenderGraphResources/AR/arInPlacePostProcessCombinedPermute13.rematerial' in bundle at '/Users/shiv/Library/Developer/CoreSimulator/Devices/80DBBEEC-A752-43F6-A60E-2419BAE5B77E/data/Containers/Bundle/Application/2393C54B-1982-4BD5-B707-DB8099DAD460/Dream Again.app'. Loading via asset path.
2026-09-15 02:27:08.722855+0700 Dream Again[58507:11526743] [Assets] Could not resolve material name 'engine:BuiltinRenderGraphResources/AR/arInPlacePostProcessCombinedPermute14.rematerial' in bundle at '/Users/shiv/Library/Developer/CoreSimulator/Devices/80DBBEEC-A752-43F6-A60E-2419BAE5B77E/data/Containers/Bundle/Application/2393C54B-1982-4BD5-B707-DB8099DAD460/Dream Again.app'. Loading via asset path.
2026-09-15 02:27:08.722922+0700 Dream Again[58507:11526743] [Assets] Could not resolve material name 'engine:BuiltinRenderGraphResources/AR/arInPlacePostProcessCombinedPermute15.rematerial' in bundle at '/Users/shiv/Library/Developer/CoreSimulator/Devices/80DBBEEC-A752-43F6-A60E-2419BAE5B77E/data/Containers/Bundle/Application/2393C54B-1982-4BD5-B707-DB8099DAD460/Dream Again.app'. Loading via asset path.
2026-09-15 02:27:09.514362+0700 Dream Again[58507:11528470] [STS-N] exiting spatial tracking service update thread because wait returned 37
Test Case '-[Dream_AgainTests.Dream_AgainTests testObstacleAnimationReusesEntitiesAndRewardsStayDisabled]' passed (0.853 seconds).
Test Case '-[Dream_AgainTests.Dream_AgainTests testObstacleGeometryAndLightningAnimation]' started.
2026-09-15 02:27:09.564712+0700 Dream Again[58507:11526743] [Assets] Could not resolve material name 'engine:BuiltinRenderGraphResources/AR/suFeatheringCreateMergedOcclusionMask.rematerial' in bundle at '/Users/shiv/Library/Developer/CoreSimulator/Devices/80DBBEEC-A752-43F6-A60E-2419BAE5B77E/data/Containers/Bundle/Application/2393C54B-1982-4BD5-B707-DB8099DAD460/Dream Again.app'. Loading via asset path.
2026-09-15 02:27:09.564882+0700 Dream Again[58507:11526743] [Assets] Could not resolve material name 'engine:BuiltinRenderGraphResources/AR/arKitPassthrough.rematerial' in bundle at '/Users/shiv/Library/Developer/CoreSimulator/Devices/80DBBEEC-A752-43F6-A60E-2419BAE5B77E/data/Containers/Bundle/Application/2393C54B-1982-4BD5-B707-DB8099DAD460/Dream Again.app'. Loading via asset path.
2026-09-15 02:27:09.564993+0700 Dream Again[58507:11526743] [Assets] Could not resolve material name 'engine:BuiltinRenderGraphResources/AR/arSegmentationComposite.rematerial' in bundle at '/Users/shiv/Library/Developer/CoreSimulator/Devices/80DBBEEC-A752-43F6-A60E-2419BAE5B77E/data/Containers/Bundle/Application/2393C54B-1982-4BD5-B707-DB8099DAD460/Dream Again.app'. Loading via asset path.
2026-09-15 02:27:09.565075+0700 Dream Again[58507:11526743] [Assets] Could not resolve material name 'engine:BuiltinRenderGraphResources/AR/arInPlacePostProcessCombinedPermute0.rematerial' in bundle at '/Users/shiv/Library/Developer/CoreSimulator/Devices/80DBBEEC-A752-43F6-A60E-2419BAE5B77E/data/Containers/Bundle/Application/2393C54B-1982-4BD5-B707-DB8099DAD460/Dream Again.app'. Loading via asset path.
2026-09-15 02:27:09.565174+0700 Dream Again[58507:11526743] [Assets] Could not resolve material name 'engine:BuiltinRenderGraphResources/AR/arInPlacePostProcessCombinedPermute1.rematerial' in bundle at '/Users/shiv/Library/Developer/CoreSimulator/Devices/80DBBEEC-A752-43F6-A60E-2419BAE5B77E/data/Containers/Bundle/Application/2393C54B-1982-4BD5-B707-DB8099DAD460/Dream Again.app'. Loading via asset path.
2026-09-15 02:27:09.565256+0700 Dream Again[58507:11526743] [Assets] Could not resolve material name 'engine:BuiltinRenderGraphResources/AR/arInPlacePostProcessCombinedPermute2.rematerial' in bundle at '/Users/shiv/Library/Developer/CoreSimulator/Devices/80DBBEEC-A752-43F6-A60E-2419BAE5B77E/data/Containers/Bundle/Application/2393C54B-1982-4BD5-B707-DB8099DAD460/Dream Again.app'. Loading via asset path.
2026-09-15 02:27:09.565358+0700 Dream Again[58507:11526743] [Assets] Could not resolve material name 'engine:BuiltinRenderGraphResources/AR/arInPlacePostProcessCombinedPermute3.rematerial' in bundle at '/Users/shiv/Library/Developer/CoreSimulator/Devices/80DBBEEC-A752-43F6-A60E-2419BAE5B77E/data/Containers/Bundle/Application/2393C54B-1982-4BD5-B707-DB8099DAD460/Dream Again.app'. Loading via asset path.
2026-09-15 02:27:09.565471+0700 Dream Again[58507:11526743] [Assets] Could not resolve material name 'engine:BuiltinRenderGraphResources/AR/arInPlacePostProcessCombinedPermute4.rematerial' in bundle at '/Users/shiv/Library/Developer/CoreSimulator/Devices/80DBBEEC-A752-43F6-A60E-2419BAE5B77E/data/Containers/Bundle/Application/2393C54B-1982-4BD5-B707-DB8099DAD460/Dream Again.app'. Loading via asset path.
2026-09-15 02:27:09.565551+0700 Dream Again[58507:11526743] [Assets] Could not resolve material name 'engine:BuiltinRenderGraphResources/AR/arInPlacePostProcessCombinedPermute5.rematerial' in bundle at '/Users/shiv/Library/Developer/CoreSimulator/Devices/80DBBEEC-A752-43F6-A60E-2419BAE5B77E/data/Containers/Bundle/Application/2393C54B-1982-4BD5-B707-DB8099DAD460/Dream Again.app'. Loading via asset path.
2026-09-15 02:27:09.566150+0700 Dream Again[58507:11526743] [Assets] Could not resolve material name 'engine:BuiltinRenderGraphResources/AR/arInPlacePostProcessCombinedPermute6.rematerial' in bundle at '/Users/shiv/Library/Developer/CoreSimulator/Devices/80DBBEEC-A752-43F6-A60E-2419BAE5B77E/data/Containers/Bundle/Application/2393C54B-1982-4BD5-B707-DB8099DAD460/Dream Again.app'. Loading via asset path.
2026-09-15 02:27:09.566240+0700 Dream Again[58507:11526743] [Assets] Could not resolve material name 'engine:BuiltinRenderGraphResources/AR/arInPlacePostProcessCombinedPermute7.rematerial' in bundle at '/Users/shiv/Library/Developer/CoreSimulator/Devices/80DBBEEC-A752-43F6-A60E-2419BAE5B77E/data/Containers/Bundle/Application/2393C54B-1982-4BD5-B707-DB8099DAD460/Dream Again.app'. Loading via asset path.
2026-09-15 02:27:09.566415+0700 Dream Again[58507:11526743] [Assets] Could not resolve material name 'engine:BuiltinRenderGraphResources/AR/arInPlacePostProcessCombinedPermute8.rematerial' in bundle at '/Users/shiv/Library/Developer/CoreSimulator/Devices/80DBBEEC-A752-43F6-A60E-2419BAE5B77E/data/Containers/Bundle/Application/2393C54B-1982-4BD5-B707-DB8099DAD460/Dream Again.app'. Loading via asset path.
2026-09-15 02:27:09.566489+0700 Dream Again[58507:11526743] [Assets] Could not resolve material name 'engine:BuiltinRenderGraphResources/AR/arInPlacePostProcessCombinedPermute9.rematerial' in bundle at '/Users/shiv/Library/Developer/CoreSimulator/Devices/80DBBEEC-A752-43F6-A60E-2419BAE5B77E/data/Containers/Bundle/Application/2393C54B-1982-4BD5-B707-DB8099DAD460/Dream Again.app'. Loading via asset path.
2026-09-15 02:27:09.566572+0700 Dream Again[58507:11526743] [Assets] Could not resolve material name 'engine:BuiltinRenderGraphResources/AR/arInPlacePostProcessCombinedPermute10.rematerial' in bundle at '/Users/shiv/Library/Developer/CoreSimulator/Devices/80DBBEEC-A752-43F6-A60E-2419BAE5B77E/data/Containers/Bundle/Application/2393C54B-1982-4BD5-B707-DB8099DAD460/Dream Again.app'. Loading via asset path.
2026-09-15 02:27:09.566651+0700 Dream Again[58507:11526743] [Assets] Could not resolve material name 'engine:BuiltinRenderGraphResources/AR/arInPlacePostProcessCombinedPermute11.rematerial' in bundle at '/Users/shiv/Library/Developer/CoreSimulator/Devices/80DBBEEC-A752-43F6-A60E-2419BAE5B77E/data/Containers/Bundle/Application/2393C54B-1982-4BD5-B707-DB8099DAD460/Dream Again.app'. Loading via asset path.
2026-09-15 02:27:09.566725+0700 Dream Again[58507:11526743] [Assets] Could not resolve material name 'engine:BuiltinRenderGraphResources/AR/arInPlacePostProcessCombinedPermute12.rematerial' in bundle at '/Users/shiv/Library/Developer/CoreSimulator/Devices/80DBBEEC-A752-43F6-A60E-2419BAE5B77E/data/Containers/Bundle/Application/2393C54B-1982-4BD5-B707-DB8099DAD460/Dream Again.app'. Loading via asset path.
2026-09-15 02:27:09.566799+0700 Dream Again[58507:11526743] [Assets] Could not resolve material name 'engine:BuiltinRenderGraphResources/AR/arInPlacePostProcessCombinedPermute13.rematerial' in bundle at '/Users/shiv/Library/Developer/CoreSimulator/Devices/80DBBEEC-A752-43F6-A60E-2419BAE5B77E/data/Containers/Bundle/Application/2393C54B-1982-4BD5-B707-DB8099DAD460/Dream Again.app'. Loading via asset path.
2026-09-15 02:27:09.566872+0700 Dream Again[58507:11526743] [Assets] Could not resolve material name 'engine:BuiltinRenderGraphResources/AR/arInPlacePostProcessCombinedPermute14.rematerial' in bundle at '/Users/shiv/Library/Developer/CoreSimulator/Devices/80DBBEEC-A752-43F6-A60E-2419BAE5B77E/data/Containers/Bundle/Application/2393C54B-1982-4BD5-B707-DB8099DAD460/Dream Again.app'. Loading via asset path.
2026-09-15 02:27:09.566950+0700 Dream Again[58507:11526743] [Assets] Could not resolve material name 'engine:BuiltinRenderGraphResources/AR/arInPlacePostProcessCombinedPermute15.rematerial' in bundle at '/Users/shiv/Library/Developer/CoreSimulator/Devices/80DBBEEC-A752-43F6-A60E-2419BAE5B77E/data/Containers/Bundle/Application/2393C54B-1982-4BD5-B707-DB8099DAD460/Dream Again.app'. Loading via asset path.
2026-09-15 02:27:15.453763+0700 Dream Again[58507:11528501] [STS-N] exiting spatial tracking service update thread because wait returned 37
Test Case '-[Dream_AgainTests.Dream_AgainTests testObstacleGeometryAndLightningAnimation]' passed (5.942 seconds).
Test Case '-[Dream_AgainTests.Dream_AgainTests testPaletteBoundaryRetainsWorldAndChangesObjectsGradually]' started.
2026-09-15 02:27:15.782953+0700 Dream Again[58507:11526743] [Assets] Could not resolve material name 'engine:BuiltinRenderGraphResources/AR/suFeatheringCreateMergedOcclusionMask.rematerial' in bundle at '/Users/shiv/Library/Developer/CoreSimulator/Devices/80DBBEEC-A752-43F6-A60E-2419BAE5B77E/data/Containers/Bundle/Application/2393C54B-1982-4BD5-B707-DB8099DAD460/Dream Again.app'. Loading via asset path.
2026-09-15 02:27:15.783184+0700 Dream Again[58507:11526743] [Assets] Could not resolve material name 'engine:BuiltinRenderGraphResources/AR/arKitPassthrough.rematerial' in bundle at '/Users/shiv/Library/Developer/CoreSimulator/Devices/80DBBEEC-A752-43F6-A60E-2419BAE5B77E/data/Containers/Bundle/Application/2393C54B-1982-4BD5-B707-DB8099DAD460/Dream Again.app'. Loading via asset path.
2026-09-15 02:27:15.783327+0700 Dream Again[58507:11526743] [Assets] Could not resolve material name 'engine:BuiltinRenderGraphResources/AR/arSegmentationComposite.rematerial' in bundle at '/Users/shiv/Library/Developer/CoreSimulator/Devices/80DBBEEC-A752-43F6-A60E-2419BAE5B77E/data/Containers/Bundle/Application/2393C54B-1982-4BD5-B707-DB8099DAD460/Dream Again.app'. Loading via asset path.
2026-09-15 02:27:15.783484+0700 Dream Again[58507:11526743] [Assets] Could not resolve material name 'engine:BuiltinRenderGraphResources/AR/arInPlacePostProcessCombinedPermute0.rematerial' in bundle at '/Users/shiv/Library/Developer/CoreSimulator/Devices/80DBBEEC-A752-43F6-A60E-2419BAE5B77E/data/Containers/Bundle/Application/2393C54B-1982-4BD5-B707-DB8099DAD460/Dream Again.app'. Loading via asset path.
2026-09-15 02:27:15.783595+0700 Dream Again[58507:11526743] [Assets] Could not resolve material name 'engine:BuiltinRenderGraphResources/AR/arInPlacePostProcessCombinedPermute1.rematerial' in bundle at '/Users/shiv/Library/Developer/CoreSimulator/Devices/80DBBEEC-A752-43F6-A60E-2419BAE5B77E/data/Containers/Bundle/Application/2393C54B-1982-4BD5-B707-DB8099DAD460/Dream Again.app'. Loading via asset path.
2026-09-15 02:27:15.783720+0700 Dream Again[58507:11526743] [Assets] Could not resolve material name 'engine:BuiltinRenderGraphResources/AR/arInPlacePostProcessCombinedPermute2.rematerial' in bundle at '/Users/shiv/Library/Developer/CoreSimulator/Devices/80DBBEEC-A752-43F6-A60E-2419BAE5B77E/data/Containers/Bundle/Application/2393C54B-1982-4BD5-B707-DB8099DAD460/Dream Again.app'. Loading via asset path.
2026-09-15 02:27:15.783875+0700 Dream Again[58507:11526743] [Assets] Could not resolve material name 'engine:BuiltinRenderGraphResources/AR/arInPlacePostProcessCombinedPermute3.rematerial' in bundle at '/Users/shiv/Library/Developer/CoreSimulator/Devices/80DBBEEC-A752-43F6-A60E-2419BAE5B77E/data/Containers/Bundle/Application/2393C54B-1982-4BD5-B707-DB8099DAD460/Dream Again.app'. Loading via asset path.
2026-09-15 02:27:15.784014+0700 Dream Again[58507:11526743] [Assets] Could not resolve material name 'engine:BuiltinRenderGraphResources/AR/arInPlacePostProcessCombinedPermute4.rematerial' in bundle at '/Users/shiv/Library/Developer/CoreSimulator/Devices/80DBBEEC-A752-43F6-A60E-2419BAE5B77E/data/Containers/Bundle/Application/2393C54B-1982-4BD5-B707-DB8099DAD460/Dream Again.app'. Loading via asset path.
2026-09-15 02:27:15.784138+0700 Dream Again[58507:11526743] [Assets] Could not resolve material name 'engine:BuiltinRenderGraphResources/AR/arInPlacePostProcessCombinedPermute5.rematerial' in bundle at '/Users/shiv/Library/Developer/CoreSimulator/Devices/80DBBEEC-A752-43F6-A60E-2419BAE5B77E/data/Containers/Bundle/Application/2393C54B-1982-4BD5-B707-DB8099DAD460/Dream Again.app'. Loading via asset path.
2026-09-15 02:27:15.784247+0700 Dream Again[58507:11526743] [Assets] Could not resolve material name 'engine:BuiltinRenderGraphResources/AR/arInPlacePostProcessCombinedPermute6.rematerial' in bundle at '/Users/shiv/Library/Developer/CoreSimulator/Devices/80DBBEEC-A752-43F6-A60E-2419BAE5B77E/data/Containers/Bundle/Application/2393C54B-1982-4BD5-B707-DB8099DAD460/Dream Again.app'. Loading via asset path.
2026-09-15 02:27:15.784345+0700 Dream Again[58507:11526743] [Assets] Could not resolve material name 'engine:BuiltinRenderGraphResources/AR/arInPlacePostProcessCombinedPermute7.rematerial' in bundle at '/Users/shiv/Library/Developer/CoreSimulator/Devices/80DBBEEC-A752-43F6-A60E-2419BAE5B77E/data/Containers/Bundle/Application/2393C54B-1982-4BD5-B707-DB8099DAD460/Dream Again.app'. Loading via asset path.
2026-09-15 02:27:15.784454+0700 Dream Again[58507:11526743] [Assets] Could not resolve material name 'engine:BuiltinRenderGraphResources/AR/arInPlacePostProcessCombinedPermute8.rematerial' in bundle at '/Users/shiv/Library/Developer/CoreSimulator/Devices/80DBBEEC-A752-43F6-A60E-2419BAE5B77E/data/Containers/Bundle/Application/2393C54B-1982-4BD5-B707-DB8099DAD460/Dream Again.app'. Loading via asset path.
2026-09-15 02:27:15.784552+0700 Dream Again[58507:11526743] [Assets] Could not resolve material name 'engine:BuiltinRenderGraphResources/AR/arInPlacePostProcessCombinedPermute9.rematerial' in bundle at '/Users/shiv/Library/Developer/CoreSimulator/Devices/80DBBEEC-A752-43F6-A60E-2419BAE5B77E/data/Containers/Bundle/Application/2393C54B-1982-4BD5-B707-DB8099DAD460/Dream Again.app'. Loading via asset path.
2026-09-15 02:27:15.784654+0700 Dream Again[58507:11526743] [Assets] Could not resolve material name 'engine:BuiltinRenderGraphResources/AR/arInPlacePostProcessCombinedPermute10.rematerial' in bundle at '/Users/shiv/Library/Developer/CoreSimulator/Devices/80DBBEEC-A752-43F6-A60E-2419BAE5B77E/data/Containers/Bundle/Application/2393C54B-1982-4BD5-B707-DB8099DAD460/Dream Again.app'. Loading via asset path.
2026-09-15 02:27:15.784756+0700 Dream Again[58507:11526743] [Assets] Could not resolve material name 'engine:BuiltinRenderGraphResources/AR/arInPlacePostProcessCombinedPermute11.rematerial' in bundle at '/Users/shiv/Library/Developer/CoreSimulator/Devices/80DBBEEC-A752-43F6-A60E-2419BAE5B77E/data/Containers/Bundle/Application/2393C54B-1982-4BD5-B707-DB8099DAD460/Dream Again.app'. Loading via asset path.
2026-09-15 02:27:15.784880+0700 Dream Again[58507:11526743] [Assets] Could not resolve material name 'engine:BuiltinRenderGraphResources/AR/arInPlacePostProcessCombinedPermute12.rematerial' in bundle at '/Users/shiv/Library/Developer/CoreSimulator/Devices/80DBBEEC-A752-43F6-A60E-2419BAE5B77E/data/Containers/Bundle/Application/2393C54B-1982-4BD5-B707-DB8099DAD460/Dream Again.app'. Loading via asset path.
2026-09-15 02:27:15.784972+0700 Dream Again[58507:11526743] [Assets] Could not resolve material name 'engine:BuiltinRenderGraphResources/AR/arInPlacePostProcessCombinedPermute13.rematerial' in bundle at '/Users/shiv/Library/Developer/CoreSimulator/Devices/80DBBEEC-A752-43F6-A60E-2419BAE5B77E/data/Containers/Bundle/Application/2393C54B-1982-4BD5-B707-DB8099DAD460/Dream Again.app'. Loading via asset path.
2026-09-15 02:27:15.785072+0700 Dream Again[58507:11526743] [Assets] Could not resolve material name 'engine:BuiltinRenderGraphResources/AR/arInPlacePostProcessCombinedPermute14.rematerial' in bundle at '/Users/shiv/Library/Developer/CoreSimulator/Devices/80DBBEEC-A752-43F6-A60E-2419BAE5B77E/data/Containers/Bundle/Application/2393C54B-1982-4BD5-B707-DB8099DAD460/Dream Again.app'. Loading via asset path.
2026-09-15 02:27:15.785180+0700 Dream Again[58507:11526743] [Assets] Could not resolve material name 'engine:BuiltinRenderGraphResources/AR/arInPlacePostProcessCombinedPermute15.rematerial' in bundle at '/Users/shiv/Library/Developer/CoreSimulator/Devices/80DBBEEC-A752-43F6-A60E-2419BAE5B77E/data/Containers/Bundle/Application/2393C54B-1982-4BD5-B707-DB8099DAD460/Dream Again.app'. Loading via asset path.
PALETTE_BOUNDARY_CPU_MS 30.023932456970215
2026-09-15 02:27:21.012169+0700 Dream Again[58507:11528552] [STS-N] exiting spatial tracking service update thread because wait returned 37
Test Case '-[Dream_AgainTests.Dream_AgainTests testPaletteBoundaryRetainsWorldAndChangesObjectsGradually]' passed (5.554 seconds).
Test Case '-[Dream_AgainTests.Dream_AgainTests testPaletteScheduleIsStaggeredAndUsesActiveTime]' started.
Test Case '-[Dream_AgainTests.Dream_AgainTests testPaletteScheduleIsStaggeredAndUsesActiveTime]' passed (0.001 seconds).
Test Case '-[Dream_AgainTests.Dream_AgainTests testRenderingRetainsResourcesAcrossFramesAndRebase]' started.
2026-09-15 02:27:21.063602+0700 Dream Again[58507:11526743] [Assets] Could not resolve material name 'engine:BuiltinRenderGraphResources/AR/suFeatheringCreateMergedOcclusionMask.rematerial' in bundle at '/Users/shiv/Library/Developer/CoreSimulator/Devices/80DBBEEC-A752-43F6-A60E-2419BAE5B77E/data/Containers/Bundle/Application/2393C54B-1982-4BD5-B707-DB8099DAD460/Dream Again.app'. Loading via asset path.
2026-09-15 02:27:21.063780+0700 Dream Again[58507:11526743] [Assets] Could not resolve material name 'engine:BuiltinRenderGraphResources/AR/arKitPassthrough.rematerial' in bundle at '/Users/shiv/Library/Developer/CoreSimulator/Devices/80DBBEEC-A752-43F6-A60E-2419BAE5B77E/data/Containers/Bundle/Application/2393C54B-1982-4BD5-B707-DB8099DAD460/Dream Again.app'. Loading via asset path.
2026-09-15 02:27:21.063891+0700 Dream Again[58507:11526743] [Assets] Could not resolve material name 'engine:BuiltinRenderGraphResources/AR/arSegmentationComposite.rematerial' in bundle at '/Users/shiv/Library/Developer/CoreSimulator/Devices/80DBBEEC-A752-43F6-A60E-2419BAE5B77E/data/Containers/Bundle/Application/2393C54B-1982-4BD5-B707-DB8099DAD460/Dream Again.app'. Loading via asset path.
2026-09-15 02:27:21.064010+0700 Dream Again[58507:11526743] [Assets] Could not resolve material name 'engine:BuiltinRenderGraphResources/AR/arInPlacePostProcessCombinedPermute0.rematerial' in bundle at '/Users/shiv/Library/Developer/CoreSimulator/Devices/80DBBEEC-A752-43F6-A60E-2419BAE5B77E/data/Containers/Bundle/Application/2393C54B-1982-4BD5-B707-DB8099DAD460/Dream Again.app'. Loading via asset path.
2026-09-15 02:27:21.064132+0700 Dream Again[58507:11526743] [Assets] Could not resolve material name 'engine:BuiltinRenderGraphResources/AR/arInPlacePostProcessCombinedPermute1.rematerial' in bundle at '/Users/shiv/Library/Developer/CoreSimulator/Devices/80DBBEEC-A752-43F6-A60E-2419BAE5B77E/data/Containers/Bundle/Application/2393C54B-1982-4BD5-B707-DB8099DAD460/Dream Again.app'. Loading via asset path.
2026-09-15 02:27:21.064222+0700 Dream Again[58507:11526743] [Assets] Could not resolve material name 'engine:BuiltinRenderGraphResources/AR/arInPlacePostProcessCombinedPermute2.rematerial' in bundle at '/Users/shiv/Library/Developer/CoreSimulator/Devices/80DBBEEC-A752-43F6-A60E-2419BAE5B77E/data/Containers/Bundle/Application/2393C54B-1982-4BD5-B707-DB8099DAD460/Dream Again.app'. Loading via asset path.
2026-09-15 02:27:21.064313+0700 Dream Again[58507:11526743] [Assets] Could not resolve material name 'engine:BuiltinRenderGraphResources/AR/arInPlacePostProcessCombinedPermute3.rematerial' in bundle at '/Users/shiv/Library/Developer/CoreSimulator/Devices/80DBBEEC-A752-43F6-A60E-2419BAE5B77E/data/Containers/Bundle/Application/2393C54B-1982-4BD5-B707-DB8099DAD460/Dream Again.app'. Loading via asset path.
2026-09-15 02:27:21.064393+0700 Dream Again[58507:11526743] [Assets] Could not resolve material name 'engine:BuiltinRenderGraphResources/AR/arInPlacePostProcessCombinedPermute4.rematerial' in bundle at '/Users/shiv/Library/Developer/CoreSimulator/Devices/80DBBEEC-A752-43F6-A60E-2419BAE5B77E/data/Containers/Bundle/Application/2393C54B-1982-4BD5-B707-DB8099DAD460/Dream Again.app'. Loading via asset path.
2026-09-15 02:27:21.064472+0700 Dream Again[58507:11526743] [Assets] Could not resolve material name 'engine:BuiltinRenderGraphResources/AR/arInPlacePostProcessCombinedPermute5.rematerial' in bundle at '/Users/shiv/Library/Developer/CoreSimulator/Devices/80DBBEEC-A752-43F6-A60E-2419BAE5B77E/data/Containers/Bundle/Application/2393C54B-1982-4BD5-B707-DB8099DAD460/Dream Again.app'. Loading via asset path.
2026-09-15 02:27:21.064553+0700 Dream Again[58507:11526743] [Assets] Could not resolve material name 'engine:BuiltinRenderGraphResources/AR/arInPlacePostProcessCombinedPermute6.rematerial' in bundle at '/Users/shiv/Library/Developer/CoreSimulator/Devices/80DBBEEC-A752-43F6-A60E-2419BAE5B77E/data/Containers/Bundle/Application/2393C54B-1982-4BD5-B707-DB8099DAD460/Dream Again.app'. Loading via asset path.
2026-09-15 02:27:21.064627+0700 Dream Again[58507:11526743] [Assets] Could not resolve material name 'engine:BuiltinRenderGraphResources/AR/arInPlacePostProcessCombinedPermute7.rematerial' in bundle at '/Users/shiv/Library/Developer/CoreSimulator/Devices/80DBBEEC-A752-43F6-A60E-2419BAE5B77E/data/Containers/Bundle/Application/2393C54B-1982-4BD5-B707-DB8099DAD460/Dream Again.app'. Loading via asset path.
2026-09-15 02:27:21.064798+0700 Dream Again[58507:11526743] [Assets] Could not resolve material name 'engine:BuiltinRenderGraphResources/AR/arInPlacePostProcessCombinedPermute8.rematerial' in bundle at '/Users/shiv/Library/Developer/CoreSimulator/Devices/80DBBEEC-A752-43F6-A60E-2419BAE5B77E/data/Containers/Bundle/Application/2393C54B-1982-4BD5-B707-DB8099DAD460/Dream Again.app'. Loading via asset path.
2026-09-15 02:27:21.064873+0700 Dream Again[58507:11526743] [Assets] Could not resolve material name 'engine:BuiltinRenderGraphResources/AR/arInPlacePostProcessCombinedPermute9.rematerial' in bundle at '/Users/shiv/Library/Developer/CoreSimulator/Devices/80DBBEEC-A752-43F6-A60E-2419BAE5B77E/data/Containers/Bundle/Application/2393C54B-1982-4BD5-B707-DB8099DAD460/Dream Again.app'. Loading via asset path.
2026-09-15 02:27:21.064955+0700 Dream Again[58507:11526743] [Assets] Could not resolve material name 'engine:BuiltinRenderGraphResources/AR/arInPlacePostProcessCombinedPermute10.rematerial' in bundle at '/Users/shiv/Library/Developer/CoreSimulator/Devices/80DBBEEC-A752-43F6-A60E-2419BAE5B77E/data/Containers/Bundle/Application/2393C54B-1982-4BD5-B707-DB8099DAD460/Dream Again.app'. Loading via asset path.
2026-09-15 02:27:21.065627+0700 Dream Again[58507:11526743] [Assets] Could not resolve material name 'engine:BuiltinRenderGraphResources/AR/arInPlacePostProcessCombinedPermute11.rematerial' in bundle at '/Users/shiv/Library/Developer/CoreSimulator/Devices/80DBBEEC-A752-43F6-A60E-2419BAE5B77E/data/Containers/Bundle/Application/2393C54B-1982-4BD5-B707-DB8099DAD460/Dream Again.app'. Loading via asset path.
2026-09-15 02:27:21.065707+0700 Dream Again[58507:11526743] [Assets] Could not resolve material name 'engine:BuiltinRenderGraphResources/AR/arInPlacePostProcessCombinedPermute12.rematerial' in bundle at '/Users/shiv/Library/Developer/CoreSimulator/Devices/80DBBEEC-A752-43F6-A60E-2419BAE5B77E/data/Containers/Bundle/Application/2393C54B-1982-4BD5-B707-DB8099DAD460/Dream Again.app'. Loading via asset path.
2026-09-15 02:27:21.065848+0700 Dream Again[58507:11526743] [Assets] Could not resolve material name 'engine:BuiltinRenderGraphResources/AR/arInPlacePostProcessCombinedPermute13.rematerial' in bundle at '/Users/shiv/Library/Developer/CoreSimulator/Devices/80DBBEEC-A752-43F6-A60E-2419BAE5B77E/data/Containers/Bundle/Application/2393C54B-1982-4BD5-B707-DB8099DAD460/Dream Again.app'. Loading via asset path.
2026-09-15 02:27:21.065924+0700 Dream Again[58507:11526743] [Assets] Could not resolve material name 'engine:BuiltinRenderGraphResources/AR/arInPlacePostProcessCombinedPermute14.rematerial' in bundle at '/Users/shiv/Library/Developer/CoreSimulator/Devices/80DBBEEC-A752-43F6-A60E-2419BAE5B77E/data/Containers/Bundle/Application/2393C54B-1982-4BD5-B707-DB8099DAD460/Dream Again.app'. Loading via asset path.
2026-09-15 02:27:21.066011+0700 Dream Again[58507:11526743] [Assets] Could not resolve material name 'engine:BuiltinRenderGraphResources/AR/arInPlacePostProcessCombinedPermute15.rematerial' in bundle at '/Users/shiv/Library/Developer/CoreSimulator/Devices/80DBBEEC-A752-43F6-A60E-2419BAE5B77E/data/Containers/Bundle/Application/2393C54B-1982-4BD5-B707-DB8099DAD460/Dream Again.app'. Loading via asset path.
2026-09-15 02:27:24.575885+0700 Dream Again[58507:11528659] [STS-N] exiting spatial tracking service update thread because wait returned 37
Test Case '-[Dream_AgainTests.Dream_AgainTests testRenderingRetainsResourcesAcrossFramesAndRebase]' passed (3.562 seconds).
Test Case '-[Dream_AgainTests.Dream_AgainTests testRepresentationRegistryKeepsExactlyFortyTwoSemanticConcepts]' started.
Test Case '-[Dream_AgainTests.Dream_AgainTests testRepresentationRegistryKeepsExactlyFortyTwoSemanticConcepts]' passed (0.013 seconds).
Test Case '-[Dream_AgainTests.Dream_AgainTests testSculptedSurfacesHaveFiniteUnitNormals]' started.
Test Case '-[Dream_AgainTests.Dream_AgainTests testSculptedSurfacesHaveFiniteUnitNormals]' passed (0.229 seconds).
Test Case '-[Dream_AgainTests.Dream_AgainTests testSoccerPanelTopologyAndPreview]' started.
2026-09-15 02:27:24.943093+0700 Dream Again[58507:11526743] [Assets] Could not resolve material name 'engine:BuiltinRenderGraphResources/AR/suFeatheringCreateMergedOcclusionMask.rematerial' in bundle at '/Users/shiv/Library/Developer/CoreSimulator/Devices/80DBBEEC-A752-43F6-A60E-2419BAE5B77E/data/Containers/Bundle/Application/2393C54B-1982-4BD5-B707-DB8099DAD460/Dream Again.app'. Loading via asset path.
2026-09-15 02:27:24.943262+0700 Dream Again[58507:11526743] [Assets] Could not resolve material name 'engine:BuiltinRenderGraphResources/AR/arKitPassthrough.rematerial' in bundle at '/Users/shiv/Library/Developer/CoreSimulator/Devices/80DBBEEC-A752-43F6-A60E-2419BAE5B77E/data/Containers/Bundle/Application/2393C54B-1982-4BD5-B707-DB8099DAD460/Dream Again.app'. Loading via asset path.
2026-09-15 02:27:24.943370+0700 Dream Again[58507:11526743] [Assets] Could not resolve material name 'engine:BuiltinRenderGraphResources/AR/arSegmentationComposite.rematerial' in bundle at '/Users/shiv/Library/Developer/CoreSimulator/Devices/80DBBEEC-A752-43F6-A60E-2419BAE5B77E/data/Containers/Bundle/Application/2393C54B-1982-4BD5-B707-DB8099DAD460/Dream Again.app'. Loading via asset path.
2026-09-15 02:27:24.943484+0700 Dream Again[58507:11526743] [Assets] Could not resolve material name 'engine:BuiltinRenderGraphResources/AR/arInPlacePostProcessCombinedPermute0.rematerial' in bundle at '/Users/shiv/Library/Developer/CoreSimulator/Devices/80DBBEEC-A752-43F6-A60E-2419BAE5B77E/data/Containers/Bundle/Application/2393C54B-1982-4BD5-B707-DB8099DAD460/Dream Again.app'. Loading via asset path.
2026-09-15 02:27:24.943594+0700 Dream Again[58507:11526743] [Assets] Could not resolve material name 'engine:BuiltinRenderGraphResources/AR/arInPlacePostProcessCombinedPermute1.rematerial' in bundle at '/Users/shiv/Library/Developer/CoreSimulator/Devices/80DBBEEC-A752-43F6-A60E-2419BAE5B77E/data/Containers/Bundle/Application/2393C54B-1982-4BD5-B707-DB8099DAD460/Dream Again.app'. Loading via asset path.
2026-09-15 02:27:24.943688+0700 Dream Again[58507:11526743] [Assets] Could not resolve material name 'engine:BuiltinRenderGraphResources/AR/arInPlacePostProcessCombinedPermute2.rematerial' in bundle at '/Users/shiv/Library/Developer/CoreSimulator/Devices/80DBBEEC-A752-43F6-A60E-2419BAE5B77E/data/Containers/Bundle/Application/2393C54B-1982-4BD5-B707-DB8099DAD460/Dream Again.app'. Loading via asset path.
2026-09-15 02:27:24.943781+0700 Dream Again[58507:11526743] [Assets] Could not resolve material name 'engine:BuiltinRenderGraphResources/AR/arInPlacePostProcessCombinedPermute3.rematerial' in bundle at '/Users/shiv/Library/Developer/CoreSimulator/Devices/80DBBEEC-A752-43F6-A60E-2419BAE5B77E/data/Containers/Bundle/Application/2393C54B-1982-4BD5-B707-DB8099DAD460/Dream Again.app'. Loading via asset path.
2026-09-15 02:27:24.943864+0700 Dream Again[58507:11526743] [Assets] Could not resolve material name 'engine:BuiltinRenderGraphResources/AR/arInPlacePostProcessCombinedPermute4.rematerial' in bundle at '/Users/shiv/Library/Developer/CoreSimulator/Devices/80DBBEEC-A752-43F6-A60E-2419BAE5B77E/data/Containers/Bundle/Application/2393C54B-1982-4BD5-B707-DB8099DAD460/Dream Again.app'. Loading via asset path.
2026-09-15 02:27:24.943974+0700 Dream Again[58507:11526743] [Assets] Could not resolve material name 'engine:BuiltinRenderGraphResources/AR/arInPlacePostProcessCombinedPermute5.rematerial' in bundle at '/Users/shiv/Library/Developer/CoreSimulator/Devices/80DBBEEC-A752-43F6-A60E-2419BAE5B77E/data/Containers/Bundle/Application/2393C54B-1982-4BD5-B707-DB8099DAD460/Dream Again.app'. Loading via asset path.
2026-09-15 02:27:24.944098+0700 Dream Again[58507:11526743] [Assets] Could not resolve material name 'engine:BuiltinRenderGraphResources/AR/arInPlacePostProcessCombinedPermute6.rematerial' in bundle at '/Users/shiv/Library/Developer/CoreSimulator/Devices/80DBBEEC-A752-43F6-A60E-2419BAE5B77E/data/Containers/Bundle/Application/2393C54B-1982-4BD5-B707-DB8099DAD460/Dream Again.app'. Loading via asset path.
2026-09-15 02:27:24.944182+0700 Dream Again[58507:11526743] [Assets] Could not resolve material name 'engine:BuiltinRenderGraphResources/AR/arInPlacePostProcessCombinedPermute7.rematerial' in bundle at '/Users/shiv/Library/Developer/CoreSimulator/Devices/80DBBEEC-A752-43F6-A60E-2419BAE5B77E/data/Containers/Bundle/Application/2393C54B-1982-4BD5-B707-DB8099DAD460/Dream Again.app'. Loading via asset path.
2026-09-15 02:27:24.944273+0700 Dream Again[58507:11526743] [Assets] Could not resolve material name 'engine:BuiltinRenderGraphResources/AR/arInPlacePostProcessCombinedPermute8.rematerial' in bundle at '/Users/shiv/Library/Developer/CoreSimulator/Devices/80DBBEEC-A752-43F6-A60E-2419BAE5B77E/data/Containers/Bundle/Application/2393C54B-1982-4BD5-B707-DB8099DAD460/Dream Again.app'. Loading via asset path.
2026-09-15 02:27:24.944367+0700 Dream Again[58507:11526743] [Assets] Could not resolve material name 'engine:BuiltinRenderGraphResources/AR/arInPlacePostProcessCombinedPermute9.rematerial' in bundle at '/Users/shiv/Library/Developer/CoreSimulator/Devices/80DBBEEC-A752-43F6-A60E-2419BAE5B77E/data/Containers/Bundle/Application/2393C54B-1982-4BD5-B707-DB8099DAD460/Dream Again.app'. Loading via asset path.
2026-09-15 02:27:24.944437+0700 Dream Again[58507:11526743] [Assets] Could not resolve material name 'engine:BuiltinRenderGraphResources/AR/arInPlacePostProcessCombinedPermute10.rematerial' in bundle at '/Users/shiv/Library/Developer/CoreSimulator/Devices/80DBBEEC-A752-43F6-A60E-2419BAE5B77E/data/Containers/Bundle/Application/2393C54B-1982-4BD5-B707-DB8099DAD460/Dream Again.app'. Loading via asset path.
2026-09-15 02:27:24.944522+0700 Dream Again[58507:11526743] [Assets] Could not resolve material name 'engine:BuiltinRenderGraphResources/AR/arInPlacePostProcessCombinedPermute11.rematerial' in bundle at '/Users/shiv/Library/Developer/CoreSimulator/Devices/80DBBEEC-A752-43F6-A60E-2419BAE5B77E/data/Containers/Bundle/Application/2393C54B-1982-4BD5-B707-DB8099DAD460/Dream Again.app'. Loading via asset path.
2026-09-15 02:27:24.944594+0700 Dream Again[58507:11526743] [Assets] Could not resolve material name 'engine:BuiltinRenderGraphResources/AR/arInPlacePostProcessCombinedPermute12.rematerial' in bundle at '/Users/shiv/Library/Developer/CoreSimulator/Devices/80DBBEEC-A752-43F6-A60E-2419BAE5B77E/data/Containers/Bundle/Application/2393C54B-1982-4BD5-B707-DB8099DAD460/Dream Again.app'. Loading via asset path.
2026-09-15 02:27:24.944670+0700 Dream Again[58507:11526743] [Assets] Could not resolve material name 'engine:BuiltinRenderGraphResources/AR/arInPlacePostProcessCombinedPermute13.rematerial' in bundle at '/Users/shiv/Library/Developer/CoreSimulator/Devices/80DBBEEC-A752-43F6-A60E-2419BAE5B77E/data/Containers/Bundle/Application/2393C54B-1982-4BD5-B707-DB8099DAD460/Dream Again.app'. Loading via asset path.
2026-09-15 02:27:24.944747+0700 Dream Again[58507:11526743] [Assets] Could not resolve material name 'engine:BuiltinRenderGraphResources/AR/arInPlacePostProcessCombinedPermute14.rematerial' in bundle at '/Users/shiv/Library/Developer/CoreSimulator/Devices/80DBBEEC-A752-43F6-A60E-2419BAE5B77E/data/Containers/Bundle/Application/2393C54B-1982-4BD5-B707-DB8099DAD460/Dream Again.app'. Loading via asset path.
2026-09-15 02:27:24.944820+0700 Dream Again[58507:11526743] [Assets] Could not resolve material name 'engine:BuiltinRenderGraphResources/AR/arInPlacePostProcessCombinedPermute15.rematerial' in bundle at '/Users/shiv/Library/Developer/CoreSimulator/Devices/80DBBEEC-A752-43F6-A60E-2419BAE5B77E/data/Containers/Bundle/Application/2393C54B-1982-4BD5-B707-DB8099DAD460/Dream Again.app'. Loading via asset path.
2026-09-15 02:27:28.494222+0700 Dream Again[58507:11528729] [STS-N] exiting spatial tracking service update thread because wait returned 37
Test Case '-[Dream_AgainTests.Dream_AgainTests testSoccerPanelTopologyAndPreview]' passed (3.677 seconds).
Test Case '-[Dream_AgainTests.Dream_AgainTests testSteadyRendererFrameCost]' started.
2026-09-15 02:27:28.546700+0700 Dream Again[58507:11526743] [Assets] Could not resolve material name 'engine:BuiltinRenderGraphResources/AR/suFeatheringCreateMergedOcclusionMask.rematerial' in bundle at '/Users/shiv/Library/Developer/CoreSimulator/Devices/80DBBEEC-A752-43F6-A60E-2419BAE5B77E/data/Containers/Bundle/Application/2393C54B-1982-4BD5-B707-DB8099DAD460/Dream Again.app'. Loading via asset path.
2026-09-15 02:27:28.546973+0700 Dream Again[58507:11526743] [Assets] Could not resolve material name 'engine:BuiltinRenderGraphResources/AR/arKitPassthrough.rematerial' in bundle at '/Users/shiv/Library/Developer/CoreSimulator/Devices/80DBBEEC-A752-43F6-A60E-2419BAE5B77E/data/Containers/Bundle/Application/2393C54B-1982-4BD5-B707-DB8099DAD460/Dream Again.app'. Loading via asset path.
2026-09-15 02:27:28.547111+0700 Dream Again[58507:11526743] [Assets] Could not resolve material name 'engine:BuiltinRenderGraphResources/AR/arSegmentationComposite.rematerial' in bundle at '/Users/shiv/Library/Developer/CoreSimulator/Devices/80DBBEEC-A752-43F6-A60E-2419BAE5B77E/data/Containers/Bundle/Application/2393C54B-1982-4BD5-B707-DB8099DAD460/Dream Again.app'. Loading via asset path.
2026-09-15 02:27:28.547474+0700 Dream Again[58507:11526743] [Assets] Could not resolve material name 'engine:BuiltinRenderGraphResources/AR/arInPlacePostProcessCombinedPermute0.rematerial' in bundle at '/Users/shiv/Library/Developer/CoreSimulator/Devices/80DBBEEC-A752-43F6-A60E-2419BAE5B77E/data/Containers/Bundle/Application/2393C54B-1982-4BD5-B707-DB8099DAD460/Dream Again.app'. Loading via asset path.
2026-09-15 02:27:28.547592+0700 Dream Again[58507:11526743] [Assets] Could not resolve material name 'engine:BuiltinRenderGraphResources/AR/arInPlacePostProcessCombinedPermute1.rematerial' in bundle at '/Users/shiv/Library/Developer/CoreSimulator/Devices/80DBBEEC-A752-43F6-A60E-2419BAE5B77E/data/Containers/Bundle/Application/2393C54B-1982-4BD5-B707-DB8099DAD460/Dream Again.app'. Loading via asset path.
2026-09-15 02:27:28.547768+0700 Dream Again[58507:11526743] [Assets] Could not resolve material name 'engine:BuiltinRenderGraphResources/AR/arInPlacePostProcessCombinedPermute2.rematerial' in bundle at '/Users/shiv/Library/Developer/CoreSimulator/Devices/80DBBEEC-A752-43F6-A60E-2419BAE5B77E/data/Containers/Bundle/Application/2393C54B-1982-4BD5-B707-DB8099DAD460/Dream Again.app'. Loading via asset path.
2026-09-15 02:27:28.576728+0700 Dream Again[58507:11526743] [Assets] Could not resolve material name 'engine:BuiltinRenderGraphResources/AR/arInPlacePostProcessCombinedPermute3.rematerial' in bundle at '/Users/shiv/Library/Developer/CoreSimulator/Devices/80DBBEEC-A752-43F6-A60E-2419BAE5B77E/data/Containers/Bundle/Application/2393C54B-1982-4BD5-B707-DB8099DAD460/Dream Again.app'. Loading via asset path.
2026-09-15 02:27:28.576991+0700 Dream Again[58507:11526743] [Assets] Could not resolve material name 'engine:BuiltinRenderGraphResources/AR/arInPlacePostProcessCombinedPermute4.rematerial' in bundle at '/Users/shiv/Library/Developer/CoreSimulator/Devices/80DBBEEC-A752-43F6-A60E-2419BAE5B77E/data/Containers/Bundle/Application/2393C54B-1982-4BD5-B707-DB8099DAD460/Dream Again.app'. Loading via asset path.
2026-09-15 02:27:28.577506+0700 Dream Again[58507:11526743] [Assets] Could not resolve material name 'engine:BuiltinRenderGraphResources/AR/arInPlacePostProcessCombinedPermute5.rematerial' in bundle at '/Users/shiv/Library/Developer/CoreSimulator/Devices/80DBBEEC-A752-43F6-A60E-2419BAE5B77E/data/Containers/Bundle/Application/2393C54B-1982-4BD5-B707-DB8099DAD460/Dream Again.app'. Loading via asset path.
2026-09-15 02:27:28.577734+0700 Dream Again[58507:11526743] [Assets] Could not resolve material name 'engine:BuiltinRenderGraphResources/AR/arInPlacePostProcessCombinedPermute6.rematerial' in bundle at '/Users/shiv/Library/Developer/CoreSimulator/Devices/80DBBEEC-A752-43F6-A60E-2419BAE5B77E/data/Containers/Bundle/Application/2393C54B-1982-4BD5-B707-DB8099DAD460/Dream Again.app'. Loading via asset path.
2026-09-15 02:27:28.577938+0700 Dream Again[58507:11526743] [Assets] Could not resolve material name 'engine:BuiltinRenderGraphResources/AR/arInPlacePostProcessCombinedPermute7.rematerial' in bundle at '/Users/shiv/Library/Developer/CoreSimulator/Devices/80DBBEEC-A752-43F6-A60E-2419BAE5B77E/data/Containers/Bundle/Application/2393C54B-1982-4BD5-B707-DB8099DAD460/Dream Again.app'. Loading via asset path.
2026-09-15 02:27:28.583222+0700 Dream Again[58507:11526743] [Assets] Could not resolve material name 'engine:BuiltinRenderGraphResources/AR/arInPlacePostProcessCombinedPermute8.rematerial' in bundle at '/Users/shiv/Library/Developer/CoreSimulator/Devices/80DBBEEC-A752-43F6-A60E-2419BAE5B77E/data/Containers/Bundle/Application/2393C54B-1982-4BD5-B707-DB8099DAD460/Dream Again.app'. Loading via asset path.
2026-09-15 02:27:28.583510+0700 Dream Again[58507:11526743] [Assets] Could not resolve material name 'engine:BuiltinRenderGraphResources/AR/arInPlacePostProcessCombinedPermute9.rematerial' in bundle at '/Users/shiv/Library/Developer/CoreSimulator/Devices/80DBBEEC-A752-43F6-A60E-2419BAE5B77E/data/Containers/Bundle/Application/2393C54B-1982-4BD5-B707-DB8099DAD460/Dream Again.app'. Loading via asset path.
2026-09-15 02:27:28.584590+0700 Dream Again[58507:11526743] [Assets] Could not resolve material name 'engine:BuiltinRenderGraphResources/AR/arInPlacePostProcessCombinedPermute10.rematerial' in bundle at '/Users/shiv/Library/Developer/CoreSimulator/Devices/80DBBEEC-A752-43F6-A60E-2419BAE5B77E/data/Containers/Bundle/Application/2393C54B-1982-4BD5-B707-DB8099DAD460/Dream Again.app'. Loading via asset path.
2026-09-15 02:27:28.584816+0700 Dream Again[58507:11526743] [Assets] Could not resolve material name 'engine:BuiltinRenderGraphResources/AR/arInPlacePostProcessCombinedPermute11.rematerial' in bundle at '/Users/shiv/Library/Developer/CoreSimulator/Devices/80DBBEEC-A752-43F6-A60E-2419BAE5B77E/data/Containers/Bundle/Application/2393C54B-1982-4BD5-B707-DB8099DAD460/Dream Again.app'. Loading via asset path.
2026-09-15 02:27:28.584982+0700 Dream Again[58507:11526743] [Assets] Could not resolve material name 'engine:BuiltinRenderGraphResources/AR/arInPlacePostProcessCombinedPermute12.rematerial' in bundle at '/Users/shiv/Library/Developer/CoreSimulator/Devices/80DBBEEC-A752-43F6-A60E-2419BAE5B77E/data/Containers/Bundle/Application/2393C54B-1982-4BD5-B707-DB8099DAD460/Dream Again.app'. Loading via asset path.
2026-09-15 02:27:28.587889+0700 Dream Again[58507:11526743] [Assets] Could not resolve material name 'engine:BuiltinRenderGraphResources/AR/arInPlacePostProcessCombinedPermute13.rematerial' in bundle at '/Users/shiv/Library/Developer/CoreSimulator/Devices/80DBBEEC-A752-43F6-A60E-2419BAE5B77E/data/Containers/Bundle/Application/2393C54B-1982-4BD5-B707-DB8099DAD460/Dream Again.app'. Loading via asset path.
2026-09-15 02:27:28.588113+0700 Dream Again[58507:11526743] [Assets] Could not resolve material name 'engine:BuiltinRenderGraphResources/AR/arInPlacePostProcessCombinedPermute14.rematerial' in bundle at '/Users/shiv/Library/Developer/CoreSimulator/Devices/80DBBEEC-A752-43F6-A60E-2419BAE5B77E/data/Containers/Bundle/Application/2393C54B-1982-4BD5-B707-DB8099DAD460/Dream Again.app'. Loading via asset path.
2026-09-15 02:27:28.590578+0700 Dream Again[58507:11526743] [Assets] Could not resolve material name 'engine:BuiltinRenderGraphResources/AR/arInPlacePostProcessCombinedPermute15.rematerial' in bundle at '/Users/shiv/Library/Developer/CoreSimulator/Devices/80DBBEEC-A752-43F6-A60E-2419BAE5B77E/data/Containers/Bundle/Application/2393C54B-1982-4BD5-B707-DB8099DAD460/Dream Again.app'. Loading via asset path.
RENDER_CPU_MS median=1.600027084350586 p95=1.6520023345947266 max=1.6770362854003906
2026-09-15 02:27:29.630960+0700 Dream Again[58507:11528795] [STS-N] exiting spatial tracking service update thread because wait returned 37
Test Case '-[Dream_AgainTests.Dream_AgainTests testSteadyRendererFrameCost]' passed (1.133 seconds).
Test Case '-[Dream_AgainTests.Dream_AgainTests testStrawCostumesRetainTheSameRig]' started.
2026-09-15 02:27:29.671436+0700 Dream Again[58507:11526743] [Assets] Could not resolve material name 'engine:BuiltinRenderGraphResources/AR/suFeatheringCreateMergedOcclusionMask.rematerial' in bundle at '/Users/shiv/Library/Developer/CoreSimulator/Devices/80DBBEEC-A752-43F6-A60E-2419BAE5B77E/data/Containers/Bundle/Application/2393C54B-1982-4BD5-B707-DB8099DAD460/Dream Again.app'. Loading via asset path.
2026-09-15 02:27:29.671594+0700 Dream Again[58507:11526743] [Assets] Could not resolve material name 'engine:BuiltinRenderGraphResources/AR/arKitPassthrough.rematerial' in bundle at '/Users/shiv/Library/Developer/CoreSimulator/Devices/80DBBEEC-A752-43F6-A60E-2419BAE5B77E/data/Containers/Bundle/Application/2393C54B-1982-4BD5-B707-DB8099DAD460/Dream Again.app'. Loading via asset path.
2026-09-15 02:27:29.671687+0700 Dream Again[58507:11526743] [Assets] Could not resolve material name 'engine:BuiltinRenderGraphResources/AR/arSegmentationComposite.rematerial' in bundle at '/Users/shiv/Library/Developer/CoreSimulator/Devices/80DBBEEC-A752-43F6-A60E-2419BAE5B77E/data/Containers/Bundle/Application/2393C54B-1982-4BD5-B707-DB8099DAD460/Dream Again.app'. Loading via asset path.
2026-09-15 02:27:29.671792+0700 Dream Again[58507:11526743] [Assets] Could not resolve material name 'engine:BuiltinRenderGraphResources/AR/arInPlacePostProcessCombinedPermute0.rematerial' in bundle at '/Users/shiv/Library/Developer/CoreSimulator/Devices/80DBBEEC-A752-43F6-A60E-2419BAE5B77E/data/Containers/Bundle/Application/2393C54B-1982-4BD5-B707-DB8099DAD460/Dream Again.app'. Loading via asset path.
2026-09-15 02:27:29.671914+0700 Dream Again[58507:11526743] [Assets] Could not resolve material name 'engine:BuiltinRenderGraphResources/AR/arInPlacePostProcessCombinedPermute1.rematerial' in bundle at '/Users/shiv/Library/Developer/CoreSimulator/Devices/80DBBEEC-A752-43F6-A60E-2419BAE5B77E/data/Containers/Bundle/Application/2393C54B-1982-4BD5-B707-DB8099DAD460/Dream Again.app'. Loading via asset path.
2026-09-15 02:27:29.671987+0700 Dream Again[58507:11526743] [Assets] Could not resolve material name 'engine:BuiltinRenderGraphResources/AR/arInPlacePostProcessCombinedPermute2.rematerial' in bundle at '/Users/shiv/Library/Developer/CoreSimulator/Devices/80DBBEEC-A752-43F6-A60E-2419BAE5B77E/data/Containers/Bundle/Application/2393C54B-1982-4BD5-B707-DB8099DAD460/Dream Again.app'. Loading via asset path.
2026-09-15 02:27:29.672061+0700 Dream Again[58507:11526743] [Assets] Could not resolve material name 'engine:BuiltinRenderGraphResources/AR/arInPlacePostProcessCombinedPermute3.rematerial' in bundle at '/Users/shiv/Library/Developer/CoreSimulator/Devices/80DBBEEC-A752-43F6-A60E-2419BAE5B77E/data/Containers/Bundle/Application/2393C54B-1982-4BD5-B707-DB8099DAD460/Dream Again.app'. Loading via asset path.
2026-09-15 02:27:29.672755+0700 Dream Again[58507:11526743] [Assets] Could not resolve material name 'engine:BuiltinRenderGraphResources/AR/arInPlacePostProcessCombinedPermute4.rematerial' in bundle at '/Users/shiv/Library/Developer/CoreSimulator/Devices/80DBBEEC-A752-43F6-A60E-2419BAE5B77E/data/Containers/Bundle/Application/2393C54B-1982-4BD5-B707-DB8099DAD460/Dream Again.app'. Loading via asset path.
2026-09-15 02:27:29.672837+0700 Dream Again[58507:11526743] [Assets] Could not resolve material name 'engine:BuiltinRenderGraphResources/AR/arInPlacePostProcessCombinedPermute5.rematerial' in bundle at '/Users/shiv/Library/Developer/CoreSimulator/Devices/80DBBEEC-A752-43F6-A60E-2419BAE5B77E/data/Containers/Bundle/Application/2393C54B-1982-4BD5-B707-DB8099DAD460/Dream Again.app'. Loading via asset path.
2026-09-15 02:27:29.672953+0700 Dream Again[58507:11526743] [Assets] Could not resolve material name 'engine:BuiltinRenderGraphResources/AR/arInPlacePostProcessCombinedPermute6.rematerial' in bundle at '/Users/shiv/Library/Developer/CoreSimulator/Devices/80DBBEEC-A752-43F6-A60E-2419BAE5B77E/data/Containers/Bundle/Application/2393C54B-1982-4BD5-B707-DB8099DAD460/Dream Again.app'. Loading via asset path.
2026-09-15 02:27:29.673020+0700 Dream Again[58507:11526743] [Assets] Could not resolve material name 'engine:BuiltinRenderGraphResources/AR/arInPlacePostProcessCombinedPermute7.rematerial' in bundle at '/Users/shiv/Library/Developer/CoreSimulator/Devices/80DBBEEC-A752-43F6-A60E-2419BAE5B77E/data/Containers/Bundle/Application/2393C54B-1982-4BD5-B707-DB8099DAD460/Dream Again.app'. Loading via asset path.
2026-09-15 02:27:29.673120+0700 Dream Again[58507:11526743] [Assets] Could not resolve material name 'engine:BuiltinRenderGraphResources/AR/arInPlacePostProcessCombinedPermute8.rematerial' in bundle at '/Users/shiv/Library/Developer/CoreSimulator/Devices/80DBBEEC-A752-43F6-A60E-2419BAE5B77E/data/Containers/Bundle/Application/2393C54B-1982-4BD5-B707-DB8099DAD460/Dream Again.app'. Loading via asset path.
2026-09-15 02:27:29.673191+0700 Dream Again[58507:11526743] [Assets] Could not resolve material name 'engine:BuiltinRenderGraphResources/AR/arInPlacePostProcessCombinedPermute9.rematerial' in bundle at '/Users/shiv/Library/Developer/CoreSimulator/Devices/80DBBEEC-A752-43F6-A60E-2419BAE5B77E/data/Containers/Bundle/Application/2393C54B-1982-4BD5-B707-DB8099DAD460/Dream Again.app'. Loading via asset path.
2026-09-15 02:27:29.673256+0700 Dream Again[58507:11526743] [Assets] Could not resolve material name 'engine:BuiltinRenderGraphResources/AR/arInPlacePostProcessCombinedPermute10.rematerial' in bundle at '/Users/shiv/Library/Developer/CoreSimulator/Devices/80DBBEEC-A752-43F6-A60E-2419BAE5B77E/data/Containers/Bundle/Application/2393C54B-1982-4BD5-B707-DB8099DAD460/Dream Again.app'. Loading via asset path.
2026-09-15 02:27:29.673413+0700 Dream Again[58507:11526743] [Assets] Could not resolve material name 'engine:BuiltinRenderGraphResources/AR/arInPlacePostProcessCombinedPermute11.rematerial' in bundle at '/Users/shiv/Library/Developer/CoreSimulator/Devices/80DBBEEC-A752-43F6-A60E-2419BAE5B77E/data/Containers/Bundle/Application/2393C54B-1982-4BD5-B707-DB8099DAD460/Dream Again.app'. Loading via asset path.
2026-09-15 02:27:29.673496+0700 Dream Again[58507:11526743] [Assets] Could not resolve material name 'engine:BuiltinRenderGraphResources/AR/arInPlacePostProcessCombinedPermute12.rematerial' in bundle at '/Users/shiv/Library/Developer/CoreSimulator/Devices/80DBBEEC-A752-43F6-A60E-2419BAE5B77E/data/Containers/Bundle/Application/2393C54B-1982-4BD5-B707-DB8099DAD460/Dream Again.app'. Loading via asset path.
2026-09-15 02:27:29.673570+0700 Dream Again[58507:11526743] [Assets] Could not resolve material name 'engine:BuiltinRenderGraphResources/AR/arInPlacePostProcessCombinedPermute13.rematerial' in bundle at '/Users/shiv/Library/Developer/CoreSimulator/Devices/80DBBEEC-A752-43F6-A60E-2419BAE5B77E/data/Containers/Bundle/Application/2393C54B-1982-4BD5-B707-DB8099DAD460/Dream Again.app'. Loading via asset path.
2026-09-15 02:27:29.673653+0700 Dream Again[58507:11526743] [Assets] Could not resolve material name 'engine:BuiltinRenderGraphResources/AR/arInPlacePostProcessCombinedPermute14.rematerial' in bundle at '/Users/shiv/Library/Developer/CoreSimulator/Devices/80DBBEEC-A752-43F6-A60E-2419BAE5B77E/data/Containers/Bundle/Application/2393C54B-1982-4BD5-B707-DB8099DAD460/Dream Again.app'. Loading via asset path.
2026-09-15 02:27:29.673721+0700 Dream Again[58507:11526743] [Assets] Could not resolve material name 'engine:BuiltinRenderGraphResources/AR/arInPlacePostProcessCombinedPermute15.rematerial' in bundle at '/Users/shiv/Library/Developer/CoreSimulator/Devices/80DBBEEC-A752-43F6-A60E-2419BAE5B77E/data/Containers/Bundle/Application/2393C54B-1982-4BD5-B707-DB8099DAD460/Dream Again.app'. Loading via asset path.
2026-09-15 02:27:30.388222+0700 Dream Again[58507:11528843] [STS-N] exiting spatial tracking service update thread because wait returned 37
Test Case '-[Dream_AgainTests.Dream_AgainTests testStrawCostumesRetainTheSameRig]' passed (0.757 seconds).
Test Suite 'Dream_AgainTests' passed at 2026-09-15 02:27:30.393.
	 Executed 23 tests, with 0 failures (0 unexpected) in 73.640 (73.653) seconds
Test Suite 'Dream AgainTests.xctest' passed at 2026-09-15 02:27:30.394.
	 Executed 23 tests, with 0 failures (0 unexpected) in 73.640 (73.654) seconds
Test Suite 'All tests' passed at 2026-09-15 02:27:30.394.
	 Executed 23 tests, with 0 failures (0 unexpected) in 73.640 (73.659) seconds
2026-09-15 02:27:57.071 xcodebuild[58076:11522761] [MT] IDETestOperationsObserverDebug: 149.732 elapsed -- Testing started completed.
2026-09-15 02:27:57.072 xcodebuild[58076:11522761] [MT] IDETestOperationsObserverDebug: 0.000 sec, +0.000 sec -- start
2026-09-15 02:27:57.072 xcodebuild[58076:11522761] [MT] IDETestOperationsObserverDebug: 149.732 sec, +149.732 sec -- end

Test session results, code coverage, and logs:
	/Users/shiv/Projects/iphone/Dream Again/DerivedData/Logs/Test/Test-Dream Again-2026.09.15_02-23-56-+0700.xcresult

** TEST SUCCEEDED **

Testing started
