Command line invocation:
    /Applications/Xcode.app/Contents/Developer/usr/bin/xcodebuild -project "Dream Again.xcodeproj" -scheme "Dream Again" -configuration Debug -destination "platform=iOS Simulator,id=80DBBEEC-A752-43F6-A60E-2419BAE5B77E" -derivedDataPath DerivedData "-only-testing:Dream AgainTests" test

ComputePackagePrebuildTargetDependencyGraph

Prepare packages

CreateBuildRequest

SendProjectDescription

CreateBuildOperation

ComputeTargetDependencyGraph
note: Building targets in dependency order
note: Target dependency graph (3 targets)
    Target 'Dream AgainUITests' in project 'Dream Again'
        ➜ Explicit dependency on target 'Dream Again' in project 'Dream Again'
    Target 'Dream AgainTests' in project 'Dream Again'
        ➜ Explicit dependency on target 'Dream Again' in project 'Dream Again'
    Target 'Dream Again' in project 'Dream Again' (no dependencies)

GatherProvisioningInputs

CreateBuildDescription

ExecuteExternalTool /Applications/Xcode.app/Contents/Developer/Toolchains/XcodeDefault.xctoolchain/usr/bin/swiftc --version

ExecuteExternalTool /Applications/Xcode.app/Contents/Developer/Toolchains/XcodeDefault.xctoolchain/usr/bin/clang -v -E -dM -isysroot /Applications/Xcode.app/Contents/Developer/Platforms/iPhoneSimulator.platform/Developer/SDKs/iPhoneSimulator26.5.sdk -x c -c /dev/null

ExecuteExternalTool /Applications/Xcode.app/Contents/Developer/usr/bin/actool --print-asset-tag-combinations --output-format xml1 /Users/shiv/Projects/iphone/Dream Again/Dream Again/Assets.xcassets

ExecuteExternalTool /Applications/Xcode.app/Contents/Developer/usr/bin/actool --version --output-format xml1

ExecuteExternalTool /Applications/Xcode.app/Contents/Developer/Toolchains/XcodeDefault.xctoolchain/usr/bin/ld -version_details

Build description signature: dfb7d4f1a6802e286f7bec3961ca8236
Build description path: /Users/shiv/Projects/iphone/Dream Again/DerivedData/Build/Intermediates.noindex/XCBuildData/dfb7d4f1a6802e286f7bec3961ca8236.xcbuilddata
ClangStatCache /Applications/Xcode.app/Contents/Developer/Toolchains/XcodeDefault.xctoolchain/usr/bin/clang-stat-cache /Applications/Xcode.app/Contents/Developer/Platforms/iPhoneSimulator.platform/Developer/SDKs/iPhoneSimulator26.5.sdk /Users/shiv/Projects/iphone/Dream\ Again/DerivedData/SDKStatCaches.noindex/iphonesimulator26.5-23F81a-688ef53f1462e2c8f657fdc38a81448f6cfe768891a92b912361537c460fe42b.sdkstatcache
    cd /Users/shiv/Projects/iphone/Dream\ Again/Dream\ Again.xcodeproj
    /Applications/Xcode.app/Contents/Developer/Toolchains/XcodeDefault.xctoolchain/usr/bin/clang-stat-cache /Applications/Xcode.app/Contents/Developer/Platforms/iPhoneSimulator.platform/Developer/SDKs/iPhoneSimulator26.5.sdk -o /Users/shiv/Projects/iphone/Dream\ Again/DerivedData/SDKStatCaches.noindex/iphonesimulator26.5-23F81a-688ef53f1462e2c8f657fdc38a81448f6cfe768891a92b912361537c460fe42b.sdkstatcache

SwiftDriver Dream\ Again normal arm64 com.apple.xcode.tools.swift.compiler (in target 'Dream Again' from project 'Dream Again')
    cd /Users/shiv/Projects/iphone/Dream\ Again
    builtin-SwiftDriver -- /Applications/Xcode.app/Contents/Developer/Toolchains/XcodeDefault.xctoolchain/usr/bin/swiftc -module-name DreamAgain -Onone @/Users/shiv/Projects/iphone/Dream\ Again/DerivedData/Build/Intermediates.noindex/Dream\ Again.build/Debug-iphonesimulator/Dream\ Again.build/Objects-normal/arm64/Dream\ Again.SwiftFileList -DDEBUG -enable-bare-slash-regex -enable-upcoming-feature DisableOutwardActorInference -enable-upcoming-feature InferSendableFromCaptures -enable-upcoming-feature GlobalActorIsolatedTypesUsability -enable-upcoming-feature MemberImportVisibility -enable-upcoming-feature InferIsolatedConformances -enable-upcoming-feature NonisolatedNonsendingByDefault -enable-experimental-feature DebugDescriptionMacro -sdk /Applications/Xcode.app/Contents/Developer/Platforms/iPhoneSimulator.platform/Developer/SDKs/iPhoneSimulator26.5.sdk -target arm64-apple-ios18.0-simulator -g -module-cache-path /Users/shiv/Projects/iphone/Dream\ Again/DerivedData/ModuleCache.noindex -Xfrontend -serialize-debugging-options -enable-testing -index-store-path /Users/shiv/Projects/iphone/Dream\ Again/DerivedData/Index.noindex/DataStore -Xcc -D_LIBCPP_HARDENING_MODE\=_LIBCPP_HARDENING_MODE_DEBUG -swift-version 5 -I /Users/shiv/Projects/iphone/Dream\ Again/DerivedData/Build/Products/Debug-iphonesimulator -F /Users/shiv/Projects/iphone/Dream\ Again/DerivedData/Build/Products/Debug-iphonesimulator -emit-localized-strings -emit-localized-strings-path /Users/shiv/Projects/iphone/Dream\ Again/DerivedData/Build/Intermediates.noindex/Dream\ Again.build/Debug-iphonesimulator/Dream\ Again.build/Objects-normal/arm64 -c -j8 -enable-batch-mode -incremental -Xcc -ivfsstatcache -Xcc /Users/shiv/Projects/iphone/Dream\ Again/DerivedData/SDKStatCaches.noindex/iphonesimulator26.5-23F81a-688ef53f1462e2c8f657fdc38a81448f6cfe768891a92b912361537c460fe42b.sdkstatcache -output-file-map /Users/shiv/Projects/iphone/Dream\ Again/DerivedData/Build/Intermediates.noindex/Dream\ Again.build/Debug-iphonesimulator/Dream\ Again.build/Objects-normal/arm64/Dream\ Again-OutputFileMap.json -use-frontend-parseable-output -save-temps -no-color-diagnostics -explicit-module-build -module-cache-path /Users/shiv/Projects/iphone/Dream\ Again/DerivedData/Build/Intermediates.noindex/SwiftExplicitPrecompiledModules -clang-scanner-module-cache-path /Users/shiv/Projects/iphone/Dream\ Again/DerivedData/ModuleCache.noindex -sdk-module-cache-path /Users/shiv/Projects/iphone/Dream\ Again/DerivedData/ModuleCache.noindex -serialize-diagnostics -emit-dependencies -emit-module -emit-module-path /Users/shiv/Projects/iphone/Dream\ Again/DerivedData/Build/Intermediates.noindex/Dream\ Again.build/Debug-iphonesimulator/Dream\ Again.build/Objects-normal/arm64/DreamAgain.swiftmodule -validate-clang-modules-once -clang-build-session-file /Users/shiv/Projects/iphone/Dream\ Again/DerivedData/ModuleCache.noindex/Session.modulevalidation -Xcc -I/Users/shiv/Projects/iphone/Dream\ Again/DerivedData/Build/Intermediates.noindex/Dream\ Again.build/Debug-iphonesimulator/Dream\ Again.build/swift-overrides.hmap -emit-const-values -Xfrontend -const-gather-protocols-file -Xfrontend /Users/shiv/Projects/iphone/Dream\ Again/DerivedData/Build/Intermediates.noindex/Dream\ Again.build/Debug-iphonesimulator/Dream\ Again.build/Objects-normal/arm64/Dream\ Again_const_extract_protocols.json -Xcc -iquote -Xcc /Users/shiv/Projects/iphone/Dream\ Again/DerivedData/Build/Intermediates.noindex/Dream\ Again.build/Debug-iphonesimulator/Dream\ Again.build/Dream\ Again-generated-files.hmap -Xcc -I/Users/shiv/Projects/iphone/Dream\ Again/DerivedData/Build/Intermediates.noindex/Dream\ Again.build/Debug-iphonesimulator/Dream\ Again.build/Dream\ Again-own-target-headers.hmap -Xcc -I/Users/shiv/Projects/iphone/Dream\ Again/DerivedData/Build/Intermediates.noindex/Dream\ Again.build/Debug-iphonesimulator/Dream\ Again.build/Dream\ Again-all-target-headers.hmap -Xcc -iquote -Xcc /Users/shiv/Projects/iphone/Dream\ Again/DerivedData/Build/Intermediates.noindex/Dream\ Again.build/Debug-iphonesimulator/Dream\ Again.build/Dream\ Again-project-headers.hmap -Xcc -I/Users/shiv/Projects/iphone/Dream\ Again/DerivedData/Build/Products/Debug-iphonesimulator/include -Xcc -I/Users/shiv/Projects/iphone/Dream\ Again/DerivedData/Build/Intermediates.noindex/Dream\ Again.build/Debug-iphonesimulator/Dream\ Again.build/DerivedSources-normal/arm64 -Xcc -I/Users/shiv/Projects/iphone/Dream\ Again/DerivedData/Build/Intermediates.noindex/Dream\ Again.build/Debug-iphonesimulator/Dream\ Again.build/DerivedSources/arm64 -Xcc -I/Users/shiv/Projects/iphone/Dream\ Again/DerivedData/Build/Intermediates.noindex/Dream\ Again.build/Debug-iphonesimulator/Dream\ Again.build/DerivedSources -Xcc -DDEBUG\=1 -emit-objc-header -emit-objc-header-path /Users/shiv/Projects/iphone/Dream\ Again/DerivedData/Build/Intermediates.noindex/Dream\ Again.build/Debug-iphonesimulator/Dream\ Again.build/Objects-normal/arm64/DreamAgain-Swift.h -working-directory /Users/shiv/Projects/iphone/Dream\ Again -experimental-emit-module-separately -disable-cmo

CpResource /Users/shiv/Projects/iphone/Dream\ Again/DerivedData/Build/Products/Debug-iphonesimulator/Dream\ Again.app/plate_27da765854329009.jpg /Users/shiv/Projects/iphone/Dream\ Again/Dream\ Again/Resources/DreamPlates/plate_27da765854329009.jpg (in target 'Dream Again' from project 'Dream Again')
    cd /Users/shiv/Projects/iphone/Dream\ Again
    builtin-copy -exclude .DS_Store -exclude CVS -exclude .svn -exclude .git -exclude .hg -resolve-src-symlinks /Users/shiv/Projects/iphone/Dream\ Again/Dream\ Again/Resources/DreamPlates/plate_27da765854329009.jpg /Users/shiv/Projects/iphone/Dream\ Again/DerivedData/Build/Products/Debug-iphonesimulator/Dream\ Again.app

ProcessInfoPlistFile /Users/shiv/Projects/iphone/Dream\ Again/DerivedData/Build/Products/Debug-iphonesimulator/Dream\ Again.app/Info.plist /Users/shiv/Projects/iphone/Dream\ Again/Configuration/Info.plist (in target 'Dream Again' from project 'Dream Again')
    cd /Users/shiv/Projects/iphone/Dream\ Again
    builtin-infoPlistUtility /Users/shiv/Projects/iphone/Dream\ Again/Configuration/Info.plist -producttype com.apple.product-type.application -genpkginfo /Users/shiv/Projects/iphone/Dream\ Again/DerivedData/Build/Products/Debug-iphonesimulator/Dream\ Again.app/PkgInfo -expandbuildsettings -format binary -platform iphonesimulator -additionalcontentfile /Users/shiv/Projects/iphone/Dream\ Again/DerivedData/Build/Intermediates.noindex/Dream\ Again.build/Debug-iphonesimulator/Dream\ Again.build/assetcatalog_generated_info.plist -o /Users/shiv/Projects/iphone/Dream\ Again/DerivedData/Build/Products/Debug-iphonesimulator/Dream\ Again.app/Info.plist
warning: The application supports opening files, but doesn't declare whether it supports opening them in place. You can add an LSSupportsOpeningDocumentsInPlace entry or an UISupportsDocumentBrowser entry to your Info.plist to declare support. (in target 'Dream Again' from project 'Dream Again')

CpResource /Users/shiv/Projects/iphone/Dream\ Again/DerivedData/Build/Products/Debug-iphonesimulator/Dream\ Again.app/plate_479b6cd2ba621a82.jpg /Users/shiv/Projects/iphone/Dream\ Again/Dream\ Again/Resources/DreamPlates/plate_479b6cd2ba621a82.jpg (in target 'Dream Again' from project 'Dream Again')
    cd /Users/shiv/Projects/iphone/Dream\ Again
    builtin-copy -exclude .DS_Store -exclude CVS -exclude .svn -exclude .git -exclude .hg -resolve-src-symlinks /Users/shiv/Projects/iphone/Dream\ Again/Dream\ Again/Resources/DreamPlates/plate_479b6cd2ba621a82.jpg /Users/shiv/Projects/iphone/Dream\ Again/DerivedData/Build/Products/Debug-iphonesimulator/Dream\ Again.app

CpResource /Users/shiv/Projects/iphone/Dream\ Again/DerivedData/Build/Products/Debug-iphonesimulator/Dream\ Again.app/plate_44960ae1133a8ba8.jpg /Users/shiv/Projects/iphone/Dream\ Again/Dream\ Again/Resources/DreamPlates/plate_44960ae1133a8ba8.jpg (in target 'Dream Again' from project 'Dream Again')
    cd /Users/shiv/Projects/iphone/Dream\ Again
    builtin-copy -exclude .DS_Store -exclude CVS -exclude .svn -exclude .git -exclude .hg -resolve-src-symlinks /Users/shiv/Projects/iphone/Dream\ Again/Dream\ Again/Resources/DreamPlates/plate_44960ae1133a8ba8.jpg /Users/shiv/Projects/iphone/Dream\ Again/DerivedData/Build/Products/Debug-iphonesimulator/Dream\ Again.app

CpResource /Users/shiv/Projects/iphone/Dream\ Again/DerivedData/Build/Products/Debug-iphonesimulator/Dream\ Again.app/plate_4426f6d51bfc480c.jpg /Users/shiv/Projects/iphone/Dream\ Again/Dream\ Again/Resources/DreamPlates/plate_4426f6d51bfc480c.jpg (in target 'Dream Again' from project 'Dream Again')
    cd /Users/shiv/Projects/iphone/Dream\ Again
    builtin-copy -exclude .DS_Store -exclude CVS -exclude .svn -exclude .git -exclude .hg -resolve-src-symlinks /Users/shiv/Projects/iphone/Dream\ Again/Dream\ Again/Resources/DreamPlates/plate_4426f6d51bfc480c.jpg /Users/shiv/Projects/iphone/Dream\ Again/DerivedData/Build/Products/Debug-iphonesimulator/Dream\ Again.app

CpResource /Users/shiv/Projects/iphone/Dream\ Again/DerivedData/Build/Products/Debug-iphonesimulator/Dream\ Again.app/plate_3f7be5473602a4e3.jpg /Users/shiv/Projects/iphone/Dream\ Again/Dream\ Again/Resources/DreamPlates/plate_3f7be5473602a4e3.jpg (in target 'Dream Again' from project 'Dream Again')
    cd /Users/shiv/Projects/iphone/Dream\ Again
    builtin-copy -exclude .DS_Store -exclude CVS -exclude .svn -exclude .git -exclude .hg -resolve-src-symlinks /Users/shiv/Projects/iphone/Dream\ Again/Dream\ Again/Resources/DreamPlates/plate_3f7be5473602a4e3.jpg /Users/shiv/Projects/iphone/Dream\ Again/DerivedData/Build/Products/Debug-iphonesimulator/Dream\ Again.app

CpResource /Users/shiv/Projects/iphone/Dream\ Again/DerivedData/Build/Products/Debug-iphonesimulator/Dream\ Again.app/plate_913dbfa18e092ab4.jpg /Users/shiv/Projects/iphone/Dream\ Again/Dream\ Again/Resources/DreamPlates/plate_913dbfa18e092ab4.jpg (in target 'Dream Again' from project 'Dream Again')
    cd /Users/shiv/Projects/iphone/Dream\ Again
    builtin-copy -exclude .DS_Store -exclude CVS -exclude .svn -exclude .git -exclude .hg -resolve-src-symlinks /Users/shiv/Projects/iphone/Dream\ Again/Dream\ Again/Resources/DreamPlates/plate_913dbfa18e092ab4.jpg /Users/shiv/Projects/iphone/Dream\ Again/DerivedData/Build/Products/Debug-iphonesimulator/Dream\ Again.app

CpResource /Users/shiv/Projects/iphone/Dream\ Again/DerivedData/Build/Products/Debug-iphonesimulator/Dream\ Again.app/plate_fbcac3b3cc5d4ded.jpg /Users/shiv/Projects/iphone/Dream\ Again/Dream\ Again/Resources/DreamPlates/plate_fbcac3b3cc5d4ded.jpg (in target 'Dream Again' from project 'Dream Again')
    cd /Users/shiv/Projects/iphone/Dream\ Again
    builtin-copy -exclude .DS_Store -exclude CVS -exclude .svn -exclude .git -exclude .hg -resolve-src-symlinks /Users/shiv/Projects/iphone/Dream\ Again/Dream\ Again/Resources/DreamPlates/plate_fbcac3b3cc5d4ded.jpg /Users/shiv/Projects/iphone/Dream\ Again/DerivedData/Build/Products/Debug-iphonesimulator/Dream\ Again.app

CpResource /Users/shiv/Projects/iphone/Dream\ Again/DerivedData/Build/Products/Debug-iphonesimulator/Dream\ Again.app/plate_f9f0a648143b5968.jpg /Users/shiv/Projects/iphone/Dream\ Again/Dream\ Again/Resources/DreamPlates/plate_f9f0a648143b5968.jpg (in target 'Dream Again' from project 'Dream Again')
    cd /Users/shiv/Projects/iphone/Dream\ Again
    builtin-copy -exclude .DS_Store -exclude CVS -exclude .svn -exclude .git -exclude .hg -resolve-src-symlinks /Users/shiv/Projects/iphone/Dream\ Again/Dream\ Again/Resources/DreamPlates/plate_f9f0a648143b5968.jpg /Users/shiv/Projects/iphone/Dream\ Again/DerivedData/Build/Products/Debug-iphonesimulator/Dream\ Again.app

CpResource /Users/shiv/Projects/iphone/Dream\ Again/DerivedData/Build/Products/Debug-iphonesimulator/Dream\ Again.app/plate_f5f0a802e401329e.jpg /Users/shiv/Projects/iphone/Dream\ Again/Dream\ Again/Resources/DreamPlates/plate_f5f0a802e401329e.jpg (in target 'Dream Again' from project 'Dream Again')
    cd /Users/shiv/Projects/iphone/Dream\ Again
    builtin-copy -exclude .DS_Store -exclude CVS -exclude .svn -exclude .git -exclude .hg -resolve-src-symlinks /Users/shiv/Projects/iphone/Dream\ Again/Dream\ Again/Resources/DreamPlates/plate_f5f0a802e401329e.jpg /Users/shiv/Projects/iphone/Dream\ Again/DerivedData/Build/Products/Debug-iphonesimulator/Dream\ Again.app

CpResource /Users/shiv/Projects/iphone/Dream\ Again/DerivedData/Build/Products/Debug-iphonesimulator/Dream\ Again.app/plate_f46f34cb8f3c1332.jpg /Users/shiv/Projects/iphone/Dream\ Again/Dream\ Again/Resources/DreamPlates/plate_f46f34cb8f3c1332.jpg (in target 'Dream Again' from project 'Dream Again')
    cd /Users/shiv/Projects/iphone/Dream\ Again
    builtin-copy -exclude .DS_Store -exclude CVS -exclude .svn -exclude .git -exclude .hg -resolve-src-symlinks /Users/shiv/Projects/iphone/Dream\ Again/Dream\ Again/Resources/DreamPlates/plate_f46f34cb8f3c1332.jpg /Users/shiv/Projects/iphone/Dream\ Again/DerivedData/Build/Products/Debug-iphonesimulator/Dream\ Again.app

CpResource /Users/shiv/Projects/iphone/Dream\ Again/DerivedData/Build/Products/Debug-iphonesimulator/Dream\ Again.app/plate_ef70cca1d2951854.jpg /Users/shiv/Projects/iphone/Dream\ Again/Dream\ Again/Resources/DreamPlates/plate_ef70cca1d2951854.jpg (in target 'Dream Again' from project 'Dream Again')
    cd /Users/shiv/Projects/iphone/Dream\ Again
    builtin-copy -exclude .DS_Store -exclude CVS -exclude .svn -exclude .git -exclude .hg -resolve-src-symlinks /Users/shiv/Projects/iphone/Dream\ Again/Dream\ Again/Resources/DreamPlates/plate_ef70cca1d2951854.jpg /Users/shiv/Projects/iphone/Dream\ Again/DerivedData/Build/Products/Debug-iphonesimulator/Dream\ Again.app

CpResource /Users/shiv/Projects/iphone/Dream\ Again/DerivedData/Build/Products/Debug-iphonesimulator/Dream\ Again.app/plate_ecd512c43e289a02.jpg /Users/shiv/Projects/iphone/Dream\ Again/Dream\ Again/Resources/DreamPlates/plate_ecd512c43e289a02.jpg (in target 'Dream Again' from project 'Dream Again')
    cd /Users/shiv/Projects/iphone/Dream\ Again
    builtin-copy -exclude .DS_Store -exclude CVS -exclude .svn -exclude .git -exclude .hg -resolve-src-symlinks /Users/shiv/Projects/iphone/Dream\ Again/Dream\ Again/Resources/DreamPlates/plate_ecd512c43e289a02.jpg /Users/shiv/Projects/iphone/Dream\ Again/DerivedData/Build/Products/Debug-iphonesimulator/Dream\ Again.app

CpResource /Users/shiv/Projects/iphone/Dream\ Again/DerivedData/Build/Products/Debug-iphonesimulator/Dream\ Again.app/plate_d361f3315cbcf44c.jpg /Users/shiv/Projects/iphone/Dream\ Again/Dream\ Again/Resources/DreamPlates/plate_d361f3315cbcf44c.jpg (in target 'Dream Again' from project 'Dream Again')
    cd /Users/shiv/Projects/iphone/Dream\ Again
    builtin-copy -exclude .DS_Store -exclude CVS -exclude .svn -exclude .git -exclude .hg -resolve-src-symlinks /Users/shiv/Projects/iphone/Dream\ Again/Dream\ Again/Resources/DreamPlates/plate_d361f3315cbcf44c.jpg /Users/shiv/Projects/iphone/Dream\ Again/DerivedData/Build/Products/Debug-iphonesimulator/Dream\ Again.app

CpResource /Users/shiv/Projects/iphone/Dream\ Again/DerivedData/Build/Products/Debug-iphonesimulator/Dream\ Again.app/plate_c9d2b8f49d85a3fd.jpg /Users/shiv/Projects/iphone/Dream\ Again/Dream\ Again/Resources/DreamPlates/plate_c9d2b8f49d85a3fd.jpg (in target 'Dream Again' from project 'Dream Again')
    cd /Users/shiv/Projects/iphone/Dream\ Again
    builtin-copy -exclude .DS_Store -exclude CVS -exclude .svn -exclude .git -exclude .hg -resolve-src-symlinks /Users/shiv/Projects/iphone/Dream\ Again/Dream\ Again/Resources/DreamPlates/plate_c9d2b8f49d85a3fd.jpg /Users/shiv/Projects/iphone/Dream\ Again/DerivedData/Build/Products/Debug-iphonesimulator/Dream\ Again.app

CpResource /Users/shiv/Projects/iphone/Dream\ Again/DerivedData/Build/Products/Debug-iphonesimulator/Dream\ Again.app/plate_c80e54ade74e68f5.jpg /Users/shiv/Projects/iphone/Dream\ Again/Dream\ Again/Resources/DreamPlates/plate_c80e54ade74e68f5.jpg (in target 'Dream Again' from project 'Dream Again')
    cd /Users/shiv/Projects/iphone/Dream\ Again
    builtin-copy -exclude .DS_Store -exclude CVS -exclude .svn -exclude .git -exclude .hg -resolve-src-symlinks /Users/shiv/Projects/iphone/Dream\ Again/Dream\ Again/Resources/DreamPlates/plate_c80e54ade74e68f5.jpg /Users/shiv/Projects/iphone/Dream\ Again/DerivedData/Build/Products/Debug-iphonesimulator/Dream\ Again.app

CpResource /Users/shiv/Projects/iphone/Dream\ Again/DerivedData/Build/Products/Debug-iphonesimulator/Dream\ Again.app/plate_c773fc4033f84eef.jpg /Users/shiv/Projects/iphone/Dream\ Again/Dream\ Again/Resources/DreamPlates/plate_c773fc4033f84eef.jpg (in target 'Dream Again' from project 'Dream Again')
    cd /Users/shiv/Projects/iphone/Dream\ Again
    builtin-copy -exclude .DS_Store -exclude CVS -exclude .svn -exclude .git -exclude .hg -resolve-src-symlinks /Users/shiv/Projects/iphone/Dream\ Again/Dream\ Again/Resources/DreamPlates/plate_c773fc4033f84eef.jpg /Users/shiv/Projects/iphone/Dream\ Again/DerivedData/Build/Products/Debug-iphonesimulator/Dream\ Again.app

CpResource /Users/shiv/Projects/iphone/Dream\ Again/DerivedData/Build/Products/Debug-iphonesimulator/Dream\ Again.app/plate_c6a3879de94a7735.jpg /Users/shiv/Projects/iphone/Dream\ Again/Dream\ Again/Resources/DreamPlates/plate_c6a3879de94a7735.jpg (in target 'Dream Again' from project 'Dream Again')
    cd /Users/shiv/Projects/iphone/Dream\ Again
    builtin-copy -exclude .DS_Store -exclude CVS -exclude .svn -exclude .git -exclude .hg -resolve-src-symlinks /Users/shiv/Projects/iphone/Dream\ Again/Dream\ Again/Resources/DreamPlates/plate_c6a3879de94a7735.jpg /Users/shiv/Projects/iphone/Dream\ Again/DerivedData/Build/Products/Debug-iphonesimulator/Dream\ Again.app

CpResource /Users/shiv/Projects/iphone/Dream\ Again/DerivedData/Build/Products/Debug-iphonesimulator/Dream\ Again.app/plate_c498c8cf3b89e616.jpg /Users/shiv/Projects/iphone/Dream\ Again/Dream\ Again/Resources/DreamPlates/plate_c498c8cf3b89e616.jpg (in target 'Dream Again' from project 'Dream Again')
    cd /Users/shiv/Projects/iphone/Dream\ Again
    builtin-copy -exclude .DS_Store -exclude CVS -exclude .svn -exclude .git -exclude .hg -resolve-src-symlinks /Users/shiv/Projects/iphone/Dream\ Again/Dream\ Again/Resources/DreamPlates/plate_c498c8cf3b89e616.jpg /Users/shiv/Projects/iphone/Dream\ Again/DerivedData/Build/Products/Debug-iphonesimulator/Dream\ Again.app

CpResource /Users/shiv/Projects/iphone/Dream\ Again/DerivedData/Build/Products/Debug-iphonesimulator/Dream\ Again.app/plate_c364e2e601a0c815.jpg /Users/shiv/Projects/iphone/Dream\ Again/Dream\ Again/Resources/DreamPlates/plate_c364e2e601a0c815.jpg (in target 'Dream Again' from project 'Dream Again')
    cd /Users/shiv/Projects/iphone/Dream\ Again
    builtin-copy -exclude .DS_Store -exclude CVS -exclude .svn -exclude .git -exclude .hg -resolve-src-symlinks /Users/shiv/Projects/iphone/Dream\ Again/Dream\ Again/Resources/DreamPlates/plate_c364e2e601a0c815.jpg /Users/shiv/Projects/iphone/Dream\ Again/DerivedData/Build/Products/Debug-iphonesimulator/Dream\ Again.app

CpResource /Users/shiv/Projects/iphone/Dream\ Again/DerivedData/Build/Products/Debug-iphonesimulator/Dream\ Again.app/plate_bbcd4180473738a9.jpg /Users/shiv/Projects/iphone/Dream\ Again/Dream\ Again/Resources/DreamPlates/plate_bbcd4180473738a9.jpg (in target 'Dream Again' from project 'Dream Again')
    cd /Users/shiv/Projects/iphone/Dream\ Again
    builtin-copy -exclude .DS_Store -exclude CVS -exclude .svn -exclude .git -exclude .hg -resolve-src-symlinks /Users/shiv/Projects/iphone/Dream\ Again/Dream\ Again/Resources/DreamPlates/plate_bbcd4180473738a9.jpg /Users/shiv/Projects/iphone/Dream\ Again/DerivedData/Build/Products/Debug-iphonesimulator/Dream\ Again.app

CpResource /Users/shiv/Projects/iphone/Dream\ Again/DerivedData/Build/Products/Debug-iphonesimulator/Dream\ Again.app/plate_b87b19eb01215185.jpg /Users/shiv/Projects/iphone/Dream\ Again/Dream\ Again/Resources/DreamPlates/plate_b87b19eb01215185.jpg (in target 'Dream Again' from project 'Dream Again')
    cd /Users/shiv/Projects/iphone/Dream\ Again
    builtin-copy -exclude .DS_Store -exclude CVS -exclude .svn -exclude .git -exclude .hg -resolve-src-symlinks /Users/shiv/Projects/iphone/Dream\ Again/Dream\ Again/Resources/DreamPlates/plate_b87b19eb01215185.jpg /Users/shiv/Projects/iphone/Dream\ Again/DerivedData/Build/Products/Debug-iphonesimulator/Dream\ Again.app

CpResource /Users/shiv/Projects/iphone/Dream\ Again/DerivedData/Build/Products/Debug-iphonesimulator/Dream\ Again.app/plate_b713dfeef513a538.jpg /Users/shiv/Projects/iphone/Dream\ Again/Dream\ Again/Resources/DreamPlates/plate_b713dfeef513a538.jpg (in target 'Dream Again' from project 'Dream Again')
    cd /Users/shiv/Projects/iphone/Dream\ Again
    builtin-copy -exclude .DS_Store -exclude CVS -exclude .svn -exclude .git -exclude .hg -resolve-src-symlinks /Users/shiv/Projects/iphone/Dream\ Again/Dream\ Again/Resources/DreamPlates/plate_b713dfeef513a538.jpg /Users/shiv/Projects/iphone/Dream\ Again/DerivedData/Build/Products/Debug-iphonesimulator/Dream\ Again.app

CpResource /Users/shiv/Projects/iphone/Dream\ Again/DerivedData/Build/Products/Debug-iphonesimulator/Dream\ Again.app/plate_a94bdf7cfd2d84b8.jpg /Users/shiv/Projects/iphone/Dream\ Again/Dream\ Again/Resources/DreamPlates/plate_a94bdf7cfd2d84b8.jpg (in target 'Dream Again' from project 'Dream Again')
    cd /Users/shiv/Projects/iphone/Dream\ Again
    builtin-copy -exclude .DS_Store -exclude CVS -exclude .svn -exclude .git -exclude .hg -resolve-src-symlinks /Users/shiv/Projects/iphone/Dream\ Again/Dream\ Again/Resources/DreamPlates/plate_a94bdf7cfd2d84b8.jpg /Users/shiv/Projects/iphone/Dream\ Again/DerivedData/Build/Products/Debug-iphonesimulator/Dream\ Again.app

CpResource /Users/shiv/Projects/iphone/Dream\ Again/DerivedData/Build/Products/Debug-iphonesimulator/Dream\ Again.app/plate_a9029363b3bae74f.jpg /Users/shiv/Projects/iphone/Dream\ Again/Dream\ Again/Resources/DreamPlates/plate_a9029363b3bae74f.jpg (in target 'Dream Again' from project 'Dream Again')
    cd /Users/shiv/Projects/iphone/Dream\ Again
    builtin-copy -exclude .DS_Store -exclude CVS -exclude .svn -exclude .git -exclude .hg -resolve-src-symlinks /Users/shiv/Projects/iphone/Dream\ Again/Dream\ Again/Resources/DreamPlates/plate_a9029363b3bae74f.jpg /Users/shiv/Projects/iphone/Dream\ Again/DerivedData/Build/Products/Debug-iphonesimulator/Dream\ Again.app

CpResource /Users/shiv/Projects/iphone/Dream\ Again/DerivedData/Build/Products/Debug-iphonesimulator/Dream\ Again.app/plate_a1515ab2b749e8b2.jpg /Users/shiv/Projects/iphone/Dream\ Again/Dream\ Again/Resources/DreamPlates/plate_a1515ab2b749e8b2.jpg (in target 'Dream Again' from project 'Dream Again')
    cd /Users/shiv/Projects/iphone/Dream\ Again
    builtin-copy -exclude .DS_Store -exclude CVS -exclude .svn -exclude .git -exclude .hg -resolve-src-symlinks /Users/shiv/Projects/iphone/Dream\ Again/Dream\ Again/Resources/DreamPlates/plate_a1515ab2b749e8b2.jpg /Users/shiv/Projects/iphone/Dream\ Again/DerivedData/Build/Products/Debug-iphonesimulator/Dream\ Again.app

CpResource /Users/shiv/Projects/iphone/Dream\ Again/DerivedData/Build/Products/Debug-iphonesimulator/Dream\ Again.app/plate_978844c5d798a194.jpg /Users/shiv/Projects/iphone/Dream\ Again/Dream\ Again/Resources/DreamPlates/plate_978844c5d798a194.jpg (in target 'Dream Again' from project 'Dream Again')
    cd /Users/shiv/Projects/iphone/Dream\ Again
    builtin-copy -exclude .DS_Store -exclude CVS -exclude .svn -exclude .git -exclude .hg -resolve-src-symlinks /Users/shiv/Projects/iphone/Dream\ Again/Dream\ Again/Resources/DreamPlates/plate_978844c5d798a194.jpg /Users/shiv/Projects/iphone/Dream\ Again/DerivedData/Build/Products/Debug-iphonesimulator/Dream\ Again.app

CpResource /Users/shiv/Projects/iphone/Dream\ Again/DerivedData/Build/Products/Debug-iphonesimulator/Dream\ Again.app/plate_95288e5ebafe9a66.jpg /Users/shiv/Projects/iphone/Dream\ Again/Dream\ Again/Resources/DreamPlates/plate_95288e5ebafe9a66.jpg (in target 'Dream Again' from project 'Dream Again')
    cd /Users/shiv/Projects/iphone/Dream\ Again
    builtin-copy -exclude .DS_Store -exclude CVS -exclude .svn -exclude .git -exclude .hg -resolve-src-symlinks /Users/shiv/Projects/iphone/Dream\ Again/Dream\ Again/Resources/DreamPlates/plate_95288e5ebafe9a66.jpg /Users/shiv/Projects/iphone/Dream\ Again/DerivedData/Build/Products/Debug-iphonesimulator/Dream\ Again.app

CpResource /Users/shiv/Projects/iphone/Dream\ Again/DerivedData/Build/Products/Debug-iphonesimulator/Dream\ Again.app/plate_950f7f047299d6ad.jpg /Users/shiv/Projects/iphone/Dream\ Again/Dream\ Again/Resources/DreamPlates/plate_950f7f047299d6ad.jpg (in target 'Dream Again' from project 'Dream Again')
    cd /Users/shiv/Projects/iphone/Dream\ Again
    builtin-copy -exclude .DS_Store -exclude CVS -exclude .svn -exclude .git -exclude .hg -resolve-src-symlinks /Users/shiv/Projects/iphone/Dream\ Again/Dream\ Again/Resources/DreamPlates/plate_950f7f047299d6ad.jpg /Users/shiv/Projects/iphone/Dream\ Again/DerivedData/Build/Products/Debug-iphonesimulator/Dream\ Again.app

CpResource /Users/shiv/Projects/iphone/Dream\ Again/DerivedData/Build/Products/Debug-iphonesimulator/Dream\ Again.app/plate_948d1f6efbcf4473.jpg /Users/shiv/Projects/iphone/Dream\ Again/Dream\ Again/Resources/DreamPlates/plate_948d1f6efbcf4473.jpg (in target 'Dream Again' from project 'Dream Again')
    cd /Users/shiv/Projects/iphone/Dream\ Again
    builtin-copy -exclude .DS_Store -exclude CVS -exclude .svn -exclude .git -exclude .hg -resolve-src-symlinks /Users/shiv/Projects/iphone/Dream\ Again/Dream\ Again/Resources/DreamPlates/plate_948d1f6efbcf4473.jpg /Users/shiv/Projects/iphone/Dream\ Again/DerivedData/Build/Products/Debug-iphonesimulator/Dream\ Again.app

CpResource /Users/shiv/Projects/iphone/Dream\ Again/DerivedData/Build/Products/Debug-iphonesimulator/Dream\ Again.app/plate_938c164633d67f1c.jpg /Users/shiv/Projects/iphone/Dream\ Again/Dream\ Again/Resources/DreamPlates/plate_938c164633d67f1c.jpg (in target 'Dream Again' from project 'Dream Again')
    cd /Users/shiv/Projects/iphone/Dream\ Again
    builtin-copy -exclude .DS_Store -exclude CVS -exclude .svn -exclude .git -exclude .hg -resolve-src-symlinks /Users/shiv/Projects/iphone/Dream\ Again/Dream\ Again/Resources/DreamPlates/plate_938c164633d67f1c.jpg /Users/shiv/Projects/iphone/Dream\ Again/DerivedData/Build/Products/Debug-iphonesimulator/Dream\ Again.app

CpResource /Users/shiv/Projects/iphone/Dream\ Again/DerivedData/Build/Products/Debug-iphonesimulator/Dream\ Again.app/plate_92b722ef52baa042.jpg /Users/shiv/Projects/iphone/Dream\ Again/Dream\ Again/Resources/DreamPlates/plate_92b722ef52baa042.jpg (in target 'Dream Again' from project 'Dream Again')
    cd /Users/shiv/Projects/iphone/Dream\ Again
    builtin-copy -exclude .DS_Store -exclude CVS -exclude .svn -exclude .git -exclude .hg -resolve-src-symlinks /Users/shiv/Projects/iphone/Dream\ Again/Dream\ Again/Resources/DreamPlates/plate_92b722ef52baa042.jpg /Users/shiv/Projects/iphone/Dream\ Again/DerivedData/Build/Products/Debug-iphonesimulator/Dream\ Again.app

CpResource /Users/shiv/Projects/iphone/Dream\ Again/DerivedData/Build/Products/Debug-iphonesimulator/Dream\ Again.app/plate_918cd448c30b062b.jpg /Users/shiv/Projects/iphone/Dream\ Again/Dream\ Again/Resources/DreamPlates/plate_918cd448c30b062b.jpg (in target 'Dream Again' from project 'Dream Again')
    cd /Users/shiv/Projects/iphone/Dream\ Again
    builtin-copy -exclude .DS_Store -exclude CVS -exclude .svn -exclude .git -exclude .hg -resolve-src-symlinks /Users/shiv/Projects/iphone/Dream\ Again/Dream\ Again/Resources/DreamPlates/plate_918cd448c30b062b.jpg /Users/shiv/Projects/iphone/Dream\ Again/DerivedData/Build/Products/Debug-iphonesimulator/Dream\ Again.app

CpResource /Users/shiv/Projects/iphone/Dream\ Again/DerivedData/Build/Products/Debug-iphonesimulator/Dream\ Again.app/plate_83f7dfb084d66be9.jpg /Users/shiv/Projects/iphone/Dream\ Again/Dream\ Again/Resources/DreamPlates/plate_83f7dfb084d66be9.jpg (in target 'Dream Again' from project 'Dream Again')
    cd /Users/shiv/Projects/iphone/Dream\ Again
    builtin-copy -exclude .DS_Store -exclude CVS -exclude .svn -exclude .git -exclude .hg -resolve-src-symlinks /Users/shiv/Projects/iphone/Dream\ Again/Dream\ Again/Resources/DreamPlates/plate_83f7dfb084d66be9.jpg /Users/shiv/Projects/iphone/Dream\ Again/DerivedData/Build/Products/Debug-iphonesimulator/Dream\ Again.app

CpResource /Users/shiv/Projects/iphone/Dream\ Again/DerivedData/Build/Products/Debug-iphonesimulator/Dream\ Again.app/plate_83005e5d98639054.jpg /Users/shiv/Projects/iphone/Dream\ Again/Dream\ Again/Resources/DreamPlates/plate_83005e5d98639054.jpg (in target 'Dream Again' from project 'Dream Again')
    cd /Users/shiv/Projects/iphone/Dream\ Again
    builtin-copy -exclude .DS_Store -exclude CVS -exclude .svn -exclude .git -exclude .hg -resolve-src-symlinks /Users/shiv/Projects/iphone/Dream\ Again/Dream\ Again/Resources/DreamPlates/plate_83005e5d98639054.jpg /Users/shiv/Projects/iphone/Dream\ Again/DerivedData/Build/Products/Debug-iphonesimulator/Dream\ Again.app

CpResource /Users/shiv/Projects/iphone/Dream\ Again/DerivedData/Build/Products/Debug-iphonesimulator/Dream\ Again.app/plate_82b47f45bf3ad2d8.jpg /Users/shiv/Projects/iphone/Dream\ Again/Dream\ Again/Resources/DreamPlates/plate_82b47f45bf3ad2d8.jpg (in target 'Dream Again' from project 'Dream Again')
    cd /Users/shiv/Projects/iphone/Dream\ Again
    builtin-copy -exclude .DS_Store -exclude CVS -exclude .svn -exclude .git -exclude .hg -resolve-src-symlinks /Users/shiv/Projects/iphone/Dream\ Again/Dream\ Again/Resources/DreamPlates/plate_82b47f45bf3ad2d8.jpg /Users/shiv/Projects/iphone/Dream\ Again/DerivedData/Build/Products/Debug-iphonesimulator/Dream\ Again.app

CpResource /Users/shiv/Projects/iphone/Dream\ Again/DerivedData/Build/Products/Debug-iphonesimulator/Dream\ Again.app/plate_82716ff5436ddd3c.jpg /Users/shiv/Projects/iphone/Dream\ Again/Dream\ Again/Resources/DreamPlates/plate_82716ff5436ddd3c.jpg (in target 'Dream Again' from project 'Dream Again')
    cd /Users/shiv/Projects/iphone/Dream\ Again
    builtin-copy -exclude .DS_Store -exclude CVS -exclude .svn -exclude .git -exclude .hg -resolve-src-symlinks /Users/shiv/Projects/iphone/Dream\ Again/Dream\ Again/Resources/DreamPlates/plate_82716ff5436ddd3c.jpg /Users/shiv/Projects/iphone/Dream\ Again/DerivedData/Build/Products/Debug-iphonesimulator/Dream\ Again.app

CpResource /Users/shiv/Projects/iphone/Dream\ Again/DerivedData/Build/Products/Debug-iphonesimulator/Dream\ Again.app/plate_7d530110f30c18bf.jpg /Users/shiv/Projects/iphone/Dream\ Again/Dream\ Again/Resources/DreamPlates/plate_7d530110f30c18bf.jpg (in target 'Dream Again' from project 'Dream Again')
    cd /Users/shiv/Projects/iphone/Dream\ Again
    builtin-copy -exclude .DS_Store -exclude CVS -exclude .svn -exclude .git -exclude .hg -resolve-src-symlinks /Users/shiv/Projects/iphone/Dream\ Again/Dream\ Again/Resources/DreamPlates/plate_7d530110f30c18bf.jpg /Users/shiv/Projects/iphone/Dream\ Again/DerivedData/Build/Products/Debug-iphonesimulator/Dream\ Again.app

CpResource /Users/shiv/Projects/iphone/Dream\ Again/DerivedData/Build/Products/Debug-iphonesimulator/Dream\ Again.app/plate_6fec0e3734e5f568.jpg /Users/shiv/Projects/iphone/Dream\ Again/Dream\ Again/Resources/DreamPlates/plate_6fec0e3734e5f568.jpg (in target 'Dream Again' from project 'Dream Again')
    cd /Users/shiv/Projects/iphone/Dream\ Again
    builtin-copy -exclude .DS_Store -exclude CVS -exclude .svn -exclude .git -exclude .hg -resolve-src-symlinks /Users/shiv/Projects/iphone/Dream\ Again/Dream\ Again/Resources/DreamPlates/plate_6fec0e3734e5f568.jpg /Users/shiv/Projects/iphone/Dream\ Again/DerivedData/Build/Products/Debug-iphonesimulator/Dream\ Again.app

CpResource /Users/shiv/Projects/iphone/Dream\ Again/DerivedData/Build/Products/Debug-iphonesimulator/Dream\ Again.app/plate_6d10254d8619c185.jpg /Users/shiv/Projects/iphone/Dream\ Again/Dream\ Again/Resources/DreamPlates/plate_6d10254d8619c185.jpg (in target 'Dream Again' from project 'Dream Again')
    cd /Users/shiv/Projects/iphone/Dream\ Again
    builtin-copy -exclude .DS_Store -exclude CVS -exclude .svn -exclude .git -exclude .hg -resolve-src-symlinks /Users/shiv/Projects/iphone/Dream\ Again/Dream\ Again/Resources/DreamPlates/plate_6d10254d8619c185.jpg /Users/shiv/Projects/iphone/Dream\ Again/DerivedData/Build/Products/Debug-iphonesimulator/Dream\ Again.app

CpResource /Users/shiv/Projects/iphone/Dream\ Again/DerivedData/Build/Products/Debug-iphonesimulator/Dream\ Again.app/plate_6c88bfea43e9e085.jpg /Users/shiv/Projects/iphone/Dream\ Again/Dream\ Again/Resources/DreamPlates/plate_6c88bfea43e9e085.jpg (in target 'Dream Again' from project 'Dream Again')
    cd /Users/shiv/Projects/iphone/Dream\ Again
    builtin-copy -exclude .DS_Store -exclude CVS -exclude .svn -exclude .git -exclude .hg -resolve-src-symlinks /Users/shiv/Projects/iphone/Dream\ Again/Dream\ Again/Resources/DreamPlates/plate_6c88bfea43e9e085.jpg /Users/shiv/Projects/iphone/Dream\ Again/DerivedData/Build/Products/Debug-iphonesimulator/Dream\ Again.app

CpResource /Users/shiv/Projects/iphone/Dream\ Again/DerivedData/Build/Products/Debug-iphonesimulator/Dream\ Again.app/plate_677e6a55f82fa9d7.jpg /Users/shiv/Projects/iphone/Dream\ Again/Dream\ Again/Resources/DreamPlates/plate_677e6a55f82fa9d7.jpg (in target 'Dream Again' from project 'Dream Again')
    cd /Users/shiv/Projects/iphone/Dream\ Again
    builtin-copy -exclude .DS_Store -exclude CVS -exclude .svn -exclude .git -exclude .hg -resolve-src-symlinks /Users/shiv/Projects/iphone/Dream\ Again/Dream\ Again/Resources/DreamPlates/plate_677e6a55f82fa9d7.jpg /Users/shiv/Projects/iphone/Dream\ Again/DerivedData/Build/Products/Debug-iphonesimulator/Dream\ Again.app

CpResource /Users/shiv/Projects/iphone/Dream\ Again/DerivedData/Build/Products/Debug-iphonesimulator/Dream\ Again.app/plate_662d159fea69190e.jpg /Users/shiv/Projects/iphone/Dream\ Again/Dream\ Again/Resources/DreamPlates/plate_662d159fea69190e.jpg (in target 'Dream Again' from project 'Dream Again')
    cd /Users/shiv/Projects/iphone/Dream\ Again
    builtin-copy -exclude .DS_Store -exclude CVS -exclude .svn -exclude .git -exclude .hg -resolve-src-symlinks /Users/shiv/Projects/iphone/Dream\ Again/Dream\ Again/Resources/DreamPlates/plate_662d159fea69190e.jpg /Users/shiv/Projects/iphone/Dream\ Again/DerivedData/Build/Products/Debug-iphonesimulator/Dream\ Again.app

CpResource /Users/shiv/Projects/iphone/Dream\ Again/DerivedData/Build/Products/Debug-iphonesimulator/Dream\ Again.app/plate_63b6ae2bcecbdf73.jpg /Users/shiv/Projects/iphone/Dream\ Again/Dream\ Again/Resources/DreamPlates/plate_63b6ae2bcecbdf73.jpg (in target 'Dream Again' from project 'Dream Again')
    cd /Users/shiv/Projects/iphone/Dream\ Again
    builtin-copy -exclude .DS_Store -exclude CVS -exclude .svn -exclude .git -exclude .hg -resolve-src-symlinks /Users/shiv/Projects/iphone/Dream\ Again/Dream\ Again/Resources/DreamPlates/plate_63b6ae2bcecbdf73.jpg /Users/shiv/Projects/iphone/Dream\ Again/DerivedData/Build/Products/Debug-iphonesimulator/Dream\ Again.app

CpResource /Users/shiv/Projects/iphone/Dream\ Again/DerivedData/Build/Products/Debug-iphonesimulator/Dream\ Again.app/plate_5d5d102326712d0c.jpg /Users/shiv/Projects/iphone/Dream\ Again/Dream\ Again/Resources/DreamPlates/plate_5d5d102326712d0c.jpg (in target 'Dream Again' from project 'Dream Again')
    cd /Users/shiv/Projects/iphone/Dream\ Again
    builtin-copy -exclude .DS_Store -exclude CVS -exclude .svn -exclude .git -exclude .hg -resolve-src-symlinks /Users/shiv/Projects/iphone/Dream\ Again/Dream\ Again/Resources/DreamPlates/plate_5d5d102326712d0c.jpg /Users/shiv/Projects/iphone/Dream\ Again/DerivedData/Build/Products/Debug-iphonesimulator/Dream\ Again.app

CpResource /Users/shiv/Projects/iphone/Dream\ Again/DerivedData/Build/Products/Debug-iphonesimulator/Dream\ Again.app/plate_583d86231f26cbe0.jpg /Users/shiv/Projects/iphone/Dream\ Again/Dream\ Again/Resources/DreamPlates/plate_583d86231f26cbe0.jpg (in target 'Dream Again' from project 'Dream Again')
    cd /Users/shiv/Projects/iphone/Dream\ Again
    builtin-copy -exclude .DS_Store -exclude CVS -exclude .svn -exclude .git -exclude .hg -resolve-src-symlinks /Users/shiv/Projects/iphone/Dream\ Again/Dream\ Again/Resources/DreamPlates/plate_583d86231f26cbe0.jpg /Users/shiv/Projects/iphone/Dream\ Again/DerivedData/Build/Products/Debug-iphonesimulator/Dream\ Again.app

CpResource /Users/shiv/Projects/iphone/Dream\ Again/DerivedData/Build/Products/Debug-iphonesimulator/Dream\ Again.app/plate_53a09290cea286f0.jpg /Users/shiv/Projects/iphone/Dream\ Again/Dream\ Again/Resources/DreamPlates/plate_53a09290cea286f0.jpg (in target 'Dream Again' from project 'Dream Again')
    cd /Users/shiv/Projects/iphone/Dream\ Again
    builtin-copy -exclude .DS_Store -exclude CVS -exclude .svn -exclude .git -exclude .hg -resolve-src-symlinks /Users/shiv/Projects/iphone/Dream\ Again/Dream\ Again/Resources/DreamPlates/plate_53a09290cea286f0.jpg /Users/shiv/Projects/iphone/Dream\ Again/DerivedData/Build/Products/Debug-iphonesimulator/Dream\ Again.app

CpResource /Users/shiv/Projects/iphone/Dream\ Again/DerivedData/Build/Products/Debug-iphonesimulator/Dream\ Again.app/plate_4f5dcf2683cffdd0.jpg /Users/shiv/Projects/iphone/Dream\ Again/Dream\ Again/Resources/DreamPlates/plate_4f5dcf2683cffdd0.jpg (in target 'Dream Again' from project 'Dream Again')
    cd /Users/shiv/Projects/iphone/Dream\ Again
    builtin-copy -exclude .DS_Store -exclude CVS -exclude .svn -exclude .git -exclude .hg -resolve-src-symlinks /Users/shiv/Projects/iphone/Dream\ Again/Dream\ Again/Resources/DreamPlates/plate_4f5dcf2683cffdd0.jpg /Users/shiv/Projects/iphone/Dream\ Again/DerivedData/Build/Products/Debug-iphonesimulator/Dream\ Again.app

CpResource /Users/shiv/Projects/iphone/Dream\ Again/DerivedData/Build/Products/Debug-iphonesimulator/Dream\ Again.app/plate_4f1ec5c1452dbb4d.jpg /Users/shiv/Projects/iphone/Dream\ Again/Dream\ Again/Resources/DreamPlates/plate_4f1ec5c1452dbb4d.jpg (in target 'Dream Again' from project 'Dream Again')
    cd /Users/shiv/Projects/iphone/Dream\ Again
    builtin-copy -exclude .DS_Store -exclude CVS -exclude .svn -exclude .git -exclude .hg -resolve-src-symlinks /Users/shiv/Projects/iphone/Dream\ Again/Dream\ Again/Resources/DreamPlates/plate_4f1ec5c1452dbb4d.jpg /Users/shiv/Projects/iphone/Dream\ Again/DerivedData/Build/Products/Debug-iphonesimulator/Dream\ Again.app

CpResource /Users/shiv/Projects/iphone/Dream\ Again/DerivedData/Build/Products/Debug-iphonesimulator/Dream\ Again.app/plate_4bdf371e36f0a206.jpg /Users/shiv/Projects/iphone/Dream\ Again/Dream\ Again/Resources/DreamPlates/plate_4bdf371e36f0a206.jpg (in target 'Dream Again' from project 'Dream Again')
    cd /Users/shiv/Projects/iphone/Dream\ Again
    builtin-copy -exclude .DS_Store -exclude CVS -exclude .svn -exclude .git -exclude .hg -resolve-src-symlinks /Users/shiv/Projects/iphone/Dream\ Again/Dream\ Again/Resources/DreamPlates/plate_4bdf371e36f0a206.jpg /Users/shiv/Projects/iphone/Dream\ Again/DerivedData/Build/Products/Debug-iphonesimulator/Dream\ Again.app

CpResource /Users/shiv/Projects/iphone/Dream\ Again/DerivedData/Build/Products/Debug-iphonesimulator/Dream\ Again.app/plate_49c1af7be43dd2f3.jpg /Users/shiv/Projects/iphone/Dream\ Again/Dream\ Again/Resources/DreamPlates/plate_49c1af7be43dd2f3.jpg (in target 'Dream Again' from project 'Dream Again')
    cd /Users/shiv/Projects/iphone/Dream\ Again
    builtin-copy -exclude .DS_Store -exclude CVS -exclude .svn -exclude .git -exclude .hg -resolve-src-symlinks /Users/shiv/Projects/iphone/Dream\ Again/Dream\ Again/Resources/DreamPlates/plate_49c1af7be43dd2f3.jpg /Users/shiv/Projects/iphone/Dream\ Again/DerivedData/Build/Products/Debug-iphonesimulator/Dream\ Again.app

CpResource /Users/shiv/Projects/iphone/Dream\ Again/DerivedData/Build/Products/Debug-iphonesimulator/Dream\ Again.app/plate_3d45be122bf61d13.jpg /Users/shiv/Projects/iphone/Dream\ Again/Dream\ Again/Resources/DreamPlates/plate_3d45be122bf61d13.jpg (in target 'Dream Again' from project 'Dream Again')
    cd /Users/shiv/Projects/iphone/Dream\ Again
    builtin-copy -exclude .DS_Store -exclude CVS -exclude .svn -exclude .git -exclude .hg -resolve-src-symlinks /Users/shiv/Projects/iphone/Dream\ Again/Dream\ Again/Resources/DreamPlates/plate_3d45be122bf61d13.jpg /Users/shiv/Projects/iphone/Dream\ Again/DerivedData/Build/Products/Debug-iphonesimulator/Dream\ Again.app

CpResource /Users/shiv/Projects/iphone/Dream\ Again/DerivedData/Build/Products/Debug-iphonesimulator/Dream\ Again.app/plate_347434236490fc39.jpg /Users/shiv/Projects/iphone/Dream\ Again/Dream\ Again/Resources/DreamPlates/plate_347434236490fc39.jpg (in target 'Dream Again' from project 'Dream Again')
    cd /Users/shiv/Projects/iphone/Dream\ Again
    builtin-copy -exclude .DS_Store -exclude CVS -exclude .svn -exclude .git -exclude .hg -resolve-src-symlinks /Users/shiv/Projects/iphone/Dream\ Again/Dream\ Again/Resources/DreamPlates/plate_347434236490fc39.jpg /Users/shiv/Projects/iphone/Dream\ Again/DerivedData/Build/Products/Debug-iphonesimulator/Dream\ Again.app

CpResource /Users/shiv/Projects/iphone/Dream\ Again/DerivedData/Build/Products/Debug-iphonesimulator/Dream\ Again.app/plate_2e7c3d9bc20d47a7.jpg /Users/shiv/Projects/iphone/Dream\ Again/Dream\ Again/Resources/DreamPlates/plate_2e7c3d9bc20d47a7.jpg (in target 'Dream Again' from project 'Dream Again')
    cd /Users/shiv/Projects/iphone/Dream\ Again
    builtin-copy -exclude .DS_Store -exclude CVS -exclude .svn -exclude .git -exclude .hg -resolve-src-symlinks /Users/shiv/Projects/iphone/Dream\ Again/Dream\ Again/Resources/DreamPlates/plate_2e7c3d9bc20d47a7.jpg /Users/shiv/Projects/iphone/Dream\ Again/DerivedData/Build/Products/Debug-iphonesimulator/Dream\ Again.app

CpResource /Users/shiv/Projects/iphone/Dream\ Again/DerivedData/Build/Products/Debug-iphonesimulator/Dream\ Again.app/plate_27448dfc2b7b34b4.jpg /Users/shiv/Projects/iphone/Dream\ Again/Dream\ Again/Resources/DreamPlates/plate_27448dfc2b7b34b4.jpg (in target 'Dream Again' from project 'Dream Again')
    cd /Users/shiv/Projects/iphone/Dream\ Again
    builtin-copy -exclude .DS_Store -exclude CVS -exclude .svn -exclude .git -exclude .hg -resolve-src-symlinks /Users/shiv/Projects/iphone/Dream\ Again/Dream\ Again/Resources/DreamPlates/plate_27448dfc2b7b34b4.jpg /Users/shiv/Projects/iphone/Dream\ Again/DerivedData/Build/Products/Debug-iphonesimulator/Dream\ Again.app

CpResource /Users/shiv/Projects/iphone/Dream\ Again/DerivedData/Build/Products/Debug-iphonesimulator/Dream\ Again.app/plate_1c1da76baf7f7aaa.jpg /Users/shiv/Projects/iphone/Dream\ Again/Dream\ Again/Resources/DreamPlates/plate_1c1da76baf7f7aaa.jpg (in target 'Dream Again' from project 'Dream Again')
    cd /Users/shiv/Projects/iphone/Dream\ Again
    builtin-copy -exclude .DS_Store -exclude CVS -exclude .svn -exclude .git -exclude .hg -resolve-src-symlinks /Users/shiv/Projects/iphone/Dream\ Again/Dream\ Again/Resources/DreamPlates/plate_1c1da76baf7f7aaa.jpg /Users/shiv/Projects/iphone/Dream\ Again/DerivedData/Build/Products/Debug-iphonesimulator/Dream\ Again.app

CpResource /Users/shiv/Projects/iphone/Dream\ Again/DerivedData/Build/Products/Debug-iphonesimulator/Dream\ Again.app/plate_1917a97c9539d625.jpg /Users/shiv/Projects/iphone/Dream\ Again/Dream\ Again/Resources/DreamPlates/plate_1917a97c9539d625.jpg (in target 'Dream Again' from project 'Dream Again')
    cd /Users/shiv/Projects/iphone/Dream\ Again
    builtin-copy -exclude .DS_Store -exclude CVS -exclude .svn -exclude .git -exclude .hg -resolve-src-symlinks /Users/shiv/Projects/iphone/Dream\ Again/Dream\ Again/Resources/DreamPlates/plate_1917a97c9539d625.jpg /Users/shiv/Projects/iphone/Dream\ Again/DerivedData/Build/Products/Debug-iphonesimulator/Dream\ Again.app

SwiftCompile normal arm64 Compiling\ HybridDreamLayers.swift /Users/shiv/Projects/iphone/Dream\ Again/Dream\ Again/Rendering/HybridDreamLayers.swift (in target 'Dream Again' from project 'Dream Again')

SwiftCompile normal arm64 /Users/shiv/Projects/iphone/Dream\ Again/Dream\ Again/Rendering/HybridDreamLayers.swift (in target 'Dream Again' from project 'Dream Again')
    cd /Users/shiv/Projects/iphone/Dream\ Again
    

SwiftEmitModule normal arm64 Emitting\ module\ for\ DreamAgain (in target 'Dream Again' from project 'Dream Again')

EmitSwiftModule normal arm64 (in target 'Dream Again' from project 'Dream Again')
    cd /Users/shiv/Projects/iphone/Dream\ Again
    

SwiftCompile normal arm64 Compiling\ DreamPlateLibrary.swift /Users/shiv/Projects/iphone/Dream\ Again/Dream\ Again/Core/DreamPlateLibrary.swift (in target 'Dream Again' from project 'Dream Again')

SwiftCompile normal arm64 /Users/shiv/Projects/iphone/Dream\ Again/Dream\ Again/Core/DreamPlateLibrary.swift (in target 'Dream Again' from project 'Dream Again')
    cd /Users/shiv/Projects/iphone/Dream\ Again
    

SwiftDriverJobDiscovery normal arm64 Compiling DreamPlateLibrary.swift (in target 'Dream Again' from project 'Dream Again')

SwiftCompile normal arm64 Compiling\ DreamCollageKit.swift /Users/shiv/Projects/iphone/Dream\ Again/Dream\ Again/Core/DreamCollageKit.swift (in target 'Dream Again' from project 'Dream Again')

SwiftCompile normal arm64 /Users/shiv/Projects/iphone/Dream\ Again/Dream\ Again/Core/DreamCollageKit.swift (in target 'Dream Again' from project 'Dream Again')
    cd /Users/shiv/Projects/iphone/Dream\ Again
    

SwiftCompile normal arm64 Compiling\ DreamRepresentations.swift /Users/shiv/Projects/iphone/Dream\ Again/Dream\ Again/Core/DreamRepresentations.swift (in target 'Dream Again' from project 'Dream Again')
SwiftCompile normal arm64 /Users/shiv/Projects/iphone/Dream\ Again/Dream\ Again/Core/DreamRepresentations.swift (in target 'Dream Again' from project 'Dream Again')
    cd /Users/shiv/Projects/iphone/Dream\ Again
    

SwiftDriverJobDiscovery normal arm64 Compiling DreamCollageKit.swift (in target 'Dream Again' from project 'Dream Again')

SwiftDriverJobDiscovery normal arm64 Emitting module for DreamAgain (in target 'Dream Again' from project 'Dream Again')

SwiftDriver\ Compilation\ Requirements Dream\ Again normal arm64 com.apple.xcode.tools.swift.compiler (in target 'Dream Again' from project 'Dream Again')
    cd /Users/shiv/Projects/iphone/Dream\ Again
    builtin-Swift-Compilation-Requirements -- /Applications/Xcode.app/Contents/Developer/Toolchains/XcodeDefault.xctoolchain/usr/bin/swiftc -module-name DreamAgain -Onone @/Users/shiv/Projects/iphone/Dream\ Again/DerivedData/Build/Intermediates.noindex/Dream\ Again.build/Debug-iphonesimulator/Dream\ Again.build/Objects-normal/arm64/Dream\ Again.SwiftFileList -DDEBUG -enable-bare-slash-regex -enable-upcoming-feature DisableOutwardActorInference -enable-upcoming-feature InferSendableFromCaptures -enable-upcoming-feature GlobalActorIsolatedTypesUsability -enable-upcoming-feature MemberImportVisibility -enable-upcoming-feature InferIsolatedConformances -enable-upcoming-feature NonisolatedNonsendingByDefault -enable-experimental-feature DebugDescriptionMacro -sdk /Applications/Xcode.app/Contents/Developer/Platforms/iPhoneSimulator.platform/Developer/SDKs/iPhoneSimulator26.5.sdk -target arm64-apple-ios18.0-simulator -g -module-cache-path /Users/shiv/Projects/iphone/Dream\ Again/DerivedData/ModuleCache.noindex -Xfrontend -serialize-debugging-options -enable-testing -index-store-path /Users/shiv/Projects/iphone/Dream\ Again/DerivedData/Index.noindex/DataStore -Xcc -D_LIBCPP_HARDENING_MODE\=_LIBCPP_HARDENING_MODE_DEBUG -swift-version 5 -I /Users/shiv/Projects/iphone/Dream\ Again/DerivedData/Build/Products/Debug-iphonesimulator -F /Users/shiv/Projects/iphone/Dream\ Again/DerivedData/Build/Products/Debug-iphonesimulator -emit-localized-strings -emit-localized-strings-path /Users/shiv/Projects/iphone/Dream\ Again/DerivedData/Build/Intermediates.noindex/Dream\ Again.build/Debug-iphonesimulator/Dream\ Again.build/Objects-normal/arm64 -c -j8 -enable-batch-mode -incremental -Xcc -ivfsstatcache -Xcc /Users/shiv/Projects/iphone/Dream\ Again/DerivedData/SDKStatCaches.noindex/iphonesimulator26.5-23F81a-688ef53f1462e2c8f657fdc38a81448f6cfe768891a92b912361537c460fe42b.sdkstatcache -output-file-map /Users/shiv/Projects/iphone/Dream\ Again/DerivedData/Build/Intermediates.noindex/Dream\ Again.build/Debug-iphonesimulator/Dream\ Again.build/Objects-normal/arm64/Dream\ Again-OutputFileMap.json -use-frontend-parseable-output -save-temps -no-color-diagnostics -explicit-module-build -module-cache-path /Users/shiv/Projects/iphone/Dream\ Again/DerivedData/Build/Intermediates.noindex/SwiftExplicitPrecompiledModules -clang-scanner-module-cache-path /Users/shiv/Projects/iphone/Dream\ Again/DerivedData/ModuleCache.noindex -sdk-module-cache-path /Users/shiv/Projects/iphone/Dream\ Again/DerivedData/ModuleCache.noindex -serialize-diagnostics -emit-dependencies -emit-module -emit-module-path /Users/shiv/Projects/iphone/Dream\ Again/DerivedData/Build/Intermediates.noindex/Dream\ Again.build/Debug-iphonesimulator/Dream\ Again.build/Objects-normal/arm64/DreamAgain.swiftmodule -validate-clang-modules-once -clang-build-session-file /Users/shiv/Projects/iphone/Dream\ Again/DerivedData/ModuleCache.noindex/Session.modulevalidation -Xcc -I/Users/shiv/Projects/iphone/Dream\ Again/DerivedData/Build/Intermediates.noindex/Dream\ Again.build/Debug-iphonesimulator/Dream\ Again.build/swift-overrides.hmap -emit-const-values -Xfrontend -const-gather-protocols-file -Xfrontend /Users/shiv/Projects/iphone/Dream\ Again/DerivedData/Build/Intermediates.noindex/Dream\ Again.build/Debug-iphonesimulator/Dream\ Again.build/Objects-normal/arm64/Dream\ Again_const_extract_protocols.json -Xcc -iquote -Xcc /Users/shiv/Projects/iphone/Dream\ Again/DerivedData/Build/Intermediates.noindex/Dream\ Again.build/Debug-iphonesimulator/Dream\ Again.build/Dream\ Again-generated-files.hmap -Xcc -I/Users/shiv/Projects/iphone/Dream\ Again/DerivedData/Build/Intermediates.noindex/Dream\ Again.build/Debug-iphonesimulator/Dream\ Again.build/Dream\ Again-own-target-headers.hmap -Xcc -I/Users/shiv/Projects/iphone/Dream\ Again/DerivedData/Build/Intermediates.noindex/Dream\ Again.build/Debug-iphonesimulator/Dream\ Again.build/Dream\ Again-all-target-headers.hmap -Xcc -iquote -Xcc /Users/shiv/Projects/iphone/Dream\ Again/DerivedData/Build/Intermediates.noindex/Dream\ Again.build/Debug-iphonesimulator/Dream\ Again.build/Dream\ Again-project-headers.hmap -Xcc -I/Users/shiv/Projects/iphone/Dream\ Again/DerivedData/Build/Products/Debug-iphonesimulator/include -Xcc -I/Users/shiv/Projects/iphone/Dream\ Again/DerivedData/Build/Intermediates.noindex/Dream\ Again.build/Debug-iphonesimulator/Dream\ Again.build/DerivedSources-normal/arm64 -Xcc -I/Users/shiv/Projects/iphone/Dream\ Again/DerivedData/Build/Intermediates.noindex/Dream\ Again.build/Debug-iphonesimulator/Dream\ Again.build/DerivedSources/arm64 -Xcc -I/Users/shiv/Projects/iphone/Dream\ Again/DerivedData/Build/Intermediates.noindex/Dream\ Again.build/Debug-iphonesimulator/Dream\ Again.build/DerivedSources -Xcc -DDEBUG\=1 -emit-objc-header -emit-objc-header-path /Users/shiv/Projects/iphone/Dream\ Again/DerivedData/Build/Intermediates.noindex/Dream\ Again.build/Debug-iphonesimulator/Dream\ Again.build/Objects-normal/arm64/DreamAgain-Swift.h -working-directory /Users/shiv/Projects/iphone/Dream\ Again -experimental-emit-module-separately -disable-cmo

Copy /Users/shiv/Projects/iphone/Dream\ Again/DerivedData/Build/Products/Debug-iphonesimulator/DreamAgain.swiftmodule/arm64-apple-ios-simulator.swiftmodule /Users/shiv/Projects/iphone/Dream\ Again/DerivedData/Build/Intermediates.noindex/Dream\ Again.build/Debug-iphonesimulator/Dream\ Again.build/Objects-normal/arm64/DreamAgain.swiftmodule (in target 'Dream Again' from project 'Dream Again')
    cd /Users/shiv/Projects/iphone/Dream\ Again
    builtin-copy -exclude .DS_Store -exclude CVS -exclude .svn -exclude .git -exclude .hg -resolve-src-symlinks -rename /Users/shiv/Projects/iphone/Dream\ Again/DerivedData/Build/Intermediates.noindex/Dream\ Again.build/Debug-iphonesimulator/Dream\ Again.build/Objects-normal/arm64/DreamAgain.swiftmodule /Users/shiv/Projects/iphone/Dream\ Again/DerivedData/Build/Products/Debug-iphonesimulator/DreamAgain.swiftmodule/arm64-apple-ios-simulator.swiftmodule

Copy /Users/shiv/Projects/iphone/Dream\ Again/DerivedData/Build/Products/Debug-iphonesimulator/DreamAgain.swiftmodule/arm64-apple-ios-simulator.abi.json /Users/shiv/Projects/iphone/Dream\ Again/DerivedData/Build/Intermediates.noindex/Dream\ Again.build/Debug-iphonesimulator/Dream\ Again.build/Objects-normal/arm64/DreamAgain.abi.json (in target 'Dream Again' from project 'Dream Again')
    cd /Users/shiv/Projects/iphone/Dream\ Again
    builtin-copy -exclude .DS_Store -exclude CVS -exclude .svn -exclude .git -exclude .hg -resolve-src-symlinks -rename /Users/shiv/Projects/iphone/Dream\ Again/DerivedData/Build/Intermediates.noindex/Dream\ Again.build/Debug-iphonesimulator/Dream\ Again.build/Objects-normal/arm64/DreamAgain.abi.json /Users/shiv/Projects/iphone/Dream\ Again/DerivedData/Build/Products/Debug-iphonesimulator/DreamAgain.swiftmodule/arm64-apple-ios-simulator.abi.json

Copy /Users/shiv/Projects/iphone/Dream\ Again/DerivedData/Build/Products/Debug-iphonesimulator/DreamAgain.swiftmodule/Project/arm64-apple-ios-simulator.swiftsourceinfo /Users/shiv/Projects/iphone/Dream\ Again/DerivedData/Build/Intermediates.noindex/Dream\ Again.build/Debug-iphonesimulator/Dream\ Again.build/Objects-normal/arm64/DreamAgain.swiftsourceinfo (in target 'Dream Again' from project 'Dream Again')
    cd /Users/shiv/Projects/iphone/Dream\ Again
    builtin-copy -exclude .DS_Store -exclude CVS -exclude .svn -exclude .git -exclude .hg -resolve-src-symlinks -rename /Users/shiv/Projects/iphone/Dream\ Again/DerivedData/Build/Intermediates.noindex/Dream\ Again.build/Debug-iphonesimulator/Dream\ Again.build/Objects-normal/arm64/DreamAgain.swiftsourceinfo /Users/shiv/Projects/iphone/Dream\ Again/DerivedData/Build/Products/Debug-iphonesimulator/DreamAgain.swiftmodule/Project/arm64-apple-ios-simulator.swiftsourceinfo

SwiftDriver Dream\ AgainTests normal arm64 com.apple.xcode.tools.swift.compiler (in target 'Dream AgainTests' from project 'Dream Again')
    cd /Users/shiv/Projects/iphone/Dream\ Again
    builtin-SwiftDriver -- /Applications/Xcode.app/Contents/Developer/Toolchains/XcodeDefault.xctoolchain/usr/bin/swiftc -module-name Dream_AgainTests -Onone @/Users/shiv/Projects/iphone/Dream\ Again/DerivedData/Build/Intermediates.noindex/Dream\ Again.build/Debug-iphonesimulator/Dream\ AgainTests.build/Objects-normal/arm64/Dream\ AgainTests.SwiftFileList -DDEBUG -plugin-path /Applications/Xcode.app/Contents/Developer/Toolchains/XcodeDefault.xctoolchain/usr/lib/swift/host/plugins/testing -enable-bare-slash-regex -enable-upcoming-feature DisableOutwardActorInference -enable-upcoming-feature InferSendableFromCaptures -enable-upcoming-feature GlobalActorIsolatedTypesUsability -enable-upcoming-feature MemberImportVisibility -enable-upcoming-feature InferIsolatedConformances -enable-upcoming-feature NonisolatedNonsendingByDefault -enable-experimental-feature DebugDescriptionMacro -sdk /Applications/Xcode.app/Contents/Developer/Platforms/iPhoneSimulator.platform/Developer/SDKs/iPhoneSimulator26.5.sdk -target arm64-apple-ios18.0-simulator -g -module-cache-path /Users/shiv/Projects/iphone/Dream\ Again/DerivedData/ModuleCache.noindex -Xfrontend -serialize-debugging-options -enable-testing -index-store-path /Users/shiv/Projects/iphone/Dream\ Again/DerivedData/Index.noindex/DataStore -Xcc -D_LIBCPP_HARDENING_MODE\=_LIBCPP_HARDENING_MODE_DEBUG -swift-version 5 -I /Users/shiv/Projects/iphone/Dream\ Again/DerivedData/Build/Products/Debug-iphonesimulator -Isystem /Applications/Xcode.app/Contents/Developer/Platforms/iPhoneSimulator.platform/Developer/usr/lib -F /Users/shiv/Projects/iphone/Dream\ Again/DerivedData/Build/Products/Debug-iphonesimulator -F /Applications/Xcode.app/Contents/Developer/Platforms/iPhoneSimulator.platform/Developer/Library/Frameworks -F /Applications/Xcode.app/Contents/Developer/Platforms/iPhoneSimulator.platform/Developer/SDKs/iPhoneSimulator26.5.sdk/Developer/Library/Frameworks -parse-as-library -c -j8 -enable-batch-mode -incremental -Xcc -ivfsstatcache -Xcc /Users/shiv/Projects/iphone/Dream\ Again/DerivedData/SDKStatCaches.noindex/iphonesimulator26.5-23F81a-688ef53f1462e2c8f657fdc38a81448f6cfe768891a92b912361537c460fe42b.sdkstatcache -output-file-map /Users/shiv/Projects/iphone/Dream\ Again/DerivedData/Build/Intermediates.noindex/Dream\ Again.build/Debug-iphonesimulator/Dream\ AgainTests.build/Objects-normal/arm64/Dream\ AgainTests-OutputFileMap.json -use-frontend-parseable-output -save-temps -no-color-diagnostics -explicit-module-build -module-cache-path /Users/shiv/Projects/iphone/Dream\ Again/DerivedData/Build/Intermediates.noindex/SwiftExplicitPrecompiledModules -clang-scanner-module-cache-path /Users/shiv/Projects/iphone/Dream\ Again/DerivedData/ModuleCache.noindex -sdk-module-cache-path /Users/shiv/Projects/iphone/Dream\ Again/DerivedData/ModuleCache.noindex -serialize-diagnostics -emit-dependencies -emit-module -emit-module-path /Users/shiv/Projects/iphone/Dream\ Again/DerivedData/Build/Intermediates.noindex/Dream\ Again.build/Debug-iphonesimulator/Dream\ AgainTests.build/Objects-normal/arm64/Dream_AgainTests.swiftmodule -validate-clang-modules-once -clang-build-session-file /Users/shiv/Projects/iphone/Dream\ Again/DerivedData/ModuleCache.noindex/Session.modulevalidation -Xcc -I/Users/shiv/Projects/iphone/Dream\ Again/DerivedData/Build/Intermediates.noindex/Dream\ Again.build/Debug-iphonesimulator/Dream\ AgainTests.build/swift-overrides.hmap -emit-const-values -Xfrontend -const-gather-protocols-file -Xfrontend /Users/shiv/Projects/iphone/Dream\ Again/DerivedData/Build/Intermediates.noindex/Dream\ Again.build/Debug-iphonesimulator/Dream\ AgainTests.build/Objects-normal/arm64/Dream\ AgainTests_const_extract_protocols.json -Xcc -iquote -Xcc /Users/shiv/Projects/iphone/Dream\ Again/DerivedData/Build/Intermediates.noindex/Dream\ Again.build/Debug-iphonesimulator/Dream\ AgainTests.build/Dream\ AgainTests-generated-files.hmap -Xcc -I/Users/shiv/Projects/iphone/Dream\ Again/DerivedData/Build/Intermediates.noindex/Dream\ Again.build/Debug-iphonesimulator/Dream\ AgainTests.build/Dream\ AgainTests-own-target-headers.hmap -Xcc -I/Users/shiv/Projects/iphone/Dream\ Again/DerivedData/Build/Intermediates.noindex/Dream\ Again.build/Debug-iphonesimulator/Dream\ AgainTests.build/Dream\ AgainTests-all-target-headers.hmap -Xcc -iquote -Xcc /Users/shiv/Projects/iphone/Dream\ Again/DerivedData/Build/Intermediates.noindex/Dream\ Again.build/Debug-iphonesimulator/Dream\ AgainTests.build/Dream\ AgainTests-project-headers.hmap -Xcc -I/Users/shiv/Projects/iphone/Dream\ Again/DerivedData/Build/Products/Debug-iphonesimulator/include -Xcc -I/Users/shiv/Projects/iphone/Dream\ Again/DerivedData/Build/Intermediates.noindex/Dream\ Again.build/Debug-iphonesimulator/Dream\ AgainTests.build/DerivedSources-normal/arm64 -Xcc -I/Users/shiv/Projects/iphone/Dream\ Again/DerivedData/Build/Intermediates.noindex/Dream\ Again.build/Debug-iphonesimulator/Dream\ AgainTests.build/DerivedSources/arm64 -Xcc -I/Users/shiv/Projects/iphone/Dream\ Again/DerivedData/Build/Intermediates.noindex/Dream\ Again.build/Debug-iphonesimulator/Dream\ AgainTests.build/DerivedSources -Xcc -DDEBUG\=1 -emit-objc-header -emit-objc-header-path /Users/shiv/Projects/iphone/Dream\ Again/DerivedData/Build/Intermediates.noindex/Dream\ Again.build/Debug-iphonesimulator/Dream\ AgainTests.build/Objects-normal/arm64/Dream_AgainTests-Swift.h -working-directory /Users/shiv/Projects/iphone/Dream\ Again -experimental-emit-module-separately -disable-cmo

SwiftDriverJobDiscovery normal arm64 Compiling HybridDreamLayers.swift (in target 'Dream Again' from project 'Dream Again')

SwiftDriverJobDiscovery normal arm64 Compiling DreamRepresentations.swift (in target 'Dream Again' from project 'Dream Again')

SwiftDriver\ Compilation Dream\ Again normal arm64 com.apple.xcode.tools.swift.compiler (in target 'Dream Again' from project 'Dream Again')
    cd /Users/shiv/Projects/iphone/Dream\ Again
    builtin-Swift-Compilation -- /Applications/Xcode.app/Contents/Developer/Toolchains/XcodeDefault.xctoolchain/usr/bin/swiftc -module-name DreamAgain -Onone @/Users/shiv/Projects/iphone/Dream\ Again/DerivedData/Build/Intermediates.noindex/Dream\ Again.build/Debug-iphonesimulator/Dream\ Again.build/Objects-normal/arm64/Dream\ Again.SwiftFileList -DDEBUG -enable-bare-slash-regex -enable-upcoming-feature DisableOutwardActorInference -enable-upcoming-feature InferSendableFromCaptures -enable-upcoming-feature GlobalActorIsolatedTypesUsability -enable-upcoming-feature MemberImportVisibility -enable-upcoming-feature InferIsolatedConformances -enable-upcoming-feature NonisolatedNonsendingByDefault -enable-experimental-feature DebugDescriptionMacro -sdk /Applications/Xcode.app/Contents/Developer/Platforms/iPhoneSimulator.platform/Developer/SDKs/iPhoneSimulator26.5.sdk -target arm64-apple-ios18.0-simulator -g -module-cache-path /Users/shiv/Projects/iphone/Dream\ Again/DerivedData/ModuleCache.noindex -Xfrontend -serialize-debugging-options -enable-testing -index-store-path /Users/shiv/Projects/iphone/Dream\ Again/DerivedData/Index.noindex/DataStore -Xcc -D_LIBCPP_HARDENING_MODE\=_LIBCPP_HARDENING_MODE_DEBUG -swift-version 5 -I /Users/shiv/Projects/iphone/Dream\ Again/DerivedData/Build/Products/Debug-iphonesimulator -F /Users/shiv/Projects/iphone/Dream\ Again/DerivedData/Build/Products/Debug-iphonesimulator -emit-localized-strings -emit-localized-strings-path /Users/shiv/Projects/iphone/Dream\ Again/DerivedData/Build/Intermediates.noindex/Dream\ Again.build/Debug-iphonesimulator/Dream\ Again.build/Objects-normal/arm64 -c -j8 -enable-batch-mode -incremental -Xcc -ivfsstatcache -Xcc /Users/shiv/Projects/iphone/Dream\ Again/DerivedData/SDKStatCaches.noindex/iphonesimulator26.5-23F81a-688ef53f1462e2c8f657fdc38a81448f6cfe768891a92b912361537c460fe42b.sdkstatcache -output-file-map /Users/shiv/Projects/iphone/Dream\ Again/DerivedData/Build/Intermediates.noindex/Dream\ Again.build/Debug-iphonesimulator/Dream\ Again.build/Objects-normal/arm64/Dream\ Again-OutputFileMap.json -use-frontend-parseable-output -save-temps -no-color-diagnostics -explicit-module-build -module-cache-path /Users/shiv/Projects/iphone/Dream\ Again/DerivedData/Build/Intermediates.noindex/SwiftExplicitPrecompiledModules -clang-scanner-module-cache-path /Users/shiv/Projects/iphone/Dream\ Again/DerivedData/ModuleCache.noindex -sdk-module-cache-path /Users/shiv/Projects/iphone/Dream\ Again/DerivedData/ModuleCache.noindex -serialize-diagnostics -emit-dependencies -emit-module -emit-module-path /Users/shiv/Projects/iphone/Dream\ Again/DerivedData/Build/Intermediates.noindex/Dream\ Again.build/Debug-iphonesimulator/Dream\ Again.build/Objects-normal/arm64/DreamAgain.swiftmodule -validate-clang-modules-once -clang-build-session-file /Users/shiv/Projects/iphone/Dream\ Again/DerivedData/ModuleCache.noindex/Session.modulevalidation -Xcc -I/Users/shiv/Projects/iphone/Dream\ Again/DerivedData/Build/Intermediates.noindex/Dream\ Again.build/Debug-iphonesimulator/Dream\ Again.build/swift-overrides.hmap -emit-const-values -Xfrontend -const-gather-protocols-file -Xfrontend /Users/shiv/Projects/iphone/Dream\ Again/DerivedData/Build/Intermediates.noindex/Dream\ Again.build/Debug-iphonesimulator/Dream\ Again.build/Objects-normal/arm64/Dream\ Again_const_extract_protocols.json -Xcc -iquote -Xcc /Users/shiv/Projects/iphone/Dream\ Again/DerivedData/Build/Intermediates.noindex/Dream\ Again.build/Debug-iphonesimulator/Dream\ Again.build/Dream\ Again-generated-files.hmap -Xcc -I/Users/shiv/Projects/iphone/Dream\ Again/DerivedData/Build/Intermediates.noindex/Dream\ Again.build/Debug-iphonesimulator/Dream\ Again.build/Dream\ Again-own-target-headers.hmap -Xcc -I/Users/shiv/Projects/iphone/Dream\ Again/DerivedData/Build/Intermediates.noindex/Dream\ Again.build/Debug-iphonesimulator/Dream\ Again.build/Dream\ Again-all-target-headers.hmap -Xcc -iquote -Xcc /Users/shiv/Projects/iphone/Dream\ Again/DerivedData/Build/Intermediates.noindex/Dream\ Again.build/Debug-iphonesimulator/Dream\ Again.build/Dream\ Again-project-headers.hmap -Xcc -I/Users/shiv/Projects/iphone/Dream\ Again/DerivedData/Build/Products/Debug-iphonesimulator/include -Xcc -I/Users/shiv/Projects/iphone/Dream\ Again/DerivedData/Build/Intermediates.noindex/Dream\ Again.build/Debug-iphonesimulator/Dream\ Again.build/DerivedSources-normal/arm64 -Xcc -I/Users/shiv/Projects/iphone/Dream\ Again/DerivedData/Build/Intermediates.noindex/Dream\ Again.build/Debug-iphonesimulator/Dream\ Again.build/DerivedSources/arm64 -Xcc -I/Users/shiv/Projects/iphone/Dream\ Again/DerivedData/Build/Intermediates.noindex/Dream\ Again.build/Debug-iphonesimulator/Dream\ Again.build/DerivedSources -Xcc -DDEBUG\=1 -emit-objc-header -emit-objc-header-path /Users/shiv/Projects/iphone/Dream\ Again/DerivedData/Build/Intermediates.noindex/Dream\ Again.build/Debug-iphonesimulator/Dream\ Again.build/Objects-normal/arm64/DreamAgain-Swift.h -working-directory /Users/shiv/Projects/iphone/Dream\ Again -experimental-emit-module-separately -disable-cmo

Ld /Users/shiv/Projects/iphone/Dream\ Again/DerivedData/Build/Products/Debug-iphonesimulator/Dream\ Again.app/Dream\ Again.debug.dylib normal (in target 'Dream Again' from project 'Dream Again')
    cd /Users/shiv/Projects/iphone/Dream\ Again
    /Applications/Xcode.app/Contents/Developer/Toolchains/XcodeDefault.xctoolchain/usr/bin/clang -Xlinker -reproducible -target arm64-apple-ios18.0-simulator -dynamiclib -isysroot /Applications/Xcode.app/Contents/Developer/Platforms/iPhoneSimulator.platform/Developer/SDKs/iPhoneSimulator26.5.sdk -O0 -L/Users/shiv/Projects/iphone/Dream\ Again/DerivedData/Build/Intermediates.noindex/EagerLinkingTBDs/Debug-iphonesimulator -L/Users/shiv/Projects/iphone/Dream\ Again/DerivedData/Build/Products/Debug-iphonesimulator -F/Users/shiv/Projects/iphone/Dream\ Again/DerivedData/Build/Intermediates.noindex/EagerLinkingTBDs/Debug-iphonesimulator -F/Users/shiv/Projects/iphone/Dream\ Again/DerivedData/Build/Products/Debug-iphonesimulator -filelist /Users/shiv/Projects/iphone/Dream\ Again/DerivedData/Build/Intermediates.noindex/Dream\ Again.build/Debug-iphonesimulator/Dream\ Again.build/Objects-normal/arm64/Dream\ Again.LinkFileList -install_name @rpath/Dream\ Again.debug.dylib -Xlinker -rpath -Xlinker /usr/lib/swift -Xlinker -rpath -Xlinker @executable_path/Frameworks -Xlinker -dead_strip -Xlinker -object_path_lto -Xlinker /Users/shiv/Projects/iphone/Dream\ Again/DerivedData/Build/Intermediates.noindex/Dream\ Again.build/Debug-iphonesimulator/Dream\ Again.build/Objects-normal/arm64/Dream\ Again_lto.o -rdynamic -Xlinker -no_deduplicate -Xlinker -objc_abi_version -Xlinker 2 -Xlinker -dependency_info -Xlinker /Users/shiv/Projects/iphone/Dream\ Again/DerivedData/Build/Intermediates.noindex/Dream\ Again.build/Debug-iphonesimulator/Dream\ Again.build/Objects-normal/arm64/Dream\ Again_dependency_info.dat -fobjc-link-runtime -L/Applications/Xcode.app/Contents/Developer/Toolchains/XcodeDefault.xctoolchain/usr/lib/swift/iphonesimulator -L/usr/lib/swift -Xlinker -add_ast_path -Xlinker /Users/shiv/Projects/iphone/Dream\ Again/DerivedData/Build/Intermediates.noindex/Dream\ Again.build/Debug-iphonesimulator/Dream\ Again.build/Objects-normal/arm64/DreamAgain.swiftmodule @/Users/shiv/Projects/iphone/Dream\ Again/DerivedData/Build/Intermediates.noindex/Dream\ Again.build/Debug-iphonesimulator/Dream\ Again.build/Objects-normal/arm64/DreamAgain-linker-args.resp -Xlinker -alias -Xlinker _main -Xlinker ___debug_main_executable_dylib_entry_point -Xlinker -no_adhoc_codesign -o /Users/shiv/Projects/iphone/Dream\ Again/DerivedData/Build/Products/Debug-iphonesimulator/Dream\ Again.app/Dream\ Again.debug.dylib

SwiftEmitModule normal arm64 Emitting\ module\ for\ Dream_AgainTests (in target 'Dream AgainTests' from project 'Dream Again')

SwiftCompile normal arm64 /Users/shiv/Projects/iphone/Dream\ Again/Dream\ AgainTests/Dream_AgainTests.swift (in target 'Dream AgainTests' from project 'Dream Again')
    cd /Users/shiv/Projects/iphone/Dream\ Again
    

SwiftCompile normal arm64 Compiling\ Dream_AgainTests.swift /Users/shiv/Projects/iphone/Dream\ Again/Dream\ AgainTests/Dream_AgainTests.swift (in target 'Dream AgainTests' from project 'Dream Again')
SwiftCompile normal arm64 /Users/shiv/Projects/iphone/Dream\ Again/Dream\ AgainTests/Dream_AgainTests.swift (in target 'Dream AgainTests' from project 'Dream Again')
    cd /Users/shiv/Projects/iphone/Dream\ Again
    

SwiftDriverJobDiscovery normal arm64 Emitting module for Dream_AgainTests (in target 'Dream AgainTests' from project 'Dream Again')

SwiftDriver\ Compilation\ Requirements Dream\ AgainTests normal arm64 com.apple.xcode.tools.swift.compiler (in target 'Dream AgainTests' from project 'Dream Again')
    cd /Users/shiv/Projects/iphone/Dream\ Again
    builtin-Swift-Compilation-Requirements -- /Applications/Xcode.app/Contents/Developer/Toolchains/XcodeDefault.xctoolchain/usr/bin/swiftc -module-name Dream_AgainTests -Onone @/Users/shiv/Projects/iphone/Dream\ Again/DerivedData/Build/Intermediates.noindex/Dream\ Again.build/Debug-iphonesimulator/Dream\ AgainTests.build/Objects-normal/arm64/Dream\ AgainTests.SwiftFileList -DDEBUG -plugin-path /Applications/Xcode.app/Contents/Developer/Toolchains/XcodeDefault.xctoolchain/usr/lib/swift/host/plugins/testing -enable-bare-slash-regex -enable-upcoming-feature DisableOutwardActorInference -enable-upcoming-feature InferSendableFromCaptures -enable-upcoming-feature GlobalActorIsolatedTypesUsability -enable-upcoming-feature MemberImportVisibility -enable-upcoming-feature InferIsolatedConformances -enable-upcoming-feature NonisolatedNonsendingByDefault -enable-experimental-feature DebugDescriptionMacro -sdk /Applications/Xcode.app/Contents/Developer/Platforms/iPhoneSimulator.platform/Developer/SDKs/iPhoneSimulator26.5.sdk -target arm64-apple-ios18.0-simulator -g -module-cache-path /Users/shiv/Projects/iphone/Dream\ Again/DerivedData/ModuleCache.noindex -Xfrontend -serialize-debugging-options -enable-testing -index-store-path /Users/shiv/Projects/iphone/Dream\ Again/DerivedData/Index.noindex/DataStore -Xcc -D_LIBCPP_HARDENING_MODE\=_LIBCPP_HARDENING_MODE_DEBUG -swift-version 5 -I /Users/shiv/Projects/iphone/Dream\ Again/DerivedData/Build/Products/Debug-iphonesimulator -Isystem /Applications/Xcode.app/Contents/Developer/Platforms/iPhoneSimulator.platform/Developer/usr/lib -F /Users/shiv/Projects/iphone/Dream\ Again/DerivedData/Build/Products/Debug-iphonesimulator -F /Applications/Xcode.app/Contents/Developer/Platforms/iPhoneSimulator.platform/Developer/Library/Frameworks -F /Applications/Xcode.app/Contents/Developer/Platforms/iPhoneSimulator.platform/Developer/SDKs/iPhoneSimulator26.5.sdk/Developer/Library/Frameworks -parse-as-library -c -j8 -enable-batch-mode -incremental -Xcc -ivfsstatcache -Xcc /Users/shiv/Projects/iphone/Dream\ Again/DerivedData/SDKStatCaches.noindex/iphonesimulator26.5-23F81a-688ef53f1462e2c8f657fdc38a81448f6cfe768891a92b912361537c460fe42b.sdkstatcache -output-file-map /Users/shiv/Projects/iphone/Dream\ Again/DerivedData/Build/Intermediates.noindex/Dream\ Again.build/Debug-iphonesimulator/Dream\ AgainTests.build/Objects-normal/arm64/Dream\ AgainTests-OutputFileMap.json -use-frontend-parseable-output -save-temps -no-color-diagnostics -explicit-module-build -module-cache-path /Users/shiv/Projects/iphone/Dream\ Again/DerivedData/Build/Intermediates.noindex/SwiftExplicitPrecompiledModules -clang-scanner-module-cache-path /Users/shiv/Projects/iphone/Dream\ Again/DerivedData/ModuleCache.noindex -sdk-module-cache-path /Users/shiv/Projects/iphone/Dream\ Again/DerivedData/ModuleCache.noindex -serialize-diagnostics -emit-dependencies -emit-module -emit-module-path /Users/shiv/Projects/iphone/Dream\ Again/DerivedData/Build/Intermediates.noindex/Dream\ Again.build/Debug-iphonesimulator/Dream\ AgainTests.build/Objects-normal/arm64/Dream_AgainTests.swiftmodule -validate-clang-modules-once -clang-build-session-file /Users/shiv/Projects/iphone/Dream\ Again/DerivedData/ModuleCache.noindex/Session.modulevalidation -Xcc -I/Users/shiv/Projects/iphone/Dream\ Again/DerivedData/Build/Intermediates.noindex/Dream\ Again.build/Debug-iphonesimulator/Dream\ AgainTests.build/swift-overrides.hmap -emit-const-values -Xfrontend -const-gather-protocols-file -Xfrontend /Users/shiv/Projects/iphone/Dream\ Again/DerivedData/Build/Intermediates.noindex/Dream\ Again.build/Debug-iphonesimulator/Dream\ AgainTests.build/Objects-normal/arm64/Dream\ AgainTests_const_extract_protocols.json -Xcc -iquote -Xcc /Users/shiv/Projects/iphone/Dream\ Again/DerivedData/Build/Intermediates.noindex/Dream\ Again.build/Debug-iphonesimulator/Dream\ AgainTests.build/Dream\ AgainTests-generated-files.hmap -Xcc -I/Users/shiv/Projects/iphone/Dream\ Again/DerivedData/Build/Intermediates.noindex/Dream\ Again.build/Debug-iphonesimulator/Dream\ AgainTests.build/Dream\ AgainTests-own-target-headers.hmap -Xcc -I/Users/shiv/Projects/iphone/Dream\ Again/DerivedData/Build/Intermediates.noindex/Dream\ Again.build/Debug-iphonesimulator/Dream\ AgainTests.build/Dream\ AgainTests-all-target-headers.hmap -Xcc -iquote -Xcc /Users/shiv/Projects/iphone/Dream\ Again/DerivedData/Build/Intermediates.noindex/Dream\ Again.build/Debug-iphonesimulator/Dream\ AgainTests.build/Dream\ AgainTests-project-headers.hmap -Xcc -I/Users/shiv/Projects/iphone/Dream\ Again/DerivedData/Build/Products/Debug-iphonesimulator/include -Xcc -I/Users/shiv/Projects/iphone/Dream\ Again/DerivedData/Build/Intermediates.noindex/Dream\ Again.build/Debug-iphonesimulator/Dream\ AgainTests.build/DerivedSources-normal/arm64 -Xcc -I/Users/shiv/Projects/iphone/Dream\ Again/DerivedData/Build/Intermediates.noindex/Dream\ Again.build/Debug-iphonesimulator/Dream\ AgainTests.build/DerivedSources/arm64 -Xcc -I/Users/shiv/Projects/iphone/Dream\ Again/DerivedData/Build/Intermediates.noindex/Dream\ Again.build/Debug-iphonesimulator/Dream\ AgainTests.build/DerivedSources -Xcc -DDEBUG\=1 -emit-objc-header -emit-objc-header-path /Users/shiv/Projects/iphone/Dream\ Again/DerivedData/Build/Intermediates.noindex/Dream\ Again.build/Debug-iphonesimulator/Dream\ AgainTests.build/Objects-normal/arm64/Dream_AgainTests-Swift.h -working-directory /Users/shiv/Projects/iphone/Dream\ Again -experimental-emit-module-separately -disable-cmo

Copy /Users/shiv/Projects/iphone/Dream\ Again/DerivedData/Build/Products/Debug-iphonesimulator/Dream_AgainTests.swiftmodule/arm64-apple-ios-simulator.abi.json /Users/shiv/Projects/iphone/Dream\ Again/DerivedData/Build/Intermediates.noindex/Dream\ Again.build/Debug-iphonesimulator/Dream\ AgainTests.build/Objects-normal/arm64/Dream_AgainTests.abi.json (in target 'Dream AgainTests' from project 'Dream Again')
    cd /Users/shiv/Projects/iphone/Dream\ Again
    builtin-copy -exclude .DS_Store -exclude CVS -exclude .svn -exclude .git -exclude .hg -resolve-src-symlinks -rename /Users/shiv/Projects/iphone/Dream\ Again/DerivedData/Build/Intermediates.noindex/Dream\ Again.build/Debug-iphonesimulator/Dream\ AgainTests.build/Objects-normal/arm64/Dream_AgainTests.abi.json /Users/shiv/Projects/iphone/Dream\ Again/DerivedData/Build/Products/Debug-iphonesimulator/Dream_AgainTests.swiftmodule/arm64-apple-ios-simulator.abi.json

ConstructStubExecutorLinkFileList /Users/shiv/Projects/iphone/Dream\ Again/DerivedData/Build/Intermediates.noindex/Dream\ Again.build/Debug-iphonesimulator/Dream\ Again.build/Dream\ Again-ExecutorLinkFileList-normal-arm64.txt (in target 'Dream Again' from project 'Dream Again')
    cd /Users/shiv/Projects/iphone/Dream\ Again
    construct-stub-executor-link-file-list /Users/shiv/Projects/iphone/Dream\ Again/DerivedData/Build/Products/Debug-iphonesimulator/Dream\ Again.app/Dream\ Again.debug.dylib /Applications/Xcode.app/Contents/Developer/Platforms/iPhoneSimulator.platform/Developer/usr/lib/libPreviewsJITStubExecutor_no_swift_entry_point.a /Applications/Xcode.app/Contents/Developer/Platforms/iPhoneSimulator.platform/Developer/usr/lib/libPreviewsJITStubExecutor.a --output /Users/shiv/Projects/iphone/Dream\ Again/DerivedData/Build/Intermediates.noindex/Dream\ Again.build/Debug-iphonesimulator/Dream\ Again.build/Dream\ Again-ExecutorLinkFileList-normal-arm64.txt
note: Using stub executor library with Swift entry point. (in target 'Dream Again' from project 'Dream Again')

Ld /Users/shiv/Projects/iphone/Dream\ Again/DerivedData/Build/Products/Debug-iphonesimulator/Dream\ Again.app/Dream\ Again normal (in target 'Dream Again' from project 'Dream Again')
    cd /Users/shiv/Projects/iphone/Dream\ Again
    /Applications/Xcode.app/Contents/Developer/Toolchains/XcodeDefault.xctoolchain/usr/bin/clang -Xlinker -reproducible -target arm64-apple-ios18.0-simulator -isysroot /Applications/Xcode.app/Contents/Developer/Platforms/iPhoneSimulator.platform/Developer/SDKs/iPhoneSimulator26.5.sdk -O0 -L/Users/shiv/Projects/iphone/Dream\ Again/DerivedData/Build/Products/Debug-iphonesimulator -F/Users/shiv/Projects/iphone/Dream\ Again/DerivedData/Build/Products/Debug-iphonesimulator -Xlinker -rpath -Xlinker @executable_path -Xlinker -rpath -Xlinker @executable_path/Frameworks -rdynamic -Xlinker -no_deduplicate -Xlinker -objc_abi_version -Xlinker 2 -e ___debug_blank_executor_main -Xlinker -sectcreate -Xlinker __TEXT -Xlinker __debug_dylib -Xlinker /Users/shiv/Projects/iphone/Dream\ Again/DerivedData/Build/Intermediates.noindex/Dream\ Again.build/Debug-iphonesimulator/Dream\ Again.build/Dream\ Again-DebugDylibPath-normal-arm64.txt -Xlinker -sectcreate -Xlinker __TEXT -Xlinker __debug_instlnm -Xlinker /Users/shiv/Projects/iphone/Dream\ Again/DerivedData/Build/Intermediates.noindex/Dream\ Again.build/Debug-iphonesimulator/Dream\ Again.build/Dream\ Again-DebugDylibInstallName-normal-arm64.txt -Xlinker -filelist -Xlinker /Users/shiv/Projects/iphone/Dream\ Again/DerivedData/Build/Intermediates.noindex/Dream\ Again.build/Debug-iphonesimulator/Dream\ Again.build/Dream\ Again-ExecutorLinkFileList-normal-arm64.txt -Xlinker -sectcreate -Xlinker __TEXT -Xlinker __entitlements -Xlinker /Users/shiv/Projects/iphone/Dream\ Again/DerivedData/Build/Intermediates.noindex/Dream\ Again.build/Debug-iphonesimulator/Dream\ Again.build/Dream\ Again.app-Simulated.xcent -Xlinker -sectcreate -Xlinker __TEXT -Xlinker __ents_der -Xlinker /Users/shiv/Projects/iphone/Dream\ Again/DerivedData/Build/Intermediates.noindex/Dream\ Again.build/Debug-iphonesimulator/Dream\ Again.build/Dream\ Again.app-Simulated.xcent.der /Users/shiv/Projects/iphone/Dream\ Again/DerivedData/Build/Products/Debug-iphonesimulator/Dream\ Again.app/Dream\ Again.debug.dylib -Xlinker -no_adhoc_codesign -o /Users/shiv/Projects/iphone/Dream\ Again/DerivedData/Build/Products/Debug-iphonesimulator/Dream\ Again.app/Dream\ Again

CopySwiftLibs /Users/shiv/Projects/iphone/Dream\ Again/DerivedData/Build/Products/Debug-iphonesimulator/Dream\ Again.app (in target 'Dream Again' from project 'Dream Again')
    cd /Users/shiv/Projects/iphone/Dream\ Again
    builtin-swiftStdLibTool --copy --verbose --sign - --scan-executable /Users/shiv/Projects/iphone/Dream\ Again/DerivedData/Build/Products/Debug-iphonesimulator/Dream\ Again.app/Dream\ Again.debug.dylib --scan-folder /Users/shiv/Projects/iphone/Dream\ Again/DerivedData/Build/Products/Debug-iphonesimulator/Dream\ Again.app/Frameworks --scan-folder /Users/shiv/Projects/iphone/Dream\ Again/DerivedData/Build/Products/Debug-iphonesimulator/Dream\ Again.app/PlugIns --scan-folder /Users/shiv/Projects/iphone/Dream\ Again/DerivedData/Build/Products/Debug-iphonesimulator/Dream\ Again.app/SystemExtensions --scan-folder /Users/shiv/Projects/iphone/Dream\ Again/DerivedData/Build/Products/Debug-iphonesimulator/Dream\ Again.app/Extensions --platform iphonesimulator --toolchain /var/run/com.apple.security.cryptexd/mnt/com.apple.MobileAsset.MetalToolchain-v17.6.109.0.G22wNs/Metal.xctoolchain --toolchain /Applications/Xcode.app/Contents/Developer/Toolchains/XcodeDefault.xctoolchain --destination /Users/shiv/Projects/iphone/Dream\ Again/DerivedData/Build/Products/Debug-iphonesimulator/Dream\ Again.app/Frameworks --strip-bitcode --strip-bitcode-tool /Applications/Xcode.app/Contents/Developer/Toolchains/XcodeDefault.xctoolchain/usr/bin/bitcode_strip --emit-dependency-info /Users/shiv/Projects/iphone/Dream\ Again/DerivedData/Build/Intermediates.noindex/Dream\ Again.build/Debug-iphonesimulator/Dream\ Again.build/SwiftStdLibToolInputDependencies.dep --filter-for-swift-os

ExtractAppIntentsMetadata (in target 'Dream Again' from project 'Dream Again')
    cd /Users/shiv/Projects/iphone/Dream\ Again
    /Applications/Xcode.app/Contents/Developer/Toolchains/XcodeDefault.xctoolchain/usr/bin/appintentsmetadataprocessor --toolchain-dir /var/run/com.apple.security.cryptexd/mnt/com.apple.MobileAsset.MetalToolchain-v17.6.109.0.G22wNs/Metal.xctoolchain --module-name DreamAgain --sdk-root /Applications/Xcode.app/Contents/Developer/Platforms/iPhoneSimulator.platform/Developer/SDKs/iPhoneSimulator26.5.sdk --xcode-version 17F113 --platform-family iOS --deployment-target 18.0 --bundle-identifier nani.Dream-Again --output /Users/shiv/Projects/iphone/Dream\ Again/DerivedData/Build/Products/Debug-iphonesimulator/Dream\ Again.app --target-triple arm64-apple-ios18.0-simulator --binary-file /Users/shiv/Projects/iphone/Dream\ Again/DerivedData/Build/Products/Debug-iphonesimulator/Dream\ Again.app/Dream\ Again --dependency-file /Users/shiv/Projects/iphone/Dream\ Again/DerivedData/Build/Intermediates.noindex/Dream\ Again.build/Debug-iphonesimulator/Dream\ Again.build/Objects-normal/arm64/Dream\ Again_dependency_info.dat --stringsdata-file /Users/shiv/Projects/iphone/Dream\ Again/DerivedData/Build/Intermediates.noindex/Dream\ Again.build/Debug-iphonesimulator/Dream\ Again.build/Objects-normal/arm64/ExtractedAppShortcutsMetadata.stringsdata --source-file-list /Users/shiv/Projects/iphone/Dream\ Again/DerivedData/Build/Intermediates.noindex/Dream\ Again.build/Debug-iphonesimulator/Dream\ Again.build/Objects-normal/arm64/Dream\ Again.SwiftFileList --metadata-file-list /Users/shiv/Projects/iphone/Dream\ Again/DerivedData/Build/Intermediates.noindex/Dream\ Again.build/Debug-iphonesimulator/Dream\ Again.build/Dream\ Again.DependencyMetadataFileList --static-metadata-file-list /Users/shiv/Projects/iphone/Dream\ Again/DerivedData/Build/Intermediates.noindex/Dream\ Again.build/Debug-iphonesimulator/Dream\ Again.build/Dream\ Again.DependencyStaticMetadataFileList --swift-const-vals-list /Users/shiv/Projects/iphone/Dream\ Again/DerivedData/Build/Intermediates.noindex/Dream\ Again.build/Debug-iphonesimulator/Dream\ Again.build/Objects-normal/arm64/Dream\ Again.SwiftConstValuesFileList --compile-time-extraction --deployment-aware-processing --validate-assistant-intents --no-app-shortcuts-localization
2026-09-15 21:30:34.544 appintentsmetadataprocessor[16245:113134] Starting appintentsmetadataprocessor export
2026-09-15 21:30:34.555 appintentsmetadataprocessor[16245:113134] warning: Metadata extraction skipped. No AppIntents.framework dependency found.

ProcessInfoPlistFile /Users/shiv/Projects/iphone/Dream\ Again/DerivedData/Build/Products/Debug-iphonesimulator/Dream\ Again.app/PlugIns/Dream\ AgainTests.xctest/Info.plist /Users/shiv/Projects/iphone/Dream\ Again/DerivedData/Build/Intermediates.noindex/Dream\ Again.build/Debug-iphonesimulator/Dream\ AgainTests.build/empty-Dream\ AgainTests.plist (in target 'Dream AgainTests' from project 'Dream Again')
    cd /Users/shiv/Projects/iphone/Dream\ Again
    builtin-infoPlistUtility /Users/shiv/Projects/iphone/Dream\ Again/DerivedData/Build/Intermediates.noindex/Dream\ Again.build/Debug-iphonesimulator/Dream\ AgainTests.build/empty-Dream\ AgainTests.plist -producttype com.apple.product-type.bundle.unit-test -expandbuildsettings -format binary -platform iphonesimulator -o /Users/shiv/Projects/iphone/Dream\ Again/DerivedData/Build/Products/Debug-iphonesimulator/Dream\ Again.app/PlugIns/Dream\ AgainTests.xctest/Info.plist

SwiftDriverJobDiscovery normal arm64 Compiling Dream_AgainTests.swift (in target 'Dream AgainTests' from project 'Dream Again')

SwiftDriver\ Compilation Dream\ AgainTests normal arm64 com.apple.xcode.tools.swift.compiler (in target 'Dream AgainTests' from project 'Dream Again')
    cd /Users/shiv/Projects/iphone/Dream\ Again
    builtin-Swift-Compilation -- /Applications/Xcode.app/Contents/Developer/Toolchains/XcodeDefault.xctoolchain/usr/bin/swiftc -module-name Dream_AgainTests -Onone @/Users/shiv/Projects/iphone/Dream\ Again/DerivedData/Build/Intermediates.noindex/Dream\ Again.build/Debug-iphonesimulator/Dream\ AgainTests.build/Objects-normal/arm64/Dream\ AgainTests.SwiftFileList -DDEBUG -plugin-path /Applications/Xcode.app/Contents/Developer/Toolchains/XcodeDefault.xctoolchain/usr/lib/swift/host/plugins/testing -enable-bare-slash-regex -enable-upcoming-feature DisableOutwardActorInference -enable-upcoming-feature InferSendableFromCaptures -enable-upcoming-feature GlobalActorIsolatedTypesUsability -enable-upcoming-feature MemberImportVisibility -enable-upcoming-feature InferIsolatedConformances -enable-upcoming-feature NonisolatedNonsendingByDefault -enable-experimental-feature DebugDescriptionMacro -sdk /Applications/Xcode.app/Contents/Developer/Platforms/iPhoneSimulator.platform/Developer/SDKs/iPhoneSimulator26.5.sdk -target arm64-apple-ios18.0-simulator -g -module-cache-path /Users/shiv/Projects/iphone/Dream\ Again/DerivedData/ModuleCache.noindex -Xfrontend -serialize-debugging-options -enable-testing -index-store-path /Users/shiv/Projects/iphone/Dream\ Again/DerivedData/Index.noindex/DataStore -Xcc -D_LIBCPP_HARDENING_MODE\=_LIBCPP_HARDENING_MODE_DEBUG -swift-version 5 -I /Users/shiv/Projects/iphone/Dream\ Again/DerivedData/Build/Products/Debug-iphonesimulator -Isystem /Applications/Xcode.app/Contents/Developer/Platforms/iPhoneSimulator.platform/Developer/usr/lib -F /Users/shiv/Projects/iphone/Dream\ Again/DerivedData/Build/Products/Debug-iphonesimulator -F /Applications/Xcode.app/Contents/Developer/Platforms/iPhoneSimulator.platform/Developer/Library/Frameworks -F /Applications/Xcode.app/Contents/Developer/Platforms/iPhoneSimulator.platform/Developer/SDKs/iPhoneSimulator26.5.sdk/Developer/Library/Frameworks -parse-as-library -c -j8 -enable-batch-mode -incremental -Xcc -ivfsstatcache -Xcc /Users/shiv/Projects/iphone/Dream\ Again/DerivedData/SDKStatCaches.noindex/iphonesimulator26.5-23F81a-688ef53f1462e2c8f657fdc38a81448f6cfe768891a92b912361537c460fe42b.sdkstatcache -output-file-map /Users/shiv/Projects/iphone/Dream\ Again/DerivedData/Build/Intermediates.noindex/Dream\ Again.build/Debug-iphonesimulator/Dream\ AgainTests.build/Objects-normal/arm64/Dream\ AgainTests-OutputFileMap.json -use-frontend-parseable-output -save-temps -no-color-diagnostics -explicit-module-build -module-cache-path /Users/shiv/Projects/iphone/Dream\ Again/DerivedData/Build/Intermediates.noindex/SwiftExplicitPrecompiledModules -clang-scanner-module-cache-path /Users/shiv/Projects/iphone/Dream\ Again/DerivedData/ModuleCache.noindex -sdk-module-cache-path /Users/shiv/Projects/iphone/Dream\ Again/DerivedData/ModuleCache.noindex -serialize-diagnostics -emit-dependencies -emit-module -emit-module-path /Users/shiv/Projects/iphone/Dream\ Again/DerivedData/Build/Intermediates.noindex/Dream\ Again.build/Debug-iphonesimulator/Dream\ AgainTests.build/Objects-normal/arm64/Dream_AgainTests.swiftmodule -validate-clang-modules-once -clang-build-session-file /Users/shiv/Projects/iphone/Dream\ Again/DerivedData/ModuleCache.noindex/Session.modulevalidation -Xcc -I/Users/shiv/Projects/iphone/Dream\ Again/DerivedData/Build/Intermediates.noindex/Dream\ Again.build/Debug-iphonesimulator/Dream\ AgainTests.build/swift-overrides.hmap -emit-const-values -Xfrontend -const-gather-protocols-file -Xfrontend /Users/shiv/Projects/iphone/Dream\ Again/DerivedData/Build/Intermediates.noindex/Dream\ Again.build/Debug-iphonesimulator/Dream\ AgainTests.build/Objects-normal/arm64/Dream\ AgainTests_const_extract_protocols.json -Xcc -iquote -Xcc /Users/shiv/Projects/iphone/Dream\ Again/DerivedData/Build/Intermediates.noindex/Dream\ Again.build/Debug-iphonesimulator/Dream\ AgainTests.build/Dream\ AgainTests-generated-files.hmap -Xcc -I/Users/shiv/Projects/iphone/Dream\ Again/DerivedData/Build/Intermediates.noindex/Dream\ Again.build/Debug-iphonesimulator/Dream\ AgainTests.build/Dream\ AgainTests-own-target-headers.hmap -Xcc -I/Users/shiv/Projects/iphone/Dream\ Again/DerivedData/Build/Intermediates.noindex/Dream\ Again.build/Debug-iphonesimulator/Dream\ AgainTests.build/Dream\ AgainTests-all-target-headers.hmap -Xcc -iquote -Xcc /Users/shiv/Projects/iphone/Dream\ Again/DerivedData/Build/Intermediates.noindex/Dream\ Again.build/Debug-iphonesimulator/Dream\ AgainTests.build/Dream\ AgainTests-project-headers.hmap -Xcc -I/Users/shiv/Projects/iphone/Dream\ Again/DerivedData/Build/Products/Debug-iphonesimulator/include -Xcc -I/Users/shiv/Projects/iphone/Dream\ Again/DerivedData/Build/Intermediates.noindex/Dream\ Again.build/Debug-iphonesimulator/Dream\ AgainTests.build/DerivedSources-normal/arm64 -Xcc -I/Users/shiv/Projects/iphone/Dream\ Again/DerivedData/Build/Intermediates.noindex/Dream\ Again.build/Debug-iphonesimulator/Dream\ AgainTests.build/DerivedSources/arm64 -Xcc -I/Users/shiv/Projects/iphone/Dream\ Again/DerivedData/Build/Intermediates.noindex/Dream\ Again.build/Debug-iphonesimulator/Dream\ AgainTests.build/DerivedSources -Xcc -DDEBUG\=1 -emit-objc-header -emit-objc-header-path /Users/shiv/Projects/iphone/Dream\ Again/DerivedData/Build/Intermediates.noindex/Dream\ Again.build/Debug-iphonesimulator/Dream\ AgainTests.build/Objects-normal/arm64/Dream_AgainTests-Swift.h -working-directory /Users/shiv/Projects/iphone/Dream\ Again -experimental-emit-module-separately -disable-cmo

Ld /Users/shiv/Projects/iphone/Dream\ Again/DerivedData/Build/Products/Debug-iphonesimulator/Dream\ Again.app/PlugIns/Dream\ AgainTests.xctest/Dream\ AgainTests normal (in target 'Dream AgainTests' from project 'Dream Again')
    cd /Users/shiv/Projects/iphone/Dream\ Again
    /Applications/Xcode.app/Contents/Developer/Toolchains/XcodeDefault.xctoolchain/usr/bin/clang -Xlinker -reproducible -target arm64-apple-ios18.0-simulator -bundle -isysroot /Applications/Xcode.app/Contents/Developer/Platforms/iPhoneSimulator.platform/Developer/SDKs/iPhoneSimulator26.5.sdk -O0 -L/Users/shiv/Projects/iphone/Dream\ Again/DerivedData/Build/Intermediates.noindex/EagerLinkingTBDs/Debug-iphonesimulator -L/Users/shiv/Projects/iphone/Dream\ Again/DerivedData/Build/Products/Debug-iphonesimulator -L/Applications/Xcode.app/Contents/Developer/Platforms/iPhoneSimulator.platform/Developer/usr/lib -F/Users/shiv/Projects/iphone/Dream\ Again/DerivedData/Build/Intermediates.noindex/EagerLinkingTBDs/Debug-iphonesimulator -F/Users/shiv/Projects/iphone/Dream\ Again/DerivedData/Build/Products/Debug-iphonesimulator -iframework /Applications/Xcode.app/Contents/Developer/Platforms/iPhoneSimulator.platform/Developer/Library/Frameworks -iframework /Applications/Xcode.app/Contents/Developer/Platforms/iPhoneSimulator.platform/Developer/SDKs/iPhoneSimulator26.5.sdk/Developer/Library/Frameworks -filelist /Users/shiv/Projects/iphone/Dream\ Again/DerivedData/Build/Intermediates.noindex/Dream\ Again.build/Debug-iphonesimulator/Dream\ AgainTests.build/Objects-normal/arm64/Dream\ AgainTests.LinkFileList -Xlinker -rpath -Xlinker /usr/lib/swift -Xlinker -rpath -Xlinker @loader_path/Frameworks -Xlinker -rpath -Xlinker @executable_path/Frameworks -Xlinker -dead_strip -bundle_loader /Users/shiv/Projects/iphone/Dream\ Again/DerivedData/Build/Products/Debug-iphonesimulator/Dream\ Again.app/Dream\ Again -Xlinker -object_path_lto -Xlinker /Users/shiv/Projects/iphone/Dream\ Again/DerivedData/Build/Intermediates.noindex/Dream\ Again.build/Debug-iphonesimulator/Dream\ AgainTests.build/Objects-normal/arm64/Dream\ AgainTests_lto.o -rdynamic -Xlinker -no_deduplicate -Xlinker -objc_abi_version -Xlinker 2 -Xlinker -dependency_info -Xlinker /Users/shiv/Projects/iphone/Dream\ Again/DerivedData/Build/Intermediates.noindex/Dream\ Again.build/Debug-iphonesimulator/Dream\ AgainTests.build/Objects-normal/arm64/Dream\ AgainTests_dependency_info.dat -fobjc-link-runtime -L/Applications/Xcode.app/Contents/Developer/Toolchains/XcodeDefault.xctoolchain/usr/lib/swift/iphonesimulator -L/usr/lib/swift -Xlinker -add_ast_path -Xlinker /Users/shiv/Projects/iphone/Dream\ Again/DerivedData/Build/Intermediates.noindex/Dream\ Again.build/Debug-iphonesimulator/Dream\ AgainTests.build/Objects-normal/arm64/Dream_AgainTests.swiftmodule @/Users/shiv/Projects/iphone/Dream\ Again/DerivedData/Build/Intermediates.noindex/Dream\ Again.build/Debug-iphonesimulator/Dream\ AgainTests.build/Objects-normal/arm64/Dream_AgainTests-linker-args.resp -Xlinker -needed_framework -Xlinker XCTest -framework XCTest -Xlinker -needed-lXCTestSwiftSupport -lXCTestSwiftSupport /Users/shiv/Projects/iphone/Dream\ Again/DerivedData/Build/Products/Debug-iphonesimulator/Dream\ Again.app/Dream\ Again.debug.dylib -Xlinker -no_adhoc_codesign -o /Users/shiv/Projects/iphone/Dream\ Again/DerivedData/Build/Products/Debug-iphonesimulator/Dream\ Again.app/PlugIns/Dream\ AgainTests.xctest/Dream\ AgainTests

CopySwiftLibs /Users/shiv/Projects/iphone/Dream\ Again/DerivedData/Build/Products/Debug-iphonesimulator/Dream\ Again.app/PlugIns/Dream\ AgainTests.xctest (in target 'Dream AgainTests' from project 'Dream Again')
    cd /Users/shiv/Projects/iphone/Dream\ Again
    builtin-swiftStdLibTool --copy --verbose --sign - --scan-executable /Users/shiv/Projects/iphone/Dream\ Again/DerivedData/Build/Products/Debug-iphonesimulator/Dream\ Again.app/PlugIns/Dream\ AgainTests.xctest/Dream\ AgainTests --scan-folder /Users/shiv/Projects/iphone/Dream\ Again/DerivedData/Build/Products/Debug-iphonesimulator/Dream\ Again.app/PlugIns/Dream\ AgainTests.xctest/Frameworks --scan-folder /Users/shiv/Projects/iphone/Dream\ Again/DerivedData/Build/Products/Debug-iphonesimulator/Dream\ Again.app/PlugIns/Dream\ AgainTests.xctest/PlugIns --scan-folder /Users/shiv/Projects/iphone/Dream\ Again/DerivedData/Build/Products/Debug-iphonesimulator/Dream\ Again.app/PlugIns/Dream\ AgainTests.xctest/SystemExtensions --scan-folder /Users/shiv/Projects/iphone/Dream\ Again/DerivedData/Build/Products/Debug-iphonesimulator/Dream\ Again.app/PlugIns/Dream\ AgainTests.xctest/Extensions --platform iphonesimulator --toolchain /var/run/com.apple.security.cryptexd/mnt/com.apple.MobileAsset.MetalToolchain-v17.6.109.0.G22wNs/Metal.xctoolchain --toolchain /Applications/Xcode.app/Contents/Developer/Toolchains/XcodeDefault.xctoolchain --destination /Users/shiv/Projects/iphone/Dream\ Again/DerivedData/Build/Products/Debug-iphonesimulator/Dream\ Again.app/PlugIns/Dream\ AgainTests.xctest/Frameworks --strip-bitcode --scan-executable /Applications/Xcode.app/Contents/Developer/Platforms/iPhoneSimulator.platform/Developer/usr/lib/libXCTestSwiftSupport.dylib --strip-bitcode-tool /Applications/Xcode.app/Contents/Developer/Toolchains/XcodeDefault.xctoolchain/usr/bin/bitcode_strip --emit-dependency-info /Users/shiv/Projects/iphone/Dream\ Again/DerivedData/Build/Intermediates.noindex/Dream\ Again.build/Debug-iphonesimulator/Dream\ AgainTests.build/SwiftStdLibToolInputDependencies.dep --filter-for-swift-os

ExtractAppIntentsMetadata (in target 'Dream AgainTests' from project 'Dream Again')
    cd /Users/shiv/Projects/iphone/Dream\ Again
    /Applications/Xcode.app/Contents/Developer/Toolchains/XcodeDefault.xctoolchain/usr/bin/appintentsmetadataprocessor --toolchain-dir /var/run/com.apple.security.cryptexd/mnt/com.apple.MobileAsset.MetalToolchain-v17.6.109.0.G22wNs/Metal.xctoolchain --module-name Dream_AgainTests --sdk-root /Applications/Xcode.app/Contents/Developer/Platforms/iPhoneSimulator.platform/Developer/SDKs/iPhoneSimulator26.5.sdk --xcode-version 17F113 --platform-family iOS --deployment-target 18.0 --bundle-identifier nani.Dream-AgainTests --output /Users/shiv/Projects/iphone/Dream\ Again/DerivedData/Build/Products/Debug-iphonesimulator/Dream\ Again.app/PlugIns/Dream\ AgainTests.xctest --target-triple arm64-apple-ios18.0-simulator --binary-file /Users/shiv/Projects/iphone/Dream\ Again/DerivedData/Build/Products/Debug-iphonesimulator/Dream\ Again.app/PlugIns/Dream\ AgainTests.xctest/Dream\ AgainTests --dependency-file /Users/shiv/Projects/iphone/Dream\ Again/DerivedData/Build/Intermediates.noindex/Dream\ Again.build/Debug-iphonesimulator/Dream\ AgainTests.build/Objects-normal/arm64/Dream\ AgainTests_dependency_info.dat --stringsdata-file /Users/shiv/Projects/iphone/Dream\ Again/DerivedData/Build/Intermediates.noindex/Dream\ Again.build/Debug-iphonesimulator/Dream\ AgainTests.build/Objects-normal/arm64/ExtractedAppShortcutsMetadata.stringsdata --source-file-list /Users/shiv/Projects/iphone/Dream\ Again/DerivedData/Build/Intermediates.noindex/Dream\ Again.build/Debug-iphonesimulator/Dream\ AgainTests.build/Objects-normal/arm64/Dream\ AgainTests.SwiftFileList --metadata-file-list /Users/shiv/Projects/iphone/Dream\ Again/DerivedData/Build/Intermediates.noindex/Dream\ Again.build/Debug-iphonesimulator/Dream\ AgainTests.build/Dream\ AgainTests.DependencyMetadataFileList --static-metadata-file-list /Users/shiv/Projects/iphone/Dream\ Again/DerivedData/Build/Intermediates.noindex/Dream\ Again.build/Debug-iphonesimulator/Dream\ AgainTests.build/Dream\ AgainTests.DependencyStaticMetadataFileList --swift-const-vals-list /Users/shiv/Projects/iphone/Dream\ Again/DerivedData/Build/Intermediates.noindex/Dream\ Again.build/Debug-iphonesimulator/Dream\ AgainTests.build/Objects-normal/arm64/Dream\ AgainTests.SwiftConstValuesFileList --compile-time-extraction --deployment-aware-processing --validate-assistant-intents --no-app-shortcuts-localization
2026-09-15 21:30:36.016 appintentsmetadataprocessor[16258:113204] Starting appintentsmetadataprocessor export
2026-09-15 21:30:36.019 appintentsmetadataprocessor[16258:113204] warning: Metadata extraction skipped. No AppIntents.framework dependency found.

CodeSign /Users/shiv/Projects/iphone/Dream\ Again/DerivedData/Build/Products/Debug-iphonesimulator/Dream\ Again.app/PlugIns/Dream\ AgainTests.xctest (in target 'Dream AgainTests' from project 'Dream Again')
    cd /Users/shiv/Projects/iphone/Dream\ Again
    
    Signing Identity:     "Sign to Run Locally"
    
    /usr/bin/codesign --force --sign - --timestamp\=none --generate-entitlement-der /Users/shiv/Projects/iphone/Dream\ Again/DerivedData/Build/Products/Debug-iphonesimulator/Dream\ Again.app/PlugIns/Dream\ AgainTests.xctest

CodeSign /Users/shiv/Projects/iphone/Dream\ Again/DerivedData/Build/Products/Debug-iphonesimulator/Dream\ Again.app/Dream\ Again.debug.dylib (in target 'Dream Again' from project 'Dream Again')
    cd /Users/shiv/Projects/iphone/Dream\ Again
    
    Signing Identity:     "Sign to Run Locally"
    
    /usr/bin/codesign --force --sign - --timestamp\=none --generate-entitlement-der /Users/shiv/Projects/iphone/Dream\ Again/DerivedData/Build/Products/Debug-iphonesimulator/Dream\ Again.app/Dream\ Again.debug.dylib

CodeSign /Users/shiv/Projects/iphone/Dream\ Again/DerivedData/Build/Products/Debug-iphonesimulator/Dream\ Again.app/__preview.dylib (in target 'Dream Again' from project 'Dream Again')
    cd /Users/shiv/Projects/iphone/Dream\ Again
    
    Signing Identity:     "Sign to Run Locally"
    
    /usr/bin/codesign --force --sign - --timestamp\=none --generate-entitlement-der /Users/shiv/Projects/iphone/Dream\ Again/DerivedData/Build/Products/Debug-iphonesimulator/Dream\ Again.app/__preview.dylib
/Users/shiv/Projects/iphone/Dream Again/DerivedData/Build/Products/Debug-iphonesimulator/Dream Again.app/__preview.dylib: replacing existing signature

CodeSign /Users/shiv/Projects/iphone/Dream\ Again/DerivedData/Build/Products/Debug-iphonesimulator/Dream\ Again.app (in target 'Dream Again' from project 'Dream Again')
    cd /Users/shiv/Projects/iphone/Dream\ Again
    
    Signing Identity:     "Sign to Run Locally"
    
    /usr/bin/codesign --force --sign - --timestamp\=none --generate-entitlement-der /Users/shiv/Projects/iphone/Dream\ Again/DerivedData/Build/Products/Debug-iphonesimulator/Dream\ Again.app

Validate /Users/shiv/Projects/iphone/Dream\ Again/DerivedData/Build/Products/Debug-iphonesimulator/Dream\ Again.app (in target 'Dream Again' from project 'Dream Again')
    cd /Users/shiv/Projects/iphone/Dream\ Again
    builtin-validationUtility /Users/shiv/Projects/iphone/Dream\ Again/DerivedData/Build/Products/Debug-iphonesimulator/Dream\ Again.app -shallow-bundle -infoplist-subpath Info.plist

ProcessInfoPlistFile /Users/shiv/Projects/iphone/Dream\ Again/DerivedData/Build/Products/Debug-iphonesimulator/Dream\ AgainUITests-Runner.app/PlugIns/Dream\ AgainUITests.xctest/Info.plist /Users/shiv/Projects/iphone/Dream\ Again/DerivedData/Build/Intermediates.noindex/Dream\ Again.build/Debug-iphonesimulator/Dream\ AgainUITests.build/empty-Dream\ AgainUITests.plist (in target 'Dream AgainUITests' from project 'Dream Again')
    cd /Users/shiv/Projects/iphone/Dream\ Again
    builtin-infoPlistUtility /Users/shiv/Projects/iphone/Dream\ Again/DerivedData/Build/Intermediates.noindex/Dream\ Again.build/Debug-iphonesimulator/Dream\ AgainUITests.build/empty-Dream\ AgainUITests.plist -producttype com.apple.product-type.bundle.ui-testing -expandbuildsettings -format binary -platform iphonesimulator -additionalcontentfile /Users/shiv/Projects/iphone/Dream\ Again/DerivedData/Build/Intermediates.noindex/Dream\ Again.build/Debug-iphonesimulator/Dream\ AgainUITests.build/ProductTypeInfoPlistAdditions.plist -o /Users/shiv/Projects/iphone/Dream\ Again/DerivedData/Build/Products/Debug-iphonesimulator/Dream\ AgainUITests-Runner.app/PlugIns/Dream\ AgainUITests.xctest/Info.plist

CopySwiftLibs /Users/shiv/Projects/iphone/Dream\ Again/DerivedData/Build/Products/Debug-iphonesimulator/Dream\ AgainUITests-Runner.app/PlugIns/Dream\ AgainUITests.xctest (in target 'Dream AgainUITests' from project 'Dream Again')
    cd /Users/shiv/Projects/iphone/Dream\ Again
    builtin-swiftStdLibTool --copy --verbose --sign - --scan-executable /Users/shiv/Projects/iphone/Dream\ Again/DerivedData/Build/Products/Debug-iphonesimulator/Dream\ AgainUITests-Runner.app/PlugIns/Dream\ AgainUITests.xctest/Dream\ AgainUITests --scan-folder /Users/shiv/Projects/iphone/Dream\ Again/DerivedData/Build/Products/Debug-iphonesimulator/Dream\ AgainUITests-Runner.app/PlugIns/Dream\ AgainUITests.xctest/Frameworks --scan-folder /Users/shiv/Projects/iphone/Dream\ Again/DerivedData/Build/Products/Debug-iphonesimulator/Dream\ AgainUITests-Runner.app/PlugIns/Dream\ AgainUITests.xctest/PlugIns --scan-folder /Users/shiv/Projects/iphone/Dream\ Again/DerivedData/Build/Products/Debug-iphonesimulator/Dream\ AgainUITests-Runner.app/PlugIns/Dream\ AgainUITests.xctest/SystemExtensions --scan-folder /Users/shiv/Projects/iphone/Dream\ Again/DerivedData/Build/Products/Debug-iphonesimulator/Dream\ AgainUITests-Runner.app/PlugIns/Dream\ AgainUITests.xctest/Extensions --platform iphonesimulator --toolchain /var/run/com.apple.security.cryptexd/mnt/com.apple.MobileAsset.MetalToolchain-v17.6.109.0.G22wNs/Metal.xctoolchain --toolchain /Applications/Xcode.app/Contents/Developer/Toolchains/XcodeDefault.xctoolchain --destination /Users/shiv/Projects/iphone/Dream\ Again/DerivedData/Build/Products/Debug-iphonesimulator/Dream\ AgainUITests-Runner.app/PlugIns/Dream\ AgainUITests.xctest/Frameworks --strip-bitcode --scan-executable /Applications/Xcode.app/Contents/Developer/Platforms/iPhoneSimulator.platform/Developer/usr/lib/libXCTestSwiftSupport.dylib --strip-bitcode-tool /Applications/Xcode.app/Contents/Developer/Toolchains/XcodeDefault.xctoolchain/usr/bin/bitcode_strip --emit-dependency-info /Users/shiv/Projects/iphone/Dream\ Again/DerivedData/Build/Intermediates.noindex/Dream\ Again.build/Debug-iphonesimulator/Dream\ AgainUITests.build/SwiftStdLibToolInputDependencies.dep --filter-for-swift-os

2026-09-15 21:31:44.524711+0700 Dream Again[16664:117879] [Core] {"msg":"file does not exist... clearing", "file":/Library/Developer/CoreSimulator/Volumes/iOS_23F77/Library/Developer/CoreSimulator/Profiles/Runtimes/iOS 26.5.simruntime/Contents/Resources/RuntimeRoot/private/var/Managed Preferences/kCFPreferencesCurrentUser/com.apple.CoreMotion.plist, "error":Error Domain=NSCocoaErrorDomain Code=260 "The file “com.apple.CoreMotion.plist” couldn’t be opened because there is no such file." UserInfo={NSFilePath=/Library/Developer/CoreSimulator/Volumes/iOS_23F77/Library/Developer/CoreSimulator/Profiles/Runtimes/iOS 26.5.simruntime/Contents/Resources/RuntimeRoot/private/var/Managed Preferences/kCFPreferencesCurrentUser/com.apple.CoreMotion.plist, NSURL=file:///Library/Developer/CoreSimulator/Volumes/iOS_23F77/Library/Developer/CoreSimulator/Profiles/Runtimes/iOS%2026.5.simruntime/Contents/Resources/RuntimeRoot/private/var/Managed%20Preferences/kCFPreferencesCurrentUser/com.apple.CoreMotion.plist, NSUnderlyingError=0x10847ccf0 {Error Domain=NSPOSIXErrorDomain Code=2 "No such file or directory"}}}
2026-09-15 21:31:44.803473+0700 Dream Again[16664:117785] [plugin] AddInstanceForFactory: No factory registered for id <CFUUID 0x10552ab40> F8BB1C28-BAE8-11D6-9C31-00039315CD46
2026-09-15 21:31:45.518566+0700 Dream Again[16664:117235] [Foundation.IO] Could not locate file 'default-binaryarchive.metallib' in bundle.
2026-09-15 21:31:45.580149+0700 Dream Again[16664:117235] [Assets] asset string 'engine:throttleGhosted.rematerial' parse failed: Invalid asset path: Unknown asset type suffix 'engine:throttleGhosted.rematerial'
2026-09-15 21:31:46.127607+0700 Dream Again[16664:117235] [Assets] Could not resolve material name 'engine:BuiltinRenderGraphResources/AR/suFeatheringCreateMergedOcclusionMask.rematerial' in bundle at '/Users/shiv/Library/Developer/CoreSimulator/Devices/80DBBEEC-A752-43F6-A60E-2419BAE5B77E/data/Containers/Bundle/Application/9B31E6CD-9A51-4AB6-973F-D0B6A590A7C9/Dream Again.app'. Loading via asset path.
2026-09-15 21:31:46.162056+0700 Dream Again[16664:117235] [Assets] Could not resolve material name 'engine:BuiltinRenderGraphResources/AR/arKitPassthrough.rematerial' in bundle at '/Users/shiv/Library/Developer/CoreSimulator/Devices/80DBBEEC-A752-43F6-A60E-2419BAE5B77E/data/Containers/Bundle/Application/9B31E6CD-9A51-4AB6-973F-D0B6A590A7C9/Dream Again.app'. Loading via asset path.
2026-09-15 21:31:46.168598+0700 Dream Again[16664:117235] [Assets] Could not resolve material name 'engine:BuiltinRenderGraphResources/AR/arSegmentationComposite.rematerial' in bundle at '/Users/shiv/Library/Developer/CoreSimulator/Devices/80DBBEEC-A752-43F6-A60E-2419BAE5B77E/data/Containers/Bundle/Application/9B31E6CD-9A51-4AB6-973F-D0B6A590A7C9/Dream Again.app'. Loading via asset path.
2026-09-15 21:31:46.171236+0700 Dream Again[16664:117235] [Assets] Could not resolve material name 'engine:BuiltinRenderGraphResources/AR/arInPlacePostProcessCombinedPermute0.rematerial' in bundle at '/Users/shiv/Library/Developer/CoreSimulator/Devices/80DBBEEC-A752-43F6-A60E-2419BAE5B77E/data/Containers/Bundle/Application/9B31E6CD-9A51-4AB6-973F-D0B6A590A7C9/Dream Again.app'. Loading via asset path.
2026-09-15 21:31:46.175077+0700 Dream Again[16664:117235] [Assets] Could not resolve material name 'engine:BuiltinRenderGraphResources/AR/arInPlacePostProcessCombinedPermute1.rematerial' in bundle at '/Users/shiv/Library/Developer/CoreSimulator/Devices/80DBBEEC-A752-43F6-A60E-2419BAE5B77E/data/Containers/Bundle/Application/9B31E6CD-9A51-4AB6-973F-D0B6A590A7C9/Dream Again.app'. Loading via asset path.
2026-09-15 21:31:46.177254+0700 Dream Again[16664:117235] [Assets] Could not resolve material name 'engine:BuiltinRenderGraphResources/AR/arInPlacePostProcessCombinedPermute2.rematerial' in bundle at '/Users/shiv/Library/Developer/CoreSimulator/Devices/80DBBEEC-A752-43F6-A60E-2419BAE5B77E/data/Containers/Bundle/Application/9B31E6CD-9A51-4AB6-973F-D0B6A590A7C9/Dream Again.app'. Loading via asset path.
2026-09-15 21:31:46.190577+0700 Dream Again[16664:117235] [Assets] Could not resolve material name 'engine:BuiltinRenderGraphResources/AR/arInPlacePostProcessCombinedPermute3.rematerial' in bundle at '/Users/shiv/Library/Developer/CoreSimulator/Devices/80DBBEEC-A752-43F6-A60E-2419BAE5B77E/data/Containers/Bundle/Application/9B31E6CD-9A51-4AB6-973F-D0B6A590A7C9/Dream Again.app'. Loading via asset path.
2026-09-15 21:31:46.193615+0700 Dream Again[16664:117235] [Assets] Could not resolve material name 'engine:BuiltinRenderGraphResources/AR/arInPlacePostProcessCombinedPermute4.rematerial' in bundle at '/Users/shiv/Library/Developer/CoreSimulator/Devices/80DBBEEC-A752-43F6-A60E-2419BAE5B77E/data/Containers/Bundle/Application/9B31E6CD-9A51-4AB6-973F-D0B6A590A7C9/Dream Again.app'. Loading via asset path.
2026-09-15 21:31:46.196107+0700 Dream Again[16664:117235] [Assets] Could not resolve material name 'engine:BuiltinRenderGraphResources/AR/arInPlacePostProcessCombinedPermute5.rematerial' in bundle at '/Users/shiv/Library/Developer/CoreSimulator/Devices/80DBBEEC-A752-43F6-A60E-2419BAE5B77E/data/Containers/Bundle/Application/9B31E6CD-9A51-4AB6-973F-D0B6A590A7C9/Dream Again.app'. Loading via asset path.
2026-09-15 21:31:46.198362+0700 Dream Again[16664:117235] [Assets] Could not resolve material name 'engine:BuiltinRenderGraphResources/AR/arInPlacePostProcessCombinedPermute6.rematerial' in bundle at '/Users/shiv/Library/Developer/CoreSimulator/Devices/80DBBEEC-A752-43F6-A60E-2419BAE5B77E/data/Containers/Bundle/Application/9B31E6CD-9A51-4AB6-973F-D0B6A590A7C9/Dream Again.app'. Loading via asset path.
2026-09-15 21:31:46.200419+0700 Dream Again[16664:117235] [Assets] Could not resolve material name 'engine:BuiltinRenderGraphResources/AR/arInPlacePostProcessCombinedPermute7.rematerial' in bundle at '/Users/shiv/Library/Developer/CoreSimulator/Devices/80DBBEEC-A752-43F6-A60E-2419BAE5B77E/data/Containers/Bundle/Application/9B31E6CD-9A51-4AB6-973F-D0B6A590A7C9/Dream Again.app'. Loading via asset path.
2026-09-15 21:31:46.202511+0700 Dream Again[16664:117235] [Assets] Could not resolve material name 'engine:BuiltinRenderGraphResources/AR/arInPlacePostProcessCombinedPermute8.rematerial' in bundle at '/Users/shiv/Library/Developer/CoreSimulator/Devices/80DBBEEC-A752-43F6-A60E-2419BAE5B77E/data/Containers/Bundle/Application/9B31E6CD-9A51-4AB6-973F-D0B6A590A7C9/Dream Again.app'. Loading via asset path.
2026-09-15 21:31:46.204203+0700 Dream Again[16664:117235] [Assets] Could not resolve material name 'engine:BuiltinRenderGraphResources/AR/arInPlacePostProcessCombinedPermute9.rematerial' in bundle at '/Users/shiv/Library/Developer/CoreSimulator/Devices/80DBBEEC-A752-43F6-A60E-2419BAE5B77E/data/Containers/Bundle/Application/9B31E6CD-9A51-4AB6-973F-D0B6A590A7C9/Dream Again.app'. Loading via asset path.
2026-09-15 21:31:46.205826+0700 Dream Again[16664:117235] [Assets] Could not resolve material name 'engine:BuiltinRenderGraphResources/AR/arInPlacePostProcessCombinedPermute10.rematerial' in bundle at '/Users/shiv/Library/Developer/CoreSimulator/Devices/80DBBEEC-A752-43F6-A60E-2419BAE5B77E/data/Containers/Bundle/Application/9B31E6CD-9A51-4AB6-973F-D0B6A590A7C9/Dream Again.app'. Loading via asset path.
2026-09-15 21:31:46.207927+0700 Dream Again[16664:117235] [Assets] Could not resolve material name 'engine:BuiltinRenderGraphResources/AR/arInPlacePostProcessCombinedPermute11.rematerial' in bundle at '/Users/shiv/Library/Developer/CoreSimulator/Devices/80DBBEEC-A752-43F6-A60E-2419BAE5B77E/data/Containers/Bundle/Application/9B31E6CD-9A51-4AB6-973F-D0B6A590A7C9/Dream Again.app'. Loading via asset path.
2026-09-15 21:31:46.210079+0700 Dream Again[16664:117235] [Assets] Could not resolve material name 'engine:BuiltinRenderGraphResources/AR/arInPlacePostProcessCombinedPermute12.rematerial' in bundle at '/Users/shiv/Library/Developer/CoreSimulator/Devices/80DBBEEC-A752-43F6-A60E-2419BAE5B77E/data/Containers/Bundle/Application/9B31E6CD-9A51-4AB6-973F-D0B6A590A7C9/Dream Again.app'. Loading via asset path.
2026-09-15 21:31:46.212554+0700 Dream Again[16664:117235] [Assets] Could not resolve material name 'engine:BuiltinRenderGraphResources/AR/arInPlacePostProcessCombinedPermute13.rematerial' in bundle at '/Users/shiv/Library/Developer/CoreSimulator/Devices/80DBBEEC-A752-43F6-A60E-2419BAE5B77E/data/Containers/Bundle/Application/9B31E6CD-9A51-4AB6-973F-D0B6A590A7C9/Dream Again.app'. Loading via asset path.
2026-09-15 21:31:46.215346+0700 Dream Again[16664:117235] [Assets] Could not resolve material name 'engine:BuiltinRenderGraphResources/AR/arInPlacePostProcessCombinedPermute14.rematerial' in bundle at '/Users/shiv/Library/Developer/CoreSimulator/Devices/80DBBEEC-A752-43F6-A60E-2419BAE5B77E/data/Containers/Bundle/Application/9B31E6CD-9A51-4AB6-973F-D0B6A590A7C9/Dream Again.app'. Loading via asset path.
2026-09-15 21:31:46.218249+0700 Dream Again[16664:117235] [Assets] Could not resolve material name 'engine:BuiltinRenderGraphResources/AR/arInPlacePostProcessCombinedPermute15.rematerial' in bundle at '/Users/shiv/Library/Developer/CoreSimulator/Devices/80DBBEEC-A752-43F6-A60E-2419BAE5B77E/data/Containers/Bundle/Application/9B31E6CD-9A51-4AB6-973F-D0B6A590A7C9/Dream Again.app'. Loading via asset path.
Test Suite 'All tests' started at 2026-09-15 21:31:51.719.
Test Suite 'Dream AgainTests.xctest' started at 2026-09-15 21:31:51.721.
Test Suite 'Dream_AgainTests' started at 2026-09-15 21:31:51.721.
Test Case '-[Dream_AgainTests.Dream_AgainTests testAllHatsFitBothCharactersWithoutChangingTheRun]' started.
2026-09-15 21:31:51.956378+0700 Dream Again[16664:117784] Compiler failed to build request
2026-09-15 21:31:51.957499+0700 Dream Again[16664:117780] [Graphics] makeRenderPipelineState failed [reading from a rendertarget is not supported].
2026-09-15 21:31:51.957827+0700 Dream Again[16664:117780] [Graphics] Pipeline for technique meshShadowCasterProgrammableBlending failed compilation!
2026-09-15 21:31:51.990307+0700 Dream Again[16664:117235] [Assets] Could not resolve material name 'engine:BuiltinRenderGraphResources/AR/suFeatheringCreateMergedOcclusionMask.rematerial' in bundle at '/Users/shiv/Library/Developer/CoreSimulator/Devices/80DBBEEC-A752-43F6-A60E-2419BAE5B77E/data/Containers/Bundle/Application/9B31E6CD-9A51-4AB6-973F-D0B6A590A7C9/Dream Again.app'. Loading via asset path.
2026-09-15 21:31:51.990574+0700 Dream Again[16664:117235] [Assets] Could not resolve material name 'engine:BuiltinRenderGraphResources/AR/arKitPassthrough.rematerial' in bundle at '/Users/shiv/Library/Developer/CoreSimulator/Devices/80DBBEEC-A752-43F6-A60E-2419BAE5B77E/data/Containers/Bundle/Application/9B31E6CD-9A51-4AB6-973F-D0B6A590A7C9/Dream Again.app'. Loading via asset path.
2026-09-15 21:31:52.134147+0700 Dream Again[16664:117235] [Assets] Could not resolve material name 'engine:BuiltinRenderGraphResources/AR/arSegmentationComposite.rematerial' in bundle at '/Users/shiv/Library/Developer/CoreSimulator/Devices/80DBBEEC-A752-43F6-A60E-2419BAE5B77E/data/Containers/Bundle/Application/9B31E6CD-9A51-4AB6-973F-D0B6A590A7C9/Dream Again.app'. Loading via asset path.
2026-09-15 21:31:52.134338+0700 Dream Again[16664:117235] [Assets] Could not resolve material name 'engine:BuiltinRenderGraphResources/AR/arInPlacePostProcessCombinedPermute0.rematerial' in bundle at '/Users/shiv/Library/Developer/CoreSimulator/Devices/80DBBEEC-A752-43F6-A60E-2419BAE5B77E/data/Containers/Bundle/Application/9B31E6CD-9A51-4AB6-973F-D0B6A590A7C9/Dream Again.app'. Loading via asset path.
2026-09-15 21:31:52.136687+0700 Dream Again[16664:117235] [Assets] Could not resolve material name 'engine:BuiltinRenderGraphResources/AR/arInPlacePostProcessCombinedPermute1.rematerial' in bundle at '/Users/shiv/Library/Developer/CoreSimulator/Devices/80DBBEEC-A752-43F6-A60E-2419BAE5B77E/data/Containers/Bundle/Application/9B31E6CD-9A51-4AB6-973F-D0B6A590A7C9/Dream Again.app'. Loading via asset path.
2026-09-15 21:31:52.136834+0700 Dream Again[16664:117235] [Assets] Could not resolve material name 'engine:BuiltinRenderGraphResources/AR/arInPlacePostProcessCombinedPermute2.rematerial' in bundle at '/Users/shiv/Library/Developer/CoreSimulator/Devices/80DBBEEC-A752-43F6-A60E-2419BAE5B77E/data/Containers/Bundle/Application/9B31E6CD-9A51-4AB6-973F-D0B6A590A7C9/Dream Again.app'. Loading via asset path.
2026-09-15 21:31:52.136943+0700 Dream Again[16664:117235] [Assets] Could not resolve material name 'engine:BuiltinRenderGraphResources/AR/arInPlacePostProcessCombinedPermute3.rematerial' in bundle at '/Users/shiv/Library/Developer/CoreSimulator/Devices/80DBBEEC-A752-43F6-A60E-2419BAE5B77E/data/Containers/Bundle/Application/9B31E6CD-9A51-4AB6-973F-D0B6A590A7C9/Dream Again.app'. Loading via asset path.
2026-09-15 21:31:52.195527+0700 Dream Again[16664:117235] [Assets] Could not resolve material name 'engine:BuiltinRenderGraphResources/AR/arInPlacePostProcessCombinedPermute4.rematerial' in bundle at '/Users/shiv/Library/Developer/CoreSimulator/Devices/80DBBEEC-A752-43F6-A60E-2419BAE5B77E/data/Containers/Bundle/Application/9B31E6CD-9A51-4AB6-973F-D0B6A590A7C9/Dream Again.app'. Loading via asset path.
2026-09-15 21:31:52.195742+0700 Dream Again[16664:117235] [Assets] Could not resolve material name 'engine:BuiltinRenderGraphResources/AR/arInPlacePostProcessCombinedPermute5.rematerial' in bundle at '/Users/shiv/Library/Developer/CoreSimulator/Devices/80DBBEEC-A752-43F6-A60E-2419BAE5B77E/data/Containers/Bundle/Application/9B31E6CD-9A51-4AB6-973F-D0B6A590A7C9/Dream Again.app'. Loading via asset path.
2026-09-15 21:31:52.196378+0700 Dream Again[16664:117235] [Assets] Could not resolve material name 'engine:BuiltinRenderGraphResources/AR/arInPlacePostProcessCombinedPermute6.rematerial' in bundle at '/Users/shiv/Library/Developer/CoreSimulator/Devices/80DBBEEC-A752-43F6-A60E-2419BAE5B77E/data/Containers/Bundle/Application/9B31E6CD-9A51-4AB6-973F-D0B6A590A7C9/Dream Again.app'. Loading via asset path.
2026-09-15 21:31:52.196534+0700 Dream Again[16664:117235] [Assets] Could not resolve material name 'engine:BuiltinRenderGraphResources/AR/arInPlacePostProcessCombinedPermute7.rematerial' in bundle at '/Users/shiv/Library/Developer/CoreSimulator/Devices/80DBBEEC-A752-43F6-A60E-2419BAE5B77E/data/Containers/Bundle/Application/9B31E6CD-9A51-4AB6-973F-D0B6A590A7C9/Dream Again.app'. Loading via asset path.
2026-09-15 21:31:52.196677+0700 Dream Again[16664:117235] [Assets] Could not resolve material name 'engine:BuiltinRenderGraphResources/AR/arInPlacePostProcessCombinedPermute8.rematerial' in bundle at '/Users/shiv/Library/Developer/CoreSimulator/Devices/80DBBEEC-A752-43F6-A60E-2419BAE5B77E/data/Containers/Bundle/Application/9B31E6CD-9A51-4AB6-973F-D0B6A590A7C9/Dream Again.app'. Loading via asset path.
2026-09-15 21:31:52.198770+0700 Dream Again[16664:117235] [Assets] Could not resolve material name 'engine:BuiltinRenderGraphResources/AR/arInPlacePostProcessCombinedPermute9.rematerial' in bundle at '/Users/shiv/Library/Developer/CoreSimulator/Devices/80DBBEEC-A752-43F6-A60E-2419BAE5B77E/data/Containers/Bundle/Application/9B31E6CD-9A51-4AB6-973F-D0B6A590A7C9/Dream Again.app'. Loading via asset path.
2026-09-15 21:31:52.198924+0700 Dream Again[16664:117235] [Assets] Could not resolve material name 'engine:BuiltinRenderGraphResources/AR/arInPlacePostProcessCombinedPermute10.rematerial' in bundle at '/Users/shiv/Library/Developer/CoreSimulator/Devices/80DBBEEC-A752-43F6-A60E-2419BAE5B77E/data/Containers/Bundle/Application/9B31E6CD-9A51-4AB6-973F-D0B6A590A7C9/Dream Again.app'. Loading via asset path.
2026-09-15 21:31:52.199045+0700 Dream Again[16664:117235] [Assets] Could not resolve material name 'engine:BuiltinRenderGraphResources/AR/arInPlacePostProcessCombinedPermute11.rematerial' in bundle at '/Users/shiv/Library/Developer/CoreSimulator/Devices/80DBBEEC-A752-43F6-A60E-2419BAE5B77E/data/Containers/Bundle/Application/9B31E6CD-9A51-4AB6-973F-D0B6A590A7C9/Dream Again.app'. Loading via asset path.
2026-09-15 21:31:52.199444+0700 Dream Again[16664:117235] [Assets] Could not resolve material name 'engine:BuiltinRenderGraphResources/AR/arInPlacePostProcessCombinedPermute12.rematerial' in bundle at '/Users/shiv/Library/Developer/CoreSimulator/Devices/80DBBEEC-A752-43F6-A60E-2419BAE5B77E/data/Containers/Bundle/Application/9B31E6CD-9A51-4AB6-973F-D0B6A590A7C9/Dream Again.app'. Loading via asset path.
2026-09-15 21:31:52.199600+0700 Dream Again[16664:117235] [Assets] Could not resolve material name 'engine:BuiltinRenderGraphResources/AR/arInPlacePostProcessCombinedPermute13.rematerial' in bundle at '/Users/shiv/Library/Developer/CoreSimulator/Devices/80DBBEEC-A752-43F6-A60E-2419BAE5B77E/data/Containers/Bundle/Application/9B31E6CD-9A51-4AB6-973F-D0B6A590A7C9/Dream Again.app'. Loading via asset path.
2026-09-15 21:31:52.200324+0700 Dream Again[16664:117235] [Assets] Could not resolve material name 'engine:BuiltinRenderGraphResources/AR/arInPlacePostProcessCombinedPermute14.rematerial' in bundle at '/Users/shiv/Library/Developer/CoreSimulator/Devices/80DBBEEC-A752-43F6-A60E-2419BAE5B77E/data/Containers/Bundle/Application/9B31E6CD-9A51-4AB6-973F-D0B6A590A7C9/Dream Again.app'. Loading via asset path.
2026-09-15 21:31:52.200444+0700 Dream Again[16664:117235] [Assets] Could not resolve material name 'engine:BuiltinRenderGraphResources/AR/arInPlacePostProcessCombinedPermute15.rematerial' in bundle at '/Users/shiv/Library/Developer/CoreSimulator/Devices/80DBBEEC-A752-43F6-A60E-2419BAE5B77E/data/Containers/Bundle/Application/9B31E6CD-9A51-4AB6-973F-D0B6A590A7C9/Dream Again.app'. Loading via asset path.
2026-09-15 21:31:54.364794+0700 Dream Again[16664:118379] [STS-N] exiting spatial tracking service update thread because wait returned 37
Test Case '-[Dream_AgainTests.Dream_AgainTests testAllHatsFitBothCharactersWithoutChangingTheRun]' passed (2.690 seconds).
Test Case '-[Dream_AgainTests.Dream_AgainTests testArtPreviewCannotEarnOrPersistRewards]' started.
2026-09-15 21:31:54.481259+0700 Dream Again[16664:117235] [Assets] Could not resolve material name 'engine:BuiltinRenderGraphResources/AR/suFeatheringCreateMergedOcclusionMask.rematerial' in bundle at '/Users/shiv/Library/Developer/CoreSimulator/Devices/80DBBEEC-A752-43F6-A60E-2419BAE5B77E/data/Containers/Bundle/Application/9B31E6CD-9A51-4AB6-973F-D0B6A590A7C9/Dream Again.app'. Loading via asset path.
2026-09-15 21:31:54.481477+0700 Dream Again[16664:117235] [Assets] Could not resolve material name 'engine:BuiltinRenderGraphResources/AR/arKitPassthrough.rematerial' in bundle at '/Users/shiv/Library/Developer/CoreSimulator/Devices/80DBBEEC-A752-43F6-A60E-2419BAE5B77E/data/Containers/Bundle/Application/9B31E6CD-9A51-4AB6-973F-D0B6A590A7C9/Dream Again.app'. Loading via asset path.
2026-09-15 21:31:54.481655+0700 Dream Again[16664:117235] [Assets] Could not resolve material name 'engine:BuiltinRenderGraphResources/AR/arSegmentationComposite.rematerial' in bundle at '/Users/shiv/Library/Developer/CoreSimulator/Devices/80DBBEEC-A752-43F6-A60E-2419BAE5B77E/data/Containers/Bundle/Application/9B31E6CD-9A51-4AB6-973F-D0B6A590A7C9/Dream Again.app'. Loading via asset path.
2026-09-15 21:31:54.481789+0700 Dream Again[16664:117235] [Assets] Could not resolve material name 'engine:BuiltinRenderGraphResources/AR/arInPlacePostProcessCombinedPermute0.rematerial' in bundle at '/Users/shiv/Library/Developer/CoreSimulator/Devices/80DBBEEC-A752-43F6-A60E-2419BAE5B77E/data/Containers/Bundle/Application/9B31E6CD-9A51-4AB6-973F-D0B6A590A7C9/Dream Again.app'. Loading via asset path.
2026-09-15 21:31:54.481904+0700 Dream Again[16664:117235] [Assets] Could not resolve material name 'engine:BuiltinRenderGraphResources/AR/arInPlacePostProcessCombinedPermute1.rematerial' in bundle at '/Users/shiv/Library/Developer/CoreSimulator/Devices/80DBBEEC-A752-43F6-A60E-2419BAE5B77E/data/Containers/Bundle/Application/9B31E6CD-9A51-4AB6-973F-D0B6A590A7C9/Dream Again.app'. Loading via asset path.
2026-09-15 21:31:54.482088+0700 Dream Again[16664:117235] [Assets] Could not resolve material name 'engine:BuiltinRenderGraphResources/AR/arInPlacePostProcessCombinedPermute2.rematerial' in bundle at '/Users/shiv/Library/Developer/CoreSimulator/Devices/80DBBEEC-A752-43F6-A60E-2419BAE5B77E/data/Containers/Bundle/Application/9B31E6CD-9A51-4AB6-973F-D0B6A590A7C9/Dream Again.app'. Loading via asset path.
2026-09-15 21:31:54.482204+0700 Dream Again[16664:117235] [Assets] Could not resolve material name 'engine:BuiltinRenderGraphResources/AR/arInPlacePostProcessCombinedPermute3.rematerial' in bundle at '/Users/shiv/Library/Developer/CoreSimulator/Devices/80DBBEEC-A752-43F6-A60E-2419BAE5B77E/data/Containers/Bundle/Application/9B31E6CD-9A51-4AB6-973F-D0B6A590A7C9/Dream Again.app'. Loading via asset path.
2026-09-15 21:31:54.482332+0700 Dream Again[16664:117235] [Assets] Could not resolve material name 'engine:BuiltinRenderGraphResources/AR/arInPlacePostProcessCombinedPermute4.rematerial' in bundle at '/Users/shiv/Library/Developer/CoreSimulator/Devices/80DBBEEC-A752-43F6-A60E-2419BAE5B77E/data/Containers/Bundle/Application/9B31E6CD-9A51-4AB6-973F-D0B6A590A7C9/Dream Again.app'. Loading via asset path.
2026-09-15 21:31:54.482448+0700 Dream Again[16664:117235] [Assets] Could not resolve material name 'engine:BuiltinRenderGraphResources/AR/arInPlacePostProcessCombinedPermute5.rematerial' in bundle at '/Users/shiv/Library/Developer/CoreSimulator/Devices/80DBBEEC-A752-43F6-A60E-2419BAE5B77E/data/Containers/Bundle/Application/9B31E6CD-9A51-4AB6-973F-D0B6A590A7C9/Dream Again.app'. Loading via asset path.
2026-09-15 21:31:54.482596+0700 Dream Again[16664:117235] [Assets] Could not resolve material name 'engine:BuiltinRenderGraphResources/AR/arInPlacePostProcessCombinedPermute6.rematerial' in bundle at '/Users/shiv/Library/Developer/CoreSimulator/Devices/80DBBEEC-A752-43F6-A60E-2419BAE5B77E/data/Containers/Bundle/Application/9B31E6CD-9A51-4AB6-973F-D0B6A590A7C9/Dream Again.app'. Loading via asset path.
2026-09-15 21:31:54.482715+0700 Dream Again[16664:117235] [Assets] Could not resolve material name 'engine:BuiltinRenderGraphResources/AR/arInPlacePostProcessCombinedPermute7.rematerial' in bundle at '/Users/shiv/Library/Developer/CoreSimulator/Devices/80DBBEEC-A752-43F6-A60E-2419BAE5B77E/data/Containers/Bundle/Application/9B31E6CD-9A51-4AB6-973F-D0B6A590A7C9/Dream Again.app'. Loading via asset path.
2026-09-15 21:31:54.482846+0700 Dream Again[16664:117235] [Assets] Could not resolve material name 'engine:BuiltinRenderGraphResources/AR/arInPlacePostProcessCombinedPermute8.rematerial' in bundle at '/Users/shiv/Library/Developer/CoreSimulator/Devices/80DBBEEC-A752-43F6-A60E-2419BAE5B77E/data/Containers/Bundle/Application/9B31E6CD-9A51-4AB6-973F-D0B6A590A7C9/Dream Again.app'. Loading via asset path.
2026-09-15 21:31:54.483037+0700 Dream Again[16664:117235] [Assets] Could not resolve material name 'engine:BuiltinRenderGraphResources/AR/arInPlacePostProcessCombinedPermute9.rematerial' in bundle at '/Users/shiv/Library/Developer/CoreSimulator/Devices/80DBBEEC-A752-43F6-A60E-2419BAE5B77E/data/Containers/Bundle/Application/9B31E6CD-9A51-4AB6-973F-D0B6A590A7C9/Dream Again.app'. Loading via asset path.
2026-09-15 21:31:54.483211+0700 Dream Again[16664:117235] [Assets] Could not resolve material name 'engine:BuiltinRenderGraphResources/AR/arInPlacePostProcessCombinedPermute10.rematerial' in bundle at '/Users/shiv/Library/Developer/CoreSimulator/Devices/80DBBEEC-A752-43F6-A60E-2419BAE5B77E/data/Containers/Bundle/Application/9B31E6CD-9A51-4AB6-973F-D0B6A590A7C9/Dream Again.app'. Loading via asset path.
2026-09-15 21:31:54.483337+0700 Dream Again[16664:117235] [Assets] Could not resolve material name 'engine:BuiltinRenderGraphResources/AR/arInPlacePostProcessCombinedPermute11.rematerial' in bundle at '/Users/shiv/Library/Developer/CoreSimulator/Devices/80DBBEEC-A752-43F6-A60E-2419BAE5B77E/data/Containers/Bundle/Application/9B31E6CD-9A51-4AB6-973F-D0B6A590A7C9/Dream Again.app'. Loading via asset path.
2026-09-15 21:31:54.483469+0700 Dream Again[16664:117235] [Assets] Could not resolve material name 'engine:BuiltinRenderGraphResources/AR/arInPlacePostProcessCombinedPermute12.rematerial' in bundle at '/Users/shiv/Library/Developer/CoreSimulator/Devices/80DBBEEC-A752-43F6-A60E-2419BAE5B77E/data/Containers/Bundle/Application/9B31E6CD-9A51-4AB6-973F-D0B6A590A7C9/Dream Again.app'. Loading via asset path.
2026-09-15 21:31:54.484970+0700 Dream Again[16664:117235] [Assets] Could not resolve material name 'engine:BuiltinRenderGraphResources/AR/arInPlacePostProcessCombinedPermute13.rematerial' in bundle at '/Users/shiv/Library/Developer/CoreSimulator/Devices/80DBBEEC-A752-43F6-A60E-2419BAE5B77E/data/Containers/Bundle/Application/9B31E6CD-9A51-4AB6-973F-D0B6A590A7C9/Dream Again.app'. Loading via asset path.
2026-09-15 21:31:54.485134+0700 Dream Again[16664:117235] [Assets] Could not resolve material name 'engine:BuiltinRenderGraphResources/AR/arInPlacePostProcessCombinedPermute14.rematerial' in bundle at '/Users/shiv/Library/Developer/CoreSimulator/Devices/80DBBEEC-A752-43F6-A60E-2419BAE5B77E/data/Containers/Bundle/Application/9B31E6CD-9A51-4AB6-973F-D0B6A590A7C9/Dream Again.app'. Loading via asset path.
2026-09-15 21:31:54.485307+0700 Dream Again[16664:117235] [Assets] Could not resolve material name 'engine:BuiltinRenderGraphResources/AR/arInPlacePostProcessCombinedPermute15.rematerial' in bundle at '/Users/shiv/Library/Developer/CoreSimulator/Devices/80DBBEEC-A752-43F6-A60E-2419BAE5B77E/data/Containers/Bundle/Application/9B31E6CD-9A51-4AB6-973F-D0B6A590A7C9/Dream Again.app'. Loading via asset path.
2026-09-15 21:31:56.268903+0700 Dream Again[16664:118470] [STS-N] exiting spatial tracking service update thread because wait returned 37
Test Case '-[Dream_AgainTests.Dream_AgainTests testArtPreviewCannotEarnOrPersistRewards]' passed (1.866 seconds).
Test Case '-[Dream_AgainTests.Dream_AgainTests testBalloonsMoveWithoutRebuildingAndPopEffectsExpire]' started.
2026-09-15 21:31:56.355784+0700 Dream Again[16664:117235] [Assets] Could not resolve material name 'engine:BuiltinRenderGraphResources/AR/suFeatheringCreateMergedOcclusionMask.rematerial' in bundle at '/Users/shiv/Library/Developer/CoreSimulator/Devices/80DBBEEC-A752-43F6-A60E-2419BAE5B77E/data/Containers/Bundle/Application/9B31E6CD-9A51-4AB6-973F-D0B6A590A7C9/Dream Again.app'. Loading via asset path.
2026-09-15 21:31:56.355976+0700 Dream Again[16664:117235] [Assets] Could not resolve material name 'engine:BuiltinRenderGraphResources/AR/arKitPassthrough.rematerial' in bundle at '/Users/shiv/Library/Developer/CoreSimulator/Devices/80DBBEEC-A752-43F6-A60E-2419BAE5B77E/data/Containers/Bundle/Application/9B31E6CD-9A51-4AB6-973F-D0B6A590A7C9/Dream Again.app'. Loading via asset path.
2026-09-15 21:31:56.356163+0700 Dream Again[16664:117235] [Assets] Could not resolve material name 'engine:BuiltinRenderGraphResources/AR/arSegmentationComposite.rematerial' in bundle at '/Users/shiv/Library/Developer/CoreSimulator/Devices/80DBBEEC-A752-43F6-A60E-2419BAE5B77E/data/Containers/Bundle/Application/9B31E6CD-9A51-4AB6-973F-D0B6A590A7C9/Dream Again.app'. Loading via asset path.
2026-09-15 21:31:56.356349+0700 Dream Again[16664:117235] [Assets] Could not resolve material name 'engine:BuiltinRenderGraphResources/AR/arInPlacePostProcessCombinedPermute0.rematerial' in bundle at '/Users/shiv/Library/Developer/CoreSimulator/Devices/80DBBEEC-A752-43F6-A60E-2419BAE5B77E/data/Containers/Bundle/Application/9B31E6CD-9A51-4AB6-973F-D0B6A590A7C9/Dream Again.app'. Loading via asset path.
2026-09-15 21:31:56.356487+0700 Dream Again[16664:117235] [Assets] Could not resolve material name 'engine:BuiltinRenderGraphResources/AR/arInPlacePostProcessCombinedPermute1.rematerial' in bundle at '/Users/shiv/Library/Developer/CoreSimulator/Devices/80DBBEEC-A752-43F6-A60E-2419BAE5B77E/data/Containers/Bundle/Application/9B31E6CD-9A51-4AB6-973F-D0B6A590A7C9/Dream Again.app'. Loading via asset path.
2026-09-15 21:31:56.356619+0700 Dream Again[16664:117235] [Assets] Could not resolve material name 'engine:BuiltinRenderGraphResources/AR/arInPlacePostProcessCombinedPermute2.rematerial' in bundle at '/Users/shiv/Library/Developer/CoreSimulator/Devices/80DBBEEC-A752-43F6-A60E-2419BAE5B77E/data/Containers/Bundle/Application/9B31E6CD-9A51-4AB6-973F-D0B6A590A7C9/Dream Again.app'. Loading via asset path.
2026-09-15 21:31:56.356739+0700 Dream Again[16664:117235] [Assets] Could not resolve material name 'engine:BuiltinRenderGraphResources/AR/arInPlacePostProcessCombinedPermute3.rematerial' in bundle at '/Users/shiv/Library/Developer/CoreSimulator/Devices/80DBBEEC-A752-43F6-A60E-2419BAE5B77E/data/Containers/Bundle/Application/9B31E6CD-9A51-4AB6-973F-D0B6A590A7C9/Dream Again.app'. Loading via asset path.
2026-09-15 21:31:56.356913+0700 Dream Again[16664:117235] [Assets] Could not resolve material name 'engine:BuiltinRenderGraphResources/AR/arInPlacePostProcessCombinedPermute4.rematerial' in bundle at '/Users/shiv/Library/Developer/CoreSimulator/Devices/80DBBEEC-A752-43F6-A60E-2419BAE5B77E/data/Containers/Bundle/Application/9B31E6CD-9A51-4AB6-973F-D0B6A590A7C9/Dream Again.app'. Loading via asset path.
2026-09-15 21:31:56.357031+0700 Dream Again[16664:117235] [Assets] Could not resolve material name 'engine:BuiltinRenderGraphResources/AR/arInPlacePostProcessCombinedPermute5.rematerial' in bundle at '/Users/shiv/Library/Developer/CoreSimulator/Devices/80DBBEEC-A752-43F6-A60E-2419BAE5B77E/data/Containers/Bundle/Application/9B31E6CD-9A51-4AB6-973F-D0B6A590A7C9/Dream Again.app'. Loading via asset path.
2026-09-15 21:31:56.357168+0700 Dream Again[16664:117235] [Assets] Could not resolve material name 'engine:BuiltinRenderGraphResources/AR/arInPlacePostProcessCombinedPermute6.rematerial' in bundle at '/Users/shiv/Library/Developer/CoreSimulator/Devices/80DBBEEC-A752-43F6-A60E-2419BAE5B77E/data/Containers/Bundle/Application/9B31E6CD-9A51-4AB6-973F-D0B6A590A7C9/Dream Again.app'. Loading via asset path.
2026-09-15 21:31:56.357278+0700 Dream Again[16664:117235] [Assets] Could not resolve material name 'engine:BuiltinRenderGraphResources/AR/arInPlacePostProcessCombinedPermute7.rematerial' in bundle at '/Users/shiv/Library/Developer/CoreSimulator/Devices/80DBBEEC-A752-43F6-A60E-2419BAE5B77E/data/Containers/Bundle/Application/9B31E6CD-9A51-4AB6-973F-D0B6A590A7C9/Dream Again.app'. Loading via asset path.
2026-09-15 21:31:56.357410+0700 Dream Again[16664:117235] [Assets] Could not resolve material name 'engine:BuiltinRenderGraphResources/AR/arInPlacePostProcessCombinedPermute8.rematerial' in bundle at '/Users/shiv/Library/Developer/CoreSimulator/Devices/80DBBEEC-A752-43F6-A60E-2419BAE5B77E/data/Containers/Bundle/Application/9B31E6CD-9A51-4AB6-973F-D0B6A590A7C9/Dream Again.app'. Loading via asset path.
2026-09-15 21:31:56.357538+0700 Dream Again[16664:117235] [Assets] Could not resolve material name 'engine:BuiltinRenderGraphResources/AR/arInPlacePostProcessCombinedPermute9.rematerial' in bundle at '/Users/shiv/Library/Developer/CoreSimulator/Devices/80DBBEEC-A752-43F6-A60E-2419BAE5B77E/data/Containers/Bundle/Application/9B31E6CD-9A51-4AB6-973F-D0B6A590A7C9/Dream Again.app'. Loading via asset path.
2026-09-15 21:31:56.357657+0700 Dream Again[16664:117235] [Assets] Could not resolve material name 'engine:BuiltinRenderGraphResources/AR/arInPlacePostProcessCombinedPermute10.rematerial' in bundle at '/Users/shiv/Library/Developer/CoreSimulator/Devices/80DBBEEC-A752-43F6-A60E-2419BAE5B77E/data/Containers/Bundle/Application/9B31E6CD-9A51-4AB6-973F-D0B6A590A7C9/Dream Again.app'. Loading via asset path.
2026-09-15 21:31:56.357764+0700 Dream Again[16664:117235] [Assets] Could not resolve material name 'engine:BuiltinRenderGraphResources/AR/arInPlacePostProcessCombinedPermute11.rematerial' in bundle at '/Users/shiv/Library/Developer/CoreSimulator/Devices/80DBBEEC-A752-43F6-A60E-2419BAE5B77E/data/Containers/Bundle/Application/9B31E6CD-9A51-4AB6-973F-D0B6A590A7C9/Dream Again.app'. Loading via asset path.
2026-09-15 21:31:56.357874+0700 Dream Again[16664:117235] [Assets] Could not resolve material name 'engine:BuiltinRenderGraphResources/AR/arInPlacePostProcessCombinedPermute12.rematerial' in bundle at '/Users/shiv/Library/Developer/CoreSimulator/Devices/80DBBEEC-A752-43F6-A60E-2419BAE5B77E/data/Containers/Bundle/Application/9B31E6CD-9A51-4AB6-973F-D0B6A590A7C9/Dream Again.app'. Loading via asset path.
2026-09-15 21:31:56.358009+0700 Dream Again[16664:117235] [Assets] Could not resolve material name 'engine:BuiltinRenderGraphResources/AR/arInPlacePostProcessCombinedPermute13.rematerial' in bundle at '/Users/shiv/Library/Developer/CoreSimulator/Devices/80DBBEEC-A752-43F6-A60E-2419BAE5B77E/data/Containers/Bundle/Application/9B31E6CD-9A51-4AB6-973F-D0B6A590A7C9/Dream Again.app'. Loading via asset path.
2026-09-15 21:31:56.358981+0700 Dream Again[16664:117235] [Assets] Could not resolve material name 'engine:BuiltinRenderGraphResources/AR/arInPlacePostProcessCombinedPermute14.rematerial' in bundle at '/Users/shiv/Library/Developer/CoreSimulator/Devices/80DBBEEC-A752-43F6-A60E-2419BAE5B77E/data/Containers/Bundle/Application/9B31E6CD-9A51-4AB6-973F-D0B6A590A7C9/Dream Again.app'. Loading via asset path.
2026-09-15 21:31:56.359094+0700 Dream Again[16664:117235] [Assets] Could not resolve material name 'engine:BuiltinRenderGraphResources/AR/arInPlacePostProcessCombinedPermute15.rematerial' in bundle at '/Users/shiv/Library/Developer/CoreSimulator/Devices/80DBBEEC-A752-43F6-A60E-2419BAE5B77E/data/Containers/Bundle/Application/9B31E6CD-9A51-4AB6-973F-D0B6A590A7C9/Dream Again.app'. Loading via asset path.
2026-09-15 21:31:58.474940+0700 Dream Again[16664:118587] [STS-N] exiting spatial tracking service update thread because wait returned 37
Test Case '-[Dream_AgainTests.Dream_AgainTests testBalloonsMoveWithoutRebuildingAndPopEffectsExpire]' passed (2.213 seconds).
Test Case '-[Dream_AgainTests.Dream_AgainTests testCollageRebaseTransitionsAndCPUProfile]' started.
2026-09-15 21:31:58.580126+0700 Dream Again[16664:117235] [Assets] Could not resolve material name 'engine:BuiltinRenderGraphResources/AR/suFeatheringCreateMergedOcclusionMask.rematerial' in bundle at '/Users/shiv/Library/Developer/CoreSimulator/Devices/80DBBEEC-A752-43F6-A60E-2419BAE5B77E/data/Containers/Bundle/Application/9B31E6CD-9A51-4AB6-973F-D0B6A590A7C9/Dream Again.app'. Loading via asset path.
2026-09-15 21:31:58.580587+0700 Dream Again[16664:117235] [Assets] Could not resolve material name 'engine:BuiltinRenderGraphResources/AR/arKitPassthrough.rematerial' in bundle at '/Users/shiv/Library/Developer/CoreSimulator/Devices/80DBBEEC-A752-43F6-A60E-2419BAE5B77E/data/Containers/Bundle/Application/9B31E6CD-9A51-4AB6-973F-D0B6A590A7C9/Dream Again.app'. Loading via asset path.
2026-09-15 21:31:58.580767+0700 Dream Again[16664:117235] [Assets] Could not resolve material name 'engine:BuiltinRenderGraphResources/AR/arSegmentationComposite.rematerial' in bundle at '/Users/shiv/Library/Developer/CoreSimulator/Devices/80DBBEEC-A752-43F6-A60E-2419BAE5B77E/data/Containers/Bundle/Application/9B31E6CD-9A51-4AB6-973F-D0B6A590A7C9/Dream Again.app'. Loading via asset path.
2026-09-15 21:31:58.581139+0700 Dream Again[16664:117235] [Assets] Could not resolve material name 'engine:BuiltinRenderGraphResources/AR/arInPlacePostProcessCombinedPermute0.rematerial' in bundle at '/Users/shiv/Library/Developer/CoreSimulator/Devices/80DBBEEC-A752-43F6-A60E-2419BAE5B77E/data/Containers/Bundle/Application/9B31E6CD-9A51-4AB6-973F-D0B6A590A7C9/Dream Again.app'. Loading via asset path.
2026-09-15 21:31:58.581282+0700 Dream Again[16664:117235] [Assets] Could not resolve material name 'engine:BuiltinRenderGraphResources/AR/arInPlacePostProcessCombinedPermute1.rematerial' in bundle at '/Users/shiv/Library/Developer/CoreSimulator/Devices/80DBBEEC-A752-43F6-A60E-2419BAE5B77E/data/Containers/Bundle/Application/9B31E6CD-9A51-4AB6-973F-D0B6A590A7C9/Dream Again.app'. Loading via asset path.
2026-09-15 21:31:58.581416+0700 Dream Again[16664:117235] [Assets] Could not resolve material name 'engine:BuiltinRenderGraphResources/AR/arInPlacePostProcessCombinedPermute2.rematerial' in bundle at '/Users/shiv/Library/Developer/CoreSimulator/Devices/80DBBEEC-A752-43F6-A60E-2419BAE5B77E/data/Containers/Bundle/Application/9B31E6CD-9A51-4AB6-973F-D0B6A590A7C9/Dream Again.app'. Loading via asset path.
2026-09-15 21:31:58.581528+0700 Dream Again[16664:117235] [Assets] Could not resolve material name 'engine:BuiltinRenderGraphResources/AR/arInPlacePostProcessCombinedPermute3.rematerial' in bundle at '/Users/shiv/Library/Developer/CoreSimulator/Devices/80DBBEEC-A752-43F6-A60E-2419BAE5B77E/data/Containers/Bundle/Application/9B31E6CD-9A51-4AB6-973F-D0B6A590A7C9/Dream Again.app'. Loading via asset path.
2026-09-15 21:31:58.582427+0700 Dream Again[16664:117235] [Assets] Could not resolve material name 'engine:BuiltinRenderGraphResources/AR/arInPlacePostProcessCombinedPermute4.rematerial' in bundle at '/Users/shiv/Library/Developer/CoreSimulator/Devices/80DBBEEC-A752-43F6-A60E-2419BAE5B77E/data/Containers/Bundle/Application/9B31E6CD-9A51-4AB6-973F-D0B6A590A7C9/Dream Again.app'. Loading via asset path.
2026-09-15 21:31:58.582561+0700 Dream Again[16664:117235] [Assets] Could not resolve material name 'engine:BuiltinRenderGraphResources/AR/arInPlacePostProcessCombinedPermute5.rematerial' in bundle at '/Users/shiv/Library/Developer/CoreSimulator/Devices/80DBBEEC-A752-43F6-A60E-2419BAE5B77E/data/Containers/Bundle/Application/9B31E6CD-9A51-4AB6-973F-D0B6A590A7C9/Dream Again.app'. Loading via asset path.
2026-09-15 21:31:58.582683+0700 Dream Again[16664:117235] [Assets] Could not resolve material name 'engine:BuiltinRenderGraphResources/AR/arInPlacePostProcessCombinedPermute6.rematerial' in bundle at '/Users/shiv/Library/Developer/CoreSimulator/Devices/80DBBEEC-A752-43F6-A60E-2419BAE5B77E/data/Containers/Bundle/Application/9B31E6CD-9A51-4AB6-973F-D0B6A590A7C9/Dream Again.app'. Loading via asset path.
2026-09-15 21:31:58.582801+0700 Dream Again[16664:117235] [Assets] Could not resolve material name 'engine:BuiltinRenderGraphResources/AR/arInPlacePostProcessCombinedPermute7.rematerial' in bundle at '/Users/shiv/Library/Developer/CoreSimulator/Devices/80DBBEEC-A752-43F6-A60E-2419BAE5B77E/data/Containers/Bundle/Application/9B31E6CD-9A51-4AB6-973F-D0B6A590A7C9/Dream Again.app'. Loading via asset path.
2026-09-15 21:31:58.582935+0700 Dream Again[16664:117235] [Assets] Could not resolve material name 'engine:BuiltinRenderGraphResources/AR/arInPlacePostProcessCombinedPermute8.rematerial' in bundle at '/Users/shiv/Library/Developer/CoreSimulator/Devices/80DBBEEC-A752-43F6-A60E-2419BAE5B77E/data/Containers/Bundle/Application/9B31E6CD-9A51-4AB6-973F-D0B6A590A7C9/Dream Again.app'. Loading via asset path.
2026-09-15 21:31:58.583049+0700 Dream Again[16664:117235] [Assets] Could not resolve material name 'engine:BuiltinRenderGraphResources/AR/arInPlacePostProcessCombinedPermute9.rematerial' in bundle at '/Users/shiv/Library/Developer/CoreSimulator/Devices/80DBBEEC-A752-43F6-A60E-2419BAE5B77E/data/Containers/Bundle/Application/9B31E6CD-9A51-4AB6-973F-D0B6A590A7C9/Dream Again.app'. Loading via asset path.
2026-09-15 21:31:58.583175+0700 Dream Again[16664:117235] [Assets] Could not resolve material name 'engine:BuiltinRenderGraphResources/AR/arInPlacePostProcessCombinedPermute10.rematerial' in bundle at '/Users/shiv/Library/Developer/CoreSimulator/Devices/80DBBEEC-A752-43F6-A60E-2419BAE5B77E/data/Containers/Bundle/Application/9B31E6CD-9A51-4AB6-973F-D0B6A590A7C9/Dream Again.app'. Loading via asset path.
2026-09-15 21:31:58.583279+0700 Dream Again[16664:117235] [Assets] Could not resolve material name 'engine:BuiltinRenderGraphResources/AR/arInPlacePostProcessCombinedPermute11.rematerial' in bundle at '/Users/shiv/Library/Developer/CoreSimulator/Devices/80DBBEEC-A752-43F6-A60E-2419BAE5B77E/data/Containers/Bundle/Application/9B31E6CD-9A51-4AB6-973F-D0B6A590A7C9/Dream Again.app'. Loading via asset path.
2026-09-15 21:31:58.583381+0700 Dream Again[16664:117235] [Assets] Could not resolve material name 'engine:BuiltinRenderGraphResources/AR/arInPlacePostProcessCombinedPermute12.rematerial' in bundle at '/Users/shiv/Library/Developer/CoreSimulator/Devices/80DBBEEC-A752-43F6-A60E-2419BAE5B77E/data/Containers/Bundle/Application/9B31E6CD-9A51-4AB6-973F-D0B6A590A7C9/Dream Again.app'. Loading via asset path.
2026-09-15 21:31:58.583478+0700 Dream Again[16664:117235] [Assets] Could not resolve material name 'engine:BuiltinRenderGraphResources/AR/arInPlacePostProcessCombinedPermute13.rematerial' in bundle at '/Users/shiv/Library/Developer/CoreSimulator/Devices/80DBBEEC-A752-43F6-A60E-2419BAE5B77E/data/Containers/Bundle/Application/9B31E6CD-9A51-4AB6-973F-D0B6A590A7C9/Dream Again.app'. Loading via asset path.
2026-09-15 21:31:58.583591+0700 Dream Again[16664:117235] [Assets] Could not resolve material name 'engine:BuiltinRenderGraphResources/AR/arInPlacePostProcessCombinedPermute14.rematerial' in bundle at '/Users/shiv/Library/Developer/CoreSimulator/Devices/80DBBEEC-A752-43F6-A60E-2419BAE5B77E/data/Containers/Bundle/Application/9B31E6CD-9A51-4AB6-973F-D0B6A590A7C9/Dream Again.app'. Loading via asset path.
2026-09-15 21:31:58.583707+0700 Dream Again[16664:117235] [Assets] Could not resolve material name 'engine:BuiltinRenderGraphResources/AR/arInPlacePostProcessCombinedPermute15.rematerial' in bundle at '/Users/shiv/Library/Developer/CoreSimulator/Devices/80DBBEEC-A752-43F6-A60E-2419BAE5B77E/data/Containers/Bundle/Application/9B31E6CD-9A51-4AB6-973F-D0B6A590A7C9/Dream Again.app'. Loading via asset path.
2026-09-15 21:31:59.454542+0700 Dream Again[16664:118009] [API] [CAMetalLayer nextDrawable] returning nil because allocation failed.
2026-09-15 21:31:59.468499+0700 Dream Again[16664:118009] [API] [CAMetalLayer nextDrawable] returning nil because allocation failed.
2026-09-15 21:31:59.740716+0700 Dream Again[16664:118009] [API] [CAMetalLayer nextDrawable] returning nil because allocation failed.
2026-09-15 21:31:59.758391+0700 Dream Again[16664:118009] [API] [CAMetalLayer nextDrawable] returning nil because allocation failed.
2026-09-15 21:31:59.775115+0700 Dream Again[16664:118009] [API] [CAMetalLayer nextDrawable] returning nil because allocation failed.
2026-09-15 21:31:59.790594+0700 Dream Again[16664:118009] [API] [CAMetalLayer nextDrawable] returning nil because allocation failed.
2026-09-15 21:31:59.808339+0700 Dream Again[16664:118009] [API] [CAMetalLayer nextDrawable] returning nil because allocation failed.
2026-09-15 21:31:59.823853+0700 Dream Again[16664:118009] [API] [CAMetalLayer nextDrawable] returning nil because allocation failed.
2026-09-15 21:31:59.841758+0700 Dream Again[16664:118009] [API] [CAMetalLayer nextDrawable] returning nil because allocation failed.
2026-09-15 21:31:59.857569+0700 Dream Again[16664:118009] [API] [CAMetalLayer nextDrawable] returning nil because allocation failed.
2026-09-15 21:31:59.875057+0700 Dream Again[16664:118009] [API] [CAMetalLayer nextDrawable] returning nil because allocation failed.
2026-09-15 21:31:59.890094+0700 Dream Again[16664:118009] [API] [CAMetalLayer nextDrawable] returning nil because allocation failed.
2026-09-15 21:31:59.908635+0700 Dream Again[16664:118009] [API] [CAMetalLayer nextDrawable] returning nil because allocation failed.
2026-09-15 21:31:59.923860+0700 Dream Again[16664:118009] [API] [CAMetalLayer nextDrawable] returning nil because allocation failed.
2026-09-15 21:31:59.941196+0700 Dream Again[16664:118009] [API] [CAMetalLayer nextDrawable] returning nil because allocation failed.
2026-09-15 21:31:59.957263+0700 Dream Again[16664:118009] [API] [CAMetalLayer nextDrawable] returning nil because allocation failed.
2026-09-15 21:31:59.974613+0700 Dream Again[16664:118009] [API] [CAMetalLayer nextDrawable] returning nil because allocation failed.
2026-09-15 21:31:59.991670+0700 Dream Again[16664:118009] [API] [CAMetalLayer nextDrawable] returning nil because allocation failed.
2026-09-15 21:32:00.010096+0700 Dream Again[16664:118009] [API] [CAMetalLayer nextDrawable] returning nil because allocation failed.
2026-09-15 21:32:00.026155+0700 Dream Again[16664:118009] [API] [CAMetalLayer nextDrawable] returning nil because allocation failed.
2026-09-15 21:32:00.045470+0700 Dream Again[16664:118009] [API] [CAMetalLayer nextDrawable] returning nil because allocation failed.
2026-09-15 21:32:00.062904+0700 Dream Again[16664:118009] [API] [CAMetalLayer nextDrawable] returning nil because allocation failed.
2026-09-15 21:32:00.079156+0700 Dream Again[16664:118009] [API] [CAMetalLayer nextDrawable] returning nil because allocation failed.
2026-09-15 21:32:00.091600+0700 Dream Again[16664:118009] [API] [CAMetalLayer nextDrawable] returning nil because allocation failed.
2026-09-15 21:32:00.108804+0700 Dream Again[16664:118009] [API] [CAMetalLayer nextDrawable] returning nil because allocation failed.
2026-09-15 21:32:00.124988+0700 Dream Again[16664:118009] [API] [CAMetalLayer nextDrawable] returning nil because allocation failed.
2026-09-15 21:32:00.142156+0700 Dream Again[16664:118009] [API] [CAMetalLayer nextDrawable] returning nil because allocation failed.
2026-09-15 21:32:00.158080+0700 Dream Again[16664:118009] [API] [CAMetalLayer nextDrawable] returning nil because allocation failed.
2026-09-15 21:32:00.177250+0700 Dream Again[16664:118009] [API] [CAMetalLayer nextDrawable] returning nil because allocation failed.
2026-09-15 21:32:00.191382+0700 Dream Again[16664:118009] [API] [CAMetalLayer nextDrawable] returning nil because allocation failed.
2026-09-15 21:32:00.213936+0700 Dream Again[16664:118009] [API] [CAMetalLayer nextDrawable] returning nil because allocation failed.
2026-09-15 21:32:00.224849+0700 Dream Again[16664:118009] [API] [CAMetalLayer nextDrawable] returning nil because allocation failed.
2026-09-15 21:32:00.242401+0700 Dream Again[16664:118009] [API] [CAMetalLayer nextDrawable] returning nil because allocation failed.
2026-09-15 21:32:00.258316+0700 Dream Again[16664:118009] [API] [CAMetalLayer nextDrawable] returning nil because allocation failed.
2026-09-15 21:32:00.277842+0700 Dream Again[16664:118009] [API] [CAMetalLayer nextDrawable] returning nil because allocation failed.
2026-09-15 21:32:00.291208+0700 Dream Again[16664:118009] [API] [CAMetalLayer nextDrawable] returning nil because allocation failed.
2026-09-15 21:32:00.310334+0700 Dream Again[16664:118009] [API] [CAMetalLayer nextDrawable] returning nil because allocation failed.
2026-09-15 21:32:00.324472+0700 Dream Again[16664:118009] [API] [CAMetalLayer nextDrawable] returning nil because allocation failed.
2026-09-15 21:32:00.343356+0700 Dream Again[16664:118009] [API] [CAMetalLayer nextDrawable] returning nil because allocation failed.
2026-09-15 21:32:00.356984+0700 Dream Again[16664:118009] [API] [CAMetalLayer nextDrawable] returning nil because allocation failed.
2026-09-15 21:32:00.376071+0700 Dream Again[16664:118009] [API] [CAMetalLayer nextDrawable] returning nil because allocation failed.
2026-09-15 21:32:00.391630+0700 Dream Again[16664:118009] [API] [CAMetalLayer nextDrawable] returning nil because allocation failed.
2026-09-15 21:32:00.408199+0700 Dream Again[16664:118009] [API] [CAMetalLayer nextDrawable] returning nil because allocation failed.
2026-09-15 21:32:00.424672+0700 Dream Again[16664:118009] [API] [CAMetalLayer nextDrawable] returning nil because allocation failed.
2026-09-15 21:32:00.448068+0700 Dream Again[16664:118009] [API] [CAMetalLayer nextDrawable] returning nil because allocation failed.
2026-09-15 21:32:00.458275+0700 Dream Again[16664:118009] [API] [CAMetalLayer nextDrawable] returning nil because allocation failed.
2026-09-15 21:32:00.476247+0700 Dream Again[16664:118009] [API] [CAMetalLayer nextDrawable] returning nil because allocation failed.
2026-09-15 21:32:00.491464+0700 Dream Again[16664:118009] [API] [CAMetalLayer nextDrawable] returning nil because allocation failed.
2026-09-15 21:32:00.514280+0700 Dream Again[16664:118009] [API] [CAMetalLayer nextDrawable] returning nil because allocation failed.
2026-09-15 21:32:00.528037+0700 Dream Again[16664:118009] [API] [CAMetalLayer nextDrawable] returning nil because allocation failed.
2026-09-15 21:32:00.545105+0700 Dream Again[16664:118009] [API] [CAMetalLayer nextDrawable] returning nil because allocation failed.
2026-09-15 21:32:00.561720+0700 Dream Again[16664:118009] [API] [CAMetalLayer nextDrawable] returning nil because allocation failed.
2026-09-15 21:32:00.577719+0700 Dream Again[16664:118009] [API] [CAMetalLayer nextDrawable] returning nil because allocation failed.
2026-09-15 21:32:00.592188+0700 Dream Again[16664:118009] [API] [CAMetalLayer nextDrawable] returning nil because allocation failed.
2026-09-15 21:32:00.610068+0700 Dream Again[16664:118009] [API] [CAMetalLayer nextDrawable] returning nil because allocation failed.
2026-09-15 21:32:00.644375+0700 Dream Again[16664:118009] [API] [CAMetalLayer nextDrawable] returning nil because allocation failed.
2026-09-15 21:32:00.675300+0700 Dream Again[16664:118009] [API] [CAMetalLayer nextDrawable] returning nil because allocation failed.
2026-09-15 21:32:00.690949+0700 Dream Again[16664:118009] [API] [CAMetalLayer nextDrawable] returning nil because allocation failed.
2026-09-15 21:32:00.710684+0700 Dream Again[16664:118009] [API] [CAMetalLayer nextDrawable] returning nil because allocation failed.
2026-09-15 21:32:00.724215+0700 Dream Again[16664:118009] [API] [CAMetalLayer nextDrawable] returning nil because allocation failed.
2026-09-15 21:32:00.744447+0700 Dream Again[16664:118009] [API] [CAMetalLayer nextDrawable] returning nil because allocation failed.
2026-09-15 21:32:00.759645+0700 Dream Again[16664:118009] [API] [CAMetalLayer nextDrawable] returning nil because allocation failed.
2026-09-15 21:32:00.793477+0700 Dream Again[16664:118009] [API] [CAMetalLayer nextDrawable] returning nil because allocation failed.
2026-09-15 21:32:00.801929+0700 Dream Again[16664:118009] [API] [CAMetalLayer nextDrawable] returning nil because allocation failed.
2026-09-15 21:32:00.814314+0700 Dream Again[16664:118009] [API] [CAMetalLayer nextDrawable] returning nil because allocation failed.
2026-09-15 21:32:00.831143+0700 Dream Again[16664:118009] [API] [CAMetalLayer nextDrawable] returning nil because allocation failed.
2026-09-15 21:32:00.851767+0700 Dream Again[16664:118009] [API] [CAMetalLayer nextDrawable] returning nil because allocation failed.
2026-09-15 21:32:00.860584+0700 Dream Again[16664:118009] [API] [CAMetalLayer nextDrawable] returning nil because allocation failed.
2026-09-15 21:32:00.880779+0700 Dream Again[16664:118009] [API] [CAMetalLayer nextDrawable] returning nil because allocation failed.
2026-09-15 21:32:00.891976+0700 Dream Again[16664:118009] [API] [CAMetalLayer nextDrawable] returning nil because allocation failed.
2026-09-15 21:32:00.909673+0700 Dream Again[16664:118009] [API] [CAMetalLayer nextDrawable] returning nil because allocation failed.
2026-09-15 21:32:00.925422+0700 Dream Again[16664:118009] [API] [CAMetalLayer nextDrawable] returning nil because allocation failed.
2026-09-15 21:32:00.942814+0700 Dream Again[16664:118009] [API] [CAMetalLayer nextDrawable] returning nil because allocation failed.
2026-09-15 21:32:00.959048+0700 Dream Again[16664:118009] [API] [CAMetalLayer nextDrawable] returning nil because allocation failed.
2026-09-15 21:32:00.976598+0700 Dream Again[16664:118009] [API] [CAMetalLayer nextDrawable] returning nil because allocation failed.
2026-09-15 21:32:00.997451+0700 Dream Again[16664:118009] [API] [CAMetalLayer nextDrawable] returning nil because allocation failed.
2026-09-15 21:32:01.031987+0700 Dream Again[16664:118009] [API] [CAMetalLayer nextDrawable] returning nil because allocation failed.
2026-09-15 21:32:01.040532+0700 Dream Again[16664:118009] [API] [CAMetalLayer nextDrawable] returning nil because allocation failed.
2026-09-15 21:32:01.079071+0700 Dream Again[16664:118009] [API] [CAMetalLayer nextDrawable] returning nil because allocation failed.
2026-09-15 21:32:01.090787+0700 Dream Again[16664:118009] [API] [CAMetalLayer nextDrawable] returning nil because allocation failed.
2026-09-15 21:32:01.109068+0700 Dream Again[16664:118009] [API] [CAMetalLayer nextDrawable] returning nil because allocation failed.
2026-09-15 21:32:01.126018+0700 Dream Again[16664:118009] [API] [CAMetalLayer nextDrawable] returning nil because allocation failed.
2026-09-15 21:32:01.143924+0700 Dream Again[16664:118009] [API] [CAMetalLayer nextDrawable] returning nil because allocation failed.
2026-09-15 21:32:01.157590+0700 Dream Again[16664:118009] [API] [CAMetalLayer nextDrawable] returning nil because allocation failed.
2026-09-15 21:32:01.177027+0700 Dream Again[16664:118009] [API] [CAMetalLayer nextDrawable] returning nil because allocation failed.
2026-09-15 21:32:01.324290+0700 Dream Again[16664:118009] [API] [CAMetalLayer nextDrawable] returning nil because allocation failed.
2026-09-15 21:32:01.341252+0700 Dream Again[16664:118009] [API] [CAMetalLayer nextDrawable] returning nil because allocation failed.
2026-09-15 21:32:01.357018+0700 Dream Again[16664:118009] [API] [CAMetalLayer nextDrawable] returning nil because allocation failed.
2026-09-15 21:32:01.375394+0700 Dream Again[16664:118009] [API] [CAMetalLayer nextDrawable] returning nil because allocation failed.
2026-09-15 21:32:01.391377+0700 Dream Again[16664:118009] [API] [CAMetalLayer nextDrawable] returning nil because allocation failed.
2026-09-15 21:32:01.408340+0700 Dream Again[16664:118009] [API] [CAMetalLayer nextDrawable] returning nil because allocation failed.
2026-09-15 21:32:01.423506+0700 Dream Again[16664:118009] [API] [CAMetalLayer nextDrawable] returning nil because allocation failed.
2026-09-15 21:32:01.441040+0700 Dream Again[16664:118009] [API] [CAMetalLayer nextDrawable] returning nil because allocation failed.
2026-09-15 21:32:01.457433+0700 Dream Again[16664:118009] [API] [CAMetalLayer nextDrawable] returning nil because allocation failed.
2026-09-15 21:32:01.475069+0700 Dream Again[16664:118009] [API] [CAMetalLayer nextDrawable] returning nil because allocation failed.
2026-09-15 21:32:01.491387+0700 Dream Again[16664:118009] [API] [CAMetalLayer nextDrawable] returning nil because allocation failed.
2026-09-15 21:32:01.509097+0700 Dream Again[16664:118009] [API] [CAMetalLayer nextDrawable] returning nil because allocation failed.
2026-09-15 21:32:01.524700+0700 Dream Again[16664:118009] [API] [CAMetalLayer nextDrawable] returning nil because allocation failed.
2026-09-15 21:32:01.542597+0700 Dream Again[16664:118009] [API] [CAMetalLayer nextDrawable] returning nil because allocation failed.
2026-09-15 21:32:01.557360+0700 Dream Again[16664:118009] [API] [CAMetalLayer nextDrawable] returning nil because allocation failed.
2026-09-15 21:32:01.576762+0700 Dream Again[16664:118009] [API] [CAMetalLayer nextDrawable] returning nil because allocation failed.
2026-09-15 21:32:01.591647+0700 Dream Again[16664:118009] [API] [CAMetalLayer nextDrawable] returning nil because allocation failed.
2026-09-15 21:32:01.610267+0700 Dream Again[16664:118009] [API] [CAMetalLayer nextDrawable] returning nil because allocation failed.
2026-09-15 21:32:01.624734+0700 Dream Again[16664:118009] [API] [CAMetalLayer nextDrawable] returning nil because allocation failed.
2026-09-15 21:32:01.643411+0700 Dream Again[16664:118009] [API] [CAMetalLayer nextDrawable] returning nil because allocation failed.
2026-09-15 21:32:01.658651+0700 Dream Again[16664:118009] [API] [CAMetalLayer nextDrawable] returning nil because allocation failed.
2026-09-15 21:32:01.677927+0700 Dream Again[16664:118009] [API] [CAMetalLayer nextDrawable] returning nil because allocation failed.
2026-09-15 21:32:01.692087+0700 Dream Again[16664:118009] [API] [CAMetalLayer nextDrawable] returning nil because allocation failed.
2026-09-15 21:32:01.710092+0700 Dream Again[16664:118009] [API] [CAMetalLayer nextDrawable] returning nil because allocation failed.
2026-09-15 21:32:01.726083+0700 Dream Again[16664:118009] [API] [CAMetalLayer nextDrawable] returning nil because allocation failed.
2026-09-15 21:32:01.745782+0700 Dream Again[16664:118009] [API] [CAMetalLayer nextDrawable] returning nil because allocation failed.
2026-09-15 21:32:01.778258+0700 Dream Again[16664:118009] [API] [CAMetalLayer nextDrawable] returning nil because allocation failed.
2026-09-15 21:32:01.835036+0700 Dream Again[16664:118009] [API] [CAMetalLayer nextDrawable] returning nil because allocation failed.
2026-09-15 21:32:01.855872+0700 Dream Again[16664:118009] [API] [CAMetalLayer nextDrawable] returning nil because allocation failed.
2026-09-15 21:32:01.867290+0700 Dream Again[16664:118009] [API] [CAMetalLayer nextDrawable] returning nil because allocation failed.
2026-09-15 21:32:01.876764+0700 Dream Again[16664:118009] [API] [CAMetalLayer nextDrawable] returning nil because allocation failed.
2026-09-15 21:32:01.893090+0700 Dream Again[16664:118009] [API] [CAMetalLayer nextDrawable] returning nil because allocation failed.
2026-09-15 21:32:01.912259+0700 Dream Again[16664:118009] [API] [CAMetalLayer nextDrawable] returning nil because allocation failed.
2026-09-15 21:32:01.925041+0700 Dream Again[16664:118009] [API] [CAMetalLayer nextDrawable] returning nil because allocation failed.
2026-09-15 21:32:01.940430+0700 Dream Again[16664:118009] [API] [CAMetalLayer nextDrawable] returning nil because allocation failed.
2026-09-15 21:32:01.958403+0700 Dream Again[16664:118009] [API] [CAMetalLayer nextDrawable] returning nil because allocation failed.
2026-09-15 21:32:01.973230+0700 Dream Again[16664:118009] [API] [CAMetalLayer nextDrawable] returning nil because allocation failed.
2026-09-15 21:32:01.992170+0700 Dream Again[16664:118009] [API] [CAMetalLayer nextDrawable] returning nil because allocation failed.
2026-09-15 21:32:02.007442+0700 Dream Again[16664:118009] [API] [CAMetalLayer nextDrawable] returning nil because allocation failed.
2026-09-15 21:32:02.025053+0700 Dream Again[16664:118009] [API] [CAMetalLayer nextDrawable] returning nil because allocation failed.
2026-09-15 21:32:02.041774+0700 Dream Again[16664:118009] [API] [CAMetalLayer nextDrawable] returning nil because allocation failed.
2026-09-15 21:32:02.059110+0700 Dream Again[16664:118009] [API] [CAMetalLayer nextDrawable] returning nil because allocation failed.
2026-09-15 21:32:02.074416+0700 Dream Again[16664:118009] [API] [CAMetalLayer nextDrawable] returning nil because allocation failed.
2026-09-15 21:32:02.091247+0700 Dream Again[16664:118009] [API] [CAMetalLayer nextDrawable] returning nil because allocation failed.
2026-09-15 21:32:02.107560+0700 Dream Again[16664:118009] [API] [CAMetalLayer nextDrawable] returning nil because allocation failed.
2026-09-15 21:32:02.124934+0700 Dream Again[16664:118009] [API] [CAMetalLayer nextDrawable] returning nil because allocation failed.
2026-09-15 21:32:02.140917+0700 Dream Again[16664:118009] [API] [CAMetalLayer nextDrawable] returning nil because allocation failed.
2026-09-15 21:32:02.158654+0700 Dream Again[16664:118009] [API] [CAMetalLayer nextDrawable] returning nil because allocation failed.
2026-09-15 21:32:02.174072+0700 Dream Again[16664:118009] [API] [CAMetalLayer nextDrawable] returning nil because allocation failed.
2026-09-15 21:32:02.191519+0700 Dream Again[16664:118009] [API] [CAMetalLayer nextDrawable] returning nil because allocation failed.
2026-09-15 21:32:02.207186+0700 Dream Again[16664:118009] [API] [CAMetalLayer nextDrawable] returning nil because allocation failed.
2026-09-15 21:32:02.225675+0700 Dream Again[16664:118009] [API] [CAMetalLayer nextDrawable] returning nil because allocation failed.
2026-09-15 21:32:02.240904+0700 Dream Again[16664:118009] [API] [CAMetalLayer nextDrawable] returning nil because allocation failed.
2026-09-15 21:32:02.258043+0700 Dream Again[16664:118009] [API] [CAMetalLayer nextDrawable] returning nil because allocation failed.
2026-09-15 21:32:02.274186+0700 Dream Again[16664:118009] [API] [CAMetalLayer nextDrawable] returning nil because allocation failed.
2026-09-15 21:32:02.292520+0700 Dream Again[16664:118009] [API] [CAMetalLayer nextDrawable] returning nil because allocation failed.
2026-09-15 21:32:02.307878+0700 Dream Again[16664:118009] [API] [CAMetalLayer nextDrawable] returning nil because allocation failed.
2026-09-15 21:32:02.325944+0700 Dream Again[16664:118009] [API] [CAMetalLayer nextDrawable] returning nil because allocation failed.
2026-09-15 21:32:02.340988+0700 Dream Again[16664:118009] [API] [CAMetalLayer nextDrawable] returning nil because allocation failed.
2026-09-15 21:32:02.358999+0700 Dream Again[16664:118009] [API] [CAMetalLayer nextDrawable] returning nil because allocation failed.
2026-09-15 21:32:02.374486+0700 Dream Again[16664:118009] [API] [CAMetalLayer nextDrawable] returning nil because allocation failed.
2026-09-15 21:32:02.400549+0700 Dream Again[16664:118009] [API] [CAMetalLayer nextDrawable] returning nil because allocation failed.
2026-09-15 21:32:02.409414+0700 Dream Again[16664:118009] [API] [CAMetalLayer nextDrawable] returning nil because allocation failed.
2026-09-15 21:32:02.425515+0700 Dream Again[16664:118009] [API] [CAMetalLayer nextDrawable] returning nil because allocation failed.
2026-09-15 21:32:02.441329+0700 Dream Again[16664:118009] [API] [CAMetalLayer nextDrawable] returning nil because allocation failed.
2026-09-15 21:32:02.459497+0700 Dream Again[16664:118009] [API] [CAMetalLayer nextDrawable] returning nil because allocation failed.
2026-09-15 21:32:02.474638+0700 Dream Again[16664:118009] [API] [CAMetalLayer nextDrawable] returning nil because allocation failed.
2026-09-15 21:32:02.492428+0700 Dream Again[16664:118009] [API] [CAMetalLayer nextDrawable] returning nil because allocation failed.
2026-09-15 21:32:02.507568+0700 Dream Again[16664:118009] [API] [CAMetalLayer nextDrawable] returning nil because allocation failed.
2026-09-15 21:32:02.526693+0700 Dream Again[16664:118009] [API] [CAMetalLayer nextDrawable] returning nil because allocation failed.
2026-09-15 21:32:02.541207+0700 Dream Again[16664:118009] [API] [CAMetalLayer nextDrawable] returning nil because allocation failed.
2026-09-15 21:32:02.562298+0700 Dream Again[16664:118009] [API] [CAMetalLayer nextDrawable] returning nil because allocation failed.
2026-09-15 21:32:02.573923+0700 Dream Again[16664:118009] [API] [CAMetalLayer nextDrawable] returning nil because allocation failed.
2026-09-15 21:32:02.591125+0700 Dream Again[16664:118009] [API] [CAMetalLayer nextDrawable] returning nil because allocation failed.
2026-09-15 21:32:02.607489+0700 Dream Again[16664:118009] [API] [CAMetalLayer nextDrawable] returning nil because allocation failed.
2026-09-15 21:32:02.626182+0700 Dream Again[16664:118009] [API] [CAMetalLayer nextDrawable] returning nil because allocation failed.
2026-09-15 21:32:02.640871+0700 Dream Again[16664:118009] [API] [CAMetalLayer nextDrawable] returning nil because allocation failed.
2026-09-15 21:32:02.658925+0700 Dream Again[16664:118009] [API] [CAMetalLayer nextDrawable] returning nil because allocation failed.
2026-09-15 21:32:02.673350+0700 Dream Again[16664:118009] [API] [CAMetalLayer nextDrawable] returning nil because allocation failed.
2026-09-15 21:32:02.691257+0700 Dream Again[16664:118009] [API] [CAMetalLayer nextDrawable] returning nil because allocation failed.
2026-09-15 21:32:02.707222+0700 Dream Again[16664:118009] [API] [CAMetalLayer nextDrawable] returning nil because allocation failed.
2026-09-15 21:32:02.725464+0700 Dream Again[16664:118009] [API] [CAMetalLayer nextDrawable] returning nil because allocation failed.
2026-09-15 21:32:02.744230+0700 Dream Again[16664:118009] [API] [CAMetalLayer nextDrawable] returning nil because allocation failed.
2026-09-15 21:32:02.757960+0700 Dream Again[16664:118009] [API] [CAMetalLayer nextDrawable] returning nil because allocation failed.
2026-09-15 21:32:02.773872+0700 Dream Again[16664:118009] [API] [CAMetalLayer nextDrawable] returning nil because allocation failed.
2026-09-15 21:32:02.791844+0700 Dream Again[16664:118009] [API] [CAMetalLayer nextDrawable] returning nil because allocation failed.
2026-09-15 21:32:02.807309+0700 Dream Again[16664:118009] [API] [CAMetalLayer nextDrawable] returning nil because allocation failed.
2026-09-15 21:32:02.825461+0700 Dream Again[16664:118009] [API] [CAMetalLayer nextDrawable] returning nil because allocation failed.
2026-09-15 21:32:02.839960+0700 Dream Again[16664:118009] [API] [CAMetalLayer nextDrawable] returning nil because allocation failed.
2026-09-15 21:32:02.859370+0700 Dream Again[16664:118009] [API] [CAMetalLayer nextDrawable] returning nil because allocation failed.
2026-09-15 21:32:02.873795+0700 Dream Again[16664:118009] [API] [CAMetalLayer nextDrawable] returning nil because allocation failed.
2026-09-15 21:32:03.071651+0700 Dream Again[16664:118009] [API] [CAMetalLayer nextDrawable] returning nil because allocation failed.
2026-09-15 21:32:03.289718+0700 Dream Again[16664:118009] [API] [CAMetalLayer nextDrawable] returning nil because allocation failed.
2026-09-15 21:32:03.308226+0700 Dream Again[16664:118009] [API] [CAMetalLayer nextDrawable] returning nil because allocation failed.
2026-09-15 21:32:03.323415+0700 Dream Again[16664:118009] [API] [CAMetalLayer nextDrawable] returning nil because allocation failed.
2026-09-15 21:32:03.340821+0700 Dream Again[16664:118009] [API] [CAMetalLayer nextDrawable] returning nil because allocation failed.
2026-09-15 21:32:03.356864+0700 Dream Again[16664:118009] [API] [CAMetalLayer nextDrawable] returning nil because allocation failed.
2026-09-15 21:32:03.374228+0700 Dream Again[16664:118009] [API] [CAMetalLayer nextDrawable] returning nil because allocation failed.
2026-09-15 21:32:03.390118+0700 Dream Again[16664:118009] [API] [CAMetalLayer nextDrawable] returning nil because allocation failed.
2026-09-15 21:32:03.407541+0700 Dream Again[16664:118009] [API] [CAMetalLayer nextDrawable] returning nil because allocation failed.
2026-09-15 21:32:19.919773+0700 Dream Again[16664:117890] [AMCP]          HALC_ProxyIOContext.cpp:1623  HALC_ProxyIOContext::IOWorkLoop: skipping cycle due to overload
DREAM_RENDER_CPU samples=660 median_ms=0.7230043411254883 p95_ms=0.8469820022583008 max_ms=88.96303176879883 entities=256 cards=16
2026-09-15 21:32:41.313055+0700 Dream Again[16664:118759] [STS-N] exiting spatial tracking service update thread because wait returned 37
Test Case '-[Dream_AgainTests.Dream_AgainTests testCollageRebaseTransitionsAndCPUProfile]' passed (42.977 seconds).
Test Case '-[Dream_AgainTests.Dream_AgainTests testCollageReviewClearsInitialGapsAndCannotEarn]' started.
2026-09-15 21:32:41.923555+0700 Dream Again[16664:117235] [Assets] Could not resolve material name 'engine:BuiltinRenderGraphResources/AR/suFeatheringCreateMergedOcclusionMask.rematerial' in bundle at '/Users/shiv/Library/Developer/CoreSimulator/Devices/80DBBEEC-A752-43F6-A60E-2419BAE5B77E/data/Containers/Bundle/Application/9B31E6CD-9A51-4AB6-973F-D0B6A590A7C9/Dream Again.app'. Loading via asset path.
2026-09-15 21:32:41.924124+0700 Dream Again[16664:117235] [Assets] Could not resolve material name 'engine:BuiltinRenderGraphResources/AR/arKitPassthrough.rematerial' in bundle at '/Users/shiv/Library/Developer/CoreSimulator/Devices/80DBBEEC-A752-43F6-A60E-2419BAE5B77E/data/Containers/Bundle/Application/9B31E6CD-9A51-4AB6-973F-D0B6A590A7C9/Dream Again.app'. Loading via asset path.
2026-09-15 21:32:41.924307+0700 Dream Again[16664:117235] [Assets] Could not resolve material name 'engine:BuiltinRenderGraphResources/AR/arSegmentationComposite.rematerial' in bundle at '/Users/shiv/Library/Developer/CoreSimulator/Devices/80DBBEEC-A752-43F6-A60E-2419BAE5B77E/data/Containers/Bundle/Application/9B31E6CD-9A51-4AB6-973F-D0B6A590A7C9/Dream Again.app'. Loading via asset path.
2026-09-15 21:32:41.924586+0700 Dream Again[16664:117235] [Assets] Could not resolve material name 'engine:BuiltinRenderGraphResources/AR/arInPlacePostProcessCombinedPermute0.rematerial' in bundle at '/Users/shiv/Library/Developer/CoreSimulator/Devices/80DBBEEC-A752-43F6-A60E-2419BAE5B77E/data/Containers/Bundle/Application/9B31E6CD-9A51-4AB6-973F-D0B6A590A7C9/Dream Again.app'. Loading via asset path.
2026-09-15 21:32:41.924824+0700 Dream Again[16664:117235] [Assets] Could not resolve material name 'engine:BuiltinRenderGraphResources/AR/arInPlacePostProcessCombinedPermute1.rematerial' in bundle at '/Users/shiv/Library/Developer/CoreSimulator/Devices/80DBBEEC-A752-43F6-A60E-2419BAE5B77E/data/Containers/Bundle/Application/9B31E6CD-9A51-4AB6-973F-D0B6A590A7C9/Dream Again.app'. Loading via asset path.
2026-09-15 21:32:41.925005+0700 Dream Again[16664:117235] [Assets] Could not resolve material name 'engine:BuiltinRenderGraphResources/AR/arInPlacePostProcessCombinedPermute2.rematerial' in bundle at '/Users/shiv/Library/Developer/CoreSimulator/Devices/80DBBEEC-A752-43F6-A60E-2419BAE5B77E/data/Containers/Bundle/Application/9B31E6CD-9A51-4AB6-973F-D0B6A590A7C9/Dream Again.app'. Loading via asset path.
2026-09-15 21:32:41.925327+0700 Dream Again[16664:117235] [Assets] Could not resolve material name 'engine:BuiltinRenderGraphResources/AR/arInPlacePostProcessCombinedPermute3.rematerial' in bundle at '/Users/shiv/Library/Developer/CoreSimulator/Devices/80DBBEEC-A752-43F6-A60E-2419BAE5B77E/data/Containers/Bundle/Application/9B31E6CD-9A51-4AB6-973F-D0B6A590A7C9/Dream Again.app'. Loading via asset path.
2026-09-15 21:32:41.925496+0700 Dream Again[16664:117235] [Assets] Could not resolve material name 'engine:BuiltinRenderGraphResources/AR/arInPlacePostProcessCombinedPermute4.rematerial' in bundle at '/Users/shiv/Library/Developer/CoreSimulator/Devices/80DBBEEC-A752-43F6-A60E-2419BAE5B77E/data/Containers/Bundle/Application/9B31E6CD-9A51-4AB6-973F-D0B6A590A7C9/Dream Again.app'. Loading via asset path.
2026-09-15 21:32:41.925655+0700 Dream Again[16664:117235] [Assets] Could not resolve material name 'engine:BuiltinRenderGraphResources/AR/arInPlacePostProcessCombinedPermute5.rematerial' in bundle at '/Users/shiv/Library/Developer/CoreSimulator/Devices/80DBBEEC-A752-43F6-A60E-2419BAE5B77E/data/Containers/Bundle/Application/9B31E6CD-9A51-4AB6-973F-D0B6A590A7C9/Dream Again.app'. Loading via asset path.
2026-09-15 21:32:41.925812+0700 Dream Again[16664:117235] [Assets] Could not resolve material name 'engine:BuiltinRenderGraphResources/AR/arInPlacePostProcessCombinedPermute6.rematerial' in bundle at '/Users/shiv/Library/Developer/CoreSimulator/Devices/80DBBEEC-A752-43F6-A60E-2419BAE5B77E/data/Containers/Bundle/Application/9B31E6CD-9A51-4AB6-973F-D0B6A590A7C9/Dream Again.app'. Loading via asset path.
2026-09-15 21:32:41.925975+0700 Dream Again[16664:117235] [Assets] Could not resolve material name 'engine:BuiltinRenderGraphResources/AR/arInPlacePostProcessCombinedPermute7.rematerial' in bundle at '/Users/shiv/Library/Developer/CoreSimulator/Devices/80DBBEEC-A752-43F6-A60E-2419BAE5B77E/data/Containers/Bundle/Application/9B31E6CD-9A51-4AB6-973F-D0B6A590A7C9/Dream Again.app'. Loading via asset path.
2026-09-15 21:32:41.926133+0700 Dream Again[16664:117235] [Assets] Could not resolve material name 'engine:BuiltinRenderGraphResources/AR/arInPlacePostProcessCombinedPermute8.rematerial' in bundle at '/Users/shiv/Library/Developer/CoreSimulator/Devices/80DBBEEC-A752-43F6-A60E-2419BAE5B77E/data/Containers/Bundle/Application/9B31E6CD-9A51-4AB6-973F-D0B6A590A7C9/Dream Again.app'. Loading via asset path.
2026-09-15 21:32:41.926276+0700 Dream Again[16664:117235] [Assets] Could not resolve material name 'engine:BuiltinRenderGraphResources/AR/arInPlacePostProcessCombinedPermute9.rematerial' in bundle at '/Users/shiv/Library/Developer/CoreSimulator/Devices/80DBBEEC-A752-43F6-A60E-2419BAE5B77E/data/Containers/Bundle/Application/9B31E6CD-9A51-4AB6-973F-D0B6A590A7C9/Dream Again.app'. Loading via asset path.
2026-09-15 21:32:41.926459+0700 Dream Again[16664:117235] [Assets] Could not resolve material name 'engine:BuiltinRenderGraphResources/AR/arInPlacePostProcessCombinedPermute10.rematerial' in bundle at '/Users/shiv/Library/Developer/CoreSimulator/Devices/80DBBEEC-A752-43F6-A60E-2419BAE5B77E/data/Containers/Bundle/Application/9B31E6CD-9A51-4AB6-973F-D0B6A590A7C9/Dream Again.app'. Loading via asset path.
2026-09-15 21:32:41.926606+0700 Dream Again[16664:117235] [Assets] Could not resolve material name 'engine:BuiltinRenderGraphResources/AR/arInPlacePostProcessCombinedPermute11.rematerial' in bundle at '/Users/shiv/Library/Developer/CoreSimulator/Devices/80DBBEEC-A752-43F6-A60E-2419BAE5B77E/data/Containers/Bundle/Application/9B31E6CD-9A51-4AB6-973F-D0B6A590A7C9/Dream Again.app'. Loading via asset path.
2026-09-15 21:32:41.926752+0700 Dream Again[16664:117235] [Assets] Could not resolve material name 'engine:BuiltinRenderGraphResources/AR/arInPlacePostProcessCombinedPermute12.rematerial' in bundle at '/Users/shiv/Library/Developer/CoreSimulator/Devices/80DBBEEC-A752-43F6-A60E-2419BAE5B77E/data/Containers/Bundle/Application/9B31E6CD-9A51-4AB6-973F-D0B6A590A7C9/Dream Again.app'. Loading via asset path.
2026-09-15 21:32:41.926911+0700 Dream Again[16664:117235] [Assets] Could not resolve material name 'engine:BuiltinRenderGraphResources/AR/arInPlacePostProcessCombinedPermute13.rematerial' in bundle at '/Users/shiv/Library/Developer/CoreSimulator/Devices/80DBBEEC-A752-43F6-A60E-2419BAE5B77E/data/Containers/Bundle/Application/9B31E6CD-9A51-4AB6-973F-D0B6A590A7C9/Dream Again.app'. Loading via asset path.
2026-09-15 21:32:41.927059+0700 Dream Again[16664:117235] [Assets] Could not resolve material name 'engine:BuiltinRenderGraphResources/AR/arInPlacePostProcessCombinedPermute14.rematerial' in bundle at '/Users/shiv/Library/Developer/CoreSimulator/Devices/80DBBEEC-A752-43F6-A60E-2419BAE5B77E/data/Containers/Bundle/Application/9B31E6CD-9A51-4AB6-973F-D0B6A590A7C9/Dream Again.app'. Loading via asset path.
2026-09-15 21:32:41.927203+0700 Dream Again[16664:117235] [Assets] Could not resolve material name 'engine:BuiltinRenderGraphResources/AR/arInPlacePostProcessCombinedPermute15.rematerial' in bundle at '/Users/shiv/Library/Developer/CoreSimulator/Devices/80DBBEEC-A752-43F6-A60E-2419BAE5B77E/data/Containers/Bundle/Application/9B31E6CD-9A51-4AB6-973F-D0B6A590A7C9/Dream Again.app'. Loading via asset path.
2026-09-15 21:32:43.154401+0700 Dream Again[16664:120477] [STS-N] exiting spatial tracking service update thread because wait returned 37
Test Case '-[Dream_AgainTests.Dream_AgainTests testCollageReviewClearsInitialGapsAndCannotEarn]' passed (1.686 seconds).
Test Case '-[Dream_AgainTests.Dream_AgainTests testCollageSelectionIsDeterministicAndPresentationOnly]' started.
Test Case '-[Dream_AgainTests.Dream_AgainTests testCollageSelectionIsDeterministicAndPresentationOnly]' passed (0.001 seconds).
Test Case '-[Dream_AgainTests.Dream_AgainTests testCoreIdentityInApp]' started.
Test Case '-[Dream_AgainTests.Dream_AgainTests testCoreIdentityInApp]' passed (0.002 seconds).
Test Case '-[Dream_AgainTests.Dream_AgainTests testCuratedPlateCacheRemainsBoundedAndPreservesAspect]' started.
2026-09-15 21:32:43.210213+0700 Dream Again[16664:117235] [Assets] Could not resolve material name 'engine:BuiltinRenderGraphResources/AR/suFeatheringCreateMergedOcclusionMask.rematerial' in bundle at '/Users/shiv/Library/Developer/CoreSimulator/Devices/80DBBEEC-A752-43F6-A60E-2419BAE5B77E/data/Containers/Bundle/Application/9B31E6CD-9A51-4AB6-973F-D0B6A590A7C9/Dream Again.app'. Loading via asset path.
2026-09-15 21:32:43.210325+0700 Dream Again[16664:117235] [Assets] Could not resolve material name 'engine:BuiltinRenderGraphResources/AR/arKitPassthrough.rematerial' in bundle at '/Users/shiv/Library/Developer/CoreSimulator/Devices/80DBBEEC-A752-43F6-A60E-2419BAE5B77E/data/Containers/Bundle/Application/9B31E6CD-9A51-4AB6-973F-D0B6A590A7C9/Dream Again.app'. Loading via asset path.
2026-09-15 21:32:43.210422+0700 Dream Again[16664:117235] [Assets] Could not resolve material name 'engine:BuiltinRenderGraphResources/AR/arSegmentationComposite.rematerial' in bundle at '/Users/shiv/Library/Developer/CoreSimulator/Devices/80DBBEEC-A752-43F6-A60E-2419BAE5B77E/data/Containers/Bundle/Application/9B31E6CD-9A51-4AB6-973F-D0B6A590A7C9/Dream Again.app'. Loading via asset path.
2026-09-15 21:32:43.210494+0700 Dream Again[16664:117235] [Assets] Could not resolve material name 'engine:BuiltinRenderGraphResources/AR/arInPlacePostProcessCombinedPermute0.rematerial' in bundle at '/Users/shiv/Library/Developer/CoreSimulator/Devices/80DBBEEC-A752-43F6-A60E-2419BAE5B77E/data/Containers/Bundle/Application/9B31E6CD-9A51-4AB6-973F-D0B6A590A7C9/Dream Again.app'. Loading via asset path.
2026-09-15 21:32:43.210693+0700 Dream Again[16664:117235] [Assets] Could not resolve material name 'engine:BuiltinRenderGraphResources/AR/arInPlacePostProcessCombinedPermute1.rematerial' in bundle at '/Users/shiv/Library/Developer/CoreSimulator/Devices/80DBBEEC-A752-43F6-A60E-2419BAE5B77E/data/Containers/Bundle/Application/9B31E6CD-9A51-4AB6-973F-D0B6A590A7C9/Dream Again.app'. Loading via asset path.
2026-09-15 21:32:43.210771+0700 Dream Again[16664:117235] [Assets] Could not resolve material name 'engine:BuiltinRenderGraphResources/AR/arInPlacePostProcessCombinedPermute2.rematerial' in bundle at '/Users/shiv/Library/Developer/CoreSimulator/Devices/80DBBEEC-A752-43F6-A60E-2419BAE5B77E/data/Containers/Bundle/Application/9B31E6CD-9A51-4AB6-973F-D0B6A590A7C9/Dream Again.app'. Loading via asset path.
2026-09-15 21:32:43.210832+0700 Dream Again[16664:117235] [Assets] Could not resolve material name 'engine:BuiltinRenderGraphResources/AR/arInPlacePostProcessCombinedPermute3.rematerial' in bundle at '/Users/shiv/Library/Developer/CoreSimulator/Devices/80DBBEEC-A752-43F6-A60E-2419BAE5B77E/data/Containers/Bundle/Application/9B31E6CD-9A51-4AB6-973F-D0B6A590A7C9/Dream Again.app'. Loading via asset path.
2026-09-15 21:32:43.210901+0700 Dream Again[16664:117235] [Assets] Could not resolve material name 'engine:BuiltinRenderGraphResources/AR/arInPlacePostProcessCombinedPermute4.rematerial' in bundle at '/Users/shiv/Library/Developer/CoreSimulator/Devices/80DBBEEC-A752-43F6-A60E-2419BAE5B77E/data/Containers/Bundle/Application/9B31E6CD-9A51-4AB6-973F-D0B6A590A7C9/Dream Again.app'. Loading via asset path.
2026-09-15 21:32:43.210958+0700 Dream Again[16664:117235] [Assets] Could not resolve material name 'engine:BuiltinRenderGraphResources/AR/arInPlacePostProcessCombinedPermute5.rematerial' in bundle at '/Users/shiv/Library/Developer/CoreSimulator/Devices/80DBBEEC-A752-43F6-A60E-2419BAE5B77E/data/Containers/Bundle/Application/9B31E6CD-9A51-4AB6-973F-D0B6A590A7C9/Dream Again.app'. Loading via asset path.
2026-09-15 21:32:43.211548+0700 Dream Again[16664:117235] [Assets] Could not resolve material name 'engine:BuiltinRenderGraphResources/AR/arInPlacePostProcessCombinedPermute6.rematerial' in bundle at '/Users/shiv/Library/Developer/CoreSimulator/Devices/80DBBEEC-A752-43F6-A60E-2419BAE5B77E/data/Containers/Bundle/Application/9B31E6CD-9A51-4AB6-973F-D0B6A590A7C9/Dream Again.app'. Loading via asset path.
2026-09-15 21:32:43.211603+0700 Dream Again[16664:117235] [Assets] Could not resolve material name 'engine:BuiltinRenderGraphResources/AR/arInPlacePostProcessCombinedPermute7.rematerial' in bundle at '/Users/shiv/Library/Developer/CoreSimulator/Devices/80DBBEEC-A752-43F6-A60E-2419BAE5B77E/data/Containers/Bundle/Application/9B31E6CD-9A51-4AB6-973F-D0B6A590A7C9/Dream Again.app'. Loading via asset path.
2026-09-15 21:32:43.211656+0700 Dream Again[16664:117235] [Assets] Could not resolve material name 'engine:BuiltinRenderGraphResources/AR/arInPlacePostProcessCombinedPermute8.rematerial' in bundle at '/Users/shiv/Library/Developer/CoreSimulator/Devices/80DBBEEC-A752-43F6-A60E-2419BAE5B77E/data/Containers/Bundle/Application/9B31E6CD-9A51-4AB6-973F-D0B6A590A7C9/Dream Again.app'. Loading via asset path.
2026-09-15 21:32:43.211850+0700 Dream Again[16664:117235] [Assets] Could not resolve material name 'engine:BuiltinRenderGraphResources/AR/arInPlacePostProcessCombinedPermute9.rematerial' in bundle at '/Users/shiv/Library/Developer/CoreSimulator/Devices/80DBBEEC-A752-43F6-A60E-2419BAE5B77E/data/Containers/Bundle/Application/9B31E6CD-9A51-4AB6-973F-D0B6A590A7C9/Dream Again.app'. Loading via asset path.
2026-09-15 21:32:43.211917+0700 Dream Again[16664:117235] [Assets] Could not resolve material name 'engine:BuiltinRenderGraphResources/AR/arInPlacePostProcessCombinedPermute10.rematerial' in bundle at '/Users/shiv/Library/Developer/CoreSimulator/Devices/80DBBEEC-A752-43F6-A60E-2419BAE5B77E/data/Containers/Bundle/Application/9B31E6CD-9A51-4AB6-973F-D0B6A590A7C9/Dream Again.app'. Loading via asset path.
2026-09-15 21:32:43.213034+0700 Dream Again[16664:117235] [Assets] Could not resolve material name 'engine:BuiltinRenderGraphResources/AR/arInPlacePostProcessCombinedPermute11.rematerial' in bundle at '/Users/shiv/Library/Developer/CoreSimulator/Devices/80DBBEEC-A752-43F6-A60E-2419BAE5B77E/data/Containers/Bundle/Application/9B31E6CD-9A51-4AB6-973F-D0B6A590A7C9/Dream Again.app'. Loading via asset path.
2026-09-15 21:32:43.213125+0700 Dream Again[16664:117235] [Assets] Could not resolve material name 'engine:BuiltinRenderGraphResources/AR/arInPlacePostProcessCombinedPermute12.rematerial' in bundle at '/Users/shiv/Library/Developer/CoreSimulator/Devices/80DBBEEC-A752-43F6-A60E-2419BAE5B77E/data/Containers/Bundle/Application/9B31E6CD-9A51-4AB6-973F-D0B6A590A7C9/Dream Again.app'. Loading via asset path.
2026-09-15 21:32:43.213194+0700 Dream Again[16664:117235] [Assets] Could not resolve material name 'engine:BuiltinRenderGraphResources/AR/arInPlacePostProcessCombinedPermute13.rematerial' in bundle at '/Users/shiv/Library/Developer/CoreSimulator/Devices/80DBBEEC-A752-43F6-A60E-2419BAE5B77E/data/Containers/Bundle/Application/9B31E6CD-9A51-4AB6-973F-D0B6A590A7C9/Dream Again.app'. Loading via asset path.
2026-09-15 21:32:43.213325+0700 Dream Again[16664:117235] [Assets] Could not resolve material name 'engine:BuiltinRenderGraphResources/AR/arInPlacePostProcessCombinedPermute14.rematerial' in bundle at '/Users/shiv/Library/Developer/CoreSimulator/Devices/80DBBEEC-A752-43F6-A60E-2419BAE5B77E/data/Containers/Bundle/Application/9B31E6CD-9A51-4AB6-973F-D0B6A590A7C9/Dream Again.app'. Loading via asset path.
2026-09-15 21:32:43.213390+0700 Dream Again[16664:117235] [Assets] Could not resolve material name 'engine:BuiltinRenderGraphResources/AR/arInPlacePostProcessCombinedPermute15.rematerial' in bundle at '/Users/shiv/Library/Developer/CoreSimulator/Devices/80DBBEEC-A752-43F6-A60E-2419BAE5B77E/data/Containers/Bundle/Application/9B31E6CD-9A51-4AB6-973F-D0B6A590A7C9/Dream Again.app'. Loading via asset path.
2026-09-15 21:32:44.683277+0700 Dream Again[16664:118009] [API] [CAMetalLayer nextDrawable] returning nil because allocation failed.
2026-09-15 21:32:44.752628+0700 Dream Again[16664:118009] [API] [CAMetalLayer nextDrawable] returning nil because allocation failed.
2026-09-15 21:32:45.058004+0700 Dream Again[16664:118009] [API] [CAMetalLayer nextDrawable] returning nil because allocation failed.
2026-09-15 21:32:45.074377+0700 Dream Again[16664:118009] [API] [CAMetalLayer nextDrawable] returning nil because allocation failed.
2026-09-15 21:32:45.090854+0700 Dream Again[16664:118009] [API] [CAMetalLayer nextDrawable] returning nil because allocation failed.
2026-09-15 21:32:45.106505+0700 Dream Again[16664:118009] [API] [CAMetalLayer nextDrawable] returning nil because allocation failed.
2026-09-15 21:32:45.123863+0700 Dream Again[16664:118009] [API] [CAMetalLayer nextDrawable] returning nil because allocation failed.
2026-09-15 21:32:45.140347+0700 Dream Again[16664:118009] [API] [CAMetalLayer nextDrawable] returning nil because allocation failed.
2026-09-15 21:32:45.157713+0700 Dream Again[16664:118009] [API] [CAMetalLayer nextDrawable] returning nil because allocation failed.
2026-09-15 21:32:45.173549+0700 Dream Again[16664:118009] [API] [CAMetalLayer nextDrawable] returning nil because allocation failed.
2026-09-15 21:32:45.190348+0700 Dream Again[16664:118009] [API] [CAMetalLayer nextDrawable] returning nil because allocation failed.
2026-09-15 21:32:45.207222+0700 Dream Again[16664:118009] [API] [CAMetalLayer nextDrawable] returning nil because allocation failed.
2026-09-15 21:32:45.223599+0700 Dream Again[16664:118009] [API] [CAMetalLayer nextDrawable] returning nil because allocation failed.
2026-09-15 21:32:45.239861+0700 Dream Again[16664:118009] [API] [CAMetalLayer nextDrawable] returning nil because allocation failed.
2026-09-15 21:32:45.256839+0700 Dream Again[16664:118009] [API] [CAMetalLayer nextDrawable] returning nil because allocation failed.
2026-09-15 21:32:45.273202+0700 Dream Again[16664:118009] [API] [CAMetalLayer nextDrawable] returning nil because allocation failed.
2026-09-15 21:32:45.290368+0700 Dream Again[16664:118009] [API] [CAMetalLayer nextDrawable] returning nil because allocation failed.
2026-09-15 21:32:45.306764+0700 Dream Again[16664:118009] [API] [CAMetalLayer nextDrawable] returning nil because allocation failed.
2026-09-15 21:32:45.324864+0700 Dream Again[16664:118009] [API] [CAMetalLayer nextDrawable] returning nil because allocation failed.
2026-09-15 21:32:45.340385+0700 Dream Again[16664:118009] [API] [CAMetalLayer nextDrawable] returning nil because allocation failed.
2026-09-15 21:32:45.357246+0700 Dream Again[16664:118009] [API] [CAMetalLayer nextDrawable] returning nil because allocation failed.
2026-09-15 21:32:45.373734+0700 Dream Again[16664:118009] [API] [CAMetalLayer nextDrawable] returning nil because allocation failed.
2026-09-15 21:32:45.390742+0700 Dream Again[16664:118009] [API] [CAMetalLayer nextDrawable] returning nil because allocation failed.
2026-09-15 21:32:45.407019+0700 Dream Again[16664:118009] [API] [CAMetalLayer nextDrawable] returning nil because allocation failed.
2026-09-15 21:32:45.423871+0700 Dream Again[16664:118009] [API] [CAMetalLayer nextDrawable] returning nil because allocation failed.
2026-09-15 21:32:45.440166+0700 Dream Again[16664:118009] [API] [CAMetalLayer nextDrawable] returning nil because allocation failed.
2026-09-15 21:32:45.457666+0700 Dream Again[16664:118009] [API] [CAMetalLayer nextDrawable] returning nil because allocation failed.
2026-09-15 21:32:45.473876+0700 Dream Again[16664:118009] [API] [CAMetalLayer nextDrawable] returning nil because allocation failed.
2026-09-15 21:32:45.491051+0700 Dream Again[16664:118009] [API] [CAMetalLayer nextDrawable] returning nil because allocation failed.
2026-09-15 21:32:45.506855+0700 Dream Again[16664:118009] [API] [CAMetalLayer nextDrawable] returning nil because allocation failed.
2026-09-15 21:32:45.524491+0700 Dream Again[16664:118009] [API] [CAMetalLayer nextDrawable] returning nil because allocation failed.
2026-09-15 21:32:45.540466+0700 Dream Again[16664:118009] [API] [CAMetalLayer nextDrawable] returning nil because allocation failed.
2026-09-15 21:32:45.558745+0700 Dream Again[16664:118009] [API] [CAMetalLayer nextDrawable] returning nil because allocation failed.
2026-09-15 21:32:45.573774+0700 Dream Again[16664:118009] [API] [CAMetalLayer nextDrawable] returning nil because allocation failed.
2026-09-15 21:32:45.590172+0700 Dream Again[16664:118009] [API] [CAMetalLayer nextDrawable] returning nil because allocation failed.
2026-09-15 21:32:45.607168+0700 Dream Again[16664:118009] [API] [CAMetalLayer nextDrawable] returning nil because allocation failed.
2026-09-15 21:32:45.623499+0700 Dream Again[16664:118009] [API] [CAMetalLayer nextDrawable] returning nil because allocation failed.
2026-09-15 21:32:45.640171+0700 Dream Again[16664:118009] [API] [CAMetalLayer nextDrawable] returning nil because allocation failed.
2026-09-15 21:32:45.657681+0700 Dream Again[16664:118009] [API] [CAMetalLayer nextDrawable] returning nil because allocation failed.
2026-09-15 21:32:45.673653+0700 Dream Again[16664:118009] [API] [CAMetalLayer nextDrawable] returning nil because allocation failed.
2026-09-15 21:32:45.690299+0700 Dream Again[16664:118009] [API] [CAMetalLayer nextDrawable] returning nil because allocation failed.
2026-09-15 21:32:45.707006+0700 Dream Again[16664:118009] [API] [CAMetalLayer nextDrawable] returning nil because allocation failed.
2026-09-15 21:32:45.723234+0700 Dream Again[16664:118009] [API] [CAMetalLayer nextDrawable] returning nil because allocation failed.
2026-09-15 21:32:45.739667+0700 Dream Again[16664:118009] [API] [CAMetalLayer nextDrawable] returning nil because allocation failed.
2026-09-15 21:32:45.756559+0700 Dream Again[16664:118009] [API] [CAMetalLayer nextDrawable] returning nil because allocation failed.
2026-09-15 21:32:45.773107+0700 Dream Again[16664:118009] [API] [CAMetalLayer nextDrawable] returning nil because allocation failed.
2026-09-15 21:32:45.789566+0700 Dream Again[16664:118009] [API] [CAMetalLayer nextDrawable] returning nil because allocation failed.
2026-09-15 21:32:45.806363+0700 Dream Again[16664:118009] [API] [CAMetalLayer nextDrawable] returning nil because allocation failed.
2026-09-15 21:32:45.822548+0700 Dream Again[16664:118009] [API] [CAMetalLayer nextDrawable] returning nil because allocation failed.
2026-09-15 21:32:45.839191+0700 Dream Again[16664:118009] [API] [CAMetalLayer nextDrawable] returning nil because allocation failed.
2026-09-15 21:32:45.856526+0700 Dream Again[16664:118009] [API] [CAMetalLayer nextDrawable] returning nil because allocation failed.
2026-09-15 21:32:45.872994+0700 Dream Again[16664:118009] [API] [CAMetalLayer nextDrawable] returning nil because allocation failed.
2026-09-15 21:32:45.889295+0700 Dream Again[16664:118009] [API] [CAMetalLayer nextDrawable] returning nil because allocation failed.
2026-09-15 21:32:45.906317+0700 Dream Again[16664:118009] [API] [CAMetalLayer nextDrawable] returning nil because allocation failed.
2026-09-15 21:32:45.924120+0700 Dream Again[16664:118009] [API] [CAMetalLayer nextDrawable] returning nil because allocation failed.
2026-09-15 21:32:45.939982+0700 Dream Again[16664:118009] [API] [CAMetalLayer nextDrawable] returning nil because allocation failed.
2026-09-15 21:32:45.957309+0700 Dream Again[16664:118009] [API] [CAMetalLayer nextDrawable] returning nil because allocation failed.
2026-09-15 21:32:45.972977+0700 Dream Again[16664:118009] [API] [CAMetalLayer nextDrawable] returning nil because allocation failed.
2026-09-15 21:32:45.990561+0700 Dream Again[16664:118009] [API] [CAMetalLayer nextDrawable] returning nil because allocation failed.
2026-09-15 21:32:46.006715+0700 Dream Again[16664:118009] [API] [CAMetalLayer nextDrawable] returning nil because allocation failed.
2026-09-15 21:32:46.023226+0700 Dream Again[16664:118009] [API] [CAMetalLayer nextDrawable] returning nil because allocation failed.
2026-09-15 21:32:46.040572+0700 Dream Again[16664:118009] [API] [CAMetalLayer nextDrawable] returning nil because allocation failed.
2026-09-15 21:32:46.056909+0700 Dream Again[16664:118009] [API] [CAMetalLayer nextDrawable] returning nil because allocation failed.
2026-09-15 21:32:46.074173+0700 Dream Again[16664:118009] [API] [CAMetalLayer nextDrawable] returning nil because allocation failed.
2026-09-15 21:32:46.090772+0700 Dream Again[16664:118009] [API] [CAMetalLayer nextDrawable] returning nil because allocation failed.
2026-09-15 21:32:46.107143+0700 Dream Again[16664:118009] [API] [CAMetalLayer nextDrawable] returning nil because allocation failed.
2026-09-15 21:32:46.124409+0700 Dream Again[16664:118009] [API] [CAMetalLayer nextDrawable] returning nil because allocation failed.
2026-09-15 21:32:46.140468+0700 Dream Again[16664:118009] [API] [CAMetalLayer nextDrawable] returning nil because allocation failed.
2026-09-15 21:32:46.158747+0700 Dream Again[16664:118009] [API] [CAMetalLayer nextDrawable] returning nil because allocation failed.
2026-09-15 21:32:46.174261+0700 Dream Again[16664:118009] [API] [CAMetalLayer nextDrawable] returning nil because allocation failed.
2026-09-15 21:32:46.190499+0700 Dream Again[16664:118009] [API] [CAMetalLayer nextDrawable] returning nil because allocation failed.
2026-09-15 21:32:46.207131+0700 Dream Again[16664:118009] [API] [CAMetalLayer nextDrawable] returning nil because allocation failed.
2026-09-15 21:32:46.224634+0700 Dream Again[16664:118009] [API] [CAMetalLayer nextDrawable] returning nil because allocation failed.
2026-09-15 21:32:46.240068+0700 Dream Again[16664:118009] [API] [CAMetalLayer nextDrawable] returning nil because allocation failed.
2026-09-15 21:32:46.257685+0700 Dream Again[16664:118009] [API] [CAMetalLayer nextDrawable] returning nil because allocation failed.
2026-09-15 21:32:46.273564+0700 Dream Again[16664:118009] [API] [CAMetalLayer nextDrawable] returning nil because allocation failed.
2026-09-15 21:32:46.291201+0700 Dream Again[16664:118009] [API] [CAMetalLayer nextDrawable] returning nil because allocation failed.
2026-09-15 21:32:46.616359+0700 Dream Again[16664:118009] [API] [CAMetalLayer nextDrawable] returning nil because allocation failed.
2026-09-15 21:32:46.915849+0700 Dream Again[16664:118009] [API] [CAMetalLayer nextDrawable] returning nil because allocation failed.
2026-09-15 21:32:46.924779+0700 Dream Again[16664:118009] [API] [CAMetalLayer nextDrawable] returning nil because allocation failed.
2026-09-15 21:32:46.940354+0700 Dream Again[16664:118009] [API] [CAMetalLayer nextDrawable] returning nil because allocation failed.
2026-09-15 21:32:46.957814+0700 Dream Again[16664:118009] [API] [CAMetalLayer nextDrawable] returning nil because allocation failed.
2026-09-15 21:32:46.974050+0700 Dream Again[16664:118009] [API] [CAMetalLayer nextDrawable] returning nil because allocation failed.
2026-09-15 21:32:47.306069+0700 Dream Again[16664:118009] [API] [CAMetalLayer nextDrawable] returning nil because allocation failed.
2026-09-15 21:32:47.601994+0700 Dream Again[16664:118009] [API] [CAMetalLayer nextDrawable] returning nil because allocation failed.
2026-09-15 21:32:47.819306+0700 Dream Again[16664:118009] [API] [CAMetalLayer nextDrawable] returning nil because allocation failed.
2026-09-15 21:32:47.991064+0700 Dream Again[16664:118009] [API] [CAMetalLayer nextDrawable] returning nil because allocation failed.
2026-09-15 21:32:47.999691+0700 Dream Again[16664:118009] [API] [CAMetalLayer nextDrawable] returning nil because allocation failed.
2026-09-15 21:32:48.008184+0700 Dream Again[16664:118009] [API] [CAMetalLayer nextDrawable] returning nil because allocation failed.
2026-09-15 21:32:48.021784+0700 Dream Again[16664:118009] [API] [CAMetalLayer nextDrawable] returning nil because allocation failed.
2026-09-15 21:32:48.038850+0700 Dream Again[16664:118009] [API] [CAMetalLayer nextDrawable] returning nil because allocation failed.
2026-09-15 21:32:48.055182+0700 Dream Again[16664:118009] [API] [CAMetalLayer nextDrawable] returning nil because allocation failed.
2026-09-15 21:32:48.227065+0700 Dream Again[16664:118009] [API] [CAMetalLayer nextDrawable] returning nil because allocation failed.
2026-09-15 21:32:48.235586+0700 Dream Again[16664:118009] [API] [CAMetalLayer nextDrawable] returning nil because allocation failed.
2026-09-15 21:32:48.404360+0700 Dream Again[16664:118009] [API] [CAMetalLayer nextDrawable] returning nil because allocation failed.
2026-09-15 21:32:48.413134+0700 Dream Again[16664:118009] [API] [CAMetalLayer nextDrawable] returning nil because allocation failed.
2026-09-15 21:32:48.422077+0700 Dream Again[16664:118009] [API] [CAMetalLayer nextDrawable] returning nil because allocation failed.
2026-09-15 21:32:48.438557+0700 Dream Again[16664:118009] [API] [CAMetalLayer nextDrawable] returning nil because allocation failed.
2026-09-15 21:32:48.455362+0700 Dream Again[16664:118009] [API] [CAMetalLayer nextDrawable] returning nil because allocation failed.
2026-09-15 21:32:48.471982+0700 Dream Again[16664:118009] [API] [CAMetalLayer nextDrawable] returning nil because allocation failed.
2026-09-15 21:32:48.488494+0700 Dream Again[16664:118009] [API] [CAMetalLayer nextDrawable] returning nil because allocation failed.
2026-09-15 21:32:48.505499+0700 Dream Again[16664:118009] [API] [CAMetalLayer nextDrawable] returning nil because allocation failed.
2026-09-15 21:32:48.522241+0700 Dream Again[16664:118009] [API] [CAMetalLayer nextDrawable] returning nil because allocation failed.
2026-09-15 21:32:48.538894+0700 Dream Again[16664:118009] [API] [CAMetalLayer nextDrawable] returning nil because allocation failed.
2026-09-15 21:32:48.555548+0700 Dream Again[16664:118009] [API] [CAMetalLayer nextDrawable] returning nil because allocation failed.
2026-09-15 21:32:48.571964+0700 Dream Again[16664:118009] [API] [CAMetalLayer nextDrawable] returning nil because allocation failed.
2026-09-15 21:32:48.588993+0700 Dream Again[16664:118009] [API] [CAMetalLayer nextDrawable] returning nil because allocation failed.
2026-09-15 21:32:48.605226+0700 Dream Again[16664:118009] [API] [CAMetalLayer nextDrawable] returning nil because allocation failed.
2026-09-15 21:32:48.622011+0700 Dream Again[16664:118009] [API] [CAMetalLayer nextDrawable] returning nil because allocation failed.
2026-09-15 21:32:48.638696+0700 Dream Again[16664:118009] [API] [CAMetalLayer nextDrawable] returning nil because allocation failed.
2026-09-15 21:32:48.655432+0700 Dream Again[16664:118009] [API] [CAMetalLayer nextDrawable] returning nil because allocation failed.
2026-09-15 21:32:48.672072+0700 Dream Again[16664:118009] [API] [CAMetalLayer nextDrawable] returning nil because allocation failed.
2026-09-15 21:32:48.688676+0700 Dream Again[16664:118009] [API] [CAMetalLayer nextDrawable] returning nil because allocation failed.
2026-09-15 21:32:48.705383+0700 Dream Again[16664:118009] [API] [CAMetalLayer nextDrawable] returning nil because allocation failed.
2026-09-15 21:32:48.722207+0700 Dream Again[16664:118009] [API] [CAMetalLayer nextDrawable] returning nil because allocation failed.
2026-09-15 21:32:48.888641+0700 Dream Again[16664:118009] [API] [CAMetalLayer nextDrawable] returning nil because allocation failed.
2026-09-15 21:32:49.061356+0700 Dream Again[16664:118009] [API] [CAMetalLayer nextDrawable] returning nil because allocation failed.
2026-09-15 21:32:49.069734+0700 Dream Again[16664:118009] [API] [CAMetalLayer nextDrawable] returning nil because allocation failed.
2026-09-15 21:32:49.078809+0700 Dream Again[16664:118009] [API] [CAMetalLayer nextDrawable] returning nil because allocation failed.
2026-09-15 21:32:49.245428+0700 Dream Again[16664:118009] [API] [CAMetalLayer nextDrawable] returning nil because allocation failed.
2026-09-15 21:32:49.426852+0700 Dream Again[16664:118009] [API] [CAMetalLayer nextDrawable] returning nil because allocation failed.
2026-09-15 21:32:49.435444+0700 Dream Again[16664:118009] [API] [CAMetalLayer nextDrawable] returning nil because allocation failed.
2026-09-15 21:32:49.444210+0700 Dream Again[16664:118009] [API] [CAMetalLayer nextDrawable] returning nil because allocation failed.
2026-09-15 21:32:49.456221+0700 Dream Again[16664:118009] [API] [CAMetalLayer nextDrawable] returning nil because allocation failed.
2026-09-15 21:32:49.473211+0700 Dream Again[16664:118009] [API] [CAMetalLayer nextDrawable] returning nil because allocation failed.
2026-09-15 21:32:49.490907+0700 Dream Again[16664:118009] [API] [CAMetalLayer nextDrawable] returning nil because allocation failed.
2026-09-15 21:32:49.507294+0700 Dream Again[16664:118009] [API] [CAMetalLayer nextDrawable] returning nil because allocation failed.
2026-09-15 21:32:49.524297+0700 Dream Again[16664:118009] [API] [CAMetalLayer nextDrawable] returning nil because allocation failed.
2026-09-15 21:32:49.830807+0700 Dream Again[16664:120532] [STS-N] exiting spatial tracking service update thread because wait returned 37
Test Case '-[Dream_AgainTests.Dream_AgainTests testCuratedPlateCacheRemainsBoundedAndPreservesAspect]' passed (6.710 seconds).
Test Case '-[Dream_AgainTests.Dream_AgainTests testDisplayLinkDoesNotRetainDiscardedGame]' started.
2026-09-15 21:32:49.913378+0700 Dream Again[16664:117235] [Assets] Could not resolve material name 'engine:BuiltinRenderGraphResources/AR/suFeatheringCreateMergedOcclusionMask.rematerial' in bundle at '/Users/shiv/Library/Developer/CoreSimulator/Devices/80DBBEEC-A752-43F6-A60E-2419BAE5B77E/data/Containers/Bundle/Application/9B31E6CD-9A51-4AB6-973F-D0B6A590A7C9/Dream Again.app'. Loading via asset path.
2026-09-15 21:32:49.913510+0700 Dream Again[16664:117235] [Assets] Could not resolve material name 'engine:BuiltinRenderGraphResources/AR/arKitPassthrough.rematerial' in bundle at '/Users/shiv/Library/Developer/CoreSimulator/Devices/80DBBEEC-A752-43F6-A60E-2419BAE5B77E/data/Containers/Bundle/Application/9B31E6CD-9A51-4AB6-973F-D0B6A590A7C9/Dream Again.app'. Loading via asset path.
2026-09-15 21:32:49.913611+0700 Dream Again[16664:117235] [Assets] Could not resolve material name 'engine:BuiltinRenderGraphResources/AR/arSegmentationComposite.rematerial' in bundle at '/Users/shiv/Library/Developer/CoreSimulator/Devices/80DBBEEC-A752-43F6-A60E-2419BAE5B77E/data/Containers/Bundle/Application/9B31E6CD-9A51-4AB6-973F-D0B6A590A7C9/Dream Again.app'. Loading via asset path.
2026-09-15 21:32:49.913717+0700 Dream Again[16664:117235] [Assets] Could not resolve material name 'engine:BuiltinRenderGraphResources/AR/arInPlacePostProcessCombinedPermute0.rematerial' in bundle at '/Users/shiv/Library/Developer/CoreSimulator/Devices/80DBBEEC-A752-43F6-A60E-2419BAE5B77E/data/Containers/Bundle/Application/9B31E6CD-9A51-4AB6-973F-D0B6A590A7C9/Dream Again.app'. Loading via asset path.
2026-09-15 21:32:49.913897+0700 Dream Again[16664:117235] [Assets] Could not resolve material name 'engine:BuiltinRenderGraphResources/AR/arInPlacePostProcessCombinedPermute1.rematerial' in bundle at '/Users/shiv/Library/Developer/CoreSimulator/Devices/80DBBEEC-A752-43F6-A60E-2419BAE5B77E/data/Containers/Bundle/Application/9B31E6CD-9A51-4AB6-973F-D0B6A590A7C9/Dream Again.app'. Loading via asset path.
2026-09-15 21:32:49.913981+0700 Dream Again[16664:117235] [Assets] Could not resolve material name 'engine:BuiltinRenderGraphResources/AR/arInPlacePostProcessCombinedPermute2.rematerial' in bundle at '/Users/shiv/Library/Developer/CoreSimulator/Devices/80DBBEEC-A752-43F6-A60E-2419BAE5B77E/data/Containers/Bundle/Application/9B31E6CD-9A51-4AB6-973F-D0B6A590A7C9/Dream Again.app'. Loading via asset path.
2026-09-15 21:32:49.914083+0700 Dream Again[16664:117235] [Assets] Could not resolve material name 'engine:BuiltinRenderGraphResources/AR/arInPlacePostProcessCombinedPermute3.rematerial' in bundle at '/Users/shiv/Library/Developer/CoreSimulator/Devices/80DBBEEC-A752-43F6-A60E-2419BAE5B77E/data/Containers/Bundle/Application/9B31E6CD-9A51-4AB6-973F-D0B6A590A7C9/Dream Again.app'. Loading via asset path.
2026-09-15 21:32:49.914168+0700 Dream Again[16664:117235] [Assets] Could not resolve material name 'engine:BuiltinRenderGraphResources/AR/arInPlacePostProcessCombinedPermute4.rematerial' in bundle at '/Users/shiv/Library/Developer/CoreSimulator/Devices/80DBBEEC-A752-43F6-A60E-2419BAE5B77E/data/Containers/Bundle/Application/9B31E6CD-9A51-4AB6-973F-D0B6A590A7C9/Dream Again.app'. Loading via asset path.
2026-09-15 21:32:49.914252+0700 Dream Again[16664:117235] [Assets] Could not resolve material name 'engine:BuiltinRenderGraphResources/AR/arInPlacePostProcessCombinedPermute5.rematerial' in bundle at '/Users/shiv/Library/Developer/CoreSimulator/Devices/80DBBEEC-A752-43F6-A60E-2419BAE5B77E/data/Containers/Bundle/Application/9B31E6CD-9A51-4AB6-973F-D0B6A590A7C9/Dream Again.app'. Loading via asset path.
2026-09-15 21:32:49.914338+0700 Dream Again[16664:117235] [Assets] Could not resolve material name 'engine:BuiltinRenderGraphResources/AR/arInPlacePostProcessCombinedPermute6.rematerial' in bundle at '/Users/shiv/Library/Developer/CoreSimulator/Devices/80DBBEEC-A752-43F6-A60E-2419BAE5B77E/data/Containers/Bundle/Application/9B31E6CD-9A51-4AB6-973F-D0B6A590A7C9/Dream Again.app'. Loading via asset path.
2026-09-15 21:32:49.914429+0700 Dream Again[16664:117235] [Assets] Could not resolve material name 'engine:BuiltinRenderGraphResources/AR/arInPlacePostProcessCombinedPermute7.rematerial' in bundle at '/Users/shiv/Library/Developer/CoreSimulator/Devices/80DBBEEC-A752-43F6-A60E-2419BAE5B77E/data/Containers/Bundle/Application/9B31E6CD-9A51-4AB6-973F-D0B6A590A7C9/Dream Again.app'. Loading via asset path.
2026-09-15 21:32:49.914655+0700 Dream Again[16664:117235] [Assets] Could not resolve material name 'engine:BuiltinRenderGraphResources/AR/arInPlacePostProcessCombinedPermute8.rematerial' in bundle at '/Users/shiv/Library/Developer/CoreSimulator/Devices/80DBBEEC-A752-43F6-A60E-2419BAE5B77E/data/Containers/Bundle/Application/9B31E6CD-9A51-4AB6-973F-D0B6A590A7C9/Dream Again.app'. Loading via asset path.
2026-09-15 21:32:49.914736+0700 Dream Again[16664:117235] [Assets] Could not resolve material name 'engine:BuiltinRenderGraphResources/AR/arInPlacePostProcessCombinedPermute9.rematerial' in bundle at '/Users/shiv/Library/Developer/CoreSimulator/Devices/80DBBEEC-A752-43F6-A60E-2419BAE5B77E/data/Containers/Bundle/Application/9B31E6CD-9A51-4AB6-973F-D0B6A590A7C9/Dream Again.app'. Loading via asset path.
2026-09-15 21:32:49.914807+0700 Dream Again[16664:117235] [Assets] Could not resolve material name 'engine:BuiltinRenderGraphResources/AR/arInPlacePostProcessCombinedPermute10.rematerial' in bundle at '/Users/shiv/Library/Developer/CoreSimulator/Devices/80DBBEEC-A752-43F6-A60E-2419BAE5B77E/data/Containers/Bundle/Application/9B31E6CD-9A51-4AB6-973F-D0B6A590A7C9/Dream Again.app'. Loading via asset path.
2026-09-15 21:32:49.915803+0700 Dream Again[16664:117235] [Assets] Could not resolve material name 'engine:BuiltinRenderGraphResources/AR/arInPlacePostProcessCombinedPermute11.rematerial' in bundle at '/Users/shiv/Library/Developer/CoreSimulator/Devices/80DBBEEC-A752-43F6-A60E-2419BAE5B77E/data/Containers/Bundle/Application/9B31E6CD-9A51-4AB6-973F-D0B6A590A7C9/Dream Again.app'. Loading via asset path.
2026-09-15 21:32:49.915872+0700 Dream Again[16664:117235] [Assets] Could not resolve material name 'engine:BuiltinRenderGraphResources/AR/arInPlacePostProcessCombinedPermute12.rematerial' in bundle at '/Users/shiv/Library/Developer/CoreSimulator/Devices/80DBBEEC-A752-43F6-A60E-2419BAE5B77E/data/Containers/Bundle/Application/9B31E6CD-9A51-4AB6-973F-D0B6A590A7C9/Dream Again.app'. Loading via asset path.
2026-09-15 21:32:49.916098+0700 Dream Again[16664:117235] [Assets] Could not resolve material name 'engine:BuiltinRenderGraphResources/AR/arInPlacePostProcessCombinedPermute13.rematerial' in bundle at '/Users/shiv/Library/Developer/CoreSimulator/Devices/80DBBEEC-A752-43F6-A60E-2419BAE5B77E/data/Containers/Bundle/Application/9B31E6CD-9A51-4AB6-973F-D0B6A590A7C9/Dream Again.app'. Loading via asset path.
2026-09-15 21:32:49.916164+0700 Dream Again[16664:117235] [Assets] Could not resolve material name 'engine:BuiltinRenderGraphResources/AR/arInPlacePostProcessCombinedPermute14.rematerial' in bundle at '/Users/shiv/Library/Developer/CoreSimulator/Devices/80DBBEEC-A752-43F6-A60E-2419BAE5B77E/data/Containers/Bundle/Application/9B31E6CD-9A51-4AB6-973F-D0B6A590A7C9/Dream Again.app'. Loading via asset path.
2026-09-15 21:32:49.916231+0700 Dream Again[16664:117235] [Assets] Could not resolve material name 'engine:BuiltinRenderGraphResources/AR/arInPlacePostProcessCombinedPermute15.rematerial' in bundle at '/Users/shiv/Library/Developer/CoreSimulator/Devices/80DBBEEC-A752-43F6-A60E-2419BAE5B77E/data/Containers/Bundle/Application/9B31E6CD-9A51-4AB6-973F-D0B6A590A7C9/Dream Again.app'. Loading via asset path.
2026-09-15 21:32:50.400569+0700 Dream Again[16664:120660] [STS-N] exiting spatial tracking service update thread because wait returned 37
Test Case '-[Dream_AgainTests.Dream_AgainTests testDisplayLinkDoesNotRetainDiscardedGame]' passed (0.530 seconds).
Test Case '-[Dream_AgainTests.Dream_AgainTests testEveryAssetBuildsAndBoundsAreFinite]' started.
2026-09-15 21:32:50.434461+0700 Dream Again[16664:117235] [Assets] Could not resolve material name 'engine:BuiltinRenderGraphResources/AR/suFeatheringCreateMergedOcclusionMask.rematerial' in bundle at '/Users/shiv/Library/Developer/CoreSimulator/Devices/80DBBEEC-A752-43F6-A60E-2419BAE5B77E/data/Containers/Bundle/Application/9B31E6CD-9A51-4AB6-973F-D0B6A590A7C9/Dream Again.app'. Loading via asset path.
2026-09-15 21:32:50.434591+0700 Dream Again[16664:117235] [Assets] Could not resolve material name 'engine:BuiltinRenderGraphResources/AR/arKitPassthrough.rematerial' in bundle at '/Users/shiv/Library/Developer/CoreSimulator/Devices/80DBBEEC-A752-43F6-A60E-2419BAE5B77E/data/Containers/Bundle/Application/9B31E6CD-9A51-4AB6-973F-D0B6A590A7C9/Dream Again.app'. Loading via asset path.
2026-09-15 21:32:50.434683+0700 Dream Again[16664:117235] [Assets] Could not resolve material name 'engine:BuiltinRenderGraphResources/AR/arSegmentationComposite.rematerial' in bundle at '/Users/shiv/Library/Developer/CoreSimulator/Devices/80DBBEEC-A752-43F6-A60E-2419BAE5B77E/data/Containers/Bundle/Application/9B31E6CD-9A51-4AB6-973F-D0B6A590A7C9/Dream Again.app'. Loading via asset path.
2026-09-15 21:32:50.434781+0700 Dream Again[16664:117235] [Assets] Could not resolve material name 'engine:BuiltinRenderGraphResources/AR/arInPlacePostProcessCombinedPermute0.rematerial' in bundle at '/Users/shiv/Library/Developer/CoreSimulator/Devices/80DBBEEC-A752-43F6-A60E-2419BAE5B77E/data/Containers/Bundle/Application/9B31E6CD-9A51-4AB6-973F-D0B6A590A7C9/Dream Again.app'. Loading via asset path.
2026-09-15 21:32:50.435035+0700 Dream Again[16664:117235] [Assets] Could not resolve material name 'engine:BuiltinRenderGraphResources/AR/arInPlacePostProcessCombinedPermute1.rematerial' in bundle at '/Users/shiv/Library/Developer/CoreSimulator/Devices/80DBBEEC-A752-43F6-A60E-2419BAE5B77E/data/Containers/Bundle/Application/9B31E6CD-9A51-4AB6-973F-D0B6A590A7C9/Dream Again.app'. Loading via asset path.
2026-09-15 21:32:50.435102+0700 Dream Again[16664:117235] [Assets] Could not resolve material name 'engine:BuiltinRenderGraphResources/AR/arInPlacePostProcessCombinedPermute2.rematerial' in bundle at '/Users/shiv/Library/Developer/CoreSimulator/Devices/80DBBEEC-A752-43F6-A60E-2419BAE5B77E/data/Containers/Bundle/Application/9B31E6CD-9A51-4AB6-973F-D0B6A590A7C9/Dream Again.app'. Loading via asset path.
2026-09-15 21:32:50.435164+0700 Dream Again[16664:117235] [Assets] Could not resolve material name 'engine:BuiltinRenderGraphResources/AR/arInPlacePostProcessCombinedPermute3.rematerial' in bundle at '/Users/shiv/Library/Developer/CoreSimulator/Devices/80DBBEEC-A752-43F6-A60E-2419BAE5B77E/data/Containers/Bundle/Application/9B31E6CD-9A51-4AB6-973F-D0B6A590A7C9/Dream Again.app'. Loading via asset path.
2026-09-15 21:32:50.435222+0700 Dream Again[16664:117235] [Assets] Could not resolve material name 'engine:BuiltinRenderGraphResources/AR/arInPlacePostProcessCombinedPermute4.rematerial' in bundle at '/Users/shiv/Library/Developer/CoreSimulator/Devices/80DBBEEC-A752-43F6-A60E-2419BAE5B77E/data/Containers/Bundle/Application/9B31E6CD-9A51-4AB6-973F-D0B6A590A7C9/Dream Again.app'. Loading via asset path.
2026-09-15 21:32:50.435278+0700 Dream Again[16664:117235] [Assets] Could not resolve material name 'engine:BuiltinRenderGraphResources/AR/arInPlacePostProcessCombinedPermute5.rematerial' in bundle at '/Users/shiv/Library/Developer/CoreSimulator/Devices/80DBBEEC-A752-43F6-A60E-2419BAE5B77E/data/Containers/Bundle/Application/9B31E6CD-9A51-4AB6-973F-D0B6A590A7C9/Dream Again.app'. Loading via asset path.
2026-09-15 21:32:50.435399+0700 Dream Again[16664:117235] [Assets] Could not resolve material name 'engine:BuiltinRenderGraphResources/AR/arInPlacePostProcessCombinedPermute6.rematerial' in bundle at '/Users/shiv/Library/Developer/CoreSimulator/Devices/80DBBEEC-A752-43F6-A60E-2419BAE5B77E/data/Containers/Bundle/Application/9B31E6CD-9A51-4AB6-973F-D0B6A590A7C9/Dream Again.app'. Loading via asset path.
2026-09-15 21:32:50.435464+0700 Dream Again[16664:117235] [Assets] Could not resolve material name 'engine:BuiltinRenderGraphResources/AR/arInPlacePostProcessCombinedPermute7.rematerial' in bundle at '/Users/shiv/Library/Developer/CoreSimulator/Devices/80DBBEEC-A752-43F6-A60E-2419BAE5B77E/data/Containers/Bundle/Application/9B31E6CD-9A51-4AB6-973F-D0B6A590A7C9/Dream Again.app'. Loading via asset path.
2026-09-15 21:32:50.435533+0700 Dream Again[16664:117235] [Assets] Could not resolve material name 'engine:BuiltinRenderGraphResources/AR/arInPlacePostProcessCombinedPermute8.rematerial' in bundle at '/Users/shiv/Library/Developer/CoreSimulator/Devices/80DBBEEC-A752-43F6-A60E-2419BAE5B77E/data/Containers/Bundle/Application/9B31E6CD-9A51-4AB6-973F-D0B6A590A7C9/Dream Again.app'. Loading via asset path.
2026-09-15 21:32:50.435594+0700 Dream Again[16664:117235] [Assets] Could not resolve material name 'engine:BuiltinRenderGraphResources/AR/arInPlacePostProcessCombinedPermute9.rematerial' in bundle at '/Users/shiv/Library/Developer/CoreSimulator/Devices/80DBBEEC-A752-43F6-A60E-2419BAE5B77E/data/Containers/Bundle/Application/9B31E6CD-9A51-4AB6-973F-D0B6A590A7C9/Dream Again.app'. Loading via asset path.
2026-09-15 21:32:50.435647+0700 Dream Again[16664:117235] [Assets] Could not resolve material name 'engine:BuiltinRenderGraphResources/AR/arInPlacePostProcessCombinedPermute10.rematerial' in bundle at '/Users/shiv/Library/Developer/CoreSimulator/Devices/80DBBEEC-A752-43F6-A60E-2419BAE5B77E/data/Containers/Bundle/Application/9B31E6CD-9A51-4AB6-973F-D0B6A590A7C9/Dream Again.app'. Loading via asset path.
2026-09-15 21:32:50.435719+0700 Dream Again[16664:117235] [Assets] Could not resolve material name 'engine:BuiltinRenderGraphResources/AR/arInPlacePostProcessCombinedPermute11.rematerial' in bundle at '/Users/shiv/Library/Developer/CoreSimulator/Devices/80DBBEEC-A752-43F6-A60E-2419BAE5B77E/data/Containers/Bundle/Application/9B31E6CD-9A51-4AB6-973F-D0B6A590A7C9/Dream Again.app'. Loading via asset path.
2026-09-15 21:32:50.435772+0700 Dream Again[16664:117235] [Assets] Could not resolve material name 'engine:BuiltinRenderGraphResources/AR/arInPlacePostProcessCombinedPermute12.rematerial' in bundle at '/Users/shiv/Library/Developer/CoreSimulator/Devices/80DBBEEC-A752-43F6-A60E-2419BAE5B77E/data/Containers/Bundle/Application/9B31E6CD-9A51-4AB6-973F-D0B6A590A7C9/Dream Again.app'. Loading via asset path.
2026-09-15 21:32:50.435827+0700 Dream Again[16664:117235] [Assets] Could not resolve material name 'engine:BuiltinRenderGraphResources/AR/arInPlacePostProcessCombinedPermute13.rematerial' in bundle at '/Users/shiv/Library/Developer/CoreSimulator/Devices/80DBBEEC-A752-43F6-A60E-2419BAE5B77E/data/Containers/Bundle/Application/9B31E6CD-9A51-4AB6-973F-D0B6A590A7C9/Dream Again.app'. Loading via asset path.
2026-09-15 21:32:50.435881+0700 Dream Again[16664:117235] [Assets] Could not resolve material name 'engine:BuiltinRenderGraphResources/AR/arInPlacePostProcessCombinedPermute14.rematerial' in bundle at '/Users/shiv/Library/Developer/CoreSimulator/Devices/80DBBEEC-A752-43F6-A60E-2419BAE5B77E/data/Containers/Bundle/Application/9B31E6CD-9A51-4AB6-973F-D0B6A590A7C9/Dream Again.app'. Loading via asset path.
2026-09-15 21:32:50.435951+0700 Dream Again[16664:117235] [Assets] Could not resolve material name 'engine:BuiltinRenderGraphResources/AR/arInPlacePostProcessCombinedPermute15.rematerial' in bundle at '/Users/shiv/Library/Developer/CoreSimulator/Devices/80DBBEEC-A752-43F6-A60E-2419BAE5B77E/data/Containers/Bundle/Application/9B31E6CD-9A51-4AB6-973F-D0B6A590A7C9/Dream Again.app'. Loading via asset path.
2026-09-15 21:32:55.182216+0700 Dream Again[16664:120682] [STS-N] exiting spatial tracking service update thread because wait returned 37
Test Case '-[Dream_AgainTests.Dream_AgainTests testEveryAssetBuildsAndBoundsAreFinite]' passed (4.783 seconds).
Test Case '-[Dream_AgainTests.Dream_AgainTests testHybridCollageLoadsOnceAndStaysBounded]' started.
2026-09-15 21:32:55.237594+0700 Dream Again[16664:117235] [Assets] Could not resolve material name 'engine:BuiltinRenderGraphResources/AR/suFeatheringCreateMergedOcclusionMask.rematerial' in bundle at '/Users/shiv/Library/Developer/CoreSimulator/Devices/80DBBEEC-A752-43F6-A60E-2419BAE5B77E/data/Containers/Bundle/Application/9B31E6CD-9A51-4AB6-973F-D0B6A590A7C9/Dream Again.app'. Loading via asset path.
2026-09-15 21:32:55.237723+0700 Dream Again[16664:117235] [Assets] Could not resolve material name 'engine:BuiltinRenderGraphResources/AR/arKitPassthrough.rematerial' in bundle at '/Users/shiv/Library/Developer/CoreSimulator/Devices/80DBBEEC-A752-43F6-A60E-2419BAE5B77E/data/Containers/Bundle/Application/9B31E6CD-9A51-4AB6-973F-D0B6A590A7C9/Dream Again.app'. Loading via asset path.
2026-09-15 21:32:55.237816+0700 Dream Again[16664:117235] [Assets] Could not resolve material name 'engine:BuiltinRenderGraphResources/AR/arSegmentationComposite.rematerial' in bundle at '/Users/shiv/Library/Developer/CoreSimulator/Devices/80DBBEEC-A752-43F6-A60E-2419BAE5B77E/data/Containers/Bundle/Application/9B31E6CD-9A51-4AB6-973F-D0B6A590A7C9/Dream Again.app'. Loading via asset path.
2026-09-15 21:32:55.237912+0700 Dream Again[16664:117235] [Assets] Could not resolve material name 'engine:BuiltinRenderGraphResources/AR/arInPlacePostProcessCombinedPermute0.rematerial' in bundle at '/Users/shiv/Library/Developer/CoreSimulator/Devices/80DBBEEC-A752-43F6-A60E-2419BAE5B77E/data/Containers/Bundle/Application/9B31E6CD-9A51-4AB6-973F-D0B6A590A7C9/Dream Again.app'. Loading via asset path.
2026-09-15 21:32:55.238697+0700 Dream Again[16664:117235] [Assets] Could not resolve material name 'engine:BuiltinRenderGraphResources/AR/arInPlacePostProcessCombinedPermute1.rematerial' in bundle at '/Users/shiv/Library/Developer/CoreSimulator/Devices/80DBBEEC-A752-43F6-A60E-2419BAE5B77E/data/Containers/Bundle/Application/9B31E6CD-9A51-4AB6-973F-D0B6A590A7C9/Dream Again.app'. Loading via asset path.
2026-09-15 21:32:55.238764+0700 Dream Again[16664:117235] [Assets] Could not resolve material name 'engine:BuiltinRenderGraphResources/AR/arInPlacePostProcessCombinedPermute2.rematerial' in bundle at '/Users/shiv/Library/Developer/CoreSimulator/Devices/80DBBEEC-A752-43F6-A60E-2419BAE5B77E/data/Containers/Bundle/Application/9B31E6CD-9A51-4AB6-973F-D0B6A590A7C9/Dream Again.app'. Loading via asset path.
2026-09-15 21:32:55.238835+0700 Dream Again[16664:117235] [Assets] Could not resolve material name 'engine:BuiltinRenderGraphResources/AR/arInPlacePostProcessCombinedPermute3.rematerial' in bundle at '/Users/shiv/Library/Developer/CoreSimulator/Devices/80DBBEEC-A752-43F6-A60E-2419BAE5B77E/data/Containers/Bundle/Application/9B31E6CD-9A51-4AB6-973F-D0B6A590A7C9/Dream Again.app'. Loading via asset path.
2026-09-15 21:32:55.239832+0700 Dream Again[16664:117235] [Assets] Could not resolve material name 'engine:BuiltinRenderGraphResources/AR/arInPlacePostProcessCombinedPermute4.rematerial' in bundle at '/Users/shiv/Library/Developer/CoreSimulator/Devices/80DBBEEC-A752-43F6-A60E-2419BAE5B77E/data/Containers/Bundle/Application/9B31E6CD-9A51-4AB6-973F-D0B6A590A7C9/Dream Again.app'. Loading via asset path.
2026-09-15 21:32:55.239930+0700 Dream Again[16664:117235] [Assets] Could not resolve material name 'engine:BuiltinRenderGraphResources/AR/arInPlacePostProcessCombinedPermute5.rematerial' in bundle at '/Users/shiv/Library/Developer/CoreSimulator/Devices/80DBBEEC-A752-43F6-A60E-2419BAE5B77E/data/Containers/Bundle/Application/9B31E6CD-9A51-4AB6-973F-D0B6A590A7C9/Dream Again.app'. Loading via asset path.
2026-09-15 21:32:55.240139+0700 Dream Again[16664:117235] [Assets] Could not resolve material name 'engine:BuiltinRenderGraphResources/AR/arInPlacePostProcessCombinedPermute6.rematerial' in bundle at '/Users/shiv/Library/Developer/CoreSimulator/Devices/80DBBEEC-A752-43F6-A60E-2419BAE5B77E/data/Containers/Bundle/Application/9B31E6CD-9A51-4AB6-973F-D0B6A590A7C9/Dream Again.app'. Loading via asset path.
2026-09-15 21:32:55.240215+0700 Dream Again[16664:117235] [Assets] Could not resolve material name 'engine:BuiltinRenderGraphResources/AR/arInPlacePostProcessCombinedPermute7.rematerial' in bundle at '/Users/shiv/Library/Developer/CoreSimulator/Devices/80DBBEEC-A752-43F6-A60E-2419BAE5B77E/data/Containers/Bundle/Application/9B31E6CD-9A51-4AB6-973F-D0B6A590A7C9/Dream Again.app'. Loading via asset path.
2026-09-15 21:32:55.240293+0700 Dream Again[16664:117235] [Assets] Could not resolve material name 'engine:BuiltinRenderGraphResources/AR/arInPlacePostProcessCombinedPermute8.rematerial' in bundle at '/Users/shiv/Library/Developer/CoreSimulator/Devices/80DBBEEC-A752-43F6-A60E-2419BAE5B77E/data/Containers/Bundle/Application/9B31E6CD-9A51-4AB6-973F-D0B6A590A7C9/Dream Again.app'. Loading via asset path.
2026-09-15 21:32:55.240375+0700 Dream Again[16664:117235] [Assets] Could not resolve material name 'engine:BuiltinRenderGraphResources/AR/arInPlacePostProcessCombinedPermute9.rematerial' in bundle at '/Users/shiv/Library/Developer/CoreSimulator/Devices/80DBBEEC-A752-43F6-A60E-2419BAE5B77E/data/Containers/Bundle/Application/9B31E6CD-9A51-4AB6-973F-D0B6A590A7C9/Dream Again.app'. Loading via asset path.
2026-09-15 21:32:55.240452+0700 Dream Again[16664:117235] [Assets] Could not resolve material name 'engine:BuiltinRenderGraphResources/AR/arInPlacePostProcessCombinedPermute10.rematerial' in bundle at '/Users/shiv/Library/Developer/CoreSimulator/Devices/80DBBEEC-A752-43F6-A60E-2419BAE5B77E/data/Containers/Bundle/Application/9B31E6CD-9A51-4AB6-973F-D0B6A590A7C9/Dream Again.app'. Loading via asset path.
2026-09-15 21:32:55.240706+0700 Dream Again[16664:117235] [Assets] Could not resolve material name 'engine:BuiltinRenderGraphResources/AR/arInPlacePostProcessCombinedPermute11.rematerial' in bundle at '/Users/shiv/Library/Developer/CoreSimulator/Devices/80DBBEEC-A752-43F6-A60E-2419BAE5B77E/data/Containers/Bundle/Application/9B31E6CD-9A51-4AB6-973F-D0B6A590A7C9/Dream Again.app'. Loading via asset path.
2026-09-15 21:32:55.240778+0700 Dream Again[16664:117235] [Assets] Could not resolve material name 'engine:BuiltinRenderGraphResources/AR/arInPlacePostProcessCombinedPermute12.rematerial' in bundle at '/Users/shiv/Library/Developer/CoreSimulator/Devices/80DBBEEC-A752-43F6-A60E-2419BAE5B77E/data/Containers/Bundle/Application/9B31E6CD-9A51-4AB6-973F-D0B6A590A7C9/Dream Again.app'. Loading via asset path.
2026-09-15 21:32:55.240852+0700 Dream Again[16664:117235] [Assets] Could not resolve material name 'engine:BuiltinRenderGraphResources/AR/arInPlacePostProcessCombinedPermute13.rematerial' in bundle at '/Users/shiv/Library/Developer/CoreSimulator/Devices/80DBBEEC-A752-43F6-A60E-2419BAE5B77E/data/Containers/Bundle/Application/9B31E6CD-9A51-4AB6-973F-D0B6A590A7C9/Dream Again.app'. Loading via asset path.
2026-09-15 21:32:55.240945+0700 Dream Again[16664:117235] [Assets] Could not resolve material name 'engine:BuiltinRenderGraphResources/AR/arInPlacePostProcessCombinedPermute14.rematerial' in bundle at '/Users/shiv/Library/Developer/CoreSimulator/Devices/80DBBEEC-A752-43F6-A60E-2419BAE5B77E/data/Containers/Bundle/Application/9B31E6CD-9A51-4AB6-973F-D0B6A590A7C9/Dream Again.app'. Loading via asset path.
2026-09-15 21:32:55.241018+0700 Dream Again[16664:117235] [Assets] Could not resolve material name 'engine:BuiltinRenderGraphResources/AR/arInPlacePostProcessCombinedPermute15.rematerial' in bundle at '/Users/shiv/Library/Developer/CoreSimulator/Devices/80DBBEEC-A752-43F6-A60E-2419BAE5B77E/data/Containers/Bundle/Application/9B31E6CD-9A51-4AB6-973F-D0B6A590A7C9/Dream Again.app'. Loading via asset path.
2026-09-15 21:32:55.823094+0700 Dream Again[16664:118009] [API] [CAMetalLayer nextDrawable] returning nil because allocation failed.
2026-09-15 21:32:55.844075+0700 Dream Again[16664:118009] [API] [CAMetalLayer nextDrawable] returning nil because allocation failed.
2026-09-15 21:32:56.021167+0700 Dream Again[16664:118009] [API] [CAMetalLayer nextDrawable] returning nil because allocation failed.
2026-09-15 21:32:56.030084+0700 Dream Again[16664:118009] [API] [CAMetalLayer nextDrawable] returning nil because allocation failed.
2026-09-15 21:32:56.039496+0700 Dream Again[16664:118009] [API] [CAMetalLayer nextDrawable] returning nil because allocation failed.
2026-09-15 21:32:56.056753+0700 Dream Again[16664:118009] [API] [CAMetalLayer nextDrawable] returning nil because allocation failed.
2026-09-15 21:32:56.074445+0700 Dream Again[16664:118009] [API] [CAMetalLayer nextDrawable] returning nil because allocation failed.
2026-09-15 21:32:56.091195+0700 Dream Again[16664:118009] [API] [CAMetalLayer nextDrawable] returning nil because allocation failed.
2026-09-15 21:32:56.108076+0700 Dream Again[16664:118009] [API] [CAMetalLayer nextDrawable] returning nil because allocation failed.
2026-09-15 21:32:56.124522+0700 Dream Again[16664:118009] [API] [CAMetalLayer nextDrawable] returning nil because allocation failed.
2026-09-15 21:32:56.141824+0700 Dream Again[16664:118009] [API] [CAMetalLayer nextDrawable] returning nil because allocation failed.
2026-09-15 21:32:56.157901+0700 Dream Again[16664:118009] [API] [CAMetalLayer nextDrawable] returning nil because allocation failed.
2026-09-15 21:32:56.175745+0700 Dream Again[16664:118009] [API] [CAMetalLayer nextDrawable] returning nil because allocation failed.
2026-09-15 21:32:56.191773+0700 Dream Again[16664:118009] [API] [CAMetalLayer nextDrawable] returning nil because allocation failed.
2026-09-15 21:32:56.210727+0700 Dream Again[16664:118009] [API] [CAMetalLayer nextDrawable] returning nil because allocation failed.
2026-09-15 21:32:56.226402+0700 Dream Again[16664:118009] [API] [CAMetalLayer nextDrawable] returning nil because allocation failed.
2026-09-15 21:32:56.246718+0700 Dream Again[16664:118009] [API] [CAMetalLayer nextDrawable] returning nil because allocation failed.
2026-09-15 21:32:56.262693+0700 Dream Again[16664:118009] [API] [CAMetalLayer nextDrawable] returning nil because allocation failed.
2026-09-15 21:32:56.275847+0700 Dream Again[16664:118009] [API] [CAMetalLayer nextDrawable] returning nil because allocation failed.
2026-09-15 21:32:56.292146+0700 Dream Again[16664:118009] [API] [CAMetalLayer nextDrawable] returning nil because allocation failed.
2026-09-15 21:32:56.309674+0700 Dream Again[16664:118009] [API] [CAMetalLayer nextDrawable] returning nil because allocation failed.
2026-09-15 21:32:56.325420+0700 Dream Again[16664:118009] [API] [CAMetalLayer nextDrawable] returning nil because allocation failed.
2026-09-15 21:32:56.342092+0700 Dream Again[16664:118009] [API] [CAMetalLayer nextDrawable] returning nil because allocation failed.
2026-09-15 21:32:56.358973+0700 Dream Again[16664:118009] [API] [CAMetalLayer nextDrawable] returning nil because allocation failed.
2026-09-15 21:32:56.374823+0700 Dream Again[16664:118009] [API] [CAMetalLayer nextDrawable] returning nil because allocation failed.
2026-09-15 21:32:56.391173+0700 Dream Again[16664:118009] [API] [CAMetalLayer nextDrawable] returning nil because allocation failed.
2026-09-15 21:32:56.408638+0700 Dream Again[16664:118009] [API] [CAMetalLayer nextDrawable] returning nil because allocation failed.
2026-09-15 21:32:56.424741+0700 Dream Again[16664:118009] [API] [CAMetalLayer nextDrawable] returning nil because allocation failed.
2026-09-15 21:32:56.441625+0700 Dream Again[16664:118009] [API] [CAMetalLayer nextDrawable] returning nil because allocation failed.
2026-09-15 21:32:56.458141+0700 Dream Again[16664:118009] [API] [CAMetalLayer nextDrawable] returning nil because allocation failed.
2026-09-15 21:32:56.478375+0700 Dream Again[16664:118009] [API] [CAMetalLayer nextDrawable] returning nil because allocation failed.
2026-09-15 21:32:56.491519+0700 Dream Again[16664:118009] [API] [CAMetalLayer nextDrawable] returning nil because allocation failed.
2026-09-15 21:32:56.507166+0700 Dream Again[16664:118009] [API] [CAMetalLayer nextDrawable] returning nil because allocation failed.
2026-09-15 21:32:56.523967+0700 Dream Again[16664:118009] [API] [CAMetalLayer nextDrawable] returning nil because allocation failed.
2026-09-15 21:32:56.540142+0700 Dream Again[16664:118009] [API] [CAMetalLayer nextDrawable] returning nil because allocation failed.
2026-09-15 21:32:56.557067+0700 Dream Again[16664:118009] [API] [CAMetalLayer nextDrawable] returning nil because allocation failed.
2026-09-15 21:32:56.573504+0700 Dream Again[16664:118009] [API] [CAMetalLayer nextDrawable] returning nil because allocation failed.
2026-09-15 21:32:56.589817+0700 Dream Again[16664:118009] [API] [CAMetalLayer nextDrawable] returning nil because allocation failed.
2026-09-15 21:32:56.606909+0700 Dream Again[16664:118009] [API] [CAMetalLayer nextDrawable] returning nil because allocation failed.
2026-09-15 21:32:56.623170+0700 Dream Again[16664:118009] [API] [CAMetalLayer nextDrawable] returning nil because allocation failed.
2026-09-15 21:32:56.639754+0700 Dream Again[16664:118009] [API] [CAMetalLayer nextDrawable] returning nil because allocation failed.
2026-09-15 21:32:56.656279+0700 Dream Again[16664:118009] [API] [CAMetalLayer nextDrawable] returning nil because allocation failed.
2026-09-15 21:32:56.673288+0700 Dream Again[16664:118009] [API] [CAMetalLayer nextDrawable] returning nil because allocation failed.
2026-09-15 21:32:56.689610+0700 Dream Again[16664:118009] [API] [CAMetalLayer nextDrawable] returning nil because allocation failed.
2026-09-15 21:32:56.707277+0700 Dream Again[16664:118009] [API] [CAMetalLayer nextDrawable] returning nil because allocation failed.
2026-09-15 21:32:56.722967+0700 Dream Again[16664:118009] [API] [CAMetalLayer nextDrawable] returning nil because allocation failed.
2026-09-15 21:32:56.739739+0700 Dream Again[16664:118009] [API] [CAMetalLayer nextDrawable] returning nil because allocation failed.
2026-09-15 21:32:56.756438+0700 Dream Again[16664:118009] [API] [CAMetalLayer nextDrawable] returning nil because allocation failed.
2026-09-15 21:32:56.773074+0700 Dream Again[16664:118009] [API] [CAMetalLayer nextDrawable] returning nil because allocation failed.
2026-09-15 21:32:56.789682+0700 Dream Again[16664:118009] [API] [CAMetalLayer nextDrawable] returning nil because allocation failed.
2026-09-15 21:32:56.807327+0700 Dream Again[16664:118009] [API] [CAMetalLayer nextDrawable] returning nil because allocation failed.
2026-09-15 21:32:56.823350+0700 Dream Again[16664:118009] [API] [CAMetalLayer nextDrawable] returning nil because allocation failed.
2026-09-15 21:32:56.840485+0700 Dream Again[16664:118009] [API] [CAMetalLayer nextDrawable] returning nil because allocation failed.
2026-09-15 21:32:56.857131+0700 Dream Again[16664:118009] [API] [CAMetalLayer nextDrawable] returning nil because allocation failed.
2026-09-15 21:32:56.873586+0700 Dream Again[16664:118009] [API] [CAMetalLayer nextDrawable] returning nil because allocation failed.
2026-09-15 21:32:56.890531+0700 Dream Again[16664:118009] [API] [CAMetalLayer nextDrawable] returning nil because allocation failed.
2026-09-15 21:32:56.907931+0700 Dream Again[16664:118009] [API] [CAMetalLayer nextDrawable] returning nil because allocation failed.
2026-09-15 21:32:56.924537+0700 Dream Again[16664:118009] [API] [CAMetalLayer nextDrawable] returning nil because allocation failed.
2026-09-15 21:32:56.941329+0700 Dream Again[16664:118009] [API] [CAMetalLayer nextDrawable] returning nil because allocation failed.
2026-09-15 21:32:56.957942+0700 Dream Again[16664:118009] [API] [CAMetalLayer nextDrawable] returning nil because allocation failed.
2026-09-15 21:32:56.975129+0700 Dream Again[16664:118009] [API] [CAMetalLayer nextDrawable] returning nil because allocation failed.
2026-09-15 21:32:56.991485+0700 Dream Again[16664:118009] [API] [CAMetalLayer nextDrawable] returning nil because allocation failed.
2026-09-15 21:32:57.007973+0700 Dream Again[16664:118009] [API] [CAMetalLayer nextDrawable] returning nil because allocation failed.
2026-09-15 21:32:57.024810+0700 Dream Again[16664:118009] [API] [CAMetalLayer nextDrawable] returning nil because allocation failed.
2026-09-15 21:32:57.041952+0700 Dream Again[16664:118009] [API] [CAMetalLayer nextDrawable] returning nil because allocation failed.
2026-09-15 21:32:57.058509+0700 Dream Again[16664:118009] [API] [CAMetalLayer nextDrawable] returning nil because allocation failed.
2026-09-15 21:32:57.075196+0700 Dream Again[16664:118009] [API] [CAMetalLayer nextDrawable] returning nil because allocation failed.
2026-09-15 21:32:57.091794+0700 Dream Again[16664:118009] [API] [CAMetalLayer nextDrawable] returning nil because allocation failed.
2026-09-15 21:32:57.108497+0700 Dream Again[16664:118009] [API] [CAMetalLayer nextDrawable] returning nil because allocation failed.
2026-09-15 21:32:57.125501+0700 Dream Again[16664:118009] [API] [CAMetalLayer nextDrawable] returning nil because allocation failed.
2026-09-15 21:32:57.142198+0700 Dream Again[16664:118009] [API] [CAMetalLayer nextDrawable] returning nil because allocation failed.
2026-09-15 21:32:57.158279+0700 Dream Again[16664:118009] [API] [CAMetalLayer nextDrawable] returning nil because allocation failed.
2026-09-15 21:32:57.174628+0700 Dream Again[16664:118009] [API] [CAMetalLayer nextDrawable] returning nil because allocation failed.
2026-09-15 21:32:57.191214+0700 Dream Again[16664:118009] [API] [CAMetalLayer nextDrawable] returning nil because allocation failed.
2026-09-15 21:32:57.208116+0700 Dream Again[16664:118009] [API] [CAMetalLayer nextDrawable] returning nil because allocation failed.
2026-09-15 21:32:57.224443+0700 Dream Again[16664:118009] [API] [CAMetalLayer nextDrawable] returning nil because allocation failed.
2026-09-15 21:32:57.241308+0700 Dream Again[16664:118009] [API] [CAMetalLayer nextDrawable] returning nil because allocation failed.
2026-09-15 21:32:57.257773+0700 Dream Again[16664:118009] [API] [CAMetalLayer nextDrawable] returning nil because allocation failed.
2026-09-15 21:32:57.275227+0700 Dream Again[16664:118009] [API] [CAMetalLayer nextDrawable] returning nil because allocation failed.
2026-09-15 21:32:57.290909+0700 Dream Again[16664:118009] [API] [CAMetalLayer nextDrawable] returning nil because allocation failed.
2026-09-15 21:32:57.309231+0700 Dream Again[16664:118009] [API] [CAMetalLayer nextDrawable] returning nil because allocation failed.
2026-09-15 21:32:57.324842+0700 Dream Again[16664:118009] [API] [CAMetalLayer nextDrawable] returning nil because allocation failed.
2026-09-15 21:32:57.341711+0700 Dream Again[16664:118009] [API] [CAMetalLayer nextDrawable] returning nil because allocation failed.
2026-09-15 21:32:57.358202+0700 Dream Again[16664:118009] [API] [CAMetalLayer nextDrawable] returning nil because allocation failed.
2026-09-15 21:32:57.374689+0700 Dream Again[16664:118009] [API] [CAMetalLayer nextDrawable] returning nil because allocation failed.
2026-09-15 21:32:57.391531+0700 Dream Again[16664:118009] [API] [CAMetalLayer nextDrawable] returning nil because allocation failed.
2026-09-15 21:32:57.407907+0700 Dream Again[16664:118009] [API] [CAMetalLayer nextDrawable] returning nil because allocation failed.
2026-09-15 21:32:57.424658+0700 Dream Again[16664:118009] [API] [CAMetalLayer nextDrawable] returning nil because allocation failed.
2026-09-15 21:32:57.441434+0700 Dream Again[16664:118009] [API] [CAMetalLayer nextDrawable] returning nil because allocation failed.
2026-09-15 21:32:57.458030+0700 Dream Again[16664:118009] [API] [CAMetalLayer nextDrawable] returning nil because allocation failed.
2026-09-15 21:32:57.475119+0700 Dream Again[16664:118009] [API] [CAMetalLayer nextDrawable] returning nil because allocation failed.
2026-09-15 21:32:57.491423+0700 Dream Again[16664:118009] [API] [CAMetalLayer nextDrawable] returning nil because allocation failed.
2026-09-15 21:32:57.508466+0700 Dream Again[16664:118009] [API] [CAMetalLayer nextDrawable] returning nil because allocation failed.
2026-09-15 21:32:57.524996+0700 Dream Again[16664:118009] [API] [CAMetalLayer nextDrawable] returning nil because allocation failed.
2026-09-15 21:32:57.541043+0700 Dream Again[16664:118009] [API] [CAMetalLayer nextDrawable] returning nil because allocation failed.
2026-09-15 21:32:57.557099+0700 Dream Again[16664:118009] [API] [CAMetalLayer nextDrawable] returning nil because allocation failed.
2026-09-15 21:32:57.573548+0700 Dream Again[16664:118009] [API] [CAMetalLayer nextDrawable] returning nil because allocation failed.
2026-09-15 21:32:57.590849+0700 Dream Again[16664:118009] [API] [CAMetalLayer nextDrawable] returning nil because allocation failed.
2026-09-15 21:32:57.608007+0700 Dream Again[16664:118009] [API] [CAMetalLayer nextDrawable] returning nil because allocation failed.
2026-09-15 21:32:57.623495+0700 Dream Again[16664:118009] [API] [CAMetalLayer nextDrawable] returning nil because allocation failed.
2026-09-15 21:32:57.640379+0700 Dream Again[16664:118009] [API] [CAMetalLayer nextDrawable] returning nil because allocation failed.
2026-09-15 21:32:57.656813+0700 Dream Again[16664:118009] [API] [CAMetalLayer nextDrawable] returning nil because allocation failed.
2026-09-15 21:32:57.673600+0700 Dream Again[16664:118009] [API] [CAMetalLayer nextDrawable] returning nil because allocation failed.
2026-09-15 21:32:57.690173+0700 Dream Again[16664:118009] [API] [CAMetalLayer nextDrawable] returning nil because allocation failed.
2026-09-15 21:32:57.707624+0700 Dream Again[16664:118009] [API] [CAMetalLayer nextDrawable] returning nil because allocation failed.
2026-09-15 21:32:57.723141+0700 Dream Again[16664:118009] [API] [CAMetalLayer nextDrawable] returning nil because allocation failed.
2026-09-15 21:32:57.740930+0700 Dream Again[16664:118009] [API] [CAMetalLayer nextDrawable] returning nil because allocation failed.
2026-09-15 21:32:57.756705+0700 Dream Again[16664:118009] [API] [CAMetalLayer nextDrawable] returning nil because allocation failed.
2026-09-15 21:32:57.775054+0700 Dream Again[16664:118009] [API] [CAMetalLayer nextDrawable] returning nil because allocation failed.
2026-09-15 21:32:57.790119+0700 Dream Again[16664:118009] [API] [CAMetalLayer nextDrawable] returning nil because allocation failed.
2026-09-15 21:32:57.806753+0700 Dream Again[16664:118009] [API] [CAMetalLayer nextDrawable] returning nil because allocation failed.
2026-09-15 21:32:57.823900+0700 Dream Again[16664:118009] [API] [CAMetalLayer nextDrawable] returning nil because allocation failed.
2026-09-15 21:32:57.841097+0700 Dream Again[16664:118009] [API] [CAMetalLayer nextDrawable] returning nil because allocation failed.
2026-09-15 21:32:57.856926+0700 Dream Again[16664:118009] [API] [CAMetalLayer nextDrawable] returning nil because allocation failed.
2026-09-15 21:32:57.874160+0700 Dream Again[16664:118009] [API] [CAMetalLayer nextDrawable] returning nil because allocation failed.
2026-09-15 21:32:57.890298+0700 Dream Again[16664:118009] [API] [CAMetalLayer nextDrawable] returning nil because allocation failed.
2026-09-15 21:32:57.907272+0700 Dream Again[16664:118009] [API] [CAMetalLayer nextDrawable] returning nil because allocation failed.
2026-09-15 21:32:57.923364+0700 Dream Again[16664:118009] [API] [CAMetalLayer nextDrawable] returning nil because allocation failed.
2026-09-15 21:32:57.940119+0700 Dream Again[16664:118009] [API] [CAMetalLayer nextDrawable] returning nil because allocation failed.
2026-09-15 21:32:58.345624+0700 Dream Again[16664:120809] [STS-N] exiting spatial tracking service update thread because wait returned 37
Test Case '-[Dream_AgainTests.Dream_AgainTests testHybridCollageLoadsOnceAndStaysBounded]' passed (3.168 seconds).
Test Case '-[Dream_AgainTests.Dream_AgainTests testMaterialVocabularyAndWhiteEndingRemainCompatible]' started.
2026-09-15 21:32:58.388742+0700 Dream Again[16664:117235] [Assets] Could not resolve material name 'engine:BuiltinRenderGraphResources/AR/suFeatheringCreateMergedOcclusionMask.rematerial' in bundle at '/Users/shiv/Library/Developer/CoreSimulator/Devices/80DBBEEC-A752-43F6-A60E-2419BAE5B77E/data/Containers/Bundle/Application/9B31E6CD-9A51-4AB6-973F-D0B6A590A7C9/Dream Again.app'. Loading via asset path.
2026-09-15 21:32:58.388873+0700 Dream Again[16664:117235] [Assets] Could not resolve material name 'engine:BuiltinRenderGraphResources/AR/arKitPassthrough.rematerial' in bundle at '/Users/shiv/Library/Developer/CoreSimulator/Devices/80DBBEEC-A752-43F6-A60E-2419BAE5B77E/data/Containers/Bundle/Application/9B31E6CD-9A51-4AB6-973F-D0B6A590A7C9/Dream Again.app'. Loading via asset path.
2026-09-15 21:32:58.388944+0700 Dream Again[16664:117235] [Assets] Could not resolve material name 'engine:BuiltinRenderGraphResources/AR/arSegmentationComposite.rematerial' in bundle at '/Users/shiv/Library/Developer/CoreSimulator/Devices/80DBBEEC-A752-43F6-A60E-2419BAE5B77E/data/Containers/Bundle/Application/9B31E6CD-9A51-4AB6-973F-D0B6A590A7C9/Dream Again.app'. Loading via asset path.
2026-09-15 21:32:58.389051+0700 Dream Again[16664:117235] [Assets] Could not resolve material name 'engine:BuiltinRenderGraphResources/AR/arInPlacePostProcessCombinedPermute0.rematerial' in bundle at '/Users/shiv/Library/Developer/CoreSimulator/Devices/80DBBEEC-A752-43F6-A60E-2419BAE5B77E/data/Containers/Bundle/Application/9B31E6CD-9A51-4AB6-973F-D0B6A590A7C9/Dream Again.app'. Loading via asset path.
2026-09-15 21:32:58.389379+0700 Dream Again[16664:117235] [Assets] Could not resolve material name 'engine:BuiltinRenderGraphResources/AR/arInPlacePostProcessCombinedPermute1.rematerial' in bundle at '/Users/shiv/Library/Developer/CoreSimulator/Devices/80DBBEEC-A752-43F6-A60E-2419BAE5B77E/data/Containers/Bundle/Application/9B31E6CD-9A51-4AB6-973F-D0B6A590A7C9/Dream Again.app'. Loading via asset path.
2026-09-15 21:32:58.389499+0700 Dream Again[16664:117235] [Assets] Could not resolve material name 'engine:BuiltinRenderGraphResources/AR/arInPlacePostProcessCombinedPermute2.rematerial' in bundle at '/Users/shiv/Library/Developer/CoreSimulator/Devices/80DBBEEC-A752-43F6-A60E-2419BAE5B77E/data/Containers/Bundle/Application/9B31E6CD-9A51-4AB6-973F-D0B6A590A7C9/Dream Again.app'. Loading via asset path.
2026-09-15 21:32:58.389596+0700 Dream Again[16664:117235] [Assets] Could not resolve material name 'engine:BuiltinRenderGraphResources/AR/arInPlacePostProcessCombinedPermute3.rematerial' in bundle at '/Users/shiv/Library/Developer/CoreSimulator/Devices/80DBBEEC-A752-43F6-A60E-2419BAE5B77E/data/Containers/Bundle/Application/9B31E6CD-9A51-4AB6-973F-D0B6A590A7C9/Dream Again.app'. Loading via asset path.
2026-09-15 21:32:58.390731+0700 Dream Again[16664:117235] [Assets] Could not resolve material name 'engine:BuiltinRenderGraphResources/AR/arInPlacePostProcessCombinedPermute4.rematerial' in bundle at '/Users/shiv/Library/Developer/CoreSimulator/Devices/80DBBEEC-A752-43F6-A60E-2419BAE5B77E/data/Containers/Bundle/Application/9B31E6CD-9A51-4AB6-973F-D0B6A590A7C9/Dream Again.app'. Loading via asset path.
2026-09-15 21:32:58.390819+0700 Dream Again[16664:117235] [Assets] Could not resolve material name 'engine:BuiltinRenderGraphResources/AR/arInPlacePostProcessCombinedPermute5.rematerial' in bundle at '/Users/shiv/Library/Developer/CoreSimulator/Devices/80DBBEEC-A752-43F6-A60E-2419BAE5B77E/data/Containers/Bundle/Application/9B31E6CD-9A51-4AB6-973F-D0B6A590A7C9/Dream Again.app'. Loading via asset path.
2026-09-15 21:32:58.390915+0700 Dream Again[16664:117235] [Assets] Could not resolve material name 'engine:BuiltinRenderGraphResources/AR/arInPlacePostProcessCombinedPermute6.rematerial' in bundle at '/Users/shiv/Library/Developer/CoreSimulator/Devices/80DBBEEC-A752-43F6-A60E-2419BAE5B77E/data/Containers/Bundle/Application/9B31E6CD-9A51-4AB6-973F-D0B6A590A7C9/Dream Again.app'. Loading via asset path.
2026-09-15 21:32:58.390999+0700 Dream Again[16664:117235] [Assets] Could not resolve material name 'engine:BuiltinRenderGraphResources/AR/arInPlacePostProcessCombinedPermute7.rematerial' in bundle at '/Users/shiv/Library/Developer/CoreSimulator/Devices/80DBBEEC-A752-43F6-A60E-2419BAE5B77E/data/Containers/Bundle/Application/9B31E6CD-9A51-4AB6-973F-D0B6A590A7C9/Dream Again.app'. Loading via asset path.
2026-09-15 21:32:58.391070+0700 Dream Again[16664:117235] [Assets] Could not resolve material name 'engine:BuiltinRenderGraphResources/AR/arInPlacePostProcessCombinedPermute8.rematerial' in bundle at '/Users/shiv/Library/Developer/CoreSimulator/Devices/80DBBEEC-A752-43F6-A60E-2419BAE5B77E/data/Containers/Bundle/Application/9B31E6CD-9A51-4AB6-973F-D0B6A590A7C9/Dream Again.app'. Loading via asset path.
2026-09-15 21:32:58.391162+0700 Dream Again[16664:117235] [Assets] Could not resolve material name 'engine:BuiltinRenderGraphResources/AR/arInPlacePostProcessCombinedPermute9.rematerial' in bundle at '/Users/shiv/Library/Developer/CoreSimulator/Devices/80DBBEEC-A752-43F6-A60E-2419BAE5B77E/data/Containers/Bundle/Application/9B31E6CD-9A51-4AB6-973F-D0B6A590A7C9/Dream Again.app'. Loading via asset path.
2026-09-15 21:32:58.391226+0700 Dream Again[16664:117235] [Assets] Could not resolve material name 'engine:BuiltinRenderGraphResources/AR/arInPlacePostProcessCombinedPermute10.rematerial' in bundle at '/Users/shiv/Library/Developer/CoreSimulator/Devices/80DBBEEC-A752-43F6-A60E-2419BAE5B77E/data/Containers/Bundle/Application/9B31E6CD-9A51-4AB6-973F-D0B6A590A7C9/Dream Again.app'. Loading via asset path.
2026-09-15 21:32:58.391382+0700 Dream Again[16664:117235] [Assets] Could not resolve material name 'engine:BuiltinRenderGraphResources/AR/arInPlacePostProcessCombinedPermute11.rematerial' in bundle at '/Users/shiv/Library/Developer/CoreSimulator/Devices/80DBBEEC-A752-43F6-A60E-2419BAE5B77E/data/Containers/Bundle/Application/9B31E6CD-9A51-4AB6-973F-D0B6A590A7C9/Dream Again.app'. Loading via asset path.
2026-09-15 21:32:58.391447+0700 Dream Again[16664:117235] [Assets] Could not resolve material name 'engine:BuiltinRenderGraphResources/AR/arInPlacePostProcessCombinedPermute12.rematerial' in bundle at '/Users/shiv/Library/Developer/CoreSimulator/Devices/80DBBEEC-A752-43F6-A60E-2419BAE5B77E/data/Containers/Bundle/Application/9B31E6CD-9A51-4AB6-973F-D0B6A590A7C9/Dream Again.app'. Loading via asset path.
2026-09-15 21:32:58.391513+0700 Dream Again[16664:117235] [Assets] Could not resolve material name 'engine:BuiltinRenderGraphResources/AR/arInPlacePostProcessCombinedPermute13.rematerial' in bundle at '/Users/shiv/Library/Developer/CoreSimulator/Devices/80DBBEEC-A752-43F6-A60E-2419BAE5B77E/data/Containers/Bundle/Application/9B31E6CD-9A51-4AB6-973F-D0B6A590A7C9/Dream Again.app'. Loading via asset path.
2026-09-15 21:32:58.391621+0700 Dream Again[16664:117235] [Assets] Could not resolve material name 'engine:BuiltinRenderGraphResources/AR/arInPlacePostProcessCombinedPermute14.rematerial' in bundle at '/Users/shiv/Library/Developer/CoreSimulator/Devices/80DBBEEC-A752-43F6-A60E-2419BAE5B77E/data/Containers/Bundle/Application/9B31E6CD-9A51-4AB6-973F-D0B6A590A7C9/Dream Again.app'. Loading via asset path.
2026-09-15 21:32:58.391736+0700 Dream Again[16664:117235] [Assets] Could not resolve material name 'engine:BuiltinRenderGraphResources/AR/arInPlacePostProcessCombinedPermute15.rematerial' in bundle at '/Users/shiv/Library/Developer/CoreSimulator/Devices/80DBBEEC-A752-43F6-A60E-2419BAE5B77E/data/Containers/Bundle/Application/9B31E6CD-9A51-4AB6-973F-D0B6A590A7C9/Dream Again.app'. Loading via asset path.
2026-09-15 21:32:59.420439+0700 Dream Again[16664:120950] [STS-N] exiting spatial tracking service update thread because wait returned 37
Test Case '-[Dream_AgainTests.Dream_AgainTests testMaterialVocabularyAndWhiteEndingRemainCompatible]' passed (1.072 seconds).
Test Case '-[Dream_AgainTests.Dream_AgainTests testMirrorVoidCoversFrameOpening]' started.
2026-09-15 21:32:59.478926+0700 Dream Again[16664:117235] [Assets] Could not resolve material name 'engine:BuiltinRenderGraphResources/AR/suFeatheringCreateMergedOcclusionMask.rematerial' in bundle at '/Users/shiv/Library/Developer/CoreSimulator/Devices/80DBBEEC-A752-43F6-A60E-2419BAE5B77E/data/Containers/Bundle/Application/9B31E6CD-9A51-4AB6-973F-D0B6A590A7C9/Dream Again.app'. Loading via asset path.
2026-09-15 21:32:59.479169+0700 Dream Again[16664:117235] [Assets] Could not resolve material name 'engine:BuiltinRenderGraphResources/AR/arKitPassthrough.rematerial' in bundle at '/Users/shiv/Library/Developer/CoreSimulator/Devices/80DBBEEC-A752-43F6-A60E-2419BAE5B77E/data/Containers/Bundle/Application/9B31E6CD-9A51-4AB6-973F-D0B6A590A7C9/Dream Again.app'. Loading via asset path.
2026-09-15 21:32:59.479307+0700 Dream Again[16664:117235] [Assets] Could not resolve material name 'engine:BuiltinRenderGraphResources/AR/arSegmentationComposite.rematerial' in bundle at '/Users/shiv/Library/Developer/CoreSimulator/Devices/80DBBEEC-A752-43F6-A60E-2419BAE5B77E/data/Containers/Bundle/Application/9B31E6CD-9A51-4AB6-973F-D0B6A590A7C9/Dream Again.app'. Loading via asset path.
2026-09-15 21:32:59.479473+0700 Dream Again[16664:117235] [Assets] Could not resolve material name 'engine:BuiltinRenderGraphResources/AR/arInPlacePostProcessCombinedPermute0.rematerial' in bundle at '/Users/shiv/Library/Developer/CoreSimulator/Devices/80DBBEEC-A752-43F6-A60E-2419BAE5B77E/data/Containers/Bundle/Application/9B31E6CD-9A51-4AB6-973F-D0B6A590A7C9/Dream Again.app'. Loading via asset path.
2026-09-15 21:32:59.479824+0700 Dream Again[16664:117235] [Assets] Could not resolve material name 'engine:BuiltinRenderGraphResources/AR/arInPlacePostProcessCombinedPermute1.rematerial' in bundle at '/Users/shiv/Library/Developer/CoreSimulator/Devices/80DBBEEC-A752-43F6-A60E-2419BAE5B77E/data/Containers/Bundle/Application/9B31E6CD-9A51-4AB6-973F-D0B6A590A7C9/Dream Again.app'. Loading via asset path.
2026-09-15 21:32:59.480020+0700 Dream Again[16664:117235] [Assets] Could not resolve material name 'engine:BuiltinRenderGraphResources/AR/arInPlacePostProcessCombinedPermute2.rematerial' in bundle at '/Users/shiv/Library/Developer/CoreSimulator/Devices/80DBBEEC-A752-43F6-A60E-2419BAE5B77E/data/Containers/Bundle/Application/9B31E6CD-9A51-4AB6-973F-D0B6A590A7C9/Dream Again.app'. Loading via asset path.
2026-09-15 21:32:59.480162+0700 Dream Again[16664:117235] [Assets] Could not resolve material name 'engine:BuiltinRenderGraphResources/AR/arInPlacePostProcessCombinedPermute3.rematerial' in bundle at '/Users/shiv/Library/Developer/CoreSimulator/Devices/80DBBEEC-A752-43F6-A60E-2419BAE5B77E/data/Containers/Bundle/Application/9B31E6CD-9A51-4AB6-973F-D0B6A590A7C9/Dream Again.app'. Loading via asset path.
2026-09-15 21:32:59.480303+0700 Dream Again[16664:117235] [Assets] Could not resolve material name 'engine:BuiltinRenderGraphResources/AR/arInPlacePostProcessCombinedPermute4.rematerial' in bundle at '/Users/shiv/Library/Developer/CoreSimulator/Devices/80DBBEEC-A752-43F6-A60E-2419BAE5B77E/data/Containers/Bundle/Application/9B31E6CD-9A51-4AB6-973F-D0B6A590A7C9/Dream Again.app'. Loading via asset path.
2026-09-15 21:32:59.480459+0700 Dream Again[16664:117235] [Assets] Could not resolve material name 'engine:BuiltinRenderGraphResources/AR/arInPlacePostProcessCombinedPermute5.rematerial' in bundle at '/Users/shiv/Library/Developer/CoreSimulator/Devices/80DBBEEC-A752-43F6-A60E-2419BAE5B77E/data/Containers/Bundle/Application/9B31E6CD-9A51-4AB6-973F-D0B6A590A7C9/Dream Again.app'. Loading via asset path.
2026-09-15 21:32:59.480706+0700 Dream Again[16664:117235] [Assets] Could not resolve material name 'engine:BuiltinRenderGraphResources/AR/arInPlacePostProcessCombinedPermute6.rematerial' in bundle at '/Users/shiv/Library/Developer/CoreSimulator/Devices/80DBBEEC-A752-43F6-A60E-2419BAE5B77E/data/Containers/Bundle/Application/9B31E6CD-9A51-4AB6-973F-D0B6A590A7C9/Dream Again.app'. Loading via asset path.
2026-09-15 21:32:59.480840+0700 Dream Again[16664:117235] [Assets] Could not resolve material name 'engine:BuiltinRenderGraphResources/AR/arInPlacePostProcessCombinedPermute7.rematerial' in bundle at '/Users/shiv/Library/Developer/CoreSimulator/Devices/80DBBEEC-A752-43F6-A60E-2419BAE5B77E/data/Containers/Bundle/Application/9B31E6CD-9A51-4AB6-973F-D0B6A590A7C9/Dream Again.app'. Loading via asset path.
2026-09-15 21:32:59.480989+0700 Dream Again[16664:117235] [Assets] Could not resolve material name 'engine:BuiltinRenderGraphResources/AR/arInPlacePostProcessCombinedPermute8.rematerial' in bundle at '/Users/shiv/Library/Developer/CoreSimulator/Devices/80DBBEEC-A752-43F6-A60E-2419BAE5B77E/data/Containers/Bundle/Application/9B31E6CD-9A51-4AB6-973F-D0B6A590A7C9/Dream Again.app'. Loading via asset path.
2026-09-15 21:32:59.482530+0700 Dream Again[16664:117235] [Assets] Could not resolve material name 'engine:BuiltinRenderGraphResources/AR/arInPlacePostProcessCombinedPermute9.rematerial' in bundle at '/Users/shiv/Library/Developer/CoreSimulator/Devices/80DBBEEC-A752-43F6-A60E-2419BAE5B77E/data/Containers/Bundle/Application/9B31E6CD-9A51-4AB6-973F-D0B6A590A7C9/Dream Again.app'. Loading via asset path.
2026-09-15 21:32:59.482687+0700 Dream Again[16664:117235] [Assets] Could not resolve material name 'engine:BuiltinRenderGraphResources/AR/arInPlacePostProcessCombinedPermute10.rematerial' in bundle at '/Users/shiv/Library/Developer/CoreSimulator/Devices/80DBBEEC-A752-43F6-A60E-2419BAE5B77E/data/Containers/Bundle/Application/9B31E6CD-9A51-4AB6-973F-D0B6A590A7C9/Dream Again.app'. Loading via asset path.
2026-09-15 21:32:59.483064+0700 Dream Again[16664:117235] [Assets] Could not resolve material name 'engine:BuiltinRenderGraphResources/AR/arInPlacePostProcessCombinedPermute11.rematerial' in bundle at '/Users/shiv/Library/Developer/CoreSimulator/Devices/80DBBEEC-A752-43F6-A60E-2419BAE5B77E/data/Containers/Bundle/Application/9B31E6CD-9A51-4AB6-973F-D0B6A590A7C9/Dream Again.app'. Loading via asset path.
2026-09-15 21:32:59.483199+0700 Dream Again[16664:117235] [Assets] Could not resolve material name 'engine:BuiltinRenderGraphResources/AR/arInPlacePostProcessCombinedPermute12.rematerial' in bundle at '/Users/shiv/Library/Developer/CoreSimulator/Devices/80DBBEEC-A752-43F6-A60E-2419BAE5B77E/data/Containers/Bundle/Application/9B31E6CD-9A51-4AB6-973F-D0B6A590A7C9/Dream Again.app'. Loading via asset path.
2026-09-15 21:32:59.483314+0700 Dream Again[16664:117235] [Assets] Could not resolve material name 'engine:BuiltinRenderGraphResources/AR/arInPlacePostProcessCombinedPermute13.rematerial' in bundle at '/Users/shiv/Library/Developer/CoreSimulator/Devices/80DBBEEC-A752-43F6-A60E-2419BAE5B77E/data/Containers/Bundle/Application/9B31E6CD-9A51-4AB6-973F-D0B6A590A7C9/Dream Again.app'. Loading via asset path.
2026-09-15 21:32:59.483608+0700 Dream Again[16664:117235] [Assets] Could not resolve material name 'engine:BuiltinRenderGraphResources/AR/arInPlacePostProcessCombinedPermute14.rematerial' in bundle at '/Users/shiv/Library/Developer/CoreSimulator/Devices/80DBBEEC-A752-43F6-A60E-2419BAE5B77E/data/Containers/Bundle/Application/9B31E6CD-9A51-4AB6-973F-D0B6A590A7C9/Dream Again.app'. Loading via asset path.
2026-09-15 21:32:59.483736+0700 Dream Again[16664:117235] [Assets] Could not resolve material name 'engine:BuiltinRenderGraphResources/AR/arInPlacePostProcessCombinedPermute15.rematerial' in bundle at '/Users/shiv/Library/Developer/CoreSimulator/Devices/80DBBEEC-A752-43F6-A60E-2419BAE5B77E/data/Containers/Bundle/Application/9B31E6CD-9A51-4AB6-973F-D0B6A590A7C9/Dream Again.app'. Loading via asset path.
2026-09-15 21:33:00.071504+0700 Dream Again[16664:121210] [STS-N] exiting spatial tracking service update thread because wait returned 37
Test Case '-[Dream_AgainTests.Dream_AgainTests testMirrorVoidCoversFrameOpening]' passed (0.651 seconds).
Test Case '-[Dream_AgainTests.Dream_AgainTests testNormalDreamClearsVisualReviewOverrides]' started.
2026-09-15 21:33:00.150944+0700 Dream Again[16664:117235] [Assets] Could not resolve material name 'engine:BuiltinRenderGraphResources/AR/suFeatheringCreateMergedOcclusionMask.rematerial' in bundle at '/Users/shiv/Library/Developer/CoreSimulator/Devices/80DBBEEC-A752-43F6-A60E-2419BAE5B77E/data/Containers/Bundle/Application/9B31E6CD-9A51-4AB6-973F-D0B6A590A7C9/Dream Again.app'. Loading via asset path.
2026-09-15 21:33:00.151236+0700 Dream Again[16664:117235] [Assets] Could not resolve material name 'engine:BuiltinRenderGraphResources/AR/arKitPassthrough.rematerial' in bundle at '/Users/shiv/Library/Developer/CoreSimulator/Devices/80DBBEEC-A752-43F6-A60E-2419BAE5B77E/data/Containers/Bundle/Application/9B31E6CD-9A51-4AB6-973F-D0B6A590A7C9/Dream Again.app'. Loading via asset path.
2026-09-15 21:33:00.151429+0700 Dream Again[16664:117235] [Assets] Could not resolve material name 'engine:BuiltinRenderGraphResources/AR/arSegmentationComposite.rematerial' in bundle at '/Users/shiv/Library/Developer/CoreSimulator/Devices/80DBBEEC-A752-43F6-A60E-2419BAE5B77E/data/Containers/Bundle/Application/9B31E6CD-9A51-4AB6-973F-D0B6A590A7C9/Dream Again.app'. Loading via asset path.
2026-09-15 21:33:00.151587+0700 Dream Again[16664:117235] [Assets] Could not resolve material name 'engine:BuiltinRenderGraphResources/AR/arInPlacePostProcessCombinedPermute0.rematerial' in bundle at '/Users/shiv/Library/Developer/CoreSimulator/Devices/80DBBEEC-A752-43F6-A60E-2419BAE5B77E/data/Containers/Bundle/Application/9B31E6CD-9A51-4AB6-973F-D0B6A590A7C9/Dream Again.app'. Loading via asset path.
2026-09-15 21:33:00.151813+0700 Dream Again[16664:117235] [Assets] Could not resolve material name 'engine:BuiltinRenderGraphResources/AR/arInPlacePostProcessCombinedPermute1.rematerial' in bundle at '/Users/shiv/Library/Developer/CoreSimulator/Devices/80DBBEEC-A752-43F6-A60E-2419BAE5B77E/data/Containers/Bundle/Application/9B31E6CD-9A51-4AB6-973F-D0B6A590A7C9/Dream Again.app'. Loading via asset path.
2026-09-15 21:33:00.151999+0700 Dream Again[16664:117235] [Assets] Could not resolve material name 'engine:BuiltinRenderGraphResources/AR/arInPlacePostProcessCombinedPermute2.rematerial' in bundle at '/Users/shiv/Library/Developer/CoreSimulator/Devices/80DBBEEC-A752-43F6-A60E-2419BAE5B77E/data/Containers/Bundle/Application/9B31E6CD-9A51-4AB6-973F-D0B6A590A7C9/Dream Again.app'. Loading via asset path.
2026-09-15 21:33:00.152143+0700 Dream Again[16664:117235] [Assets] Could not resolve material name 'engine:BuiltinRenderGraphResources/AR/arInPlacePostProcessCombinedPermute3.rematerial' in bundle at '/Users/shiv/Library/Developer/CoreSimulator/Devices/80DBBEEC-A752-43F6-A60E-2419BAE5B77E/data/Containers/Bundle/Application/9B31E6CD-9A51-4AB6-973F-D0B6A590A7C9/Dream Again.app'. Loading via asset path.
2026-09-15 21:33:00.153261+0700 Dream Again[16664:117235] [Assets] Could not resolve material name 'engine:BuiltinRenderGraphResources/AR/arInPlacePostProcessCombinedPermute4.rematerial' in bundle at '/Users/shiv/Library/Developer/CoreSimulator/Devices/80DBBEEC-A752-43F6-A60E-2419BAE5B77E/data/Containers/Bundle/Application/9B31E6CD-9A51-4AB6-973F-D0B6A590A7C9/Dream Again.app'. Loading via asset path.
2026-09-15 21:33:00.153405+0700 Dream Again[16664:117235] [Assets] Could not resolve material name 'engine:BuiltinRenderGraphResources/AR/arInPlacePostProcessCombinedPermute5.rematerial' in bundle at '/Users/shiv/Library/Developer/CoreSimulator/Devices/80DBBEEC-A752-43F6-A60E-2419BAE5B77E/data/Containers/Bundle/Application/9B31E6CD-9A51-4AB6-973F-D0B6A590A7C9/Dream Again.app'. Loading via asset path.
2026-09-15 21:33:00.155241+0700 Dream Again[16664:117235] [Assets] Could not resolve material name 'engine:BuiltinRenderGraphResources/AR/arInPlacePostProcessCombinedPermute6.rematerial' in bundle at '/Users/shiv/Library/Developer/CoreSimulator/Devices/80DBBEEC-A752-43F6-A60E-2419BAE5B77E/data/Containers/Bundle/Application/9B31E6CD-9A51-4AB6-973F-D0B6A590A7C9/Dream Again.app'. Loading via asset path.
2026-09-15 21:33:00.155430+0700 Dream Again[16664:117235] [Assets] Could not resolve material name 'engine:BuiltinRenderGraphResources/AR/arInPlacePostProcessCombinedPermute7.rematerial' in bundle at '/Users/shiv/Library/Developer/CoreSimulator/Devices/80DBBEEC-A752-43F6-A60E-2419BAE5B77E/data/Containers/Bundle/Application/9B31E6CD-9A51-4AB6-973F-D0B6A590A7C9/Dream Again.app'. Loading via asset path.
2026-09-15 21:33:00.155589+0700 Dream Again[16664:117235] [Assets] Could not resolve material name 'engine:BuiltinRenderGraphResources/AR/arInPlacePostProcessCombinedPermute8.rematerial' in bundle at '/Users/shiv/Library/Developer/CoreSimulator/Devices/80DBBEEC-A752-43F6-A60E-2419BAE5B77E/data/Containers/Bundle/Application/9B31E6CD-9A51-4AB6-973F-D0B6A590A7C9/Dream Again.app'. Loading via asset path.
2026-09-15 21:33:00.155867+0700 Dream Again[16664:117235] [Assets] Could not resolve material name 'engine:BuiltinRenderGraphResources/AR/arInPlacePostProcessCombinedPermute9.rematerial' in bundle at '/Users/shiv/Library/Developer/CoreSimulator/Devices/80DBBEEC-A752-43F6-A60E-2419BAE5B77E/data/Containers/Bundle/Application/9B31E6CD-9A51-4AB6-973F-D0B6A590A7C9/Dream Again.app'. Loading via asset path.
2026-09-15 21:33:00.156050+0700 Dream Again[16664:117235] [Assets] Could not resolve material name 'engine:BuiltinRenderGraphResources/AR/arInPlacePostProcessCombinedPermute10.rematerial' in bundle at '/Users/shiv/Library/Developer/CoreSimulator/Devices/80DBBEEC-A752-43F6-A60E-2419BAE5B77E/data/Containers/Bundle/Application/9B31E6CD-9A51-4AB6-973F-D0B6A590A7C9/Dream Again.app'. Loading via asset path.
2026-09-15 21:33:00.156199+0700 Dream Again[16664:117235] [Assets] Could not resolve material name 'engine:BuiltinRenderGraphResources/AR/arInPlacePostProcessCombinedPermute11.rematerial' in bundle at '/Users/shiv/Library/Developer/CoreSimulator/Devices/80DBBEEC-A752-43F6-A60E-2419BAE5B77E/data/Containers/Bundle/Application/9B31E6CD-9A51-4AB6-973F-D0B6A590A7C9/Dream Again.app'. Loading via asset path.
2026-09-15 21:33:00.156354+0700 Dream Again[16664:117235] [Assets] Could not resolve material name 'engine:BuiltinRenderGraphResources/AR/arInPlacePostProcessCombinedPermute12.rematerial' in bundle at '/Users/shiv/Library/Developer/CoreSimulator/Devices/80DBBEEC-A752-43F6-A60E-2419BAE5B77E/data/Containers/Bundle/Application/9B31E6CD-9A51-4AB6-973F-D0B6A590A7C9/Dream Again.app'. Loading via asset path.
2026-09-15 21:33:00.156556+0700 Dream Again[16664:117235] [Assets] Could not resolve material name 'engine:BuiltinRenderGraphResources/AR/arInPlacePostProcessCombinedPermute13.rematerial' in bundle at '/Users/shiv/Library/Developer/CoreSimulator/Devices/80DBBEEC-A752-43F6-A60E-2419BAE5B77E/data/Containers/Bundle/Application/9B31E6CD-9A51-4AB6-973F-D0B6A590A7C9/Dream Again.app'. Loading via asset path.
2026-09-15 21:33:00.156719+0700 Dream Again[16664:117235] [Assets] Could not resolve material name 'engine:BuiltinRenderGraphResources/AR/arInPlacePostProcessCombinedPermute14.rematerial' in bundle at '/Users/shiv/Library/Developer/CoreSimulator/Devices/80DBBEEC-A752-43F6-A60E-2419BAE5B77E/data/Containers/Bundle/Application/9B31E6CD-9A51-4AB6-973F-D0B6A590A7C9/Dream Again.app'. Loading via asset path.
2026-09-15 21:33:00.156906+0700 Dream Again[16664:117235] [Assets] Could not resolve material name 'engine:BuiltinRenderGraphResources/AR/arInPlacePostProcessCombinedPermute15.rematerial' in bundle at '/Users/shiv/Library/Developer/CoreSimulator/Devices/80DBBEEC-A752-43F6-A60E-2419BAE5B77E/data/Containers/Bundle/Application/9B31E6CD-9A51-4AB6-973F-D0B6A590A7C9/Dream Again.app'. Loading via asset path.
2026-09-15 21:33:02.451586+0700 Dream Again[16664:121237] [STS-N] exiting spatial tracking service update thread because wait returned 37
Test Case '-[Dream_AgainTests.Dream_AgainTests testNormalDreamClearsVisualReviewOverrides]' passed (2.374 seconds).
Test Case '-[Dream_AgainTests.Dream_AgainTests testObstacleAnimationReusesEntitiesAndRewardsStayDisabled]' started.
2026-09-15 21:33:02.512720+0700 Dream Again[16664:117235] [Assets] Could not resolve material name 'engine:BuiltinRenderGraphResources/AR/suFeatheringCreateMergedOcclusionMask.rematerial' in bundle at '/Users/shiv/Library/Developer/CoreSimulator/Devices/80DBBEEC-A752-43F6-A60E-2419BAE5B77E/data/Containers/Bundle/Application/9B31E6CD-9A51-4AB6-973F-D0B6A590A7C9/Dream Again.app'. Loading via asset path.
2026-09-15 21:33:02.512860+0700 Dream Again[16664:117235] [Assets] Could not resolve material name 'engine:BuiltinRenderGraphResources/AR/arKitPassthrough.rematerial' in bundle at '/Users/shiv/Library/Developer/CoreSimulator/Devices/80DBBEEC-A752-43F6-A60E-2419BAE5B77E/data/Containers/Bundle/Application/9B31E6CD-9A51-4AB6-973F-D0B6A590A7C9/Dream Again.app'. Loading via asset path.
2026-09-15 21:33:02.512950+0700 Dream Again[16664:117235] [Assets] Could not resolve material name 'engine:BuiltinRenderGraphResources/AR/arSegmentationComposite.rematerial' in bundle at '/Users/shiv/Library/Developer/CoreSimulator/Devices/80DBBEEC-A752-43F6-A60E-2419BAE5B77E/data/Containers/Bundle/Application/9B31E6CD-9A51-4AB6-973F-D0B6A590A7C9/Dream Again.app'. Loading via asset path.
2026-09-15 21:33:02.513019+0700 Dream Again[16664:117235] [Assets] Could not resolve material name 'engine:BuiltinRenderGraphResources/AR/arInPlacePostProcessCombinedPermute0.rematerial' in bundle at '/Users/shiv/Library/Developer/CoreSimulator/Devices/80DBBEEC-A752-43F6-A60E-2419BAE5B77E/data/Containers/Bundle/Application/9B31E6CD-9A51-4AB6-973F-D0B6A590A7C9/Dream Again.app'. Loading via asset path.
2026-09-15 21:33:02.513459+0700 Dream Again[16664:117235] [Assets] Could not resolve material name 'engine:BuiltinRenderGraphResources/AR/arInPlacePostProcessCombinedPermute1.rematerial' in bundle at '/Users/shiv/Library/Developer/CoreSimulator/Devices/80DBBEEC-A752-43F6-A60E-2419BAE5B77E/data/Containers/Bundle/Application/9B31E6CD-9A51-4AB6-973F-D0B6A590A7C9/Dream Again.app'. Loading via asset path.
2026-09-15 21:33:02.513527+0700 Dream Again[16664:117235] [Assets] Could not resolve material name 'engine:BuiltinRenderGraphResources/AR/arInPlacePostProcessCombinedPermute2.rematerial' in bundle at '/Users/shiv/Library/Developer/CoreSimulator/Devices/80DBBEEC-A752-43F6-A60E-2419BAE5B77E/data/Containers/Bundle/Application/9B31E6CD-9A51-4AB6-973F-D0B6A590A7C9/Dream Again.app'. Loading via asset path.
2026-09-15 21:33:02.513588+0700 Dream Again[16664:117235] [Assets] Could not resolve material name 'engine:BuiltinRenderGraphResources/AR/arInPlacePostProcessCombinedPermute3.rematerial' in bundle at '/Users/shiv/Library/Developer/CoreSimulator/Devices/80DBBEEC-A752-43F6-A60E-2419BAE5B77E/data/Containers/Bundle/Application/9B31E6CD-9A51-4AB6-973F-D0B6A590A7C9/Dream Again.app'. Loading via asset path.
2026-09-15 21:33:02.514790+0700 Dream Again[16664:117235] [Assets] Could not resolve material name 'engine:BuiltinRenderGraphResources/AR/arInPlacePostProcessCombinedPermute4.rematerial' in bundle at '/Users/shiv/Library/Developer/CoreSimulator/Devices/80DBBEEC-A752-43F6-A60E-2419BAE5B77E/data/Containers/Bundle/Application/9B31E6CD-9A51-4AB6-973F-D0B6A590A7C9/Dream Again.app'. Loading via asset path.
2026-09-15 21:33:02.514893+0700 Dream Again[16664:117235] [Assets] Could not resolve material name 'engine:BuiltinRenderGraphResources/AR/arInPlacePostProcessCombinedPermute5.rematerial' in bundle at '/Users/shiv/Library/Developer/CoreSimulator/Devices/80DBBEEC-A752-43F6-A60E-2419BAE5B77E/data/Containers/Bundle/Application/9B31E6CD-9A51-4AB6-973F-D0B6A590A7C9/Dream Again.app'. Loading via asset path.
2026-09-15 21:33:02.515231+0700 Dream Again[16664:117235] [Assets] Could not resolve material name 'engine:BuiltinRenderGraphResources/AR/arInPlacePostProcessCombinedPermute6.rematerial' in bundle at '/Users/shiv/Library/Developer/CoreSimulator/Devices/80DBBEEC-A752-43F6-A60E-2419BAE5B77E/data/Containers/Bundle/Application/9B31E6CD-9A51-4AB6-973F-D0B6A590A7C9/Dream Again.app'. Loading via asset path.
2026-09-15 21:33:02.515331+0700 Dream Again[16664:117235] [Assets] Could not resolve material name 'engine:BuiltinRenderGraphResources/AR/arInPlacePostProcessCombinedPermute7.rematerial' in bundle at '/Users/shiv/Library/Developer/CoreSimulator/Devices/80DBBEEC-A752-43F6-A60E-2419BAE5B77E/data/Containers/Bundle/Application/9B31E6CD-9A51-4AB6-973F-D0B6A590A7C9/Dream Again.app'. Loading via asset path.
2026-09-15 21:33:02.515405+0700 Dream Again[16664:117235] [Assets] Could not resolve material name 'engine:BuiltinRenderGraphResources/AR/arInPlacePostProcessCombinedPermute8.rematerial' in bundle at '/Users/shiv/Library/Developer/CoreSimulator/Devices/80DBBEEC-A752-43F6-A60E-2419BAE5B77E/data/Containers/Bundle/Application/9B31E6CD-9A51-4AB6-973F-D0B6A590A7C9/Dream Again.app'. Loading via asset path.
2026-09-15 21:33:02.515476+0700 Dream Again[16664:117235] [Assets] Could not resolve material name 'engine:BuiltinRenderGraphResources/AR/arInPlacePostProcessCombinedPermute9.rematerial' in bundle at '/Users/shiv/Library/Developer/CoreSimulator/Devices/80DBBEEC-A752-43F6-A60E-2419BAE5B77E/data/Containers/Bundle/Application/9B31E6CD-9A51-4AB6-973F-D0B6A590A7C9/Dream Again.app'. Loading via asset path.
2026-09-15 21:33:02.515555+0700 Dream Again[16664:117235] [Assets] Could not resolve material name 'engine:BuiltinRenderGraphResources/AR/arInPlacePostProcessCombinedPermute10.rematerial' in bundle at '/Users/shiv/Library/Developer/CoreSimulator/Devices/80DBBEEC-A752-43F6-A60E-2419BAE5B77E/data/Containers/Bundle/Application/9B31E6CD-9A51-4AB6-973F-D0B6A590A7C9/Dream Again.app'. Loading via asset path.
2026-09-15 21:33:02.515631+0700 Dream Again[16664:117235] [Assets] Could not resolve material name 'engine:BuiltinRenderGraphResources/AR/arInPlacePostProcessCombinedPermute11.rematerial' in bundle at '/Users/shiv/Library/Developer/CoreSimulator/Devices/80DBBEEC-A752-43F6-A60E-2419BAE5B77E/data/Containers/Bundle/Application/9B31E6CD-9A51-4AB6-973F-D0B6A590A7C9/Dream Again.app'. Loading via asset path.
2026-09-15 21:33:02.515697+0700 Dream Again[16664:117235] [Assets] Could not resolve material name 'engine:BuiltinRenderGraphResources/AR/arInPlacePostProcessCombinedPermute12.rematerial' in bundle at '/Users/shiv/Library/Developer/CoreSimulator/Devices/80DBBEEC-A752-43F6-A60E-2419BAE5B77E/data/Containers/Bundle/Application/9B31E6CD-9A51-4AB6-973F-D0B6A590A7C9/Dream Again.app'. Loading via asset path.
2026-09-15 21:33:02.515779+0700 Dream Again[16664:117235] [Assets] Could not resolve material name 'engine:BuiltinRenderGraphResources/AR/arInPlacePostProcessCombinedPermute13.rematerial' in bundle at '/Users/shiv/Library/Developer/CoreSimulator/Devices/80DBBEEC-A752-43F6-A60E-2419BAE5B77E/data/Containers/Bundle/Application/9B31E6CD-9A51-4AB6-973F-D0B6A590A7C9/Dream Again.app'. Loading via asset path.
2026-09-15 21:33:02.515853+0700 Dream Again[16664:117235] [Assets] Could not resolve material name 'engine:BuiltinRenderGraphResources/AR/arInPlacePostProcessCombinedPermute14.rematerial' in bundle at '/Users/shiv/Library/Developer/CoreSimulator/Devices/80DBBEEC-A752-43F6-A60E-2419BAE5B77E/data/Containers/Bundle/Application/9B31E6CD-9A51-4AB6-973F-D0B6A590A7C9/Dream Again.app'. Loading via asset path.
2026-09-15 21:33:02.515924+0700 Dream Again[16664:117235] [Assets] Could not resolve material name 'engine:BuiltinRenderGraphResources/AR/arInPlacePostProcessCombinedPermute15.rematerial' in bundle at '/Users/shiv/Library/Developer/CoreSimulator/Devices/80DBBEEC-A752-43F6-A60E-2419BAE5B77E/data/Containers/Bundle/Application/9B31E6CD-9A51-4AB6-973F-D0B6A590A7C9/Dream Again.app'. Loading via asset path.
2026-09-15 21:33:03.271091+0700 Dream Again[16664:121293] [STS-N] exiting spatial tracking service update thread because wait returned 37
Test Case '-[Dream_AgainTests.Dream_AgainTests testObstacleAnimationReusesEntitiesAndRewardsStayDisabled]' passed (0.818 seconds).
Test Case '-[Dream_AgainTests.Dream_AgainTests testObstacleGeometryAndLightningAnimation]' started.
2026-09-15 21:33:03.318962+0700 Dream Again[16664:117235] [Assets] Could not resolve material name 'engine:BuiltinRenderGraphResources/AR/suFeatheringCreateMergedOcclusionMask.rematerial' in bundle at '/Users/shiv/Library/Developer/CoreSimulator/Devices/80DBBEEC-A752-43F6-A60E-2419BAE5B77E/data/Containers/Bundle/Application/9B31E6CD-9A51-4AB6-973F-D0B6A590A7C9/Dream Again.app'. Loading via asset path.
2026-09-15 21:33:03.319093+0700 Dream Again[16664:117235] [Assets] Could not resolve material name 'engine:BuiltinRenderGraphResources/AR/arKitPassthrough.rematerial' in bundle at '/Users/shiv/Library/Developer/CoreSimulator/Devices/80DBBEEC-A752-43F6-A60E-2419BAE5B77E/data/Containers/Bundle/Application/9B31E6CD-9A51-4AB6-973F-D0B6A590A7C9/Dream Again.app'. Loading via asset path.
2026-09-15 21:33:03.319195+0700 Dream Again[16664:117235] [Assets] Could not resolve material name 'engine:BuiltinRenderGraphResources/AR/arSegmentationComposite.rematerial' in bundle at '/Users/shiv/Library/Developer/CoreSimulator/Devices/80DBBEEC-A752-43F6-A60E-2419BAE5B77E/data/Containers/Bundle/Application/9B31E6CD-9A51-4AB6-973F-D0B6A590A7C9/Dream Again.app'. Loading via asset path.
2026-09-15 21:33:03.319281+0700 Dream Again[16664:117235] [Assets] Could not resolve material name 'engine:BuiltinRenderGraphResources/AR/arInPlacePostProcessCombinedPermute0.rematerial' in bundle at '/Users/shiv/Library/Developer/CoreSimulator/Devices/80DBBEEC-A752-43F6-A60E-2419BAE5B77E/data/Containers/Bundle/Application/9B31E6CD-9A51-4AB6-973F-D0B6A590A7C9/Dream Again.app'. Loading via asset path.
2026-09-15 21:33:03.319539+0700 Dream Again[16664:117235] [Assets] Could not resolve material name 'engine:BuiltinRenderGraphResources/AR/arInPlacePostProcessCombinedPermute1.rematerial' in bundle at '/Users/shiv/Library/Developer/CoreSimulator/Devices/80DBBEEC-A752-43F6-A60E-2419BAE5B77E/data/Containers/Bundle/Application/9B31E6CD-9A51-4AB6-973F-D0B6A590A7C9/Dream Again.app'. Loading via asset path.
2026-09-15 21:33:03.319602+0700 Dream Again[16664:117235] [Assets] Could not resolve material name 'engine:BuiltinRenderGraphResources/AR/arInPlacePostProcessCombinedPermute2.rematerial' in bundle at '/Users/shiv/Library/Developer/CoreSimulator/Devices/80DBBEEC-A752-43F6-A60E-2419BAE5B77E/data/Containers/Bundle/Application/9B31E6CD-9A51-4AB6-973F-D0B6A590A7C9/Dream Again.app'. Loading via asset path.
2026-09-15 21:33:03.319662+0700 Dream Again[16664:117235] [Assets] Could not resolve material name 'engine:BuiltinRenderGraphResources/AR/arInPlacePostProcessCombinedPermute3.rematerial' in bundle at '/Users/shiv/Library/Developer/CoreSimulator/Devices/80DBBEEC-A752-43F6-A60E-2419BAE5B77E/data/Containers/Bundle/Application/9B31E6CD-9A51-4AB6-973F-D0B6A590A7C9/Dream Again.app'. Loading via asset path.
2026-09-15 21:33:03.319838+0700 Dream Again[16664:117235] [Assets] Could not resolve material name 'engine:BuiltinRenderGraphResources/AR/arInPlacePostProcessCombinedPermute4.rematerial' in bundle at '/Users/shiv/Library/Developer/CoreSimulator/Devices/80DBBEEC-A752-43F6-A60E-2419BAE5B77E/data/Containers/Bundle/Application/9B31E6CD-9A51-4AB6-973F-D0B6A590A7C9/Dream Again.app'. Loading via asset path.
2026-09-15 21:33:03.319895+0700 Dream Again[16664:117235] [Assets] Could not resolve material name 'engine:BuiltinRenderGraphResources/AR/arInPlacePostProcessCombinedPermute5.rematerial' in bundle at '/Users/shiv/Library/Developer/CoreSimulator/Devices/80DBBEEC-A752-43F6-A60E-2419BAE5B77E/data/Containers/Bundle/Application/9B31E6CD-9A51-4AB6-973F-D0B6A590A7C9/Dream Again.app'. Loading via asset path.
2026-09-15 21:33:03.323545+0700 Dream Again[16664:117235] [Assets] Could not resolve material name 'engine:BuiltinRenderGraphResources/AR/arInPlacePostProcessCombinedPermute6.rematerial' in bundle at '/Users/shiv/Library/Developer/CoreSimulator/Devices/80DBBEEC-A752-43F6-A60E-2419BAE5B77E/data/Containers/Bundle/Application/9B31E6CD-9A51-4AB6-973F-D0B6A590A7C9/Dream Again.app'. Loading via asset path.
2026-09-15 21:33:03.323610+0700 Dream Again[16664:117235] [Assets] Could not resolve material name 'engine:BuiltinRenderGraphResources/AR/arInPlacePostProcessCombinedPermute7.rematerial' in bundle at '/Users/shiv/Library/Developer/CoreSimulator/Devices/80DBBEEC-A752-43F6-A60E-2419BAE5B77E/data/Containers/Bundle/Application/9B31E6CD-9A51-4AB6-973F-D0B6A590A7C9/Dream Again.app'. Loading via asset path.
2026-09-15 21:33:03.323669+0700 Dream Again[16664:117235] [Assets] Could not resolve material name 'engine:BuiltinRenderGraphResources/AR/arInPlacePostProcessCombinedPermute8.rematerial' in bundle at '/Users/shiv/Library/Developer/CoreSimulator/Devices/80DBBEEC-A752-43F6-A60E-2419BAE5B77E/data/Containers/Bundle/Application/9B31E6CD-9A51-4AB6-973F-D0B6A590A7C9/Dream Again.app'. Loading via asset path.
2026-09-15 21:33:03.324481+0700 Dream Again[16664:117235] [Assets] Could not resolve material name 'engine:BuiltinRenderGraphResources/AR/arInPlacePostProcessCombinedPermute9.rematerial' in bundle at '/Users/shiv/Library/Developer/CoreSimulator/Devices/80DBBEEC-A752-43F6-A60E-2419BAE5B77E/data/Containers/Bundle/Application/9B31E6CD-9A51-4AB6-973F-D0B6A590A7C9/Dream Again.app'. Loading via asset path.
2026-09-15 21:33:03.324540+0700 Dream Again[16664:117235] [Assets] Could not resolve material name 'engine:BuiltinRenderGraphResources/AR/arInPlacePostProcessCombinedPermute10.rematerial' in bundle at '/Users/shiv/Library/Developer/CoreSimulator/Devices/80DBBEEC-A752-43F6-A60E-2419BAE5B77E/data/Containers/Bundle/Application/9B31E6CD-9A51-4AB6-973F-D0B6A590A7C9/Dream Again.app'. Loading via asset path.
2026-09-15 21:33:03.324797+0700 Dream Again[16664:117235] [Assets] Could not resolve material name 'engine:BuiltinRenderGraphResources/AR/arInPlacePostProcessCombinedPermute11.rematerial' in bundle at '/Users/shiv/Library/Developer/CoreSimulator/Devices/80DBBEEC-A752-43F6-A60E-2419BAE5B77E/data/Containers/Bundle/Application/9B31E6CD-9A51-4AB6-973F-D0B6A590A7C9/Dream Again.app'. Loading via asset path.
2026-09-15 21:33:03.324855+0700 Dream Again[16664:117235] [Assets] Could not resolve material name 'engine:BuiltinRenderGraphResources/AR/arInPlacePostProcessCombinedPermute12.rematerial' in bundle at '/Users/shiv/Library/Developer/CoreSimulator/Devices/80DBBEEC-A752-43F6-A60E-2419BAE5B77E/data/Containers/Bundle/Application/9B31E6CD-9A51-4AB6-973F-D0B6A590A7C9/Dream Again.app'. Loading via asset path.
2026-09-15 21:33:03.324914+0700 Dream Again[16664:117235] [Assets] Could not resolve material name 'engine:BuiltinRenderGraphResources/AR/arInPlacePostProcessCombinedPermute13.rematerial' in bundle at '/Users/shiv/Library/Developer/CoreSimulator/Devices/80DBBEEC-A752-43F6-A60E-2419BAE5B77E/data/Containers/Bundle/Application/9B31E6CD-9A51-4AB6-973F-D0B6A590A7C9/Dream Again.app'. Loading via asset path.
2026-09-15 21:33:03.324968+0700 Dream Again[16664:117235] [Assets] Could not resolve material name 'engine:BuiltinRenderGraphResources/AR/arInPlacePostProcessCombinedPermute14.rematerial' in bundle at '/Users/shiv/Library/Developer/CoreSimulator/Devices/80DBBEEC-A752-43F6-A60E-2419BAE5B77E/data/Containers/Bundle/Application/9B31E6CD-9A51-4AB6-973F-D0B6A590A7C9/Dream Again.app'. Loading via asset path.
2026-09-15 21:33:03.325020+0700 Dream Again[16664:117235] [Assets] Could not resolve material name 'engine:BuiltinRenderGraphResources/AR/arInPlacePostProcessCombinedPermute15.rematerial' in bundle at '/Users/shiv/Library/Developer/CoreSimulator/Devices/80DBBEEC-A752-43F6-A60E-2419BAE5B77E/data/Containers/Bundle/Application/9B31E6CD-9A51-4AB6-973F-D0B6A590A7C9/Dream Again.app'. Loading via asset path.
2026-09-15 21:33:08.921452+0700 Dream Again[16664:121313] [STS-N] exiting spatial tracking service update thread because wait returned 37
Test Case '-[Dream_AgainTests.Dream_AgainTests testObstacleGeometryAndLightningAnimation]' passed (5.652 seconds).
Test Case '-[Dream_AgainTests.Dream_AgainTests testPaletteBoundaryRetainsWorldAndChangesObjectsGradually]' started.
2026-09-15 21:33:09.122456+0700 Dream Again[16664:117235] [Assets] Could not resolve material name 'engine:BuiltinRenderGraphResources/AR/suFeatheringCreateMergedOcclusionMask.rematerial' in bundle at '/Users/shiv/Library/Developer/CoreSimulator/Devices/80DBBEEC-A752-43F6-A60E-2419BAE5B77E/data/Containers/Bundle/Application/9B31E6CD-9A51-4AB6-973F-D0B6A590A7C9/Dream Again.app'. Loading via asset path.
2026-09-15 21:33:09.122611+0700 Dream Again[16664:117235] [Assets] Could not resolve material name 'engine:BuiltinRenderGraphResources/AR/arKitPassthrough.rematerial' in bundle at '/Users/shiv/Library/Developer/CoreSimulator/Devices/80DBBEEC-A752-43F6-A60E-2419BAE5B77E/data/Containers/Bundle/Application/9B31E6CD-9A51-4AB6-973F-D0B6A590A7C9/Dream Again.app'. Loading via asset path.
2026-09-15 21:33:09.122723+0700 Dream Again[16664:117235] [Assets] Could not resolve material name 'engine:BuiltinRenderGraphResources/AR/arSegmentationComposite.rematerial' in bundle at '/Users/shiv/Library/Developer/CoreSimulator/Devices/80DBBEEC-A752-43F6-A60E-2419BAE5B77E/data/Containers/Bundle/Application/9B31E6CD-9A51-4AB6-973F-D0B6A590A7C9/Dream Again.app'. Loading via asset path.
2026-09-15 21:33:09.122814+0700 Dream Again[16664:117235] [Assets] Could not resolve material name 'engine:BuiltinRenderGraphResources/AR/arInPlacePostProcessCombinedPermute0.rematerial' in bundle at '/Users/shiv/Library/Developer/CoreSimulator/Devices/80DBBEEC-A752-43F6-A60E-2419BAE5B77E/data/Containers/Bundle/Application/9B31E6CD-9A51-4AB6-973F-D0B6A590A7C9/Dream Again.app'. Loading via asset path.
2026-09-15 21:33:09.122949+0700 Dream Again[16664:117235] [Assets] Could not resolve material name 'engine:BuiltinRenderGraphResources/AR/arInPlacePostProcessCombinedPermute1.rematerial' in bundle at '/Users/shiv/Library/Developer/CoreSimulator/Devices/80DBBEEC-A752-43F6-A60E-2419BAE5B77E/data/Containers/Bundle/Application/9B31E6CD-9A51-4AB6-973F-D0B6A590A7C9/Dream Again.app'. Loading via asset path.
2026-09-15 21:33:09.123027+0700 Dream Again[16664:117235] [Assets] Could not resolve material name 'engine:BuiltinRenderGraphResources/AR/arInPlacePostProcessCombinedPermute2.rematerial' in bundle at '/Users/shiv/Library/Developer/CoreSimulator/Devices/80DBBEEC-A752-43F6-A60E-2419BAE5B77E/data/Containers/Bundle/Application/9B31E6CD-9A51-4AB6-973F-D0B6A590A7C9/Dream Again.app'. Loading via asset path.
2026-09-15 21:33:09.123098+0700 Dream Again[16664:117235] [Assets] Could not resolve material name 'engine:BuiltinRenderGraphResources/AR/arInPlacePostProcessCombinedPermute3.rematerial' in bundle at '/Users/shiv/Library/Developer/CoreSimulator/Devices/80DBBEEC-A752-43F6-A60E-2419BAE5B77E/data/Containers/Bundle/Application/9B31E6CD-9A51-4AB6-973F-D0B6A590A7C9/Dream Again.app'. Loading via asset path.
2026-09-15 21:33:09.123166+0700 Dream Again[16664:117235] [Assets] Could not resolve material name 'engine:BuiltinRenderGraphResources/AR/arInPlacePostProcessCombinedPermute4.rematerial' in bundle at '/Users/shiv/Library/Developer/CoreSimulator/Devices/80DBBEEC-A752-43F6-A60E-2419BAE5B77E/data/Containers/Bundle/Application/9B31E6CD-9A51-4AB6-973F-D0B6A590A7C9/Dream Again.app'. Loading via asset path.
2026-09-15 21:33:09.123297+0700 Dream Again[16664:117235] [Assets] Could not resolve material name 'engine:BuiltinRenderGraphResources/AR/arInPlacePostProcessCombinedPermute5.rematerial' in bundle at '/Users/shiv/Library/Developer/CoreSimulator/Devices/80DBBEEC-A752-43F6-A60E-2419BAE5B77E/data/Containers/Bundle/Application/9B31E6CD-9A51-4AB6-973F-D0B6A590A7C9/Dream Again.app'. Loading via asset path.
2026-09-15 21:33:09.123364+0700 Dream Again[16664:117235] [Assets] Could not resolve material name 'engine:BuiltinRenderGraphResources/AR/arInPlacePostProcessCombinedPermute6.rematerial' in bundle at '/Users/shiv/Library/Developer/CoreSimulator/Devices/80DBBEEC-A752-43F6-A60E-2419BAE5B77E/data/Containers/Bundle/Application/9B31E6CD-9A51-4AB6-973F-D0B6A590A7C9/Dream Again.app'. Loading via asset path.
2026-09-15 21:33:09.123464+0700 Dream Again[16664:117235] [Assets] Could not resolve material name 'engine:BuiltinRenderGraphResources/AR/arInPlacePostProcessCombinedPermute7.rematerial' in bundle at '/Users/shiv/Library/Developer/CoreSimulator/Devices/80DBBEEC-A752-43F6-A60E-2419BAE5B77E/data/Containers/Bundle/Application/9B31E6CD-9A51-4AB6-973F-D0B6A590A7C9/Dream Again.app'. Loading via asset path.
2026-09-15 21:33:09.123557+0700 Dream Again[16664:117235] [Assets] Could not resolve material name 'engine:BuiltinRenderGraphResources/AR/arInPlacePostProcessCombinedPermute8.rematerial' in bundle at '/Users/shiv/Library/Developer/CoreSimulator/Devices/80DBBEEC-A752-43F6-A60E-2419BAE5B77E/data/Containers/Bundle/Application/9B31E6CD-9A51-4AB6-973F-D0B6A590A7C9/Dream Again.app'. Loading via asset path.
2026-09-15 21:33:09.123652+0700 Dream Again[16664:117235] [Assets] Could not resolve material name 'engine:BuiltinRenderGraphResources/AR/arInPlacePostProcessCombinedPermute9.rematerial' in bundle at '/Users/shiv/Library/Developer/CoreSimulator/Devices/80DBBEEC-A752-43F6-A60E-2419BAE5B77E/data/Containers/Bundle/Application/9B31E6CD-9A51-4AB6-973F-D0B6A590A7C9/Dream Again.app'. Loading via asset path.
2026-09-15 21:33:09.123731+0700 Dream Again[16664:117235] [Assets] Could not resolve material name 'engine:BuiltinRenderGraphResources/AR/arInPlacePostProcessCombinedPermute10.rematerial' in bundle at '/Users/shiv/Library/Developer/CoreSimulator/Devices/80DBBEEC-A752-43F6-A60E-2419BAE5B77E/data/Containers/Bundle/Application/9B31E6CD-9A51-4AB6-973F-D0B6A590A7C9/Dream Again.app'. Loading via asset path.
2026-09-15 21:33:09.123800+0700 Dream Again[16664:117235] [Assets] Could not resolve material name 'engine:BuiltinRenderGraphResources/AR/arInPlacePostProcessCombinedPermute11.rematerial' in bundle at '/Users/shiv/Library/Developer/CoreSimulator/Devices/80DBBEEC-A752-43F6-A60E-2419BAE5B77E/data/Containers/Bundle/Application/9B31E6CD-9A51-4AB6-973F-D0B6A590A7C9/Dream Again.app'. Loading via asset path.
2026-09-15 21:33:09.123872+0700 Dream Again[16664:117235] [Assets] Could not resolve material name 'engine:BuiltinRenderGraphResources/AR/arInPlacePostProcessCombinedPermute12.rematerial' in bundle at '/Users/shiv/Library/Developer/CoreSimulator/Devices/80DBBEEC-A752-43F6-A60E-2419BAE5B77E/data/Containers/Bundle/Application/9B31E6CD-9A51-4AB6-973F-D0B6A590A7C9/Dream Again.app'. Loading via asset path.
2026-09-15 21:33:09.123941+0700 Dream Again[16664:117235] [Assets] Could not resolve material name 'engine:BuiltinRenderGraphResources/AR/arInPlacePostProcessCombinedPermute13.rematerial' in bundle at '/Users/shiv/Library/Developer/CoreSimulator/Devices/80DBBEEC-A752-43F6-A60E-2419BAE5B77E/data/Containers/Bundle/Application/9B31E6CD-9A51-4AB6-973F-D0B6A590A7C9/Dream Again.app'. Loading via asset path.
2026-09-15 21:33:09.124008+0700 Dream Again[16664:117235] [Assets] Could not resolve material name 'engine:BuiltinRenderGraphResources/AR/arInPlacePostProcessCombinedPermute14.rematerial' in bundle at '/Users/shiv/Library/Developer/CoreSimulator/Devices/80DBBEEC-A752-43F6-A60E-2419BAE5B77E/data/Containers/Bundle/Application/9B31E6CD-9A51-4AB6-973F-D0B6A590A7C9/Dream Again.app'. Loading via asset path.
2026-09-15 21:33:09.124070+0700 Dream Again[16664:117235] [Assets] Could not resolve material name 'engine:BuiltinRenderGraphResources/AR/arInPlacePostProcessCombinedPermute15.rematerial' in bundle at '/Users/shiv/Library/Developer/CoreSimulator/Devices/80DBBEEC-A752-43F6-A60E-2419BAE5B77E/data/Containers/Bundle/Application/9B31E6CD-9A51-4AB6-973F-D0B6A590A7C9/Dream Again.app'. Loading via asset path.
PALETTE_BOUNDARY_CPU_MS 27.130961418151855
2026-09-15 21:33:14.360175+0700 Dream Again[16664:121428] [STS-N] exiting spatial tracking service update thread because wait returned 37
Test Case '-[Dream_AgainTests.Dream_AgainTests testPaletteBoundaryRetainsWorldAndChangesObjectsGradually]' passed (5.438 seconds).
Test Case '-[Dream_AgainTests.Dream_AgainTests testPaletteScheduleIsStaggeredAndUsesActiveTime]' started.
Test Case '-[Dream_AgainTests.Dream_AgainTests testPaletteScheduleIsStaggeredAndUsesActiveTime]' passed (0.002 seconds).
Test Case '-[Dream_AgainTests.Dream_AgainTests testRenderingRetainsResourcesAcrossFramesAndRebase]' started.
2026-09-15 21:33:14.414230+0700 Dream Again[16664:117235] [Assets] Could not resolve material name 'engine:BuiltinRenderGraphResources/AR/suFeatheringCreateMergedOcclusionMask.rematerial' in bundle at '/Users/shiv/Library/Developer/CoreSimulator/Devices/80DBBEEC-A752-43F6-A60E-2419BAE5B77E/data/Containers/Bundle/Application/9B31E6CD-9A51-4AB6-973F-D0B6A590A7C9/Dream Again.app'. Loading via asset path.
2026-09-15 21:33:14.414377+0700 Dream Again[16664:117235] [Assets] Could not resolve material name 'engine:BuiltinRenderGraphResources/AR/arKitPassthrough.rematerial' in bundle at '/Users/shiv/Library/Developer/CoreSimulator/Devices/80DBBEEC-A752-43F6-A60E-2419BAE5B77E/data/Containers/Bundle/Application/9B31E6CD-9A51-4AB6-973F-D0B6A590A7C9/Dream Again.app'. Loading via asset path.
2026-09-15 21:33:14.414459+0700 Dream Again[16664:117235] [Assets] Could not resolve material name 'engine:BuiltinRenderGraphResources/AR/arSegmentationComposite.rematerial' in bundle at '/Users/shiv/Library/Developer/CoreSimulator/Devices/80DBBEEC-A752-43F6-A60E-2419BAE5B77E/data/Containers/Bundle/Application/9B31E6CD-9A51-4AB6-973F-D0B6A590A7C9/Dream Again.app'. Loading via asset path.
2026-09-15 21:33:14.414530+0700 Dream Again[16664:117235] [Assets] Could not resolve material name 'engine:BuiltinRenderGraphResources/AR/arInPlacePostProcessCombinedPermute0.rematerial' in bundle at '/Users/shiv/Library/Developer/CoreSimulator/Devices/80DBBEEC-A752-43F6-A60E-2419BAE5B77E/data/Containers/Bundle/Application/9B31E6CD-9A51-4AB6-973F-D0B6A590A7C9/Dream Again.app'. Loading via asset path.
2026-09-15 21:33:14.414794+0700 Dream Again[16664:117235] [Assets] Could not resolve material name 'engine:BuiltinRenderGraphResources/AR/arInPlacePostProcessCombinedPermute1.rematerial' in bundle at '/Users/shiv/Library/Developer/CoreSimulator/Devices/80DBBEEC-A752-43F6-A60E-2419BAE5B77E/data/Containers/Bundle/Application/9B31E6CD-9A51-4AB6-973F-D0B6A590A7C9/Dream Again.app'. Loading via asset path.
2026-09-15 21:33:14.414898+0700 Dream Again[16664:117235] [Assets] Could not resolve material name 'engine:BuiltinRenderGraphResources/AR/arInPlacePostProcessCombinedPermute2.rematerial' in bundle at '/Users/shiv/Library/Developer/CoreSimulator/Devices/80DBBEEC-A752-43F6-A60E-2419BAE5B77E/data/Containers/Bundle/Application/9B31E6CD-9A51-4AB6-973F-D0B6A590A7C9/Dream Again.app'. Loading via asset path.
2026-09-15 21:33:14.414982+0700 Dream Again[16664:117235] [Assets] Could not resolve material name 'engine:BuiltinRenderGraphResources/AR/arInPlacePostProcessCombinedPermute3.rematerial' in bundle at '/Users/shiv/Library/Developer/CoreSimulator/Devices/80DBBEEC-A752-43F6-A60E-2419BAE5B77E/data/Containers/Bundle/Application/9B31E6CD-9A51-4AB6-973F-D0B6A590A7C9/Dream Again.app'. Loading via asset path.
2026-09-15 21:33:14.415047+0700 Dream Again[16664:117235] [Assets] Could not resolve material name 'engine:BuiltinRenderGraphResources/AR/arInPlacePostProcessCombinedPermute4.rematerial' in bundle at '/Users/shiv/Library/Developer/CoreSimulator/Devices/80DBBEEC-A752-43F6-A60E-2419BAE5B77E/data/Containers/Bundle/Application/9B31E6CD-9A51-4AB6-973F-D0B6A590A7C9/Dream Again.app'. Loading via asset path.
2026-09-15 21:33:14.415107+0700 Dream Again[16664:117235] [Assets] Could not resolve material name 'engine:BuiltinRenderGraphResources/AR/arInPlacePostProcessCombinedPermute5.rematerial' in bundle at '/Users/shiv/Library/Developer/CoreSimulator/Devices/80DBBEEC-A752-43F6-A60E-2419BAE5B77E/data/Containers/Bundle/Application/9B31E6CD-9A51-4AB6-973F-D0B6A590A7C9/Dream Again.app'. Loading via asset path.
2026-09-15 21:33:14.415236+0700 Dream Again[16664:117235] [Assets] Could not resolve material name 'engine:BuiltinRenderGraphResources/AR/arInPlacePostProcessCombinedPermute6.rematerial' in bundle at '/Users/shiv/Library/Developer/CoreSimulator/Devices/80DBBEEC-A752-43F6-A60E-2419BAE5B77E/data/Containers/Bundle/Application/9B31E6CD-9A51-4AB6-973F-D0B6A590A7C9/Dream Again.app'. Loading via asset path.
2026-09-15 21:33:14.415295+0700 Dream Again[16664:117235] [Assets] Could not resolve material name 'engine:BuiltinRenderGraphResources/AR/arInPlacePostProcessCombinedPermute7.rematerial' in bundle at '/Users/shiv/Library/Developer/CoreSimulator/Devices/80DBBEEC-A752-43F6-A60E-2419BAE5B77E/data/Containers/Bundle/Application/9B31E6CD-9A51-4AB6-973F-D0B6A590A7C9/Dream Again.app'. Loading via asset path.
2026-09-15 21:33:14.415382+0700 Dream Again[16664:117235] [Assets] Could not resolve material name 'engine:BuiltinRenderGraphResources/AR/arInPlacePostProcessCombinedPermute8.rematerial' in bundle at '/Users/shiv/Library/Developer/CoreSimulator/Devices/80DBBEEC-A752-43F6-A60E-2419BAE5B77E/data/Containers/Bundle/Application/9B31E6CD-9A51-4AB6-973F-D0B6A590A7C9/Dream Again.app'. Loading via asset path.
2026-09-15 21:33:14.415454+0700 Dream Again[16664:117235] [Assets] Could not resolve material name 'engine:BuiltinRenderGraphResources/AR/arInPlacePostProcessCombinedPermute9.rematerial' in bundle at '/Users/shiv/Library/Developer/CoreSimulator/Devices/80DBBEEC-A752-43F6-A60E-2419BAE5B77E/data/Containers/Bundle/Application/9B31E6CD-9A51-4AB6-973F-D0B6A590A7C9/Dream Again.app'. Loading via asset path.
2026-09-15 21:33:14.415518+0700 Dream Again[16664:117235] [Assets] Could not resolve material name 'engine:BuiltinRenderGraphResources/AR/arInPlacePostProcessCombinedPermute10.rematerial' in bundle at '/Users/shiv/Library/Developer/CoreSimulator/Devices/80DBBEEC-A752-43F6-A60E-2419BAE5B77E/data/Containers/Bundle/Application/9B31E6CD-9A51-4AB6-973F-D0B6A590A7C9/Dream Again.app'. Loading via asset path.
2026-09-15 21:33:14.415629+0700 Dream Again[16664:117235] [Assets] Could not resolve material name 'engine:BuiltinRenderGraphResources/AR/arInPlacePostProcessCombinedPermute11.rematerial' in bundle at '/Users/shiv/Library/Developer/CoreSimulator/Devices/80DBBEEC-A752-43F6-A60E-2419BAE5B77E/data/Containers/Bundle/Application/9B31E6CD-9A51-4AB6-973F-D0B6A590A7C9/Dream Again.app'. Loading via asset path.
2026-09-15 21:33:14.415688+0700 Dream Again[16664:117235] [Assets] Could not resolve material name 'engine:BuiltinRenderGraphResources/AR/arInPlacePostProcessCombinedPermute12.rematerial' in bundle at '/Users/shiv/Library/Developer/CoreSimulator/Devices/80DBBEEC-A752-43F6-A60E-2419BAE5B77E/data/Containers/Bundle/Application/9B31E6CD-9A51-4AB6-973F-D0B6A590A7C9/Dream Again.app'. Loading via asset path.
2026-09-15 21:33:14.415757+0700 Dream Again[16664:117235] [Assets] Could not resolve material name 'engine:BuiltinRenderGraphResources/AR/arInPlacePostProcessCombinedPermute13.rematerial' in bundle at '/Users/shiv/Library/Developer/CoreSimulator/Devices/80DBBEEC-A752-43F6-A60E-2419BAE5B77E/data/Containers/Bundle/Application/9B31E6CD-9A51-4AB6-973F-D0B6A590A7C9/Dream Again.app'. Loading via asset path.
2026-09-15 21:33:14.415819+0700 Dream Again[16664:117235] [Assets] Could not resolve material name 'engine:BuiltinRenderGraphResources/AR/arInPlacePostProcessCombinedPermute14.rematerial' in bundle at '/Users/shiv/Library/Developer/CoreSimulator/Devices/80DBBEEC-A752-43F6-A60E-2419BAE5B77E/data/Containers/Bundle/Application/9B31E6CD-9A51-4AB6-973F-D0B6A590A7C9/Dream Again.app'. Loading via asset path.
2026-09-15 21:33:14.415880+0700 Dream Again[16664:117235] [Assets] Could not resolve material name 'engine:BuiltinRenderGraphResources/AR/arInPlacePostProcessCombinedPermute15.rematerial' in bundle at '/Users/shiv/Library/Developer/CoreSimulator/Devices/80DBBEEC-A752-43F6-A60E-2419BAE5B77E/data/Containers/Bundle/Application/9B31E6CD-9A51-4AB6-973F-D0B6A590A7C9/Dream Again.app'. Loading via asset path.
2026-09-15 21:33:17.907731+0700 Dream Again[16664:121616] [STS-N] exiting spatial tracking service update thread because wait returned 37
Test Case '-[Dream_AgainTests.Dream_AgainTests testRenderingRetainsResourcesAcrossFramesAndRebase]' passed (3.545 seconds).
Test Case '-[Dream_AgainTests.Dream_AgainTests testRepresentationRegistryKeepsExactlyFortyTwoSemanticConcepts]' started.
Test Case '-[Dream_AgainTests.Dream_AgainTests testRepresentationRegistryKeepsExactlyFortyTwoSemanticConcepts]' passed (0.023 seconds).
Test Case '-[Dream_AgainTests.Dream_AgainTests testSculptedSurfacesHaveFiniteUnitNormals]' started.
Test Case '-[Dream_AgainTests.Dream_AgainTests testSculptedSurfacesHaveFiniteUnitNormals]' passed (0.243 seconds).
Test Case '-[Dream_AgainTests.Dream_AgainTests testSoccerPanelTopologyAndPreview]' started.
2026-09-15 21:33:18.296588+0700 Dream Again[16664:117235] [Assets] Could not resolve material name 'engine:BuiltinRenderGraphResources/AR/suFeatheringCreateMergedOcclusionMask.rematerial' in bundle at '/Users/shiv/Library/Developer/CoreSimulator/Devices/80DBBEEC-A752-43F6-A60E-2419BAE5B77E/data/Containers/Bundle/Application/9B31E6CD-9A51-4AB6-973F-D0B6A590A7C9/Dream Again.app'. Loading via asset path.
2026-09-15 21:33:18.296705+0700 Dream Again[16664:117235] [Assets] Could not resolve material name 'engine:BuiltinRenderGraphResources/AR/arKitPassthrough.rematerial' in bundle at '/Users/shiv/Library/Developer/CoreSimulator/Devices/80DBBEEC-A752-43F6-A60E-2419BAE5B77E/data/Containers/Bundle/Application/9B31E6CD-9A51-4AB6-973F-D0B6A590A7C9/Dream Again.app'. Loading via asset path.
2026-09-15 21:33:18.296780+0700 Dream Again[16664:117235] [Assets] Could not resolve material name 'engine:BuiltinRenderGraphResources/AR/arSegmentationComposite.rematerial' in bundle at '/Users/shiv/Library/Developer/CoreSimulator/Devices/80DBBEEC-A752-43F6-A60E-2419BAE5B77E/data/Containers/Bundle/Application/9B31E6CD-9A51-4AB6-973F-D0B6A590A7C9/Dream Again.app'. Loading via asset path.
2026-09-15 21:33:18.296892+0700 Dream Again[16664:117235] [Assets] Could not resolve material name 'engine:BuiltinRenderGraphResources/AR/arInPlacePostProcessCombinedPermute0.rematerial' in bundle at '/Users/shiv/Library/Developer/CoreSimulator/Devices/80DBBEEC-A752-43F6-A60E-2419BAE5B77E/data/Containers/Bundle/Application/9B31E6CD-9A51-4AB6-973F-D0B6A590A7C9/Dream Again.app'. Loading via asset path.
2026-09-15 21:33:18.297009+0700 Dream Again[16664:117235] [Assets] Could not resolve material name 'engine:BuiltinRenderGraphResources/AR/arInPlacePostProcessCombinedPermute1.rematerial' in bundle at '/Users/shiv/Library/Developer/CoreSimulator/Devices/80DBBEEC-A752-43F6-A60E-2419BAE5B77E/data/Containers/Bundle/Application/9B31E6CD-9A51-4AB6-973F-D0B6A590A7C9/Dream Again.app'. Loading via asset path.
2026-09-15 21:33:18.297106+0700 Dream Again[16664:117235] [Assets] Could not resolve material name 'engine:BuiltinRenderGraphResources/AR/arInPlacePostProcessCombinedPermute2.rematerial' in bundle at '/Users/shiv/Library/Developer/CoreSimulator/Devices/80DBBEEC-A752-43F6-A60E-2419BAE5B77E/data/Containers/Bundle/Application/9B31E6CD-9A51-4AB6-973F-D0B6A590A7C9/Dream Again.app'. Loading via asset path.
2026-09-15 21:33:18.297184+0700 Dream Again[16664:117235] [Assets] Could not resolve material name 'engine:BuiltinRenderGraphResources/AR/arInPlacePostProcessCombinedPermute3.rematerial' in bundle at '/Users/shiv/Library/Developer/CoreSimulator/Devices/80DBBEEC-A752-43F6-A60E-2419BAE5B77E/data/Containers/Bundle/Application/9B31E6CD-9A51-4AB6-973F-D0B6A590A7C9/Dream Again.app'. Loading via asset path.
2026-09-15 21:33:18.297263+0700 Dream Again[16664:117235] [Assets] Could not resolve material name 'engine:BuiltinRenderGraphResources/AR/arInPlacePostProcessCombinedPermute4.rematerial' in bundle at '/Users/shiv/Library/Developer/CoreSimulator/Devices/80DBBEEC-A752-43F6-A60E-2419BAE5B77E/data/Containers/Bundle/Application/9B31E6CD-9A51-4AB6-973F-D0B6A590A7C9/Dream Again.app'. Loading via asset path.
2026-09-15 21:33:18.297328+0700 Dream Again[16664:117235] [Assets] Could not resolve material name 'engine:BuiltinRenderGraphResources/AR/arInPlacePostProcessCombinedPermute5.rematerial' in bundle at '/Users/shiv/Library/Developer/CoreSimulator/Devices/80DBBEEC-A752-43F6-A60E-2419BAE5B77E/data/Containers/Bundle/Application/9B31E6CD-9A51-4AB6-973F-D0B6A590A7C9/Dream Again.app'. Loading via asset path.
2026-09-15 21:33:18.297438+0700 Dream Again[16664:117235] [Assets] Could not resolve material name 'engine:BuiltinRenderGraphResources/AR/arInPlacePostProcessCombinedPermute6.rematerial' in bundle at '/Users/shiv/Library/Developer/CoreSimulator/Devices/80DBBEEC-A752-43F6-A60E-2419BAE5B77E/data/Containers/Bundle/Application/9B31E6CD-9A51-4AB6-973F-D0B6A590A7C9/Dream Again.app'. Loading via asset path.
2026-09-15 21:33:18.297506+0700 Dream Again[16664:117235] [Assets] Could not resolve material name 'engine:BuiltinRenderGraphResources/AR/arInPlacePostProcessCombinedPermute7.rematerial' in bundle at '/Users/shiv/Library/Developer/CoreSimulator/Devices/80DBBEEC-A752-43F6-A60E-2419BAE5B77E/data/Containers/Bundle/Application/9B31E6CD-9A51-4AB6-973F-D0B6A590A7C9/Dream Again.app'. Loading via asset path.
2026-09-15 21:33:18.297576+0700 Dream Again[16664:117235] [Assets] Could not resolve material name 'engine:BuiltinRenderGraphResources/AR/arInPlacePostProcessCombinedPermute8.rematerial' in bundle at '/Users/shiv/Library/Developer/CoreSimulator/Devices/80DBBEEC-A752-43F6-A60E-2419BAE5B77E/data/Containers/Bundle/Application/9B31E6CD-9A51-4AB6-973F-D0B6A590A7C9/Dream Again.app'. Loading via asset path.
2026-09-15 21:33:18.297635+0700 Dream Again[16664:117235] [Assets] Could not resolve material name 'engine:BuiltinRenderGraphResources/AR/arInPlacePostProcessCombinedPermute9.rematerial' in bundle at '/Users/shiv/Library/Developer/CoreSimulator/Devices/80DBBEEC-A752-43F6-A60E-2419BAE5B77E/data/Containers/Bundle/Application/9B31E6CD-9A51-4AB6-973F-D0B6A590A7C9/Dream Again.app'. Loading via asset path.
2026-09-15 21:33:18.297698+0700 Dream Again[16664:117235] [Assets] Could not resolve material name 'engine:BuiltinRenderGraphResources/AR/arInPlacePostProcessCombinedPermute10.rematerial' in bundle at '/Users/shiv/Library/Developer/CoreSimulator/Devices/80DBBEEC-A752-43F6-A60E-2419BAE5B77E/data/Containers/Bundle/Application/9B31E6CD-9A51-4AB6-973F-D0B6A590A7C9/Dream Again.app'. Loading via asset path.
2026-09-15 21:33:18.297811+0700 Dream Again[16664:117235] [Assets] Could not resolve material name 'engine:BuiltinRenderGraphResources/AR/arInPlacePostProcessCombinedPermute11.rematerial' in bundle at '/Users/shiv/Library/Developer/CoreSimulator/Devices/80DBBEEC-A752-43F6-A60E-2419BAE5B77E/data/Containers/Bundle/Application/9B31E6CD-9A51-4AB6-973F-D0B6A590A7C9/Dream Again.app'. Loading via asset path.
2026-09-15 21:33:18.297884+0700 Dream Again[16664:117235] [Assets] Could not resolve material name 'engine:BuiltinRenderGraphResources/AR/arInPlacePostProcessCombinedPermute12.rematerial' in bundle at '/Users/shiv/Library/Developer/CoreSimulator/Devices/80DBBEEC-A752-43F6-A60E-2419BAE5B77E/data/Containers/Bundle/Application/9B31E6CD-9A51-4AB6-973F-D0B6A590A7C9/Dream Again.app'. Loading via asset path.
2026-09-15 21:33:18.297953+0700 Dream Again[16664:117235] [Assets] Could not resolve material name 'engine:BuiltinRenderGraphResources/AR/arInPlacePostProcessCombinedPermute13.rematerial' in bundle at '/Users/shiv/Library/Developer/CoreSimulator/Devices/80DBBEEC-A752-43F6-A60E-2419BAE5B77E/data/Containers/Bundle/Application/9B31E6CD-9A51-4AB6-973F-D0B6A590A7C9/Dream Again.app'. Loading via asset path.
2026-09-15 21:33:18.298016+0700 Dream Again[16664:117235] [Assets] Could not resolve material name 'engine:BuiltinRenderGraphResources/AR/arInPlacePostProcessCombinedPermute14.rematerial' in bundle at '/Users/shiv/Library/Developer/CoreSimulator/Devices/80DBBEEC-A752-43F6-A60E-2419BAE5B77E/data/Containers/Bundle/Application/9B31E6CD-9A51-4AB6-973F-D0B6A590A7C9/Dream Again.app'. Loading via asset path.
2026-09-15 21:33:18.298110+0700 Dream Again[16664:117235] [Assets] Could not resolve material name 'engine:BuiltinRenderGraphResources/AR/arInPlacePostProcessCombinedPermute15.rematerial' in bundle at '/Users/shiv/Library/Developer/CoreSimulator/Devices/80DBBEEC-A752-43F6-A60E-2419BAE5B77E/data/Containers/Bundle/Application/9B31E6CD-9A51-4AB6-973F-D0B6A590A7C9/Dream Again.app'. Loading via asset path.
2026-09-15 21:33:21.759203+0700 Dream Again[16664:121708] [STS-N] exiting spatial tracking service update thread because wait returned 37
Test Case '-[Dream_AgainTests.Dream_AgainTests testSoccerPanelTopologyAndPreview]' passed (3.585 seconds).
Test Case '-[Dream_AgainTests.Dream_AgainTests testSteadyRendererFrameCost]' started.
2026-09-15 21:33:21.826932+0700 Dream Again[16664:117235] [Assets] Could not resolve material name 'engine:BuiltinRenderGraphResources/AR/suFeatheringCreateMergedOcclusionMask.rematerial' in bundle at '/Users/shiv/Library/Developer/CoreSimulator/Devices/80DBBEEC-A752-43F6-A60E-2419BAE5B77E/data/Containers/Bundle/Application/9B31E6CD-9A51-4AB6-973F-D0B6A590A7C9/Dream Again.app'. Loading via asset path.
2026-09-15 21:33:21.828070+0700 Dream Again[16664:117235] [Assets] Could not resolve material name 'engine:BuiltinRenderGraphResources/AR/arKitPassthrough.rematerial' in bundle at '/Users/shiv/Library/Developer/CoreSimulator/Devices/80DBBEEC-A752-43F6-A60E-2419BAE5B77E/data/Containers/Bundle/Application/9B31E6CD-9A51-4AB6-973F-D0B6A590A7C9/Dream Again.app'. Loading via asset path.
2026-09-15 21:33:21.828175+0700 Dream Again[16664:117235] [Assets] Could not resolve material name 'engine:BuiltinRenderGraphResources/AR/arSegmentationComposite.rematerial' in bundle at '/Users/shiv/Library/Developer/CoreSimulator/Devices/80DBBEEC-A752-43F6-A60E-2419BAE5B77E/data/Containers/Bundle/Application/9B31E6CD-9A51-4AB6-973F-D0B6A590A7C9/Dream Again.app'. Loading via asset path.
2026-09-15 21:33:21.828245+0700 Dream Again[16664:117235] [Assets] Could not resolve material name 'engine:BuiltinRenderGraphResources/AR/arInPlacePostProcessCombinedPermute0.rematerial' in bundle at '/Users/shiv/Library/Developer/CoreSimulator/Devices/80DBBEEC-A752-43F6-A60E-2419BAE5B77E/data/Containers/Bundle/Application/9B31E6CD-9A51-4AB6-973F-D0B6A590A7C9/Dream Again.app'. Loading via asset path.
2026-09-15 21:33:22.006689+0700 Dream Again[16664:117235] [Assets] Could not resolve material name 'engine:BuiltinRenderGraphResources/AR/arInPlacePostProcessCombinedPermute1.rematerial' in bundle at '/Users/shiv/Library/Developer/CoreSimulator/Devices/80DBBEEC-A752-43F6-A60E-2419BAE5B77E/data/Containers/Bundle/Application/9B31E6CD-9A51-4AB6-973F-D0B6A590A7C9/Dream Again.app'. Loading via asset path.
2026-09-15 21:33:22.006871+0700 Dream Again[16664:117235] [Assets] Could not resolve material name 'engine:BuiltinRenderGraphResources/AR/arInPlacePostProcessCombinedPermute2.rematerial' in bundle at '/Users/shiv/Library/Developer/CoreSimulator/Devices/80DBBEEC-A752-43F6-A60E-2419BAE5B77E/data/Containers/Bundle/Application/9B31E6CD-9A51-4AB6-973F-D0B6A590A7C9/Dream Again.app'. Loading via asset path.
2026-09-15 21:33:22.006995+0700 Dream Again[16664:117235] [Assets] Could not resolve material name 'engine:BuiltinRenderGraphResources/AR/arInPlacePostProcessCombinedPermute3.rematerial' in bundle at '/Users/shiv/Library/Developer/CoreSimulator/Devices/80DBBEEC-A752-43F6-A60E-2419BAE5B77E/data/Containers/Bundle/Application/9B31E6CD-9A51-4AB6-973F-D0B6A590A7C9/Dream Again.app'. Loading via asset path.
2026-09-15 21:33:22.007107+0700 Dream Again[16664:117235] [Assets] Could not resolve material name 'engine:BuiltinRenderGraphResources/AR/arInPlacePostProcessCombinedPermute4.rematerial' in bundle at '/Users/shiv/Library/Developer/CoreSimulator/Devices/80DBBEEC-A752-43F6-A60E-2419BAE5B77E/data/Containers/Bundle/Application/9B31E6CD-9A51-4AB6-973F-D0B6A590A7C9/Dream Again.app'. Loading via asset path.
2026-09-15 21:33:22.021311+0700 Dream Again[16664:117235] [Assets] Could not resolve material name 'engine:BuiltinRenderGraphResources/AR/arInPlacePostProcessCombinedPermute5.rematerial' in bundle at '/Users/shiv/Library/Developer/CoreSimulator/Devices/80DBBEEC-A752-43F6-A60E-2419BAE5B77E/data/Containers/Bundle/Application/9B31E6CD-9A51-4AB6-973F-D0B6A590A7C9/Dream Again.app'. Loading via asset path.
2026-09-15 21:33:22.021498+0700 Dream Again[16664:117235] [Assets] Could not resolve material name 'engine:BuiltinRenderGraphResources/AR/arInPlacePostProcessCombinedPermute6.rematerial' in bundle at '/Users/shiv/Library/Developer/CoreSimulator/Devices/80DBBEEC-A752-43F6-A60E-2419BAE5B77E/data/Containers/Bundle/Application/9B31E6CD-9A51-4AB6-973F-D0B6A590A7C9/Dream Again.app'. Loading via asset path.
2026-09-15 21:33:22.021624+0700 Dream Again[16664:117235] [Assets] Could not resolve material name 'engine:BuiltinRenderGraphResources/AR/arInPlacePostProcessCombinedPermute7.rematerial' in bundle at '/Users/shiv/Library/Developer/CoreSimulator/Devices/80DBBEEC-A752-43F6-A60E-2419BAE5B77E/data/Containers/Bundle/Application/9B31E6CD-9A51-4AB6-973F-D0B6A590A7C9/Dream Again.app'. Loading via asset path.
2026-09-15 21:33:22.021772+0700 Dream Again[16664:117235] [Assets] Could not resolve material name 'engine:BuiltinRenderGraphResources/AR/arInPlacePostProcessCombinedPermute8.rematerial' in bundle at '/Users/shiv/Library/Developer/CoreSimulator/Devices/80DBBEEC-A752-43F6-A60E-2419BAE5B77E/data/Containers/Bundle/Application/9B31E6CD-9A51-4AB6-973F-D0B6A590A7C9/Dream Again.app'. Loading via asset path.
2026-09-15 21:33:22.021902+0700 Dream Again[16664:117235] [Assets] Could not resolve material name 'engine:BuiltinRenderGraphResources/AR/arInPlacePostProcessCombinedPermute9.rematerial' in bundle at '/Users/shiv/Library/Developer/CoreSimulator/Devices/80DBBEEC-A752-43F6-A60E-2419BAE5B77E/data/Containers/Bundle/Application/9B31E6CD-9A51-4AB6-973F-D0B6A590A7C9/Dream Again.app'. Loading via asset path.
2026-09-15 21:33:22.022020+0700 Dream Again[16664:117235] [Assets] Could not resolve material name 'engine:BuiltinRenderGraphResources/AR/arInPlacePostProcessCombinedPermute10.rematerial' in bundle at '/Users/shiv/Library/Developer/CoreSimulator/Devices/80DBBEEC-A752-43F6-A60E-2419BAE5B77E/data/Containers/Bundle/Application/9B31E6CD-9A51-4AB6-973F-D0B6A590A7C9/Dream Again.app'. Loading via asset path.
2026-09-15 21:33:22.022165+0700 Dream Again[16664:117235] [Assets] Could not resolve material name 'engine:BuiltinRenderGraphResources/AR/arInPlacePostProcessCombinedPermute11.rematerial' in bundle at '/Users/shiv/Library/Developer/CoreSimulator/Devices/80DBBEEC-A752-43F6-A60E-2419BAE5B77E/data/Containers/Bundle/Application/9B31E6CD-9A51-4AB6-973F-D0B6A590A7C9/Dream Again.app'. Loading via asset path.
2026-09-15 21:33:22.022299+0700 Dream Again[16664:117235] [Assets] Could not resolve material name 'engine:BuiltinRenderGraphResources/AR/arInPlacePostProcessCombinedPermute12.rematerial' in bundle at '/Users/shiv/Library/Developer/CoreSimulator/Devices/80DBBEEC-A752-43F6-A60E-2419BAE5B77E/data/Containers/Bundle/Application/9B31E6CD-9A51-4AB6-973F-D0B6A590A7C9/Dream Again.app'. Loading via asset path.
2026-09-15 21:33:22.022424+0700 Dream Again[16664:117235] [Assets] Could not resolve material name 'engine:BuiltinRenderGraphResources/AR/arInPlacePostProcessCombinedPermute13.rematerial' in bundle at '/Users/shiv/Library/Developer/CoreSimulator/Devices/80DBBEEC-A752-43F6-A60E-2419BAE5B77E/data/Containers/Bundle/Application/9B31E6CD-9A51-4AB6-973F-D0B6A590A7C9/Dream Again.app'. Loading via asset path.
2026-09-15 21:33:22.022544+0700 Dream Again[16664:117235] [Assets] Could not resolve material name 'engine:BuiltinRenderGraphResources/AR/arInPlacePostProcessCombinedPermute14.rematerial' in bundle at '/Users/shiv/Library/Developer/CoreSimulator/Devices/80DBBEEC-A752-43F6-A60E-2419BAE5B77E/data/Containers/Bundle/Application/9B31E6CD-9A51-4AB6-973F-D0B6A590A7C9/Dream Again.app'. Loading via asset path.
2026-09-15 21:33:22.022664+0700 Dream Again[16664:117235] [Assets] Could not resolve material name 'engine:BuiltinRenderGraphResources/AR/arInPlacePostProcessCombinedPermute15.rematerial' in bundle at '/Users/shiv/Library/Developer/CoreSimulator/Devices/80DBBEEC-A752-43F6-A60E-2419BAE5B77E/data/Containers/Bundle/Application/9B31E6CD-9A51-4AB6-973F-D0B6A590A7C9/Dream Again.app'. Loading via asset path.
RENDER_CPU_MS median=1.9780397415161133 p95=2.00498104095459 max=2.107977867126465
2026-09-15 21:33:22.901874+0700 Dream Again[16664:121785] [STS-N] exiting spatial tracking service update thread because wait returned 37
Test Case '-[Dream_AgainTests.Dream_AgainTests testSteadyRendererFrameCost]' passed (1.138 seconds).
Test Case '-[Dream_AgainTests.Dream_AgainTests testStrawCostumesRetainTheSameRig]' started.
2026-09-15 21:33:22.947014+0700 Dream Again[16664:117235] [Assets] Could not resolve material name 'engine:BuiltinRenderGraphResources/AR/suFeatheringCreateMergedOcclusionMask.rematerial' in bundle at '/Users/shiv/Library/Developer/CoreSimulator/Devices/80DBBEEC-A752-43F6-A60E-2419BAE5B77E/data/Containers/Bundle/Application/9B31E6CD-9A51-4AB6-973F-D0B6A590A7C9/Dream Again.app'. Loading via asset path.
2026-09-15 21:33:22.947140+0700 Dream Again[16664:117235] [Assets] Could not resolve material name 'engine:BuiltinRenderGraphResources/AR/arKitPassthrough.rematerial' in bundle at '/Users/shiv/Library/Developer/CoreSimulator/Devices/80DBBEEC-A752-43F6-A60E-2419BAE5B77E/data/Containers/Bundle/Application/9B31E6CD-9A51-4AB6-973F-D0B6A590A7C9/Dream Again.app'. Loading via asset path.
2026-09-15 21:33:22.947238+0700 Dream Again[16664:117235] [Assets] Could not resolve material name 'engine:BuiltinRenderGraphResources/AR/arSegmentationComposite.rematerial' in bundle at '/Users/shiv/Library/Developer/CoreSimulator/Devices/80DBBEEC-A752-43F6-A60E-2419BAE5B77E/data/Containers/Bundle/Application/9B31E6CD-9A51-4AB6-973F-D0B6A590A7C9/Dream Again.app'. Loading via asset path.
2026-09-15 21:33:22.947323+0700 Dream Again[16664:117235] [Assets] Could not resolve material name 'engine:BuiltinRenderGraphResources/AR/arInPlacePostProcessCombinedPermute0.rematerial' in bundle at '/Users/shiv/Library/Developer/CoreSimulator/Devices/80DBBEEC-A752-43F6-A60E-2419BAE5B77E/data/Containers/Bundle/Application/9B31E6CD-9A51-4AB6-973F-D0B6A590A7C9/Dream Again.app'. Loading via asset path.
2026-09-15 21:33:22.947641+0700 Dream Again[16664:117235] [Assets] Could not resolve material name 'engine:BuiltinRenderGraphResources/AR/arInPlacePostProcessCombinedPermute1.rematerial' in bundle at '/Users/shiv/Library/Developer/CoreSimulator/Devices/80DBBEEC-A752-43F6-A60E-2419BAE5B77E/data/Containers/Bundle/Application/9B31E6CD-9A51-4AB6-973F-D0B6A590A7C9/Dream Again.app'. Loading via asset path.
2026-09-15 21:33:22.947710+0700 Dream Again[16664:117235] [Assets] Could not resolve material name 'engine:BuiltinRenderGraphResources/AR/arInPlacePostProcessCombinedPermute2.rematerial' in bundle at '/Users/shiv/Library/Developer/CoreSimulator/Devices/80DBBEEC-A752-43F6-A60E-2419BAE5B77E/data/Containers/Bundle/Application/9B31E6CD-9A51-4AB6-973F-D0B6A590A7C9/Dream Again.app'. Loading via asset path.
2026-09-15 21:33:22.947800+0700 Dream Again[16664:117235] [Assets] Could not resolve material name 'engine:BuiltinRenderGraphResources/AR/arInPlacePostProcessCombinedPermute3.rematerial' in bundle at '/Users/shiv/Library/Developer/CoreSimulator/Devices/80DBBEEC-A752-43F6-A60E-2419BAE5B77E/data/Containers/Bundle/Application/9B31E6CD-9A51-4AB6-973F-D0B6A590A7C9/Dream Again.app'. Loading via asset path.
2026-09-15 21:33:22.947910+0700 Dream Again[16664:117235] [Assets] Could not resolve material name 'engine:BuiltinRenderGraphResources/AR/arInPlacePostProcessCombinedPermute4.rematerial' in bundle at '/Users/shiv/Library/Developer/CoreSimulator/Devices/80DBBEEC-A752-43F6-A60E-2419BAE5B77E/data/Containers/Bundle/Application/9B31E6CD-9A51-4AB6-973F-D0B6A590A7C9/Dream Again.app'. Loading via asset path.
2026-09-15 21:33:22.947977+0700 Dream Again[16664:117235] [Assets] Could not resolve material name 'engine:BuiltinRenderGraphResources/AR/arInPlacePostProcessCombinedPermute5.rematerial' in bundle at '/Users/shiv/Library/Developer/CoreSimulator/Devices/80DBBEEC-A752-43F6-A60E-2419BAE5B77E/data/Containers/Bundle/Application/9B31E6CD-9A51-4AB6-973F-D0B6A590A7C9/Dream Again.app'. Loading via asset path.
2026-09-15 21:33:22.948335+0700 Dream Again[16664:117235] [Assets] Could not resolve material name 'engine:BuiltinRenderGraphResources/AR/arInPlacePostProcessCombinedPermute6.rematerial' in bundle at '/Users/shiv/Library/Developer/CoreSimulator/Devices/80DBBEEC-A752-43F6-A60E-2419BAE5B77E/data/Containers/Bundle/Application/9B31E6CD-9A51-4AB6-973F-D0B6A590A7C9/Dream Again.app'. Loading via asset path.
2026-09-15 21:33:22.948394+0700 Dream Again[16664:117235] [Assets] Could not resolve material name 'engine:BuiltinRenderGraphResources/AR/arInPlacePostProcessCombinedPermute7.rematerial' in bundle at '/Users/shiv/Library/Developer/CoreSimulator/Devices/80DBBEEC-A752-43F6-A60E-2419BAE5B77E/data/Containers/Bundle/Application/9B31E6CD-9A51-4AB6-973F-D0B6A590A7C9/Dream Again.app'. Loading via asset path.
2026-09-15 21:33:22.948449+0700 Dream Again[16664:117235] [Assets] Could not resolve material name 'engine:BuiltinRenderGraphResources/AR/arInPlacePostProcessCombinedPermute8.rematerial' in bundle at '/Users/shiv/Library/Developer/CoreSimulator/Devices/80DBBEEC-A752-43F6-A60E-2419BAE5B77E/data/Containers/Bundle/Application/9B31E6CD-9A51-4AB6-973F-D0B6A590A7C9/Dream Again.app'. Loading via asset path.
2026-09-15 21:33:22.948610+0700 Dream Again[16664:117235] [Assets] Could not resolve material name 'engine:BuiltinRenderGraphResources/AR/arInPlacePostProcessCombinedPermute9.rematerial' in bundle at '/Users/shiv/Library/Developer/CoreSimulator/Devices/80DBBEEC-A752-43F6-A60E-2419BAE5B77E/data/Containers/Bundle/Application/9B31E6CD-9A51-4AB6-973F-D0B6A590A7C9/Dream Again.app'. Loading via asset path.
2026-09-15 21:33:22.948665+0700 Dream Again[16664:117235] [Assets] Could not resolve material name 'engine:BuiltinRenderGraphResources/AR/arInPlacePostProcessCombinedPermute10.rematerial' in bundle at '/Users/shiv/Library/Developer/CoreSimulator/Devices/80DBBEEC-A752-43F6-A60E-2419BAE5B77E/data/Containers/Bundle/Application/9B31E6CD-9A51-4AB6-973F-D0B6A590A7C9/Dream Again.app'. Loading via asset path.
2026-09-15 21:33:22.948897+0700 Dream Again[16664:117235] [Assets] Could not resolve material name 'engine:BuiltinRenderGraphResources/AR/arInPlacePostProcessCombinedPermute11.rematerial' in bundle at '/Users/shiv/Library/Developer/CoreSimulator/Devices/80DBBEEC-A752-43F6-A60E-2419BAE5B77E/data/Containers/Bundle/Application/9B31E6CD-9A51-4AB6-973F-D0B6A590A7C9/Dream Again.app'. Loading via asset path.
2026-09-15 21:33:22.948952+0700 Dream Again[16664:117235] [Assets] Could not resolve material name 'engine:BuiltinRenderGraphResources/AR/arInPlacePostProcessCombinedPermute12.rematerial' in bundle at '/Users/shiv/Library/Developer/CoreSimulator/Devices/80DBBEEC-A752-43F6-A60E-2419BAE5B77E/data/Containers/Bundle/Application/9B31E6CD-9A51-4AB6-973F-D0B6A590A7C9/Dream Again.app'. Loading via asset path.
2026-09-15 21:33:22.949007+0700 Dream Again[16664:117235] [Assets] Could not resolve material name 'engine:BuiltinRenderGraphResources/AR/arInPlacePostProcessCombinedPermute13.rematerial' in bundle at '/Users/shiv/Library/Developer/CoreSimulator/Devices/80DBBEEC-A752-43F6-A60E-2419BAE5B77E/data/Containers/Bundle/Application/9B31E6CD-9A51-4AB6-973F-D0B6A590A7C9/Dream Again.app'. Loading via asset path.
2026-09-15 21:33:22.949151+0700 Dream Again[16664:117235] [Assets] Could not resolve material name 'engine:BuiltinRenderGraphResources/AR/arInPlacePostProcessCombinedPermute14.rematerial' in bundle at '/Users/shiv/Library/Developer/CoreSimulator/Devices/80DBBEEC-A752-43F6-A60E-2419BAE5B77E/data/Containers/Bundle/Application/9B31E6CD-9A51-4AB6-973F-D0B6A590A7C9/Dream Again.app'. Loading via asset path.
2026-09-15 21:33:22.949209+0700 Dream Again[16664:117235] [Assets] Could not resolve material name 'engine:BuiltinRenderGraphResources/AR/arInPlacePostProcessCombinedPermute15.rematerial' in bundle at '/Users/shiv/Library/Developer/CoreSimulator/Devices/80DBBEEC-A752-43F6-A60E-2419BAE5B77E/data/Containers/Bundle/Application/9B31E6CD-9A51-4AB6-973F-D0B6A590A7C9/Dream Again.app'. Loading via asset path.
2026-09-15 21:33:23.757223+0700 Dream Again[16664:121806] [STS-N] exiting spatial tracking service update thread because wait returned 37
Test Case '-[Dream_AgainTests.Dream_AgainTests testStrawCostumesRetainTheSameRig]' passed (0.855 seconds).
Test Suite 'Dream_AgainTests' passed at 2026-09-15 21:33:23.761.
	 Executed 24 tests, with 0 failures (0 unexpected) in 92.022 (92.040) seconds
Test Suite 'Dream AgainTests.xctest' passed at 2026-09-15 21:33:23.764.
	 Executed 24 tests, with 0 failures (0 unexpected) in 92.022 (92.043) seconds
Test Suite 'All tests' passed at 2026-09-15 21:33:23.764.
	 Executed 24 tests, with 0 failures (0 unexpected) in 92.022 (92.045) seconds
2026-09-15 21:33:51.297 xcodebuild[16160:112394] [MT] IDETestOperationsObserverDebug: 194.459 elapsed -- Testing started completed.
2026-09-15 21:33:51.297 xcodebuild[16160:112394] [MT] IDETestOperationsObserverDebug: 0.000 sec, +0.000 sec -- start
2026-09-15 21:33:51.297 xcodebuild[16160:112394] [MT] IDETestOperationsObserverDebug: 194.459 sec, +194.459 sec -- end

Test session results, code coverage, and logs:
	/Users/shiv/Projects/iphone/Dream Again/DerivedData/Logs/Test/Test-Dream Again-2026.09.15_21-30-22-+0700.xcresult

** TEST SUCCEEDED **

Testing started
