Command line invocation:
    /Applications/Xcode.app/Contents/Developer/usr/bin/xcodebuild test -project "Dream Again.xcodeproj" -scheme "Dream Again" -destination "platform=iOS Simulator,id=80DBBEEC-A752-43F6-A60E-2419BAE5B77E" -derivedDataPath DerivedData "-only-testing:Dream AgainTests/Dream_AgainTests/testRepresentationRegistryKeepsExactlyFortyTwoSemanticConcepts" "-only-testing:Dream AgainTests/Dream_AgainTests/testHybridCollageLoadsOnceAndStaysBounded"

ComputePackagePrebuildTargetDependencyGraph

Prepare packages

CreateBuildRequest

SendProjectDescription

CreateBuildOperation

ComputeTargetDependencyGraph
note: Building targets in dependency order
note: Target dependency graph (3 targets)
    Target 'Dream AgainUITests' in project 'Dream Again'
        ➜ Explicit dependency on target 'Dream Again' in project 'Dream Again'
    Target 'Dream AgainTests' in project 'Dream Again'
        ➜ Explicit dependency on target 'Dream Again' in project 'Dream Again'
    Target 'Dream Again' in project 'Dream Again' (no dependencies)

GatherProvisioningInputs

CreateBuildDescription

ExecuteExternalTool /Applications/Xcode.app/Contents/Developer/Toolchains/XcodeDefault.xctoolchain/usr/bin/swiftc --version

ExecuteExternalTool /Applications/Xcode.app/Contents/Developer/Toolchains/XcodeDefault.xctoolchain/usr/bin/clang -v -E -dM -isysroot /Applications/Xcode.app/Contents/Developer/Platforms/iPhoneSimulator.platform/Developer/SDKs/iPhoneSimulator26.5.sdk -x c -c /dev/null

ExecuteExternalTool /Applications/Xcode.app/Contents/Developer/usr/bin/actool --print-asset-tag-combinations --output-format xml1 /Users/shiv/Projects/iphone/Dream Again/Dream Again/Assets.xcassets

ExecuteExternalTool /Applications/Xcode.app/Contents/Developer/Toolchains/XcodeDefault.xctoolchain/usr/bin/ld -version_details

ExecuteExternalTool /Applications/Xcode.app/Contents/Developer/usr/bin/actool --version --output-format xml1

Build description signature: afb8850042197f93152f77eed54cdef9
Build description path: /Users/shiv/Projects/iphone/Dream Again/DerivedData/Build/Intermediates.noindex/XCBuildData/afb8850042197f93152f77eed54cdef9.xcbuilddata
Ld /Users/shiv/Projects/iphone/Dream\ Again/DerivedData/Build/Products/Debug-iphonesimulator/Dream\ Again.app/__preview.dylib normal (in target 'Dream Again' from project 'Dream Again')
    cd /Users/shiv/Projects/iphone/Dream\ Again
    /Applications/Xcode.app/Contents/Developer/Toolchains/XcodeDefault.xctoolchain/usr/bin/clang -Xlinker -reproducible -target arm64-apple-ios18.0-simulator -dynamiclib -isysroot /Applications/Xcode.app/Contents/Developer/Platforms/iPhoneSimulator.platform/Developer/SDKs/iPhoneSimulator26.5.sdk -O0 -L/Users/shiv/Projects/iphone/Dream\ Again/DerivedData/Build/Products/Debug-iphonesimulator -F/Users/shiv/Projects/iphone/Dream\ Again/DerivedData/Build/Products/Debug-iphonesimulator -install_name @rpath/Dream\ Again.debug.dylib -Xlinker -dead_strip -rdynamic -Xlinker -no_deduplicate -Xlinker -objc_abi_version -Xlinker 2 -Xlinker -dependency_info -Xlinker /Users/shiv/Projects/iphone/Dream\ Again/DerivedData/Build/Intermediates.noindex/Dream\ Again.build/Debug-iphonesimulator/Dream\ Again.build/Objects-normal/arm64/Dream\ Again_dependency_info.dat -Xlinker -sectcreate -Xlinker __TEXT -Xlinker __entitlements -Xlinker /Users/shiv/Projects/iphone/Dream\ Again/DerivedData/Build/Intermediates.noindex/Dream\ Again.build/Debug-iphonesimulator/Dream\ Again.build/Dream\ Again.app-Simulated.xcent -Xlinker -sectcreate -Xlinker __TEXT -Xlinker __ents_der -Xlinker /Users/shiv/Projects/iphone/Dream\ Again/DerivedData/Build/Intermediates.noindex/Dream\ Again.build/Debug-iphonesimulator/Dream\ Again.build/Dream\ Again.app-Simulated.xcent.der -Xlinker -no_adhoc_codesign -o /Users/shiv/Projects/iphone/Dream\ Again/DerivedData/Build/Products/Debug-iphonesimulator/Dream\ Again.app/__preview.dylib

ClangStatCache /Applications/Xcode.app/Contents/Developer/Toolchains/XcodeDefault.xctoolchain/usr/bin/clang-stat-cache /Applications/Xcode.app/Contents/Developer/Platforms/iPhoneSimulator.platform/Developer/SDKs/iPhoneSimulator26.5.sdk /Users/shiv/Projects/iphone/Dream\ Again/DerivedData/SDKStatCaches.noindex/iphonesimulator26.5-23F81a-688ef53f1462e2c8f657fdc38a81448f6cfe768891a92b912361537c460fe42b.sdkstatcache
    cd /Users/shiv/Projects/iphone/Dream\ Again/Dream\ Again.xcodeproj
    /Applications/Xcode.app/Contents/Developer/Toolchains/XcodeDefault.xctoolchain/usr/bin/clang-stat-cache /Applications/Xcode.app/Contents/Developer/Platforms/iPhoneSimulator.platform/Developer/SDKs/iPhoneSimulator26.5.sdk -o /Users/shiv/Projects/iphone/Dream\ Again/DerivedData/SDKStatCaches.noindex/iphonesimulator26.5-23F81a-688ef53f1462e2c8f657fdc38a81448f6cfe768891a92b912361537c460fe42b.sdkstatcache

WriteAuxiliaryFile /Users/shiv/Projects/iphone/Dream\ Again/DerivedData/Build/Intermediates.noindex/Dream\ Again.build/Debug-iphonesimulator/Dream\ Again.build/Objects-normal/arm64/Dream\ Again.LinkFileList (in target 'Dream Again' from project 'Dream Again')
    cd /Users/shiv/Projects/iphone/Dream\ Again
    write-file /Users/shiv/Projects/iphone/Dream\ Again/DerivedData/Build/Intermediates.noindex/Dream\ Again.build/Debug-iphonesimulator/Dream\ Again.build/Objects-normal/arm64/Dream\ Again.LinkFileList

WriteAuxiliaryFile /Users/shiv/Projects/iphone/Dream\ Again/DerivedData/Build/Intermediates.noindex/Dream\ Again.build/Debug-iphonesimulator/Dream\ Again.build/Objects-normal/arm64/Dream\ Again.SwiftConstValuesFileList (in target 'Dream Again' from project 'Dream Again')
    cd /Users/shiv/Projects/iphone/Dream\ Again
    write-file /Users/shiv/Projects/iphone/Dream\ Again/DerivedData/Build/Intermediates.noindex/Dream\ Again.build/Debug-iphonesimulator/Dream\ Again.build/Objects-normal/arm64/Dream\ Again.SwiftConstValuesFileList

WriteAuxiliaryFile /Users/shiv/Projects/iphone/Dream\ Again/DerivedData/Build/Intermediates.noindex/Dream\ Again.build/Debug-iphonesimulator/Dream\ Again.build/Objects-normal/arm64/Dream\ Again.SwiftFileList (in target 'Dream Again' from project 'Dream Again')
    cd /Users/shiv/Projects/iphone/Dream\ Again
    write-file /Users/shiv/Projects/iphone/Dream\ Again/DerivedData/Build/Intermediates.noindex/Dream\ Again.build/Debug-iphonesimulator/Dream\ Again.build/Objects-normal/arm64/Dream\ Again.SwiftFileList

WriteAuxiliaryFile /Users/shiv/Projects/iphone/Dream\ Again/DerivedData/Build/Intermediates.noindex/Dream\ Again.build/Debug-iphonesimulator/Dream\ Again.build/Objects-normal/arm64/Dream\ Again-OutputFileMap.json (in target 'Dream Again' from project 'Dream Again')
    cd /Users/shiv/Projects/iphone/Dream\ Again
    write-file /Users/shiv/Projects/iphone/Dream\ Again/DerivedData/Build/Intermediates.noindex/Dream\ Again.build/Debug-iphonesimulator/Dream\ Again.build/Objects-normal/arm64/Dream\ Again-OutputFileMap.json

CopyPNGFile /Users/shiv/Projects/iphone/Dream\ Again/DerivedData/Build/Products/Debug-iphonesimulator/Dream\ Again.app/repost_seahorse_memory.png /Users/shiv/Projects/iphone/Dream\ Again/Dream\ Again/Resources/DreamCollage/repost_seahorse_memory.png (in target 'Dream Again' from project 'Dream Again')
    cd /Users/shiv/Projects/iphone/Dream\ Again
    /Applications/Xcode.app/Contents/Developer/usr/bin/copypng -compress -strip-PNG-text /Users/shiv/Projects/iphone/Dream\ Again/Dream\ Again/Resources/DreamCollage/repost_seahorse_memory.png /Users/shiv/Projects/iphone/Dream\ Again/DerivedData/Build/Products/Debug-iphonesimulator/Dream\ Again.app/repost_seahorse_memory.png

CopyPNGFile /Users/shiv/Projects/iphone/Dream\ Again/DerivedData/Build/Products/Debug-iphonesimulator/Dream\ Again.app/repost_whale_carpet.png /Users/shiv/Projects/iphone/Dream\ Again/Dream\ Again/Resources/DreamCollage/repost_whale_carpet.png (in target 'Dream Again' from project 'Dream Again')
    cd /Users/shiv/Projects/iphone/Dream\ Again
    /Applications/Xcode.app/Contents/Developer/usr/bin/copypng -compress -strip-PNG-text /Users/shiv/Projects/iphone/Dream\ Again/Dream\ Again/Resources/DreamCollage/repost_whale_carpet.png /Users/shiv/Projects/iphone/Dream\ Again/DerivedData/Build/Products/Debug-iphonesimulator/Dream\ Again.app/repost_whale_carpet.png

CopyPNGFile /Users/shiv/Projects/iphone/Dream\ Again/DerivedData/Build/Products/Debug-iphonesimulator/Dream\ Again.app/repost_weather_tv.png /Users/shiv/Projects/iphone/Dream\ Again/Dream\ Again/Resources/DreamCollage/repost_weather_tv.png (in target 'Dream Again' from project 'Dream Again')
    cd /Users/shiv/Projects/iphone/Dream\ Again
    /Applications/Xcode.app/Contents/Developer/usr/bin/copypng -compress -strip-PNG-text /Users/shiv/Projects/iphone/Dream\ Again/Dream\ Again/Resources/DreamCollage/repost_weather_tv.png /Users/shiv/Projects/iphone/Dream\ Again/DerivedData/Build/Products/Debug-iphonesimulator/Dream\ Again.app/repost_weather_tv.png

CopyPNGFile /Users/shiv/Projects/iphone/Dream\ Again/DerivedData/Build/Products/Debug-iphonesimulator/Dream\ Again.app/repost_roomless_chair.png /Users/shiv/Projects/iphone/Dream\ Again/Dream\ Again/Resources/DreamCollage/repost_roomless_chair.png (in target 'Dream Again' from project 'Dream Again')
    cd /Users/shiv/Projects/iphone/Dream\ Again
    /Applications/Xcode.app/Contents/Developer/usr/bin/copypng -compress -strip-PNG-text /Users/shiv/Projects/iphone/Dream\ Again/Dream\ Again/Resources/DreamCollage/repost_roomless_chair.png /Users/shiv/Projects/iphone/Dream\ Again/DerivedData/Build/Products/Debug-iphonesimulator/Dream\ Again.app/repost_roomless_chair.png

CopyPNGFile /Users/shiv/Projects/iphone/Dream\ Again/DerivedData/Build/Products/Debug-iphonesimulator/Dream\ Again.app/repost_pink_horse.png /Users/shiv/Projects/iphone/Dream\ Again/Dream\ Again/Resources/DreamCollage/repost_pink_horse.png (in target 'Dream Again' from project 'Dream Again')
    cd /Users/shiv/Projects/iphone/Dream\ Again
    /Applications/Xcode.app/Contents/Developer/usr/bin/copypng -compress -strip-PNG-text /Users/shiv/Projects/iphone/Dream\ Again/Dream\ Again/Resources/DreamCollage/repost_pink_horse.png /Users/shiv/Projects/iphone/Dream\ Again/DerivedData/Build/Products/Debug-iphonesimulator/Dream\ Again.app/repost_pink_horse.png

CopyPNGFile /Users/shiv/Projects/iphone/Dream\ Again/DerivedData/Build/Products/Debug-iphonesimulator/Dream\ Again.app/repost_ocean_phone.png /Users/shiv/Projects/iphone/Dream\ Again/Dream\ Again/Resources/DreamCollage/repost_ocean_phone.png (in target 'Dream Again' from project 'Dream Again')
    cd /Users/shiv/Projects/iphone/Dream\ Again
    /Applications/Xcode.app/Contents/Developer/usr/bin/copypng -compress -strip-PNG-text /Users/shiv/Projects/iphone/Dream\ Again/Dream\ Again/Resources/DreamCollage/repost_ocean_phone.png /Users/shiv/Projects/iphone/Dream\ Again/DerivedData/Build/Products/Debug-iphonesimulator/Dream\ Again.app/repost_ocean_phone.png

CopyPNGFile /Users/shiv/Projects/iphone/Dream\ Again/DerivedData/Build/Products/Debug-iphonesimulator/Dream\ Again.app/repost_jelly_memory.png /Users/shiv/Projects/iphone/Dream\ Again/Dream\ Again/Resources/DreamCollage/repost_jelly_memory.png (in target 'Dream Again' from project 'Dream Again')
    cd /Users/shiv/Projects/iphone/Dream\ Again
    /Applications/Xcode.app/Contents/Developer/usr/bin/copypng -compress -strip-PNG-text /Users/shiv/Projects/iphone/Dream\ Again/Dream\ Again/Resources/DreamCollage/repost_jelly_memory.png /Users/shiv/Projects/iphone/Dream\ Again/DerivedData/Build/Products/Debug-iphonesimulator/Dream\ Again.app/repost_jelly_memory.png

CpResource /Users/shiv/Projects/iphone/Dream\ Again/DerivedData/Build/Products/Debug-iphonesimulator/Dream\ Again.app/game_config.json /Users/shiv/Projects/iphone/Dream\ Again/Dream\ Again/Resources/game_config.json (in target 'Dream Again' from project 'Dream Again')
    cd /Users/shiv/Projects/iphone/Dream\ Again
    builtin-copy -exclude .DS_Store -exclude CVS -exclude .svn -exclude .git -exclude .hg -resolve-src-symlinks /Users/shiv/Projects/iphone/Dream\ Again/Dream\ Again/Resources/game_config.json /Users/shiv/Projects/iphone/Dream\ Again/DerivedData/Build/Products/Debug-iphonesimulator/Dream\ Again.app

CopyPNGFile /Users/shiv/Projects/iphone/Dream\ Again/DerivedData/Build/Products/Debug-iphonesimulator/Dream\ Again.app/repost_chicken_recipe.png /Users/shiv/Projects/iphone/Dream\ Again/Dream\ Again/Resources/DreamCollage/repost_chicken_recipe.png (in target 'Dream Again' from project 'Dream Again')
    cd /Users/shiv/Projects/iphone/Dream\ Again
    /Applications/Xcode.app/Contents/Developer/usr/bin/copypng -compress -strip-PNG-text /Users/shiv/Projects/iphone/Dream\ Again/Dream\ Again/Resources/DreamCollage/repost_chicken_recipe.png /Users/shiv/Projects/iphone/Dream\ Again/DerivedData/Build/Products/Debug-iphonesimulator/Dream\ Again.app/repost_chicken_recipe.png

ProcessInfoPlistFile /Users/shiv/Projects/iphone/Dream\ Again/DerivedData/Build/Products/Debug-iphonesimulator/Dream\ Again.app/Info.plist /Users/shiv/Projects/iphone/Dream\ Again/Configuration/Info.plist (in target 'Dream Again' from project 'Dream Again')
    cd /Users/shiv/Projects/iphone/Dream\ Again
    builtin-infoPlistUtility /Users/shiv/Projects/iphone/Dream\ Again/Configuration/Info.plist -producttype com.apple.product-type.application -genpkginfo /Users/shiv/Projects/iphone/Dream\ Again/DerivedData/Build/Products/Debug-iphonesimulator/Dream\ Again.app/PkgInfo -expandbuildsettings -format binary -platform iphonesimulator -additionalcontentfile /Users/shiv/Projects/iphone/Dream\ Again/DerivedData/Build/Intermediates.noindex/Dream\ Again.build/Debug-iphonesimulator/Dream\ Again.build/assetcatalog_generated_info.plist -o /Users/shiv/Projects/iphone/Dream\ Again/DerivedData/Build/Products/Debug-iphonesimulator/Dream\ Again.app/Info.plist
warning: The application supports opening files, but doesn't declare whether it supports opening them in place. You can add an LSSupportsOpeningDocumentsInPlace entry or an UISupportsDocumentBrowser entry to your Info.plist to declare support. (in target 'Dream Again' from project 'Dream Again')

SwiftDriver Dream\ Again normal arm64 com.apple.xcode.tools.swift.compiler (in target 'Dream Again' from project 'Dream Again')
    cd /Users/shiv/Projects/iphone/Dream\ Again
    builtin-SwiftDriver -- /Applications/Xcode.app/Contents/Developer/Toolchains/XcodeDefault.xctoolchain/usr/bin/swiftc -module-name DreamAgain -Onone @/Users/shiv/Projects/iphone/Dream\ Again/DerivedData/Build/Intermediates.noindex/Dream\ Again.build/Debug-iphonesimulator/Dream\ Again.build/Objects-normal/arm64/Dream\ Again.SwiftFileList -DDEBUG -enable-bare-slash-regex -enable-upcoming-feature DisableOutwardActorInference -enable-upcoming-feature InferSendableFromCaptures -enable-upcoming-feature GlobalActorIsolatedTypesUsability -enable-upcoming-feature MemberImportVisibility -enable-upcoming-feature InferIsolatedConformances -enable-upcoming-feature NonisolatedNonsendingByDefault -enable-experimental-feature DebugDescriptionMacro -sdk /Applications/Xcode.app/Contents/Developer/Platforms/iPhoneSimulator.platform/Developer/SDKs/iPhoneSimulator26.5.sdk -target arm64-apple-ios18.0-simulator -g -module-cache-path /Users/shiv/Projects/iphone/Dream\ Again/DerivedData/ModuleCache.noindex -Xfrontend -serialize-debugging-options -enable-testing -index-store-path /Users/shiv/Projects/iphone/Dream\ Again/DerivedData/Index.noindex/DataStore -Xcc -D_LIBCPP_HARDENING_MODE\=_LIBCPP_HARDENING_MODE_DEBUG -swift-version 5 -I /Users/shiv/Projects/iphone/Dream\ Again/DerivedData/Build/Products/Debug-iphonesimulator -F /Users/shiv/Projects/iphone/Dream\ Again/DerivedData/Build/Products/Debug-iphonesimulator -emit-localized-strings -emit-localized-strings-path /Users/shiv/Projects/iphone/Dream\ Again/DerivedData/Build/Intermediates.noindex/Dream\ Again.build/Debug-iphonesimulator/Dream\ Again.build/Objects-normal/arm64 -c -j8 -enable-batch-mode -incremental -Xcc -ivfsstatcache -Xcc /Users/shiv/Projects/iphone/Dream\ Again/DerivedData/SDKStatCaches.noindex/iphonesimulator26.5-23F81a-688ef53f1462e2c8f657fdc38a81448f6cfe768891a92b912361537c460fe42b.sdkstatcache -output-file-map /Users/shiv/Projects/iphone/Dream\ Again/DerivedData/Build/Intermediates.noindex/Dream\ Again.build/Debug-iphonesimulator/Dream\ Again.build/Objects-normal/arm64/Dream\ Again-OutputFileMap.json -use-frontend-parseable-output -save-temps -no-color-diagnostics -explicit-module-build -module-cache-path /Users/shiv/Projects/iphone/Dream\ Again/DerivedData/Build/Intermediates.noindex/SwiftExplicitPrecompiledModules -clang-scanner-module-cache-path /Users/shiv/Projects/iphone/Dream\ Again/DerivedData/ModuleCache.noindex -sdk-module-cache-path /Users/shiv/Projects/iphone/Dream\ Again/DerivedData/ModuleCache.noindex -serialize-diagnostics -emit-dependencies -emit-module -emit-module-path /Users/shiv/Projects/iphone/Dream\ Again/DerivedData/Build/Intermediates.noindex/Dream\ Again.build/Debug-iphonesimulator/Dream\ Again.build/Objects-normal/arm64/DreamAgain.swiftmodule -validate-clang-modules-once -clang-build-session-file /Users/shiv/Projects/iphone/Dream\ Again/DerivedData/ModuleCache.noindex/Session.modulevalidation -Xcc -I/Users/shiv/Projects/iphone/Dream\ Again/DerivedData/Build/Intermediates.noindex/Dream\ Again.build/Debug-iphonesimulator/Dream\ Again.build/swift-overrides.hmap -emit-const-values -Xfrontend -const-gather-protocols-file -Xfrontend /Users/shiv/Projects/iphone/Dream\ Again/DerivedData/Build/Intermediates.noindex/Dream\ Again.build/Debug-iphonesimulator/Dream\ Again.build/Objects-normal/arm64/Dream\ Again_const_extract_protocols.json -Xcc -iquote -Xcc /Users/shiv/Projects/iphone/Dream\ Again/DerivedData/Build/Intermediates.noindex/Dream\ Again.build/Debug-iphonesimulator/Dream\ Again.build/Dream\ Again-generated-files.hmap -Xcc -I/Users/shiv/Projects/iphone/Dream\ Again/DerivedData/Build/Intermediates.noindex/Dream\ Again.build/Debug-iphonesimulator/Dream\ Again.build/Dream\ Again-own-target-headers.hmap -Xcc -I/Users/shiv/Projects/iphone/Dream\ Again/DerivedData/Build/Intermediates.noindex/Dream\ Again.build/Debug-iphonesimulator/Dream\ Again.build/Dream\ Again-all-target-headers.hmap -Xcc -iquote -Xcc /Users/shiv/Projects/iphone/Dream\ Again/DerivedData/Build/Intermediates.noindex/Dream\ Again.build/Debug-iphonesimulator/Dream\ Again.build/Dream\ Again-project-headers.hmap -Xcc -I/Users/shiv/Projects/iphone/Dream\ Again/DerivedData/Build/Products/Debug-iphonesimulator/include -Xcc -I/Users/shiv/Projects/iphone/Dream\ Again/DerivedData/Build/Intermediates.noindex/Dream\ Again.build/Debug-iphonesimulator/Dream\ Again.build/DerivedSources-normal/arm64 -Xcc -I/Users/shiv/Projects/iphone/Dream\ Again/DerivedData/Build/Intermediates.noindex/Dream\ Again.build/Debug-iphonesimulator/Dream\ Again.build/DerivedSources/arm64 -Xcc -I/Users/shiv/Projects/iphone/Dream\ Again/DerivedData/Build/Intermediates.noindex/Dream\ Again.build/Debug-iphonesimulator/Dream\ Again.build/DerivedSources -Xcc -DDEBUG\=1 -emit-objc-header -emit-objc-header-path /Users/shiv/Projects/iphone/Dream\ Again/DerivedData/Build/Intermediates.noindex/Dream\ Again.build/Debug-iphonesimulator/Dream\ Again.build/Objects-normal/arm64/DreamAgain-Swift.h -working-directory /Users/shiv/Projects/iphone/Dream\ Again -experimental-emit-module-separately -disable-cmo

SwiftEmitModule normal arm64 Emitting\ module\ for\ DreamAgain (in target 'Dream Again' from project 'Dream Again')

EmitSwiftModule normal arm64 (in target 'Dream Again' from project 'Dream Again')
    cd /Users/shiv/Projects/iphone/Dream\ Again


SwiftCompile normal arm64 Compiling\ DreamRepostKit.swift,\ DreamRepresentations.swift /Users/shiv/Projects/iphone/Dream\ Again/Dream\ Again/Core/DreamRepostKit.swift /Users/shiv/Projects/iphone/Dream\ Again/Dream\ Again/Core/DreamRepresentations.swift (in target 'Dream Again' from project 'Dream Again')

SwiftCompile normal arm64 /Users/shiv/Projects/iphone/Dream\ Again/Dream\ Again/Core/DreamRepostKit.swift (in target 'Dream Again' from project 'Dream Again')
    cd /Users/shiv/Projects/iphone/Dream\ Again


SwiftCompile normal arm64 /Users/shiv/Projects/iphone/Dream\ Again/Dream\ Again/Core/DreamRepresentations.swift (in target 'Dream Again' from project 'Dream Again')
    cd /Users/shiv/Projects/iphone/Dream\ Again


SwiftCompile normal arm64 Compiling\ Difficulty.swift,\ DreamCollageKit.swift /Users/shiv/Projects/iphone/Dream\ Again/Dream\ Again/Core/Difficulty.swift /Users/shiv/Projects/iphone/Dream\ Again/Dream\ Again/Core/DreamCollageKit.swift (in target 'Dream Again' from project 'Dream Again')

SwiftCompile normal arm64 /Users/shiv/Projects/iphone/Dream\ Again/Dream\ Again/Core/Difficulty.swift (in target 'Dream Again' from project 'Dream Again')
    cd /Users/shiv/Projects/iphone/Dream\ Again


SwiftCompile normal arm64 /Users/shiv/Projects/iphone/Dream\ Again/Dream\ Again/Core/DreamCollageKit.swift (in target 'Dream Again' from project 'Dream Again')
    cd /Users/shiv/Projects/iphone/Dream\ Again


SwiftCompile normal arm64 Compiling\ DreamVignettes.swift,\ Rules.swift /Users/shiv/Projects/iphone/Dream\ Again/Dream\ Again/Core/DreamVignettes.swift /Users/shiv/Projects/iphone/Dream\ Again/Dream\ Again/Core/Rules.swift (in target 'Dream Again' from project 'Dream Again')

SwiftCompile normal arm64 /Users/shiv/Projects/iphone/Dream\ Again/Dream\ Again/Core/DreamVignettes.swift (in target 'Dream Again' from project 'Dream Again')
    cd /Users/shiv/Projects/iphone/Dream\ Again


SwiftCompile normal arm64 /Users/shiv/Projects/iphone/Dream\ Again/Dream\ Again/Core/Rules.swift (in target 'Dream Again' from project 'Dream Again')
    cd /Users/shiv/Projects/iphone/Dream\ Again


SwiftCompile normal arm64 Compiling\ Certification.swift,\ Determinism.swift /Users/shiv/Projects/iphone/Dream\ Again/Dream\ Again/Core/Certification.swift /Users/shiv/Projects/iphone/Dream\ Again/Dream\ Again/Core/Determinism.swift (in target 'Dream Again' from project 'Dream Again')

SwiftCompile normal arm64 /Users/shiv/Projects/iphone/Dream\ Again/Dream\ Again/Core/Certification.swift (in target 'Dream Again' from project 'Dream Again')
    cd /Users/shiv/Projects/iphone/Dream\ Again


SwiftCompile normal arm64 /Users/shiv/Projects/iphone/Dream\ Again/Dream\ Again/Core/Determinism.swift (in target 'Dream Again' from project 'Dream Again')
    cd /Users/shiv/Projects/iphone/Dream\ Again


SwiftCompile normal arm64 Compiling\ DistantPathRenderer.swift,\ DreamObstacles.swift /Users/shiv/Projects/iphone/Dream\ Again/Dream\ Again/Rendering/DistantPathRenderer.swift /Users/shiv/Projects/iphone/Dream\ Again/Dream\ Again/Rendering/DreamObstacles.swift (in target 'Dream Again' from project 'Dream Again')
SwiftCompile normal arm64 /Users/shiv/Projects/iphone/Dream\ Again/Dream\ Again/Rendering/DistantPathRenderer.swift (in target 'Dream Again' from project 'Dream Again')
    cd /Users/shiv/Projects/iphone/Dream\ Again


SwiftCompile normal arm64 /Users/shiv/Projects/iphone/Dream\ Again/Dream\ Again/Rendering/DreamObstacles.swift (in target 'Dream Again' from project 'Dream Again')
    cd /Users/shiv/Projects/iphone/Dream\ Again


SwiftCompile normal arm64 Compiling\ DreamRenderer.swift,\ GameModel.swift /Users/shiv/Projects/iphone/Dream\ Again/Dream\ Again/Rendering/DreamRenderer.swift /Users/shiv/Projects/iphone/Dream\ Again/Dream\ Again/Services/GameModel.swift (in target 'Dream Again' from project 'Dream Again')
SwiftCompile normal arm64 /Users/shiv/Projects/iphone/Dream\ Again/Dream\ Again/Rendering/DreamRenderer.swift (in target 'Dream Again' from project 'Dream Again')
    cd /Users/shiv/Projects/iphone/Dream\ Again


SwiftCompile normal arm64 /Users/shiv/Projects/iphone/Dream\ Again/Dream\ Again/Services/GameModel.swift (in target 'Dream Again' from project 'Dream Again')
    cd /Users/shiv/Projects/iphone/Dream\ Again


SwiftCompile normal arm64 Compiling\ Simulation.swift,\ World.swift /Users/shiv/Projects/iphone/Dream\ Again/Dream\ Again/Core/Simulation.swift /Users/shiv/Projects/iphone/Dream\ Again/Dream\ Again/Core/World.swift (in target 'Dream Again' from project 'Dream Again')

SwiftCompile normal arm64 /Users/shiv/Projects/iphone/Dream\ Again/Dream\ Again/Core/Simulation.swift (in target 'Dream Again' from project 'Dream Again')
    cd /Users/shiv/Projects/iphone/Dream\ Again


SwiftCompile normal arm64 /Users/shiv/Projects/iphone/Dream\ Again/Dream\ Again/Core/World.swift (in target 'Dream Again' from project 'Dream Again')
    cd /Users/shiv/Projects/iphone/Dream\ Again


SwiftCompile normal arm64 Compiling\ ContentView.swift /Users/shiv/Projects/iphone/Dream\ Again/Dream\ Again/ContentView.swift (in target 'Dream Again' from project 'Dream Again')
SwiftCompile normal arm64 /Users/shiv/Projects/iphone/Dream\ Again/Dream\ Again/ContentView.swift (in target 'Dream Again' from project 'Dream Again')
    cd /Users/shiv/Projects/iphone/Dream\ Again


SwiftDriverJobDiscovery normal arm64 Compiling Difficulty.swift, DreamCollageKit.swift (in target 'Dream Again' from project 'Dream Again')

SwiftDriverJobDiscovery normal arm64 Compiling DreamVignettes.swift, Rules.swift (in target 'Dream Again' from project 'Dream Again')

SwiftCompile normal arm64 Compiling\ Persistence.swift /Users/shiv/Projects/iphone/Dream\ Again/Dream\ Again/Core/Persistence.swift (in target 'Dream Again' from project 'Dream Again')

SwiftCompile normal arm64 /Users/shiv/Projects/iphone/Dream\ Again/Dream\ Again/Core/Persistence.swift (in target 'Dream Again' from project 'Dream Again')
    cd /Users/shiv/Projects/iphone/Dream\ Again


SwiftCompile normal arm64 Compiling\ DreamAtmosphere.swift,\ DreamSoundscape.swift /Users/shiv/Projects/iphone/Dream\ Again/Dream\ Again/Core/DreamAtmosphere.swift /Users/shiv/Projects/iphone/Dream\ Again/Dream\ Again/Core/DreamSoundscape.swift (in target 'Dream Again' from project 'Dream Again')

SwiftCompile normal arm64 /Users/shiv/Projects/iphone/Dream\ Again/Dream\ Again/Core/DreamAtmosphere.swift (in target 'Dream Again' from project 'Dream Again')
    cd /Users/shiv/Projects/iphone/Dream\ Again


SwiftCompile normal arm64 /Users/shiv/Projects/iphone/Dream\ Again/Dream\ Again/Core/DreamSoundscape.swift (in target 'Dream Again' from project 'Dream Again')
    cd /Users/shiv/Projects/iphone/Dream\ Again


SwiftDriverJobDiscovery normal arm64 Compiling DreamRepostKit.swift, DreamRepresentations.swift (in target 'Dream Again' from project 'Dream Again')

SwiftCompile normal arm64 Compiling\ DreamAudio.swift /Users/shiv/Projects/iphone/Dream\ Again/Dream\ Again/Services/DreamAudio.swift (in target 'Dream Again' from project 'Dream Again')

SwiftCompile normal arm64 /Users/shiv/Projects/iphone/Dream\ Again/Dream\ Again/Services/DreamAudio.swift (in target 'Dream Again' from project 'Dream Again')
    cd /Users/shiv/Projects/iphone/Dream\ Again


SwiftDriverJobDiscovery normal arm64 Compiling Certification.swift, Determinism.swift (in target 'Dream Again' from project 'Dream Again')

SwiftCompile normal arm64 Compiling\ TrackArt.swift /Users/shiv/Projects/iphone/Dream\ Again/Dream\ Again/Core/TrackArt.swift (in target 'Dream Again' from project 'Dream Again')

SwiftCompile normal arm64 /Users/shiv/Projects/iphone/Dream\ Again/Dream\ Again/Core/TrackArt.swift (in target 'Dream Again' from project 'Dream Again')
    cd /Users/shiv/Projects/iphone/Dream\ Again


SwiftDriverJobDiscovery normal arm64 Emitting module for DreamAgain (in target 'Dream Again' from project 'Dream Again')

SwiftDriver\ Compilation\ Requirements Dream\ Again normal arm64 com.apple.xcode.tools.swift.compiler (in target 'Dream Again' from project 'Dream Again')
    cd /Users/shiv/Projects/iphone/Dream\ Again
    builtin-Swift-Compilation-Requirements -- /Applications/Xcode.app/Contents/Developer/Toolchains/XcodeDefault.xctoolchain/usr/bin/swiftc -module-name DreamAgain -Onone @/Users/shiv/Projects/iphone/Dream\ Again/DerivedData/Build/Intermediates.noindex/Dream\ Again.build/Debug-iphonesimulator/Dream\ Again.build/Objects-normal/arm64/Dream\ Again.SwiftFileList -DDEBUG -enable-bare-slash-regex -enable-upcoming-feature DisableOutwardActorInference -enable-upcoming-feature InferSendableFromCaptures -enable-upcoming-feature GlobalActorIsolatedTypesUsability -enable-upcoming-feature MemberImportVisibility -enable-upcoming-feature InferIsolatedConformances -enable-upcoming-feature NonisolatedNonsendingByDefault -enable-experimental-feature DebugDescriptionMacro -sdk /Applications/Xcode.app/Contents/Developer/Platforms/iPhoneSimulator.platform/Developer/SDKs/iPhoneSimulator26.5.sdk -target arm64-apple-ios18.0-simulator -g -module-cache-path /Users/shiv/Projects/iphone/Dream\ Again/DerivedData/ModuleCache.noindex -Xfrontend -serialize-debugging-options -enable-testing -index-store-path /Users/shiv/Projects/iphone/Dream\ Again/DerivedData/Index.noindex/DataStore -Xcc -D_LIBCPP_HARDENING_MODE\=_LIBCPP_HARDENING_MODE_DEBUG -swift-version 5 -I /Users/shiv/Projects/iphone/Dream\ Again/DerivedData/Build/Products/Debug-iphonesimulator -F /Users/shiv/Projects/iphone/Dream\ Again/DerivedData/Build/Products/Debug-iphonesimulator -emit-localized-strings -emit-localized-strings-path /Users/shiv/Projects/iphone/Dream\ Again/DerivedData/Build/Intermediates.noindex/Dream\ Again.build/Debug-iphonesimulator/Dream\ Again.build/Objects-normal/arm64 -c -j8 -enable-batch-mode -incremental -Xcc -ivfsstatcache -Xcc /Users/shiv/Projects/iphone/Dream\ Again/DerivedData/SDKStatCaches.noindex/iphonesimulator26.5-23F81a-688ef53f1462e2c8f657fdc38a81448f6cfe768891a92b912361537c460fe42b.sdkstatcache -output-file-map /Users/shiv/Projects/iphone/Dream\ Again/DerivedData/Build/Intermediates.noindex/Dream\ Again.build/Debug-iphonesimulator/Dream\ Again.build/Objects-normal/arm64/Dream\ Again-OutputFileMap.json -use-frontend-parseable-output -save-temps -no-color-diagnostics -explicit-module-build -module-cache-path /Users/shiv/Projects/iphone/Dream\ Again/DerivedData/Build/Intermediates.noindex/SwiftExplicitPrecompiledModules -clang-scanner-module-cache-path /Users/shiv/Projects/iphone/Dream\ Again/DerivedData/ModuleCache.noindex -sdk-module-cache-path /Users/shiv/Projects/iphone/Dream\ Again/DerivedData/ModuleCache.noindex -serialize-diagnostics -emit-dependencies -emit-module -emit-module-path /Users/shiv/Projects/iphone/Dream\ Again/DerivedData/Build/Intermediates.noindex/Dream\ Again.build/Debug-iphonesimulator/Dream\ Again.build/Objects-normal/arm64/DreamAgain.swiftmodule -validate-clang-modules-once -clang-build-session-file /Users/shiv/Projects/iphone/Dream\ Again/DerivedData/ModuleCache.noindex/Session.modulevalidation -Xcc -I/Users/shiv/Projects/iphone/Dream\ Again/DerivedData/Build/Intermediates.noindex/Dream\ Again.build/Debug-iphonesimulator/Dream\ Again.build/swift-overrides.hmap -emit-const-values -Xfrontend -const-gather-protocols-file -Xfrontend /Users/shiv/Projects/iphone/Dream\ Again/DerivedData/Build/Intermediates.noindex/Dream\ Again.build/Debug-iphonesimulator/Dream\ Again.build/Objects-normal/arm64/Dream\ Again_const_extract_protocols.json -Xcc -iquote -Xcc /Users/shiv/Projects/iphone/Dream\ Again/DerivedData/Build/Intermediates.noindex/Dream\ Again.build/Debug-iphonesimulator/Dream\ Again.build/Dream\ Again-generated-files.hmap -Xcc -I/Users/shiv/Projects/iphone/Dream\ Again/DerivedData/Build/Intermediates.noindex/Dream\ Again.build/Debug-iphonesimulator/Dream\ Again.build/Dream\ Again-own-target-headers.hmap -Xcc -I/Users/shiv/Projects/iphone/Dream\ Again/DerivedData/Build/Intermediates.noindex/Dream\ Again.build/Debug-iphonesimulator/Dream\ Again.build/Dream\ Again-all-target-headers.hmap -Xcc -iquote -Xcc /Users/shiv/Projects/iphone/Dream\ Again/DerivedData/Build/Intermediates.noindex/Dream\ Again.build/Debug-iphonesimulator/Dream\ Again.build/Dream\ Again-project-headers.hmap -Xcc -I/Users/shiv/Projects/iphone/Dream\ Again/DerivedData/Build/Products/Debug-iphonesimulator/include -Xcc -I/Users/shiv/Projects/iphone/Dream\ Again/DerivedData/Build/Intermediates.noindex/Dream\ Again.build/Debug-iphonesimulator/Dream\ Again.build/DerivedSources-normal/arm64 -Xcc -I/Users/shiv/Projects/iphone/Dream\ Again/DerivedData/Build/Intermediates.noindex/Dream\ Again.build/Debug-iphonesimulator/Dream\ Again.build/DerivedSources/arm64 -Xcc -I/Users/shiv/Projects/iphone/Dream\ Again/DerivedData/Build/Intermediates.noindex/Dream\ Again.build/Debug-iphonesimulator/Dream\ Again.build/DerivedSources -Xcc -DDEBUG\=1 -emit-objc-header -emit-objc-header-path /Users/shiv/Projects/iphone/Dream\ Again/DerivedData/Build/Intermediates.noindex/Dream\ Again.build/Debug-iphonesimulator/Dream\ Again.build/Objects-normal/arm64/DreamAgain-Swift.h -working-directory /Users/shiv/Projects/iphone/Dream\ Again -experimental-emit-module-separately -disable-cmo

SwiftDriverJobDiscovery normal arm64 Compiling TrackArt.swift (in target 'Dream Again' from project 'Dream Again')

SwiftCompile normal arm64 Compiling\ StrawRepairVisuals.swift /Users/shiv/Projects/iphone/Dream\ Again/Dream\ Again/Rendering/StrawRepairVisuals.swift (in target 'Dream Again' from project 'Dream Again')

SwiftCompile normal arm64 /Users/shiv/Projects/iphone/Dream\ Again/Dream\ Again/Rendering/StrawRepairVisuals.swift (in target 'Dream Again' from project 'Dream Again')
    cd /Users/shiv/Projects/iphone/Dream\ Again


Copy /Users/shiv/Projects/iphone/Dream\ Again/DerivedData/Build/Products/Debug-iphonesimulator/DreamAgain.swiftmodule/arm64-apple-ios-simulator.swiftmodule /Users/shiv/Projects/iphone/Dream\ Again/DerivedData/Build/Intermediates.noindex/Dream\ Again.build/Debug-iphonesimulator/Dream\ Again.build/Objects-normal/arm64/DreamAgain.swiftmodule (in target 'Dream Again' from project 'Dream Again')
    cd /Users/shiv/Projects/iphone/Dream\ Again
    builtin-copy -exclude .DS_Store -exclude CVS -exclude .svn -exclude .git -exclude .hg -resolve-src-symlinks -rename /Users/shiv/Projects/iphone/Dream\ Again/DerivedData/Build/Intermediates.noindex/Dream\ Again.build/Debug-iphonesimulator/Dream\ Again.build/Objects-normal/arm64/DreamAgain.swiftmodule /Users/shiv/Projects/iphone/Dream\ Again/DerivedData/Build/Products/Debug-iphonesimulator/DreamAgain.swiftmodule/arm64-apple-ios-simulator.swiftmodule

SwiftDriverJobDiscovery normal arm64 Compiling DistantPathRenderer.swift, DreamObstacles.swift (in target 'Dream Again' from project 'Dream Again')

Copy /Users/shiv/Projects/iphone/Dream\ Again/DerivedData/Build/Products/Debug-iphonesimulator/DreamAgain.swiftmodule/arm64-apple-ios-simulator.swiftdoc /Users/shiv/Projects/iphone/Dream\ Again/DerivedData/Build/Intermediates.noindex/Dream\ Again.build/Debug-iphonesimulator/Dream\ Again.build/Objects-normal/arm64/DreamAgain.swiftdoc (in target 'Dream Again' from project 'Dream Again')
    cd /Users/shiv/Projects/iphone/Dream\ Again
    builtin-copy -exclude .DS_Store -exclude CVS -exclude .svn -exclude .git -exclude .hg -resolve-src-symlinks -rename /Users/shiv/Projects/iphone/Dream\ Again/DerivedData/Build/Intermediates.noindex/Dream\ Again.build/Debug-iphonesimulator/Dream\ Again.build/Objects-normal/arm64/DreamAgain.swiftdoc /Users/shiv/Projects/iphone/Dream\ Again/DerivedData/Build/Products/Debug-iphonesimulator/DreamAgain.swiftmodule/arm64-apple-ios-simulator.swiftdoc

Copy /Users/shiv/Projects/iphone/Dream\ Again/DerivedData/Build/Products/Debug-iphonesimulator/DreamAgain.swiftmodule/arm64-apple-ios-simulator.abi.json /Users/shiv/Projects/iphone/Dream\ Again/DerivedData/Build/Intermediates.noindex/Dream\ Again.build/Debug-iphonesimulator/Dream\ Again.build/Objects-normal/arm64/DreamAgain.abi.json (in target 'Dream Again' from project 'Dream Again')
    cd /Users/shiv/Projects/iphone/Dream\ Again
    builtin-copy -exclude .DS_Store -exclude CVS -exclude .svn -exclude .git -exclude .hg -resolve-src-symlinks -rename /Users/shiv/Projects/iphone/Dream\ Again/DerivedData/Build/Intermediates.noindex/Dream\ Again.build/Debug-iphonesimulator/Dream\ Again.build/Objects-normal/arm64/DreamAgain.abi.json /Users/shiv/Projects/iphone/Dream\ Again/DerivedData/Build/Products/Debug-iphonesimulator/DreamAgain.swiftmodule/arm64-apple-ios-simulator.abi.json

Copy /Users/shiv/Projects/iphone/Dream\ Again/DerivedData/Build/Products/Debug-iphonesimulator/DreamAgain.swiftmodule/Project/arm64-apple-ios-simulator.swiftsourceinfo /Users/shiv/Projects/iphone/Dream\ Again/DerivedData/Build/Intermediates.noindex/Dream\ Again.build/Debug-iphonesimulator/Dream\ Again.build/Objects-normal/arm64/DreamAgain.swiftsourceinfo (in target 'Dream Again' from project 'Dream Again')
    cd /Users/shiv/Projects/iphone/Dream\ Again
    builtin-copy -exclude .DS_Store -exclude CVS -exclude .svn -exclude .git -exclude .hg -resolve-src-symlinks -rename /Users/shiv/Projects/iphone/Dream\ Again/DerivedData/Build/Intermediates.noindex/Dream\ Again.build/Debug-iphonesimulator/Dream\ Again.build/Objects-normal/arm64/DreamAgain.swiftsourceinfo /Users/shiv/Projects/iphone/Dream\ Again/DerivedData/Build/Products/Debug-iphonesimulator/DreamAgain.swiftmodule/Project/arm64-apple-ios-simulator.swiftsourceinfo

SwiftCompile normal arm64 Compiling\ PlatformIntegrations.swift /Users/shiv/Projects/iphone/Dream\ Again/Dream\ Again/Services/PlatformIntegrations.swift (in target 'Dream Again' from project 'Dream Again')

SwiftCompile normal arm64 /Users/shiv/Projects/iphone/Dream\ Again/Dream\ Again/Services/PlatformIntegrations.swift (in target 'Dream Again' from project 'Dream Again')
    cd /Users/shiv/Projects/iphone/Dream\ Again


SwiftDriverJobDiscovery normal arm64 Compiling Persistence.swift (in target 'Dream Again' from project 'Dream Again')

SwiftCompile normal arm64 Compiling\ TrackTranslucency.swift /Users/shiv/Projects/iphone/Dream\ Again/Dream\ Again/Core/TrackTranslucency.swift (in target 'Dream Again' from project 'Dream Again')

SwiftCompile normal arm64 /Users/shiv/Projects/iphone/Dream\ Again/Dream\ Again/Core/TrackTranslucency.swift (in target 'Dream Again' from project 'Dream Again')
    cd /Users/shiv/Projects/iphone/Dream\ Again


SwiftCompile normal arm64 Compiling\ HybridDreamLayers.swift /Users/shiv/Projects/iphone/Dream\ Again/Dream\ Again/Rendering/HybridDreamLayers.swift (in target 'Dream Again' from project 'Dream Again')

SwiftCompile normal arm64 /Users/shiv/Projects/iphone/Dream\ Again/Dream\ Again/Rendering/HybridDreamLayers.swift (in target 'Dream Again' from project 'Dream Again')
    cd /Users/shiv/Projects/iphone/Dream\ Again


SwiftDriverJobDiscovery normal arm64 Compiling DreamAudio.swift (in target 'Dream Again' from project 'Dream Again')

SwiftDriver Dream\ AgainUITests normal arm64 com.apple.xcode.tools.swift.compiler (in target 'Dream AgainUITests' from project 'Dream Again')
    cd /Users/shiv/Projects/iphone/Dream\ Again
    builtin-SwiftDriver -- /Applications/Xcode.app/Contents/Developer/Toolchains/XcodeDefault.xctoolchain/usr/bin/swiftc -module-name Dream_AgainUITests -Onone @/Users/shiv/Projects/iphone/Dream\ Again/DerivedData/Build/Intermediates.noindex/Dream\ Again.build/Debug-iphonesimulator/Dream\ AgainUITests.build/Objects-normal/arm64/Dream\ AgainUITests.SwiftFileList -DDEBUG -module-alias Testing\=_Testing_Unavailable -plugin-path /Applications/Xcode.app/Contents/Developer/Toolchains/XcodeDefault.xctoolchain/usr/lib/swift/host/plugins/testing -enable-bare-slash-regex -enable-upcoming-feature DisableOutwardActorInference -enable-upcoming-feature InferSendableFromCaptures -enable-upcoming-feature GlobalActorIsolatedTypesUsability -enable-upcoming-feature MemberImportVisibility -enable-upcoming-feature InferIsolatedConformances -enable-upcoming-feature NonisolatedNonsendingByDefault -enable-experimental-feature DebugDescriptionMacro -sdk /Applications/Xcode.app/Contents/Developer/Platforms/iPhoneSimulator.platform/Developer/SDKs/iPhoneSimulator26.5.sdk -target arm64-apple-ios18.0-simulator -g -module-cache-path /Users/shiv/Projects/iphone/Dream\ Again/DerivedData/ModuleCache.noindex -Xfrontend -serialize-debugging-options -enable-testing -index-store-path /Users/shiv/Projects/iphone/Dream\ Again/DerivedData/Index.noindex/DataStore -Xcc -D_LIBCPP_HARDENING_MODE\=_LIBCPP_HARDENING_MODE_DEBUG -swift-version 5 -I /Users/shiv/Projects/iphone/Dream\ Again/DerivedData/Build/Products/Debug-iphonesimulator -Isystem /Applications/Xcode.app/Contents/Developer/Platforms/iPhoneSimulator.platform/Developer/usr/lib -F /Users/shiv/Projects/iphone/Dream\ Again/DerivedData/Build/Products/Debug-iphonesimulator -F /Applications/Xcode.app/Contents/Developer/Platforms/iPhoneSimulator.platform/Developer/Library/Frameworks -F /Applications/Xcode.app/Contents/Developer/Platforms/iPhoneSimulator.platform/Developer/SDKs/iPhoneSimulator26.5.sdk/Developer/Library/Frameworks -c -j8 -enable-batch-mode -incremental -Xcc -ivfsstatcache -Xcc /Users/shiv/Projects/iphone/Dream\ Again/DerivedData/SDKStatCaches.noindex/iphonesimulator26.5-23F81a-688ef53f1462e2c8f657fdc38a81448f6cfe768891a92b912361537c460fe42b.sdkstatcache -output-file-map /Users/shiv/Projects/iphone/Dream\ Again/DerivedData/Build/Intermediates.noindex/Dream\ Again.build/Debug-iphonesimulator/Dream\ AgainUITests.build/Objects-normal/arm64/Dream\ AgainUITests-OutputFileMap.json -use-frontend-parseable-output -save-temps -no-color-diagnostics -explicit-module-build -module-cache-path /Users/shiv/Projects/iphone/Dream\ Again/DerivedData/Build/Intermediates.noindex/SwiftExplicitPrecompiledModules -clang-scanner-module-cache-path /Users/shiv/Projects/iphone/Dream\ Again/DerivedData/ModuleCache.noindex -sdk-module-cache-path /Users/shiv/Projects/iphone/Dream\ Again/DerivedData/ModuleCache.noindex -serialize-diagnostics -emit-dependencies -emit-module -emit-module-path /Users/shiv/Projects/iphone/Dream\ Again/DerivedData/Build/Intermediates.noindex/Dream\ Again.build/Debug-iphonesimulator/Dream\ AgainUITests.build/Objects-normal/arm64/Dream_AgainUITests.swiftmodule -validate-clang-modules-once -clang-build-session-file /Users/shiv/Projects/iphone/Dream\ Again/DerivedData/ModuleCache.noindex/Session.modulevalidation -Xcc -I/Users/shiv/Projects/iphone/Dream\ Again/DerivedData/Build/Intermediates.noindex/Dream\ Again.build/Debug-iphonesimulator/Dream\ AgainUITests.build/swift-overrides.hmap -emit-const-values -Xfrontend -const-gather-protocols-file -Xfrontend /Users/shiv/Projects/iphone/Dream\ Again/DerivedData/Build/Intermediates.noindex/Dream\ Again.build/Debug-iphonesimulator/Dream\ AgainUITests.build/Objects-normal/arm64/Dream\ AgainUITests_const_extract_protocols.json -Xcc -iquote -Xcc /Users/shiv/Projects/iphone/Dream\ Again/DerivedData/Build/Intermediates.noindex/Dream\ Again.build/Debug-iphonesimulator/Dream\ AgainUITests.build/Dream\ AgainUITests-generated-files.hmap -Xcc -I/Users/shiv/Projects/iphone/Dream\ Again/DerivedData/Build/Intermediates.noindex/Dream\ Again.build/Debug-iphonesimulator/Dream\ AgainUITests.build/Dream\ AgainUITests-own-target-headers.hmap -Xcc -I/Users/shiv/Projects/iphone/Dream\ Again/DerivedData/Build/Intermediates.noindex/Dream\ Again.build/Debug-iphonesimulator/Dream\ AgainUITests.build/Dream\ AgainUITests-all-target-headers.hmap -Xcc -iquote -Xcc /Users/shiv/Projects/iphone/Dream\ Again/DerivedData/Build/Intermediates.noindex/Dream\ Again.build/Debug-iphonesimulator/Dream\ AgainUITests.build/Dream\ AgainUITests-project-headers.hmap -Xcc -I/Users/shiv/Projects/iphone/Dream\ Again/DerivedData/Build/Products/Debug-iphonesimulator/include -Xcc -I/Users/shiv/Projects/iphone/Dream\ Again/DerivedData/Build/Intermediates.noindex/Dream\ Again.build/Debug-iphonesimulator/Dream\ AgainUITests.build/DerivedSources-normal/arm64 -Xcc -I/Users/shiv/Projects/iphone/Dream\ Again/DerivedData/Build/Intermediates.noindex/Dream\ Again.build/Debug-iphonesimulator/Dream\ AgainUITests.build/DerivedSources/arm64 -Xcc -I/Users/shiv/Projects/iphone/Dream\ Again/DerivedData/Build/Intermediates.noindex/Dream\ Again.build/Debug-iphonesimulator/Dream\ AgainUITests.build/DerivedSources -Xcc -DDEBUG\=1 -emit-objc-header -emit-objc-header-path /Users/shiv/Projects/iphone/Dream\ Again/DerivedData/Build/Intermediates.noindex/Dream\ Again.build/Debug-iphonesimulator/Dream\ AgainUITests.build/Objects-normal/arm64/Dream_AgainUITests-Swift.h -working-directory /Users/shiv/Projects/iphone/Dream\ Again -experimental-emit-module-separately -disable-cmo

SwiftDriverJobDiscovery normal arm64 Compiling DreamAtmosphere.swift, DreamSoundscape.swift (in target 'Dream Again' from project 'Dream Again')

SwiftDriver Dream\ AgainTests normal arm64 com.apple.xcode.tools.swift.compiler (in target 'Dream AgainTests' from project 'Dream Again')
    cd /Users/shiv/Projects/iphone/Dream\ Again
    builtin-SwiftDriver -- /Applications/Xcode.app/Contents/Developer/Toolchains/XcodeDefault.xctoolchain/usr/bin/swiftc -module-name Dream_AgainTests -Onone @/Users/shiv/Projects/iphone/Dream\ Again/DerivedData/Build/Intermediates.noindex/Dream\ Again.build/Debug-iphonesimulator/Dream\ AgainTests.build/Objects-normal/arm64/Dream\ AgainTests.SwiftFileList -DDEBUG -plugin-path /Applications/Xcode.app/Contents/Developer/Toolchains/XcodeDefault.xctoolchain/usr/lib/swift/host/plugins/testing -enable-bare-slash-regex -enable-upcoming-feature DisableOutwardActorInference -enable-upcoming-feature InferSendableFromCaptures -enable-upcoming-feature GlobalActorIsolatedTypesUsability -enable-upcoming-feature MemberImportVisibility -enable-upcoming-feature InferIsolatedConformances -enable-upcoming-feature NonisolatedNonsendingByDefault -enable-experimental-feature DebugDescriptionMacro -sdk /Applications/Xcode.app/Contents/Developer/Platforms/iPhoneSimulator.platform/Developer/SDKs/iPhoneSimulator26.5.sdk -target arm64-apple-ios18.0-simulator -g -module-cache-path /Users/shiv/Projects/iphone/Dream\ Again/DerivedData/ModuleCache.noindex -Xfrontend -serialize-debugging-options -enable-testing -index-store-path /Users/shiv/Projects/iphone/Dream\ Again/DerivedData/Index.noindex/DataStore -Xcc -D_LIBCPP_HARDENING_MODE\=_LIBCPP_HARDENING_MODE_DEBUG -swift-version 5 -I /Users/shiv/Projects/iphone/Dream\ Again/DerivedData/Build/Products/Debug-iphonesimulator -Isystem /Applications/Xcode.app/Contents/Developer/Platforms/iPhoneSimulator.platform/Developer/usr/lib -F /Users/shiv/Projects/iphone/Dream\ Again/DerivedData/Build/Products/Debug-iphonesimulator -F /Applications/Xcode.app/Contents/Developer/Platforms/iPhoneSimulator.platform/Developer/Library/Frameworks -F /Applications/Xcode.app/Contents/Developer/Platforms/iPhoneSimulator.platform/Developer/SDKs/iPhoneSimulator26.5.sdk/Developer/Library/Frameworks -c -j8 -enable-batch-mode -incremental -Xcc -ivfsstatcache -Xcc /Users/shiv/Projects/iphone/Dream\ Again/DerivedData/SDKStatCaches.noindex/iphonesimulator26.5-23F81a-688ef53f1462e2c8f657fdc38a81448f6cfe768891a92b912361537c460fe42b.sdkstatcache -output-file-map /Users/shiv/Projects/iphone/Dream\ Again/DerivedData/Build/Intermediates.noindex/Dream\ Again.build/Debug-iphonesimulator/Dream\ AgainTests.build/Objects-normal/arm64/Dream\ AgainTests-OutputFileMap.json -use-frontend-parseable-output -save-temps -no-color-diagnostics -explicit-module-build -module-cache-path /Users/shiv/Projects/iphone/Dream\ Again/DerivedData/Build/Intermediates.noindex/SwiftExplicitPrecompiledModules -clang-scanner-module-cache-path /Users/shiv/Projects/iphone/Dream\ Again/DerivedData/ModuleCache.noindex -sdk-module-cache-path /Users/shiv/Projects/iphone/Dream\ Again/DerivedData/ModuleCache.noindex -serialize-diagnostics -emit-dependencies -emit-module -emit-module-path /Users/shiv/Projects/iphone/Dream\ Again/DerivedData/Build/Intermediates.noindex/Dream\ Again.build/Debug-iphonesimulator/Dream\ AgainTests.build/Objects-normal/arm64/Dream_AgainTests.swiftmodule -validate-clang-modules-once -clang-build-session-file /Users/shiv/Projects/iphone/Dream\ Again/DerivedData/ModuleCache.noindex/Session.modulevalidation -Xcc -I/Users/shiv/Projects/iphone/Dream\ Again/DerivedData/Build/Intermediates.noindex/Dream\ Again.build/Debug-iphonesimulator/Dream\ AgainTests.build/swift-overrides.hmap -emit-const-values -Xfrontend -const-gather-protocols-file -Xfrontend /Users/shiv/Projects/iphone/Dream\ Again/DerivedData/Build/Intermediates.noindex/Dream\ Again.build/Debug-iphonesimulator/Dream\ AgainTests.build/Objects-normal/arm64/Dream\ AgainTests_const_extract_protocols.json -Xcc -iquote -Xcc /Users/shiv/Projects/iphone/Dream\ Again/DerivedData/Build/Intermediates.noindex/Dream\ Again.build/Debug-iphonesimulator/Dream\ AgainTests.build/Dream\ AgainTests-generated-files.hmap -Xcc -I/Users/shiv/Projects/iphone/Dream\ Again/DerivedData/Build/Intermediates.noindex/Dream\ Again.build/Debug-iphonesimulator/Dream\ AgainTests.build/Dream\ AgainTests-own-target-headers.hmap -Xcc -I/Users/shiv/Projects/iphone/Dream\ Again/DerivedData/Build/Intermediates.noindex/Dream\ Again.build/Debug-iphonesimulator/Dream\ AgainTests.build/Dream\ AgainTests-all-target-headers.hmap -Xcc -iquote -Xcc /Users/shiv/Projects/iphone/Dream\ Again/DerivedData/Build/Intermediates.noindex/Dream\ Again.build/Debug-iphonesimulator/Dream\ AgainTests.build/Dream\ AgainTests-project-headers.hmap -Xcc -I/Users/shiv/Projects/iphone/Dream\ Again/DerivedData/Build/Products/Debug-iphonesimulator/include -Xcc -I/Users/shiv/Projects/iphone/Dream\ Again/DerivedData/Build/Intermediates.noindex/Dream\ Again.build/Debug-iphonesimulator/Dream\ AgainTests.build/DerivedSources-normal/arm64 -Xcc -I/Users/shiv/Projects/iphone/Dream\ Again/DerivedData/Build/Intermediates.noindex/Dream\ Again.build/Debug-iphonesimulator/Dream\ AgainTests.build/DerivedSources/arm64 -Xcc -I/Users/shiv/Projects/iphone/Dream\ Again/DerivedData/Build/Intermediates.noindex/Dream\ Again.build/Debug-iphonesimulator/Dream\ AgainTests.build/DerivedSources -Xcc -DDEBUG\=1 -emit-objc-header -emit-objc-header-path /Users/shiv/Projects/iphone/Dream\ Again/DerivedData/Build/Intermediates.noindex/Dream\ Again.build/Debug-iphonesimulator/Dream\ AgainTests.build/Objects-normal/arm64/Dream_AgainTests-Swift.h -working-directory /Users/shiv/Projects/iphone/Dream\ Again -experimental-emit-module-separately -disable-cmo

SwiftDriverJobDiscovery normal arm64 Compiling TrackTranslucency.swift (in target 'Dream Again' from project 'Dream Again')

SwiftCompile normal arm64 Compiling\ DreamArtDirection.swift /Users/shiv/Projects/iphone/Dream\ Again/Dream\ Again/Rendering/DreamArtDirection.swift (in target 'Dream Again' from project 'Dream Again')

SwiftCompile normal arm64 /Users/shiv/Projects/iphone/Dream\ Again/Dream\ Again/Rendering/DreamArtDirection.swift (in target 'Dream Again' from project 'Dream Again')
    cd /Users/shiv/Projects/iphone/Dream\ Again


SwiftDriverJobDiscovery normal arm64 Compiling PlatformIntegrations.swift (in target 'Dream Again' from project 'Dream Again')

SwiftCompile normal arm64 Compiling\ PerformanceTrace.swift /Users/shiv/Projects/iphone/Dream\ Again/Dream\ Again/Services/PerformanceTrace.swift (in target 'Dream Again' from project 'Dream Again')

SwiftCompile normal arm64 /Users/shiv/Projects/iphone/Dream\ Again/Dream\ Again/Services/PerformanceTrace.swift (in target 'Dream Again' from project 'Dream Again')
    cd /Users/shiv/Projects/iphone/Dream\ Again


SwiftEmitModule normal arm64 Emitting\ module\ for\ Dream_AgainUITests (in target 'Dream AgainUITests' from project 'Dream Again')

EmitSwiftModule normal arm64 (in target 'Dream AgainUITests' from project 'Dream Again')
    cd /Users/shiv/Projects/iphone/Dream\ Again


SwiftDriverJobDiscovery normal arm64 Compiling StrawRepairVisuals.swift (in target 'Dream Again' from project 'Dream Again')

SwiftCompile normal arm64 Compiling\ Dream_AgainUITests.swift /Users/shiv/Projects/iphone/Dream\ Again/Dream\ AgainUITests/Dream_AgainUITests.swift (in target 'Dream AgainUITests' from project 'Dream Again')

SwiftCompile normal arm64 /Users/shiv/Projects/iphone/Dream\ Again/Dream\ AgainUITests/Dream_AgainUITests.swift (in target 'Dream AgainUITests' from project 'Dream Again')
    cd /Users/shiv/Projects/iphone/Dream\ Again


SwiftDriverJobDiscovery normal arm64 Emitting module for Dream_AgainUITests (in target 'Dream AgainUITests' from project 'Dream Again')

SwiftDriver\ Compilation\ Requirements Dream\ AgainUITests normal arm64 com.apple.xcode.tools.swift.compiler (in target 'Dream AgainUITests' from project 'Dream Again')
    cd /Users/shiv/Projects/iphone/Dream\ Again
    builtin-Swift-Compilation-Requirements -- /Applications/Xcode.app/Contents/Developer/Toolchains/XcodeDefault.xctoolchain/usr/bin/swiftc -module-name Dream_AgainUITests -Onone @/Users/shiv/Projects/iphone/Dream\ Again/DerivedData/Build/Intermediates.noindex/Dream\ Again.build/Debug-iphonesimulator/Dream\ AgainUITests.build/Objects-normal/arm64/Dream\ AgainUITests.SwiftFileList -DDEBUG -module-alias Testing\=_Testing_Unavailable -plugin-path /Applications/Xcode.app/Contents/Developer/Toolchains/XcodeDefault.xctoolchain/usr/lib/swift/host/plugins/testing -enable-bare-slash-regex -enable-upcoming-feature DisableOutwardActorInference -enable-upcoming-feature InferSendableFromCaptures -enable-upcoming-feature GlobalActorIsolatedTypesUsability -enable-upcoming-feature MemberImportVisibility -enable-upcoming-feature InferIsolatedConformances -enable-upcoming-feature NonisolatedNonsendingByDefault -enable-experimental-feature DebugDescriptionMacro -sdk /Applications/Xcode.app/Contents/Developer/Platforms/iPhoneSimulator.platform/Developer/SDKs/iPhoneSimulator26.5.sdk -target arm64-apple-ios18.0-simulator -g -module-cache-path /Users/shiv/Projects/iphone/Dream\ Again/DerivedData/ModuleCache.noindex -Xfrontend -serialize-debugging-options -enable-testing -index-store-path /Users/shiv/Projects/iphone/Dream\ Again/DerivedData/Index.noindex/DataStore -Xcc -D_LIBCPP_HARDENING_MODE\=_LIBCPP_HARDENING_MODE_DEBUG -swift-version 5 -I /Users/shiv/Projects/iphone/Dream\ Again/DerivedData/Build/Products/Debug-iphonesimulator -Isystem /Applications/Xcode.app/Contents/Developer/Platforms/iPhoneSimulator.platform/Developer/usr/lib -F /Users/shiv/Projects/iphone/Dream\ Again/DerivedData/Build/Products/Debug-iphonesimulator -F /Applications/Xcode.app/Contents/Developer/Platforms/iPhoneSimulator.platform/Developer/Library/Frameworks -F /Applications/Xcode.app/Contents/Developer/Platforms/iPhoneSimulator.platform/Developer/SDKs/iPhoneSimulator26.5.sdk/Developer/Library/Frameworks -c -j8 -enable-batch-mode -incremental -Xcc -ivfsstatcache -Xcc /Users/shiv/Projects/iphone/Dream\ Again/DerivedData/SDKStatCaches.noindex/iphonesimulator26.5-23F81a-688ef53f1462e2c8f657fdc38a81448f6cfe768891a92b912361537c460fe42b.sdkstatcache -output-file-map /Users/shiv/Projects/iphone/Dream\ Again/DerivedData/Build/Intermediates.noindex/Dream\ Again.build/Debug-iphonesimulator/Dream\ AgainUITests.build/Objects-normal/arm64/Dream\ AgainUITests-OutputFileMap.json -use-frontend-parseable-output -save-temps -no-color-diagnostics -explicit-module-build -module-cache-path /Users/shiv/Projects/iphone/Dream\ Again/DerivedData/Build/Intermediates.noindex/SwiftExplicitPrecompiledModules -clang-scanner-module-cache-path /Users/shiv/Projects/iphone/Dream\ Again/DerivedData/ModuleCache.noindex -sdk-module-cache-path /Users/shiv/Projects/iphone/Dream\ Again/DerivedData/ModuleCache.noindex -serialize-diagnostics -emit-dependencies -emit-module -emit-module-path /Users/shiv/Projects/iphone/Dream\ Again/DerivedData/Build/Intermediates.noindex/Dream\ Again.build/Debug-iphonesimulator/Dream\ AgainUITests.build/Objects-normal/arm64/Dream_AgainUITests.swiftmodule -validate-clang-modules-once -clang-build-session-file /Users/shiv/Projects/iphone/Dream\ Again/DerivedData/ModuleCache.noindex/Session.modulevalidation -Xcc -I/Users/shiv/Projects/iphone/Dream\ Again/DerivedData/Build/Intermediates.noindex/Dream\ Again.build/Debug-iphonesimulator/Dream\ AgainUITests.build/swift-overrides.hmap -emit-const-values -Xfrontend -const-gather-protocols-file -Xfrontend /Users/shiv/Projects/iphone/Dream\ Again/DerivedData/Build/Intermediates.noindex/Dream\ Again.build/Debug-iphonesimulator/Dream\ AgainUITests.build/Objects-normal/arm64/Dream\ AgainUITests_const_extract_protocols.json -Xcc -iquote -Xcc /Users/shiv/Projects/iphone/Dream\ Again/DerivedData/Build/Intermediates.noindex/Dream\ Again.build/Debug-iphonesimulator/Dream\ AgainUITests.build/Dream\ AgainUITests-generated-files.hmap -Xcc -I/Users/shiv/Projects/iphone/Dream\ Again/DerivedData/Build/Intermediates.noindex/Dream\ Again.build/Debug-iphonesimulator/Dream\ AgainUITests.build/Dream\ AgainUITests-own-target-headers.hmap -Xcc -I/Users/shiv/Projects/iphone/Dream\ Again/DerivedData/Build/Intermediates.noindex/Dream\ Again.build/Debug-iphonesimulator/Dream\ AgainUITests.build/Dream\ AgainUITests-all-target-headers.hmap -Xcc -iquote -Xcc /Users/shiv/Projects/iphone/Dream\ Again/DerivedData/Build/Intermediates.noindex/Dream\ Again.build/Debug-iphonesimulator/Dream\ AgainUITests.build/Dream\ AgainUITests-project-headers.hmap -Xcc -I/Users/shiv/Projects/iphone/Dream\ Again/DerivedData/Build/Products/Debug-iphonesimulator/include -Xcc -I/Users/shiv/Projects/iphone/Dream\ Again/DerivedData/Build/Intermediates.noindex/Dream\ Again.build/Debug-iphonesimulator/Dream\ AgainUITests.build/DerivedSources-normal/arm64 -Xcc -I/Users/shiv/Projects/iphone/Dream\ Again/DerivedData/Build/Intermediates.noindex/Dream\ Again.build/Debug-iphonesimulator/Dream\ AgainUITests.build/DerivedSources/arm64 -Xcc -I/Users/shiv/Projects/iphone/Dream\ Again/DerivedData/Build/Intermediates.noindex/Dream\ Again.build/Debug-iphonesimulator/Dream\ AgainUITests.build/DerivedSources -Xcc -DDEBUG\=1 -emit-objc-header -emit-objc-header-path /Users/shiv/Projects/iphone/Dream\ Again/DerivedData/Build/Intermediates.noindex/Dream\ Again.build/Debug-iphonesimulator/Dream\ AgainUITests.build/Objects-normal/arm64/Dream_AgainUITests-Swift.h -working-directory /Users/shiv/Projects/iphone/Dream\ Again -experimental-emit-module-separately -disable-cmo

SwiftDriverJobDiscovery normal arm64 Compiling DreamArtDirection.swift (in target 'Dream Again' from project 'Dream Again')

SwiftCompile normal arm64 Compiling\ Commerce.swift /Users/shiv/Projects/iphone/Dream\ Again/Dream\ Again/Services/Commerce.swift (in target 'Dream Again' from project 'Dream Again')

SwiftCompile normal arm64 /Users/shiv/Projects/iphone/Dream\ Again/Dream\ Again/Services/Commerce.swift (in target 'Dream Again' from project 'Dream Again')
    cd /Users/shiv/Projects/iphone/Dream\ Again


Copy /Users/shiv/Projects/iphone/Dream\ Again/DerivedData/Build/Products/Debug-iphonesimulator/Dream_AgainUITests.swiftmodule/arm64-apple-ios-simulator.swiftmodule /Users/shiv/Projects/iphone/Dream\ Again/DerivedData/Build/Intermediates.noindex/Dream\ Again.build/Debug-iphonesimulator/Dream\ AgainUITests.build/Objects-normal/arm64/Dream_AgainUITests.swiftmodule (in target 'Dream AgainUITests' from project 'Dream Again')
    cd /Users/shiv/Projects/iphone/Dream\ Again
    builtin-copy -exclude .DS_Store -exclude CVS -exclude .svn -exclude .git -exclude .hg -resolve-src-symlinks -rename /Users/shiv/Projects/iphone/Dream\ Again/DerivedData/Build/Intermediates.noindex/Dream\ Again.build/Debug-iphonesimulator/Dream\ AgainUITests.build/Objects-normal/arm64/Dream_AgainUITests.swiftmodule /Users/shiv/Projects/iphone/Dream\ Again/DerivedData/Build/Products/Debug-iphonesimulator/Dream_AgainUITests.swiftmodule/arm64-apple-ios-simulator.swiftmodule

SwiftDriverJobDiscovery normal arm64 Compiling Dream_AgainUITests.swift (in target 'Dream AgainUITests' from project 'Dream Again')

Copy /Users/shiv/Projects/iphone/Dream\ Again/DerivedData/Build/Products/Debug-iphonesimulator/Dream_AgainUITests.swiftmodule/arm64-apple-ios-simulator.abi.json /Users/shiv/Projects/iphone/Dream\ Again/DerivedData/Build/Intermediates.noindex/Dream\ Again.build/Debug-iphonesimulator/Dream\ AgainUITests.build/Objects-normal/arm64/Dream_AgainUITests.abi.json (in target 'Dream AgainUITests' from project 'Dream Again')
    cd /Users/shiv/Projects/iphone/Dream\ Again
    builtin-copy -exclude .DS_Store -exclude CVS -exclude .svn -exclude .git -exclude .hg -resolve-src-symlinks -rename /Users/shiv/Projects/iphone/Dream\ Again/DerivedData/Build/Intermediates.noindex/Dream\ Again.build/Debug-iphonesimulator/Dream\ AgainUITests.build/Objects-normal/arm64/Dream_AgainUITests.abi.json /Users/shiv/Projects/iphone/Dream\ Again/DerivedData/Build/Products/Debug-iphonesimulator/Dream_AgainUITests.swiftmodule/arm64-apple-ios-simulator.abi.json

SwiftDriver\ Compilation Dream\ AgainUITests normal arm64 com.apple.xcode.tools.swift.compiler (in target 'Dream AgainUITests' from project 'Dream Again')
    cd /Users/shiv/Projects/iphone/Dream\ Again
    builtin-Swift-Compilation -- /Applications/Xcode.app/Contents/Developer/Toolchains/XcodeDefault.xctoolchain/usr/bin/swiftc -module-name Dream_AgainUITests -Onone @/Users/shiv/Projects/iphone/Dream\ Again/DerivedData/Build/Intermediates.noindex/Dream\ Again.build/Debug-iphonesimulator/Dream\ AgainUITests.build/Objects-normal/arm64/Dream\ AgainUITests.SwiftFileList -DDEBUG -module-alias Testing\=_Testing_Unavailable -plugin-path /Applications/Xcode.app/Contents/Developer/Toolchains/XcodeDefault.xctoolchain/usr/lib/swift/host/plugins/testing -enable-bare-slash-regex -enable-upcoming-feature DisableOutwardActorInference -enable-upcoming-feature InferSendableFromCaptures -enable-upcoming-feature GlobalActorIsolatedTypesUsability -enable-upcoming-feature MemberImportVisibility -enable-upcoming-feature InferIsolatedConformances -enable-upcoming-feature NonisolatedNonsendingByDefault -enable-experimental-feature DebugDescriptionMacro -sdk /Applications/Xcode.app/Contents/Developer/Platforms/iPhoneSimulator.platform/Developer/SDKs/iPhoneSimulator26.5.sdk -target arm64-apple-ios18.0-simulator -g -module-cache-path /Users/shiv/Projects/iphone/Dream\ Again/DerivedData/ModuleCache.noindex -Xfrontend -serialize-debugging-options -enable-testing -index-store-path /Users/shiv/Projects/iphone/Dream\ Again/DerivedData/Index.noindex/DataStore -Xcc -D_LIBCPP_HARDENING_MODE\=_LIBCPP_HARDENING_MODE_DEBUG -swift-version 5 -I /Users/shiv/Projects/iphone/Dream\ Again/DerivedData/Build/Products/Debug-iphonesimulator -Isystem /Applications/Xcode.app/Contents/Developer/Platforms/iPhoneSimulator.platform/Developer/usr/lib -F /Users/shiv/Projects/iphone/Dream\ Again/DerivedData/Build/Products/Debug-iphonesimulator -F /Applications/Xcode.app/Contents/Developer/Platforms/iPhoneSimulator.platform/Developer/Library/Frameworks -F /Applications/Xcode.app/Contents/Developer/Platforms/iPhoneSimulator.platform/Developer/SDKs/iPhoneSimulator26.5.sdk/Developer/Library/Frameworks -c -j8 -enable-batch-mode -incremental -Xcc -ivfsstatcache -Xcc /Users/shiv/Projects/iphone/Dream\ Again/DerivedData/SDKStatCaches.noindex/iphonesimulator26.5-23F81a-688ef53f1462e2c8f657fdc38a81448f6cfe768891a92b912361537c460fe42b.sdkstatcache -output-file-map /Users/shiv/Projects/iphone/Dream\ Again/DerivedData/Build/Intermediates.noindex/Dream\ Again.build/Debug-iphonesimulator/Dream\ AgainUITests.build/Objects-normal/arm64/Dream\ AgainUITests-OutputFileMap.json -use-frontend-parseable-output -save-temps -no-color-diagnostics -explicit-module-build -module-cache-path /Users/shiv/Projects/iphone/Dream\ Again/DerivedData/Build/Intermediates.noindex/SwiftExplicitPrecompiledModules -clang-scanner-module-cache-path /Users/shiv/Projects/iphone/Dream\ Again/DerivedData/ModuleCache.noindex -sdk-module-cache-path /Users/shiv/Projects/iphone/Dream\ Again/DerivedData/ModuleCache.noindex -serialize-diagnostics -emit-dependencies -emit-module -emit-module-path /Users/shiv/Projects/iphone/Dream\ Again/DerivedData/Build/Intermediates.noindex/Dream\ Again.build/Debug-iphonesimulator/Dream\ AgainUITests.build/Objects-normal/arm64/Dream_AgainUITests.swiftmodule -validate-clang-modules-once -clang-build-session-file /Users/shiv/Projects/iphone/Dream\ Again/DerivedData/ModuleCache.noindex/Session.modulevalidation -Xcc -I/Users/shiv/Projects/iphone/Dream\ Again/DerivedData/Build/Intermediates.noindex/Dream\ Again.build/Debug-iphonesimulator/Dream\ AgainUITests.build/swift-overrides.hmap -emit-const-values -Xfrontend -const-gather-protocols-file -Xfrontend /Users/shiv/Projects/iphone/Dream\ Again/DerivedData/Build/Intermediates.noindex/Dream\ Again.build/Debug-iphonesimulator/Dream\ AgainUITests.build/Objects-normal/arm64/Dream\ AgainUITests_const_extract_protocols.json -Xcc -iquote -Xcc /Users/shiv/Projects/iphone/Dream\ Again/DerivedData/Build/Intermediates.noindex/Dream\ Again.build/Debug-iphonesimulator/Dream\ AgainUITests.build/Dream\ AgainUITests-generated-files.hmap -Xcc -I/Users/shiv/Projects/iphone/Dream\ Again/DerivedData/Build/Intermediates.noindex/Dream\ Again.build/Debug-iphonesimulator/Dream\ AgainUITests.build/Dream\ AgainUITests-own-target-headers.hmap -Xcc -I/Users/shiv/Projects/iphone/Dream\ Again/DerivedData/Build/Intermediates.noindex/Dream\ Again.build/Debug-iphonesimulator/Dream\ AgainUITests.build/Dream\ AgainUITests-all-target-headers.hmap -Xcc -iquote -Xcc /Users/shiv/Projects/iphone/Dream\ Again/DerivedData/Build/Intermediates.noindex/Dream\ Again.build/Debug-iphonesimulator/Dream\ AgainUITests.build/Dream\ AgainUITests-project-headers.hmap -Xcc -I/Users/shiv/Projects/iphone/Dream\ Again/DerivedData/Build/Products/Debug-iphonesimulator/include -Xcc -I/Users/shiv/Projects/iphone/Dream\ Again/DerivedData/Build/Intermediates.noindex/Dream\ Again.build/Debug-iphonesimulator/Dream\ AgainUITests.build/DerivedSources-normal/arm64 -Xcc -I/Users/shiv/Projects/iphone/Dream\ Again/DerivedData/Build/Intermediates.noindex/Dream\ Again.build/Debug-iphonesimulator/Dream\ AgainUITests.build/DerivedSources/arm64 -Xcc -I/Users/shiv/Projects/iphone/Dream\ Again/DerivedData/Build/Intermediates.noindex/Dream\ Again.build/Debug-iphonesimulator/Dream\ AgainUITests.build/DerivedSources -Xcc -DDEBUG\=1 -emit-objc-header -emit-objc-header-path /Users/shiv/Projects/iphone/Dream\ Again/DerivedData/Build/Intermediates.noindex/Dream\ Again.build/Debug-iphonesimulator/Dream\ AgainUITests.build/Objects-normal/arm64/Dream_AgainUITests-Swift.h -working-directory /Users/shiv/Projects/iphone/Dream\ Again -experimental-emit-module-separately -disable-cmo

Copy /Users/shiv/Projects/iphone/Dream\ Again/DerivedData/Build/Products/Debug-iphonesimulator/Dream_AgainUITests.swiftmodule/Project/arm64-apple-ios-simulator.swiftsourceinfo /Users/shiv/Projects/iphone/Dream\ Again/DerivedData/Build/Intermediates.noindex/Dream\ Again.build/Debug-iphonesimulator/Dream\ AgainUITests.build/Objects-normal/arm64/Dream_AgainUITests.swiftsourceinfo (in target 'Dream AgainUITests' from project 'Dream Again')
    cd /Users/shiv/Projects/iphone/Dream\ Again
    builtin-copy -exclude .DS_Store -exclude CVS -exclude .svn -exclude .git -exclude .hg -resolve-src-symlinks -rename /Users/shiv/Projects/iphone/Dream\ Again/DerivedData/Build/Intermediates.noindex/Dream\ Again.build/Debug-iphonesimulator/Dream\ AgainUITests.build/Objects-normal/arm64/Dream_AgainUITests.swiftsourceinfo /Users/shiv/Projects/iphone/Dream\ Again/DerivedData/Build/Products/Debug-iphonesimulator/Dream_AgainUITests.swiftmodule/Project/arm64-apple-ios-simulator.swiftsourceinfo

SwiftDriverJobDiscovery normal arm64 Compiling PerformanceTrace.swift (in target 'Dream Again' from project 'Dream Again')

SwiftCompile normal arm64 Compiling\ DreamTransitionCadence.swift /Users/shiv/Projects/iphone/Dream\ Again/Dream\ Again/Core/DreamTransitionCadence.swift (in target 'Dream Again' from project 'Dream Again')

SwiftCompile normal arm64 /Users/shiv/Projects/iphone/Dream\ Again/Dream\ Again/Core/DreamTransitionCadence.swift (in target 'Dream Again' from project 'Dream Again')
    cd /Users/shiv/Projects/iphone/Dream\ Again


SwiftCompile normal arm64 Compiling\ DreamScaleComposition.swift /Users/shiv/Projects/iphone/Dream\ Again/Dream\ Again/Core/DreamScaleComposition.swift (in target 'Dream Again' from project 'Dream Again')

SwiftCompile normal arm64 /Users/shiv/Projects/iphone/Dream\ Again/Dream\ Again/Core/DreamScaleComposition.swift (in target 'Dream Again' from project 'Dream Again')
    cd /Users/shiv/Projects/iphone/Dream\ Again


SwiftDriverJobDiscovery normal arm64 Compiling Simulation.swift, World.swift (in target 'Dream Again' from project 'Dream Again')

SwiftEmitModule normal arm64 Emitting\ module\ for\ Dream_AgainTests (in target 'Dream AgainTests' from project 'Dream Again')

EmitSwiftModule normal arm64 (in target 'Dream AgainTests' from project 'Dream Again')
    cd /Users/shiv/Projects/iphone/Dream\ Again


SwiftCompile normal arm64 Compiling\ DreamAudioTests.swift /Users/shiv/Projects/iphone/Dream\ Again/Dream\ AgainTests/DreamAudioTests.swift (in target 'Dream AgainTests' from project 'Dream Again')

SwiftCompile normal arm64 /Users/shiv/Projects/iphone/Dream\ Again/Dream\ AgainTests/DreamAudioTests.swift (in target 'Dream AgainTests' from project 'Dream Again')
    cd /Users/shiv/Projects/iphone/Dream\ Again


SwiftCompile normal arm64 Compiling\ PerformanceResourceTests.swift /Users/shiv/Projects/iphone/Dream\ Again/Dream\ AgainTests/PerformanceResourceTests.swift (in target 'Dream AgainTests' from project 'Dream Again')

SwiftCompile normal arm64 /Users/shiv/Projects/iphone/Dream\ Again/Dream\ AgainTests/PerformanceResourceTests.swift (in target 'Dream AgainTests' from project 'Dream Again')
    cd /Users/shiv/Projects/iphone/Dream\ Again


SwiftDriverJobDiscovery normal arm64 Compiling Commerce.swift (in target 'Dream Again' from project 'Dream Again')

SwiftCompile normal arm64 Compiling\ Dream_AgainTests.swift /Users/shiv/Projects/iphone/Dream\ Again/Dream\ AgainTests/Dream_AgainTests.swift (in target 'Dream AgainTests' from project 'Dream Again')

SwiftCompile normal arm64 /Users/shiv/Projects/iphone/Dream\ Again/Dream\ AgainTests/Dream_AgainTests.swift (in target 'Dream AgainTests' from project 'Dream Again')
    cd /Users/shiv/Projects/iphone/Dream\ Again


SwiftDriverJobDiscovery normal arm64 Compiling DreamTransitionCadence.swift (in target 'Dream Again' from project 'Dream Again')

SwiftDriverJobDiscovery normal arm64 Emitting module for Dream_AgainTests (in target 'Dream AgainTests' from project 'Dream Again')

SwiftDriver\ Compilation\ Requirements Dream\ AgainTests normal arm64 com.apple.xcode.tools.swift.compiler (in target 'Dream AgainTests' from project 'Dream Again')
    cd /Users/shiv/Projects/iphone/Dream\ Again
    builtin-Swift-Compilation-Requirements -- /Applications/Xcode.app/Contents/Developer/Toolchains/XcodeDefault.xctoolchain/usr/bin/swiftc -module-name Dream_AgainTests -Onone @/Users/shiv/Projects/iphone/Dream\ Again/DerivedData/Build/Intermediates.noindex/Dream\ Again.build/Debug-iphonesimulator/Dream\ AgainTests.build/Objects-normal/arm64/Dream\ AgainTests.SwiftFileList -DDEBUG -plugin-path /Applications/Xcode.app/Contents/Developer/Toolchains/XcodeDefault.xctoolchain/usr/lib/swift/host/plugins/testing -enable-bare-slash-regex -enable-upcoming-feature DisableOutwardActorInference -enable-upcoming-feature InferSendableFromCaptures -enable-upcoming-feature GlobalActorIsolatedTypesUsability -enable-upcoming-feature MemberImportVisibility -enable-upcoming-feature InferIsolatedConformances -enable-upcoming-feature NonisolatedNonsendingByDefault -enable-experimental-feature DebugDescriptionMacro -sdk /Applications/Xcode.app/Contents/Developer/Platforms/iPhoneSimulator.platform/Developer/SDKs/iPhoneSimulator26.5.sdk -target arm64-apple-ios18.0-simulator -g -module-cache-path /Users/shiv/Projects/iphone/Dream\ Again/DerivedData/ModuleCache.noindex -Xfrontend -serialize-debugging-options -enable-testing -index-store-path /Users/shiv/Projects/iphone/Dream\ Again/DerivedData/Index.noindex/DataStore -Xcc -D_LIBCPP_HARDENING_MODE\=_LIBCPP_HARDENING_MODE_DEBUG -swift-version 5 -I /Users/shiv/Projects/iphone/Dream\ Again/DerivedData/Build/Products/Debug-iphonesimulator -Isystem /Applications/Xcode.app/Contents/Developer/Platforms/iPhoneSimulator.platform/Developer/usr/lib -F /Users/shiv/Projects/iphone/Dream\ Again/DerivedData/Build/Products/Debug-iphonesimulator -F /Applications/Xcode.app/Contents/Developer/Platforms/iPhoneSimulator.platform/Developer/Library/Frameworks -F /Applications/Xcode.app/Contents/Developer/Platforms/iPhoneSimulator.platform/Developer/SDKs/iPhoneSimulator26.5.sdk/Developer/Library/Frameworks -c -j8 -enable-batch-mode -incremental -Xcc -ivfsstatcache -Xcc /Users/shiv/Projects/iphone/Dream\ Again/DerivedData/SDKStatCaches.noindex/iphonesimulator26.5-23F81a-688ef53f1462e2c8f657fdc38a81448f6cfe768891a92b912361537c460fe42b.sdkstatcache -output-file-map /Users/shiv/Projects/iphone/Dream\ Again/DerivedData/Build/Intermediates.noindex/Dream\ Again.build/Debug-iphonesimulator/Dream\ AgainTests.build/Objects-normal/arm64/Dream\ AgainTests-OutputFileMap.json -use-frontend-parseable-output -save-temps -no-color-diagnostics -explicit-module-build -module-cache-path /Users/shiv/Projects/iphone/Dream\ Again/DerivedData/Build/Intermediates.noindex/SwiftExplicitPrecompiledModules -clang-scanner-module-cache-path /Users/shiv/Projects/iphone/Dream\ Again/DerivedData/ModuleCache.noindex -sdk-module-cache-path /Users/shiv/Projects/iphone/Dream\ Again/DerivedData/ModuleCache.noindex -serialize-diagnostics -emit-dependencies -emit-module -emit-module-path /Users/shiv/Projects/iphone/Dream\ Again/DerivedData/Build/Intermediates.noindex/Dream\ Again.build/Debug-iphonesimulator/Dream\ AgainTests.build/Objects-normal/arm64/Dream_AgainTests.swiftmodule -validate-clang-modules-once -clang-build-session-file /Users/shiv/Projects/iphone/Dream\ Again/DerivedData/ModuleCache.noindex/Session.modulevalidation -Xcc -I/Users/shiv/Projects/iphone/Dream\ Again/DerivedData/Build/Intermediates.noindex/Dream\ Again.build/Debug-iphonesimulator/Dream\ AgainTests.build/swift-overrides.hmap -emit-const-values -Xfrontend -const-gather-protocols-file -Xfrontend /Users/shiv/Projects/iphone/Dream\ Again/DerivedData/Build/Intermediates.noindex/Dream\ Again.build/Debug-iphonesimulator/Dream\ AgainTests.build/Objects-normal/arm64/Dream\ AgainTests_const_extract_protocols.json -Xcc -iquote -Xcc /Users/shiv/Projects/iphone/Dream\ Again/DerivedData/Build/Intermediates.noindex/Dream\ Again.build/Debug-iphonesimulator/Dream\ AgainTests.build/Dream\ AgainTests-generated-files.hmap -Xcc -I/Users/shiv/Projects/iphone/Dream\ Again/DerivedData/Build/Intermediates.noindex/Dream\ Again.build/Debug-iphonesimulator/Dream\ AgainTests.build/Dream\ AgainTests-own-target-headers.hmap -Xcc -I/Users/shiv/Projects/iphone/Dream\ Again/DerivedData/Build/Intermediates.noindex/Dream\ Again.build/Debug-iphonesimulator/Dream\ AgainTests.build/Dream\ AgainTests-all-target-headers.hmap -Xcc -iquote -Xcc /Users/shiv/Projects/iphone/Dream\ Again/DerivedData/Build/Intermediates.noindex/Dream\ Again.build/Debug-iphonesimulator/Dream\ AgainTests.build/Dream\ AgainTests-project-headers.hmap -Xcc -I/Users/shiv/Projects/iphone/Dream\ Again/DerivedData/Build/Products/Debug-iphonesimulator/include -Xcc -I/Users/shiv/Projects/iphone/Dream\ Again/DerivedData/Build/Intermediates.noindex/Dream\ Again.build/Debug-iphonesimulator/Dream\ AgainTests.build/DerivedSources-normal/arm64 -Xcc -I/Users/shiv/Projects/iphone/Dream\ Again/DerivedData/Build/Intermediates.noindex/Dream\ Again.build/Debug-iphonesimulator/Dream\ AgainTests.build/DerivedSources/arm64 -Xcc -I/Users/shiv/Projects/iphone/Dream\ Again/DerivedData/Build/Intermediates.noindex/Dream\ Again.build/Debug-iphonesimulator/Dream\ AgainTests.build/DerivedSources -Xcc -DDEBUG\=1 -emit-objc-header -emit-objc-header-path /Users/shiv/Projects/iphone/Dream\ Again/DerivedData/Build/Intermediates.noindex/Dream\ Again.build/Debug-iphonesimulator/Dream\ AgainTests.build/Objects-normal/arm64/Dream_AgainTests-Swift.h -working-directory /Users/shiv/Projects/iphone/Dream\ Again -experimental-emit-module-separately -disable-cmo

Copy /Users/shiv/Projects/iphone/Dream\ Again/DerivedData/Build/Products/Debug-iphonesimulator/Dream_AgainTests.swiftmodule/Project/arm64-apple-ios-simulator.swiftsourceinfo /Users/shiv/Projects/iphone/Dream\ Again/DerivedData/Build/Intermediates.noindex/Dream\ Again.build/Debug-iphonesimulator/Dream\ AgainTests.build/Objects-normal/arm64/Dream_AgainTests.swiftsourceinfo (in target 'Dream AgainTests' from project 'Dream Again')
    cd /Users/shiv/Projects/iphone/Dream\ Again
    builtin-copy -exclude .DS_Store -exclude CVS -exclude .svn -exclude .git -exclude .hg -resolve-src-symlinks -rename /Users/shiv/Projects/iphone/Dream\ Again/DerivedData/Build/Intermediates.noindex/Dream\ Again.build/Debug-iphonesimulator/Dream\ AgainTests.build/Objects-normal/arm64/Dream_AgainTests.swiftsourceinfo /Users/shiv/Projects/iphone/Dream\ Again/DerivedData/Build/Products/Debug-iphonesimulator/Dream_AgainTests.swiftmodule/Project/arm64-apple-ios-simulator.swiftsourceinfo

Copy /Users/shiv/Projects/iphone/Dream\ Again/DerivedData/Build/Products/Debug-iphonesimulator/Dream_AgainTests.swiftmodule/arm64-apple-ios-simulator.swiftmodule /Users/shiv/Projects/iphone/Dream\ Again/DerivedData/Build/Intermediates.noindex/Dream\ Again.build/Debug-iphonesimulator/Dream\ AgainTests.build/Objects-normal/arm64/Dream_AgainTests.swiftmodule (in target 'Dream AgainTests' from project 'Dream Again')
    cd /Users/shiv/Projects/iphone/Dream\ Again
    builtin-copy -exclude .DS_Store -exclude CVS -exclude .svn -exclude .git -exclude .hg -resolve-src-symlinks -rename /Users/shiv/Projects/iphone/Dream\ Again/DerivedData/Build/Intermediates.noindex/Dream\ Again.build/Debug-iphonesimulator/Dream\ AgainTests.build/Objects-normal/arm64/Dream_AgainTests.swiftmodule /Users/shiv/Projects/iphone/Dream\ Again/DerivedData/Build/Products/Debug-iphonesimulator/Dream_AgainTests.swiftmodule/arm64-apple-ios-simulator.swiftmodule

Copy /Users/shiv/Projects/iphone/Dream\ Again/DerivedData/Build/Products/Debug-iphonesimulator/Dream_AgainTests.swiftmodule/arm64-apple-ios-simulator.abi.json /Users/shiv/Projects/iphone/Dream\ Again/DerivedData/Build/Intermediates.noindex/Dream\ Again.build/Debug-iphonesimulator/Dream\ AgainTests.build/Objects-normal/arm64/Dream_AgainTests.abi.json (in target 'Dream AgainTests' from project 'Dream Again')
    cd /Users/shiv/Projects/iphone/Dream\ Again
    builtin-copy -exclude .DS_Store -exclude CVS -exclude .svn -exclude .git -exclude .hg -resolve-src-symlinks -rename /Users/shiv/Projects/iphone/Dream\ Again/DerivedData/Build/Intermediates.noindex/Dream\ Again.build/Debug-iphonesimulator/Dream\ AgainTests.build/Objects-normal/arm64/Dream_AgainTests.abi.json /Users/shiv/Projects/iphone/Dream\ Again/DerivedData/Build/Products/Debug-iphonesimulator/Dream_AgainTests.swiftmodule/arm64-apple-ios-simulator.abi.json

SwiftDriverJobDiscovery normal arm64 Compiling DreamScaleComposition.swift (in target 'Dream Again' from project 'Dream Again')

SwiftDriverJobDiscovery normal arm64 Compiling PerformanceResourceTests.swift (in target 'Dream AgainTests' from project 'Dream Again')

SwiftDriverJobDiscovery normal arm64 Compiling HybridDreamLayers.swift (in target 'Dream Again' from project 'Dream Again')

SwiftDriverJobDiscovery normal arm64 Compiling DreamAudioTests.swift (in target 'Dream AgainTests' from project 'Dream Again')

SwiftDriverJobDiscovery normal arm64 Compiling DreamRenderer.swift, GameModel.swift (in target 'Dream Again' from project 'Dream Again')

SwiftCompile normal arm64 Compiling\ Dream_AgainApp.swift /Users/shiv/Projects/iphone/Dream\ Again/Dream\ Again/Dream_AgainApp.swift (in target 'Dream Again' from project 'Dream Again')

SwiftCompile normal arm64 /Users/shiv/Projects/iphone/Dream\ Again/Dream\ Again/Dream_AgainApp.swift (in target 'Dream Again' from project 'Dream Again')
    cd /Users/shiv/Projects/iphone/Dream\ Again


SwiftDriverJobDiscovery normal arm64 Compiling Dream_AgainApp.swift (in target 'Dream Again' from project 'Dream Again')

SwiftDriverJobDiscovery normal arm64 Compiling Dream_AgainTests.swift (in target 'Dream AgainTests' from project 'Dream Again')

SwiftDriver\ Compilation Dream\ AgainTests normal arm64 com.apple.xcode.tools.swift.compiler (in target 'Dream AgainTests' from project 'Dream Again')
    cd /Users/shiv/Projects/iphone/Dream\ Again
    builtin-Swift-Compilation -- /Applications/Xcode.app/Contents/Developer/Toolchains/XcodeDefault.xctoolchain/usr/bin/swiftc -module-name Dream_AgainTests -Onone @/Users/shiv/Projects/iphone/Dream\ Again/DerivedData/Build/Intermediates.noindex/Dream\ Again.build/Debug-iphonesimulator/Dream\ AgainTests.build/Objects-normal/arm64/Dream\ AgainTests.SwiftFileList -DDEBUG -plugin-path /Applications/Xcode.app/Contents/Developer/Toolchains/XcodeDefault.xctoolchain/usr/lib/swift/host/plugins/testing -enable-bare-slash-regex -enable-upcoming-feature DisableOutwardActorInference -enable-upcoming-feature InferSendableFromCaptures -enable-upcoming-feature GlobalActorIsolatedTypesUsability -enable-upcoming-feature MemberImportVisibility -enable-upcoming-feature InferIsolatedConformances -enable-upcoming-feature NonisolatedNonsendingByDefault -enable-experimental-feature DebugDescriptionMacro -sdk /Applications/Xcode.app/Contents/Developer/Platforms/iPhoneSimulator.platform/Developer/SDKs/iPhoneSimulator26.5.sdk -target arm64-apple-ios18.0-simulator -g -module-cache-path /Users/shiv/Projects/iphone/Dream\ Again/DerivedData/ModuleCache.noindex -Xfrontend -serialize-debugging-options -enable-testing -index-store-path /Users/shiv/Projects/iphone/Dream\ Again/DerivedData/Index.noindex/DataStore -Xcc -D_LIBCPP_HARDENING_MODE\=_LIBCPP_HARDENING_MODE_DEBUG -swift-version 5 -I /Users/shiv/Projects/iphone/Dream\ Again/DerivedData/Build/Products/Debug-iphonesimulator -Isystem /Applications/Xcode.app/Contents/Developer/Platforms/iPhoneSimulator.platform/Developer/usr/lib -F /Users/shiv/Projects/iphone/Dream\ Again/DerivedData/Build/Products/Debug-iphonesimulator -F /Applications/Xcode.app/Contents/Developer/Platforms/iPhoneSimulator.platform/Developer/Library/Frameworks -F /Applications/Xcode.app/Contents/Developer/Platforms/iPhoneSimulator.platform/Developer/SDKs/iPhoneSimulator26.5.sdk/Developer/Library/Frameworks -c -j8 -enable-batch-mode -incremental -Xcc -ivfsstatcache -Xcc /Users/shiv/Projects/iphone/Dream\ Again/DerivedData/SDKStatCaches.noindex/iphonesimulator26.5-23F81a-688ef53f1462e2c8f657fdc38a81448f6cfe768891a92b912361537c460fe42b.sdkstatcache -output-file-map /Users/shiv/Projects/iphone/Dream\ Again/DerivedData/Build/Intermediates.noindex/Dream\ Again.build/Debug-iphonesimulator/Dream\ AgainTests.build/Objects-normal/arm64/Dream\ AgainTests-OutputFileMap.json -use-frontend-parseable-output -save-temps -no-color-diagnostics -explicit-module-build -module-cache-path /Users/shiv/Projects/iphone/Dream\ Again/DerivedData/Build/Intermediates.noindex/SwiftExplicitPrecompiledModules -clang-scanner-module-cache-path /Users/shiv/Projects/iphone/Dream\ Again/DerivedData/ModuleCache.noindex -sdk-module-cache-path /Users/shiv/Projects/iphone/Dream\ Again/DerivedData/ModuleCache.noindex -serialize-diagnostics -emit-dependencies -emit-module -emit-module-path /Users/shiv/Projects/iphone/Dream\ Again/DerivedData/Build/Intermediates.noindex/Dream\ Again.build/Debug-iphonesimulator/Dream\ AgainTests.build/Objects-normal/arm64/Dream_AgainTests.swiftmodule -validate-clang-modules-once -clang-build-session-file /Users/shiv/Projects/iphone/Dream\ Again/DerivedData/ModuleCache.noindex/Session.modulevalidation -Xcc -I/Users/shiv/Projects/iphone/Dream\ Again/DerivedData/Build/Intermediates.noindex/Dream\ Again.build/Debug-iphonesimulator/Dream\ AgainTests.build/swift-overrides.hmap -emit-const-values -Xfrontend -const-gather-protocols-file -Xfrontend /Users/shiv/Projects/iphone/Dream\ Again/DerivedData/Build/Intermediates.noindex/Dream\ Again.build/Debug-iphonesimulator/Dream\ AgainTests.build/Objects-normal/arm64/Dream\ AgainTests_const_extract_protocols.json -Xcc -iquote -Xcc /Users/shiv/Projects/iphone/Dream\ Again/DerivedData/Build/Intermediates.noindex/Dream\ Again.build/Debug-iphonesimulator/Dream\ AgainTests.build/Dream\ AgainTests-generated-files.hmap -Xcc -I/Users/shiv/Projects/iphone/Dream\ Again/DerivedData/Build/Intermediates.noindex/Dream\ Again.build/Debug-iphonesimulator/Dream\ AgainTests.build/Dream\ AgainTests-own-target-headers.hmap -Xcc -I/Users/shiv/Projects/iphone/Dream\ Again/DerivedData/Build/Intermediates.noindex/Dream\ Again.build/Debug-iphonesimulator/Dream\ AgainTests.build/Dream\ AgainTests-all-target-headers.hmap -Xcc -iquote -Xcc /Users/shiv/Projects/iphone/Dream\ Again/DerivedData/Build/Intermediates.noindex/Dream\ Again.build/Debug-iphonesimulator/Dream\ AgainTests.build/Dream\ AgainTests-project-headers.hmap -Xcc -I/Users/shiv/Projects/iphone/Dream\ Again/DerivedData/Build/Products/Debug-iphonesimulator/include -Xcc -I/Users/shiv/Projects/iphone/Dream\ Again/DerivedData/Build/Intermediates.noindex/Dream\ Again.build/Debug-iphonesimulator/Dream\ AgainTests.build/DerivedSources-normal/arm64 -Xcc -I/Users/shiv/Projects/iphone/Dream\ Again/DerivedData/Build/Intermediates.noindex/Dream\ Again.build/Debug-iphonesimulator/Dream\ AgainTests.build/DerivedSources/arm64 -Xcc -I/Users/shiv/Projects/iphone/Dream\ Again/DerivedData/Build/Intermediates.noindex/Dream\ Again.build/Debug-iphonesimulator/Dream\ AgainTests.build/DerivedSources -Xcc -DDEBUG\=1 -emit-objc-header -emit-objc-header-path /Users/shiv/Projects/iphone/Dream\ Again/DerivedData/Build/Intermediates.noindex/Dream\ Again.build/Debug-iphonesimulator/Dream\ AgainTests.build/Objects-normal/arm64/Dream_AgainTests-Swift.h -working-directory /Users/shiv/Projects/iphone/Dream\ Again -experimental-emit-module-separately -disable-cmo

SwiftDriverJobDiscovery normal arm64 Compiling ContentView.swift (in target 'Dream Again' from project 'Dream Again')

SwiftDriver\ Compilation Dream\ Again normal arm64 com.apple.xcode.tools.swift.compiler (in target 'Dream Again' from project 'Dream Again')
    cd /Users/shiv/Projects/iphone/Dream\ Again
    builtin-Swift-Compilation -- /Applications/Xcode.app/Contents/Developer/Toolchains/XcodeDefault.xctoolchain/usr/bin/swiftc -module-name DreamAgain -Onone @/Users/shiv/Projects/iphone/Dream\ Again/DerivedData/Build/Intermediates.noindex/Dream\ Again.build/Debug-iphonesimulator/Dream\ Again.build/Objects-normal/arm64/Dream\ Again.SwiftFileList -DDEBUG -enable-bare-slash-regex -enable-upcoming-feature DisableOutwardActorInference -enable-upcoming-feature InferSendableFromCaptures -enable-upcoming-feature GlobalActorIsolatedTypesUsability -enable-upcoming-feature MemberImportVisibility -enable-upcoming-feature InferIsolatedConformances -enable-upcoming-feature NonisolatedNonsendingByDefault -enable-experimental-feature DebugDescriptionMacro -sdk /Applications/Xcode.app/Contents/Developer/Platforms/iPhoneSimulator.platform/Developer/SDKs/iPhoneSimulator26.5.sdk -target arm64-apple-ios18.0-simulator -g -module-cache-path /Users/shiv/Projects/iphone/Dream\ Again/DerivedData/ModuleCache.noindex -Xfrontend -serialize-debugging-options -enable-testing -index-store-path /Users/shiv/Projects/iphone/Dream\ Again/DerivedData/Index.noindex/DataStore -Xcc -D_LIBCPP_HARDENING_MODE\=_LIBCPP_HARDENING_MODE_DEBUG -swift-version 5 -I /Users/shiv/Projects/iphone/Dream\ Again/DerivedData/Build/Products/Debug-iphonesimulator -F /Users/shiv/Projects/iphone/Dream\ Again/DerivedData/Build/Products/Debug-iphonesimulator -emit-localized-strings -emit-localized-strings-path /Users/shiv/Projects/iphone/Dream\ Again/DerivedData/Build/Intermediates.noindex/Dream\ Again.build/Debug-iphonesimulator/Dream\ Again.build/Objects-normal/arm64 -c -j8 -enable-batch-mode -incremental -Xcc -ivfsstatcache -Xcc /Users/shiv/Projects/iphone/Dream\ Again/DerivedData/SDKStatCaches.noindex/iphonesimulator26.5-23F81a-688ef53f1462e2c8f657fdc38a81448f6cfe768891a92b912361537c460fe42b.sdkstatcache -output-file-map /Users/shiv/Projects/iphone/Dream\ Again/DerivedData/Build/Intermediates.noindex/Dream\ Again.build/Debug-iphonesimulator/Dream\ Again.build/Objects-normal/arm64/Dream\ Again-OutputFileMap.json -use-frontend-parseable-output -save-temps -no-color-diagnostics -explicit-module-build -module-cache-path /Users/shiv/Projects/iphone/Dream\ Again/DerivedData/Build/Intermediates.noindex/SwiftExplicitPrecompiledModules -clang-scanner-module-cache-path /Users/shiv/Projects/iphone/Dream\ Again/DerivedData/ModuleCache.noindex -sdk-module-cache-path /Users/shiv/Projects/iphone/Dream\ Again/DerivedData/ModuleCache.noindex -serialize-diagnostics -emit-dependencies -emit-module -emit-module-path /Users/shiv/Projects/iphone/Dream\ Again/DerivedData/Build/Intermediates.noindex/Dream\ Again.build/Debug-iphonesimulator/Dream\ Again.build/Objects-normal/arm64/DreamAgain.swiftmodule -validate-clang-modules-once -clang-build-session-file /Users/shiv/Projects/iphone/Dream\ Again/DerivedData/ModuleCache.noindex/Session.modulevalidation -Xcc -I/Users/shiv/Projects/iphone/Dream\ Again/DerivedData/Build/Intermediates.noindex/Dream\ Again.build/Debug-iphonesimulator/Dream\ Again.build/swift-overrides.hmap -emit-const-values -Xfrontend -const-gather-protocols-file -Xfrontend /Users/shiv/Projects/iphone/Dream\ Again/DerivedData/Build/Intermediates.noindex/Dream\ Again.build/Debug-iphonesimulator/Dream\ Again.build/Objects-normal/arm64/Dream\ Again_const_extract_protocols.json -Xcc -iquote -Xcc /Users/shiv/Projects/iphone/Dream\ Again/DerivedData/Build/Intermediates.noindex/Dream\ Again.build/Debug-iphonesimulator/Dream\ Again.build/Dream\ Again-generated-files.hmap -Xcc -I/Users/shiv/Projects/iphone/Dream\ Again/DerivedData/Build/Intermediates.noindex/Dream\ Again.build/Debug-iphonesimulator/Dream\ Again.build/Dream\ Again-own-target-headers.hmap -Xcc -I/Users/shiv/Projects/iphone/Dream\ Again/DerivedData/Build/Intermediates.noindex/Dream\ Again.build/Debug-iphonesimulator/Dream\ Again.build/Dream\ Again-all-target-headers.hmap -Xcc -iquote -Xcc /Users/shiv/Projects/iphone/Dream\ Again/DerivedData/Build/Intermediates.noindex/Dream\ Again.build/Debug-iphonesimulator/Dream\ Again.build/Dream\ Again-project-headers.hmap -Xcc -I/Users/shiv/Projects/iphone/Dream\ Again/DerivedData/Build/Products/Debug-iphonesimulator/include -Xcc -I/Users/shiv/Projects/iphone/Dream\ Again/DerivedData/Build/Intermediates.noindex/Dream\ Again.build/Debug-iphonesimulator/Dream\ Again.build/DerivedSources-normal/arm64 -Xcc -I/Users/shiv/Projects/iphone/Dream\ Again/DerivedData/Build/Intermediates.noindex/Dream\ Again.build/Debug-iphonesimulator/Dream\ Again.build/DerivedSources/arm64 -Xcc -I/Users/shiv/Projects/iphone/Dream\ Again/DerivedData/Build/Intermediates.noindex/Dream\ Again.build/Debug-iphonesimulator/Dream\ Again.build/DerivedSources -Xcc -DDEBUG\=1 -emit-objc-header -emit-objc-header-path /Users/shiv/Projects/iphone/Dream\ Again/DerivedData/Build/Intermediates.noindex/Dream\ Again.build/Debug-iphonesimulator/Dream\ Again.build/Objects-normal/arm64/DreamAgain-Swift.h -working-directory /Users/shiv/Projects/iphone/Dream\ Again -experimental-emit-module-separately -disable-cmo

Ld /Users/shiv/Projects/iphone/Dream\ Again/DerivedData/Build/Products/Debug-iphonesimulator/Dream\ Again.app/Dream\ Again.debug.dylib normal (in target 'Dream Again' from project 'Dream Again')
    cd /Users/shiv/Projects/iphone/Dream\ Again
    /Applications/Xcode.app/Contents/Developer/Toolchains/XcodeDefault.xctoolchain/usr/bin/clang -Xlinker -reproducible -target arm64-apple-ios18.0-simulator -dynamiclib -isysroot /Applications/Xcode.app/Contents/Developer/Platforms/iPhoneSimulator.platform/Developer/SDKs/iPhoneSimulator26.5.sdk -O0 -L/Users/shiv/Projects/iphone/Dream\ Again/DerivedData/Build/Intermediates.noindex/EagerLinkingTBDs/Debug-iphonesimulator -L/Users/shiv/Projects/iphone/Dream\ Again/DerivedData/Build/Products/Debug-iphonesimulator -F/Users/shiv/Projects/iphone/Dream\ Again/DerivedData/Build/Intermediates.noindex/EagerLinkingTBDs/Debug-iphonesimulator -F/Users/shiv/Projects/iphone/Dream\ Again/DerivedData/Build/Products/Debug-iphonesimulator -filelist /Users/shiv/Projects/iphone/Dream\ Again/DerivedData/Build/Intermediates.noindex/Dream\ Again.build/Debug-iphonesimulator/Dream\ Again.build/Objects-normal/arm64/Dream\ Again.LinkFileList -install_name @rpath/Dream\ Again.debug.dylib -Xlinker -rpath -Xlinker /usr/lib/swift -Xlinker -rpath -Xlinker @executable_path/Frameworks -Xlinker -dead_strip -Xlinker -object_path_lto -Xlinker /Users/shiv/Projects/iphone/Dream\ Again/DerivedData/Build/Intermediates.noindex/Dream\ Again.build/Debug-iphonesimulator/Dream\ Again.build/Objects-normal/arm64/Dream\ Again_lto.o -rdynamic -Xlinker -no_deduplicate -Xlinker -objc_abi_version -Xlinker 2 -Xlinker -dependency_info -Xlinker /Users/shiv/Projects/iphone/Dream\ Again/DerivedData/Build/Intermediates.noindex/Dream\ Again.build/Debug-iphonesimulator/Dream\ Again.build/Objects-normal/arm64/Dream\ Again_dependency_info.dat -fobjc-link-runtime -L/Applications/Xcode.app/Contents/Developer/Toolchains/XcodeDefault.xctoolchain/usr/lib/swift/iphonesimulator -L/usr/lib/swift -Xlinker -add_ast_path -Xlinker /Users/shiv/Projects/iphone/Dream\ Again/DerivedData/Build/Intermediates.noindex/Dream\ Again.build/Debug-iphonesimulator/Dream\ Again.build/Objects-normal/arm64/DreamAgain.swiftmodule @/Users/shiv/Projects/iphone/Dream\ Again/DerivedData/Build/Intermediates.noindex/Dream\ Again.build/Debug-iphonesimulator/Dream\ Again.build/Objects-normal/arm64/DreamAgain-linker-args.resp -Xlinker -alias -Xlinker _main -Xlinker ___debug_main_executable_dylib_entry_point -Xlinker -no_adhoc_codesign -o /Users/shiv/Projects/iphone/Dream\ Again/DerivedData/Build/Products/Debug-iphonesimulator/Dream\ Again.app/Dream\ Again.debug.dylib

ConstructStubExecutorLinkFileList /Users/shiv/Projects/iphone/Dream\ Again/DerivedData/Build/Intermediates.noindex/Dream\ Again.build/Debug-iphonesimulator/Dream\ Again.build/Dream\ Again-ExecutorLinkFileList-normal-arm64.txt (in target 'Dream Again' from project 'Dream Again')
    cd /Users/shiv/Projects/iphone/Dream\ Again
    construct-stub-executor-link-file-list /Users/shiv/Projects/iphone/Dream\ Again/DerivedData/Build/Products/Debug-iphonesimulator/Dream\ Again.app/Dream\ Again.debug.dylib /Applications/Xcode.app/Contents/Developer/Platforms/iPhoneSimulator.platform/Developer/usr/lib/libPreviewsJITStubExecutor_no_swift_entry_point.a /Applications/Xcode.app/Contents/Developer/Platforms/iPhoneSimulator.platform/Developer/usr/lib/libPreviewsJITStubExecutor.a --output /Users/shiv/Projects/iphone/Dream\ Again/DerivedData/Build/Intermediates.noindex/Dream\ Again.build/Debug-iphonesimulator/Dream\ Again.build/Dream\ Again-ExecutorLinkFileList-normal-arm64.txt
note: Using stub executor library with Swift entry point. (in target 'Dream Again' from project 'Dream Again')

Ld /Users/shiv/Projects/iphone/Dream\ Again/DerivedData/Build/Products/Debug-iphonesimulator/Dream\ Again.app/Dream\ Again normal (in target 'Dream Again' from project 'Dream Again')
    cd /Users/shiv/Projects/iphone/Dream\ Again
    /Applications/Xcode.app/Contents/Developer/Toolchains/XcodeDefault.xctoolchain/usr/bin/clang -Xlinker -reproducible -target arm64-apple-ios18.0-simulator -isysroot /Applications/Xcode.app/Contents/Developer/Platforms/iPhoneSimulator.platform/Developer/SDKs/iPhoneSimulator26.5.sdk -O0 -L/Users/shiv/Projects/iphone/Dream\ Again/DerivedData/Build/Products/Debug-iphonesimulator -F/Users/shiv/Projects/iphone/Dream\ Again/DerivedData/Build/Products/Debug-iphonesimulator -Xlinker -rpath -Xlinker @executable_path -Xlinker -rpath -Xlinker @executable_path/Frameworks -rdynamic -Xlinker -no_deduplicate -Xlinker -objc_abi_version -Xlinker 2 -e ___debug_blank_executor_main -Xlinker -sectcreate -Xlinker __TEXT -Xlinker __debug_dylib -Xlinker /Users/shiv/Projects/iphone/Dream\ Again/DerivedData/Build/Intermediates.noindex/Dream\ Again.build/Debug-iphonesimulator/Dream\ Again.build/Dream\ Again-DebugDylibPath-normal-arm64.txt -Xlinker -sectcreate -Xlinker __TEXT -Xlinker __debug_instlnm -Xlinker /Users/shiv/Projects/iphone/Dream\ Again/DerivedData/Build/Intermediates.noindex/Dream\ Again.build/Debug-iphonesimulator/Dream\ Again.build/Dream\ Again-DebugDylibInstallName-normal-arm64.txt -Xlinker -filelist -Xlinker /Users/shiv/Projects/iphone/Dream\ Again/DerivedData/Build/Intermediates.noindex/Dream\ Again.build/Debug-iphonesimulator/Dream\ Again.build/Dream\ Again-ExecutorLinkFileList-normal-arm64.txt -Xlinker -sectcreate -Xlinker __TEXT -Xlinker __entitlements -Xlinker /Users/shiv/Projects/iphone/Dream\ Again/DerivedData/Build/Intermediates.noindex/Dream\ Again.build/Debug-iphonesimulator/Dream\ Again.build/Dream\ Again.app-Simulated.xcent -Xlinker -sectcreate -Xlinker __TEXT -Xlinker __ents_der -Xlinker /Users/shiv/Projects/iphone/Dream\ Again/DerivedData/Build/Intermediates.noindex/Dream\ Again.build/Debug-iphonesimulator/Dream\ Again.build/Dream\ Again.app-Simulated.xcent.der /Users/shiv/Projects/iphone/Dream\ Again/DerivedData/Build/Products/Debug-iphonesimulator/Dream\ Again.app/Dream\ Again.debug.dylib -Xlinker -no_adhoc_codesign -o /Users/shiv/Projects/iphone/Dream\ Again/DerivedData/Build/Products/Debug-iphonesimulator/Dream\ Again.app/Dream\ Again

CopySwiftLibs /Users/shiv/Projects/iphone/Dream\ Again/DerivedData/Build/Products/Debug-iphonesimulator/Dream\ Again.app (in target 'Dream Again' from project 'Dream Again')
    cd /Users/shiv/Projects/iphone/Dream\ Again
    builtin-swiftStdLibTool --copy --verbose --sign - --scan-executable /Users/shiv/Projects/iphone/Dream\ Again/DerivedData/Build/Products/Debug-iphonesimulator/Dream\ Again.app/Dream\ Again.debug.dylib --scan-folder /Users/shiv/Projects/iphone/Dream\ Again/DerivedData/Build/Products/Debug-iphonesimulator/Dream\ Again.app/Frameworks --scan-folder /Users/shiv/Projects/iphone/Dream\ Again/DerivedData/Build/Products/Debug-iphonesimulator/Dream\ Again.app/PlugIns --scan-folder /Users/shiv/Projects/iphone/Dream\ Again/DerivedData/Build/Products/Debug-iphonesimulator/Dream\ Again.app/SystemExtensions --scan-folder /Users/shiv/Projects/iphone/Dream\ Again/DerivedData/Build/Products/Debug-iphonesimulator/Dream\ Again.app/Extensions --platform iphonesimulator --toolchain /var/run/com.apple.security.cryptexd/mnt/com.apple.MobileAsset.MetalToolchain-v17.6.109.0.SXhYui/Metal.xctoolchain --toolchain /Applications/Xcode.app/Contents/Developer/Toolchains/XcodeDefault.xctoolchain --destination /Users/shiv/Projects/iphone/Dream\ Again/DerivedData/Build/Products/Debug-iphonesimulator/Dream\ Again.app/Frameworks --strip-bitcode --strip-bitcode-tool /Applications/Xcode.app/Contents/Developer/Toolchains/XcodeDefault.xctoolchain/usr/bin/bitcode_strip --emit-dependency-info /Users/shiv/Projects/iphone/Dream\ Again/DerivedData/Build/Intermediates.noindex/Dream\ Again.build/Debug-iphonesimulator/Dream\ Again.build/SwiftStdLibToolInputDependencies.dep --filter-for-swift-os

ExtractAppIntentsMetadata (in target 'Dream Again' from project 'Dream Again')
    cd /Users/shiv/Projects/iphone/Dream\ Again
    /Applications/Xcode.app/Contents/Developer/Toolchains/XcodeDefault.xctoolchain/usr/bin/appintentsmetadataprocessor --toolchain-dir /var/run/com.apple.security.cryptexd/mnt/com.apple.MobileAsset.MetalToolchain-v17.6.109.0.SXhYui/Metal.xctoolchain --module-name DreamAgain --sdk-root /Applications/Xcode.app/Contents/Developer/Platforms/iPhoneSimulator.platform/Developer/SDKs/iPhoneSimulator26.5.sdk --xcode-version 17F113 --platform-family iOS --deployment-target 18.0 --bundle-identifier dev.shivanshi.dream-run --output /Users/shiv/Projects/iphone/Dream\ Again/DerivedData/Build/Products/Debug-iphonesimulator/Dream\ Again.app --target-triple arm64-apple-ios18.0-simulator --binary-file /Users/shiv/Projects/iphone/Dream\ Again/DerivedData/Build/Products/Debug-iphonesimulator/Dream\ Again.app/Dream\ Again --dependency-file /Users/shiv/Projects/iphone/Dream\ Again/DerivedData/Build/Intermediates.noindex/Dream\ Again.build/Debug-iphonesimulator/Dream\ Again.build/Objects-normal/arm64/Dream\ Again_dependency_info.dat --stringsdata-file /Users/shiv/Projects/iphone/Dream\ Again/DerivedData/Build/Intermediates.noindex/Dream\ Again.build/Debug-iphonesimulator/Dream\ Again.build/Objects-normal/arm64/ExtractedAppShortcutsMetadata.stringsdata --source-file-list /Users/shiv/Projects/iphone/Dream\ Again/DerivedData/Build/Intermediates.noindex/Dream\ Again.build/Debug-iphonesimulator/Dream\ Again.build/Objects-normal/arm64/Dream\ Again.SwiftFileList --metadata-file-list /Users/shiv/Projects/iphone/Dream\ Again/DerivedData/Build/Intermediates.noindex/Dream\ Again.build/Debug-iphonesimulator/Dream\ Again.build/Dream\ Again.DependencyMetadataFileList --static-metadata-file-list /Users/shiv/Projects/iphone/Dream\ Again/DerivedData/Build/Intermediates.noindex/Dream\ Again.build/Debug-iphonesimulator/Dream\ Again.build/Dream\ Again.DependencyStaticMetadataFileList --swift-const-vals-list /Users/shiv/Projects/iphone/Dream\ Again/DerivedData/Build/Intermediates.noindex/Dream\ Again.build/Debug-iphonesimulator/Dream\ Again.build/Objects-normal/arm64/Dream\ Again.SwiftConstValuesFileList --compile-time-extraction --deployment-aware-processing --validate-assistant-intents --no-app-shortcuts-localization
2026-09-22 13:58:56.370 appintentsmetadataprocessor[82625:1295530] Starting appintentsmetadataprocessor export
2026-09-22 13:58:56.380 appintentsmetadataprocessor[82625:1295530] warning: Metadata extraction skipped. No AppIntents.framework dependency found.

Ld /Users/shiv/Projects/iphone/Dream\ Again/DerivedData/Build/Products/Debug-iphonesimulator/Dream\ Again.app/PlugIns/Dream\ AgainTests.xctest/Dream\ AgainTests normal (in target 'Dream AgainTests' from project 'Dream Again')
    cd /Users/shiv/Projects/iphone/Dream\ Again
    /Applications/Xcode.app/Contents/Developer/Toolchains/XcodeDefault.xctoolchain/usr/bin/clang -Xlinker -reproducible -target arm64-apple-ios18.0-simulator -bundle -isysroot /Applications/Xcode.app/Contents/Developer/Platforms/iPhoneSimulator.platform/Developer/SDKs/iPhoneSimulator26.5.sdk -O0 -L/Users/shiv/Projects/iphone/Dream\ Again/DerivedData/Build/Intermediates.noindex/EagerLinkingTBDs/Debug-iphonesimulator -L/Users/shiv/Projects/iphone/Dream\ Again/DerivedData/Build/Products/Debug-iphonesimulator -L/Applications/Xcode.app/Contents/Developer/Platforms/iPhoneSimulator.platform/Developer/usr/lib -F/Users/shiv/Projects/iphone/Dream\ Again/DerivedData/Build/Intermediates.noindex/EagerLinkingTBDs/Debug-iphonesimulator -F/Users/shiv/Projects/iphone/Dream\ Again/DerivedData/Build/Products/Debug-iphonesimulator -iframework /Applications/Xcode.app/Contents/Developer/Platforms/iPhoneSimulator.platform/Developer/Library/Frameworks -iframework /Applications/Xcode.app/Contents/Developer/Platforms/iPhoneSimulator.platform/Developer/SDKs/iPhoneSimulator26.5.sdk/Developer/Library/Frameworks -filelist /Users/shiv/Projects/iphone/Dream\ Again/DerivedData/Build/Intermediates.noindex/Dream\ Again.build/Debug-iphonesimulator/Dream\ AgainTests.build/Objects-normal/arm64/Dream\ AgainTests.LinkFileList -Xlinker -rpath -Xlinker /usr/lib/swift -Xlinker -rpath -Xlinker @loader_path/Frameworks -Xlinker -rpath -Xlinker @executable_path/Frameworks -Xlinker -dead_strip -bundle_loader /Users/shiv/Projects/iphone/Dream\ Again/DerivedData/Build/Products/Debug-iphonesimulator/Dream\ Again.app/Dream\ Again -Xlinker -object_path_lto -Xlinker /Users/shiv/Projects/iphone/Dream\ Again/DerivedData/Build/Intermediates.noindex/Dream\ Again.build/Debug-iphonesimulator/Dream\ AgainTests.build/Objects-normal/arm64/Dream\ AgainTests_lto.o -rdynamic -Xlinker -no_deduplicate -Xlinker -objc_abi_version -Xlinker 2 -Xlinker -dependency_info -Xlinker /Users/shiv/Projects/iphone/Dream\ Again/DerivedData/Build/Intermediates.noindex/Dream\ Again.build/Debug-iphonesimulator/Dream\ AgainTests.build/Objects-normal/arm64/Dream\ AgainTests_dependency_info.dat -fobjc-link-runtime -L/Applications/Xcode.app/Contents/Developer/Toolchains/XcodeDefault.xctoolchain/usr/lib/swift/iphonesimulator -L/usr/lib/swift -Xlinker -add_ast_path -Xlinker /Users/shiv/Projects/iphone/Dream\ Again/DerivedData/Build/Intermediates.noindex/Dream\ Again.build/Debug-iphonesimulator/Dream\ AgainTests.build/Objects-normal/arm64/Dream_AgainTests.swiftmodule @/Users/shiv/Projects/iphone/Dream\ Again/DerivedData/Build/Intermediates.noindex/Dream\ Again.build/Debug-iphonesimulator/Dream\ AgainTests.build/Objects-normal/arm64/Dream_AgainTests-linker-args.resp -Xlinker -needed_framework -Xlinker XCTest -framework XCTest -Xlinker -needed-lXCTestSwiftSupport -lXCTestSwiftSupport /Users/shiv/Projects/iphone/Dream\ Again/DerivedData/Build/Products/Debug-iphonesimulator/Dream\ Again.app/Dream\ Again.debug.dylib -Xlinker -no_adhoc_codesign -o /Users/shiv/Projects/iphone/Dream\ Again/DerivedData/Build/Products/Debug-iphonesimulator/Dream\ Again.app/PlugIns/Dream\ AgainTests.xctest/Dream\ AgainTests

ProcessInfoPlistFile /Users/shiv/Projects/iphone/Dream\ Again/DerivedData/Build/Products/Debug-iphonesimulator/Dream\ Again.app/PlugIns/Dream\ AgainTests.xctest/Info.plist /Users/shiv/Projects/iphone/Dream\ Again/DerivedData/Build/Intermediates.noindex/Dream\ Again.build/Debug-iphonesimulator/Dream\ AgainTests.build/empty-Dream\ AgainTests.plist (in target 'Dream AgainTests' from project 'Dream Again')
    cd /Users/shiv/Projects/iphone/Dream\ Again
    builtin-infoPlistUtility /Users/shiv/Projects/iphone/Dream\ Again/DerivedData/Build/Intermediates.noindex/Dream\ Again.build/Debug-iphonesimulator/Dream\ AgainTests.build/empty-Dream\ AgainTests.plist -producttype com.apple.product-type.bundle.unit-test -expandbuildsettings -format binary -platform iphonesimulator -o /Users/shiv/Projects/iphone/Dream\ Again/DerivedData/Build/Products/Debug-iphonesimulator/Dream\ Again.app/PlugIns/Dream\ AgainTests.xctest/Info.plist

ExtractAppIntentsMetadata (in target 'Dream AgainTests' from project 'Dream Again')
    cd /Users/shiv/Projects/iphone/Dream\ Again
    /Applications/Xcode.app/Contents/Developer/Toolchains/XcodeDefault.xctoolchain/usr/bin/appintentsmetadataprocessor --toolchain-dir /var/run/com.apple.security.cryptexd/mnt/com.apple.MobileAsset.MetalToolchain-v17.6.109.0.SXhYui/Metal.xctoolchain --module-name Dream_AgainTests --sdk-root /Applications/Xcode.app/Contents/Developer/Platforms/iPhoneSimulator.platform/Developer/SDKs/iPhoneSimulator26.5.sdk --xcode-version 17F113 --platform-family iOS --deployment-target 18.0 --bundle-identifier dev.shivanshi.dream-run.tests --output /Users/shiv/Projects/iphone/Dream\ Again/DerivedData/Build/Products/Debug-iphonesimulator/Dream\ Again.app/PlugIns/Dream\ AgainTests.xctest --target-triple arm64-apple-ios18.0-simulator --binary-file /Users/shiv/Projects/iphone/Dream\ Again/DerivedData/Build/Products/Debug-iphonesimulator/Dream\ Again.app/PlugIns/Dream\ AgainTests.xctest/Dream\ AgainTests --dependency-file /Users/shiv/Projects/iphone/Dream\ Again/DerivedData/Build/Intermediates.noindex/Dream\ Again.build/Debug-iphonesimulator/Dream\ AgainTests.build/Objects-normal/arm64/Dream\ AgainTests_dependency_info.dat --stringsdata-file /Users/shiv/Projects/iphone/Dream\ Again/DerivedData/Build/Intermediates.noindex/Dream\ Again.build/Debug-iphonesimulator/Dream\ AgainTests.build/Objects-normal/arm64/ExtractedAppShortcutsMetadata.stringsdata --source-file-list /Users/shiv/Projects/iphone/Dream\ Again/DerivedData/Build/Intermediates.noindex/Dream\ Again.build/Debug-iphonesimulator/Dream\ AgainTests.build/Objects-normal/arm64/Dream\ AgainTests.SwiftFileList --metadata-file-list /Users/shiv/Projects/iphone/Dream\ Again/DerivedData/Build/Intermediates.noindex/Dream\ Again.build/Debug-iphonesimulator/Dream\ AgainTests.build/Dream\ AgainTests.DependencyMetadataFileList --static-metadata-file-list /Users/shiv/Projects/iphone/Dream\ Again/DerivedData/Build/Intermediates.noindex/Dream\ Again.build/Debug-iphonesimulator/Dream\ AgainTests.build/Dream\ AgainTests.DependencyStaticMetadataFileList --swift-const-vals-list /Users/shiv/Projects/iphone/Dream\ Again/DerivedData/Build/Intermediates.noindex/Dream\ Again.build/Debug-iphonesimulator/Dream\ AgainTests.build/Objects-normal/arm64/Dream\ AgainTests.SwiftConstValuesFileList --compile-time-extraction --deployment-aware-processing --validate-assistant-intents --no-app-shortcuts-localization
2026-09-22 13:58:56.854 appintentsmetadataprocessor[82633:1295576] Starting appintentsmetadataprocessor export
2026-09-22 13:58:56.856 appintentsmetadataprocessor[82633:1295576] warning: Metadata extraction skipped. No AppIntents.framework dependency found.

CopySwiftLibs /Users/shiv/Projects/iphone/Dream\ Again/DerivedData/Build/Products/Debug-iphonesimulator/Dream\ Again.app/PlugIns/Dream\ AgainTests.xctest (in target 'Dream AgainTests' from project 'Dream Again')
    cd /Users/shiv/Projects/iphone/Dream\ Again
    builtin-swiftStdLibTool --copy --verbose --sign - --scan-executable /Users/shiv/Projects/iphone/Dream\ Again/DerivedData/Build/Products/Debug-iphonesimulator/Dream\ Again.app/PlugIns/Dream\ AgainTests.xctest/Dream\ AgainTests --scan-folder /Users/shiv/Projects/iphone/Dream\ Again/DerivedData/Build/Products/Debug-iphonesimulator/Dream\ Again.app/PlugIns/Dream\ AgainTests.xctest/Frameworks --scan-folder /Users/shiv/Projects/iphone/Dream\ Again/DerivedData/Build/Products/Debug-iphonesimulator/Dream\ Again.app/PlugIns/Dream\ AgainTests.xctest/PlugIns --scan-folder /Users/shiv/Projects/iphone/Dream\ Again/DerivedData/Build/Products/Debug-iphonesimulator/Dream\ Again.app/PlugIns/Dream\ AgainTests.xctest/SystemExtensions --scan-folder /Users/shiv/Projects/iphone/Dream\ Again/DerivedData/Build/Products/Debug-iphonesimulator/Dream\ Again.app/PlugIns/Dream\ AgainTests.xctest/Extensions --platform iphonesimulator --toolchain /var/run/com.apple.security.cryptexd/mnt/com.apple.MobileAsset.MetalToolchain-v17.6.109.0.SXhYui/Metal.xctoolchain --toolchain /Applications/Xcode.app/Contents/Developer/Toolchains/XcodeDefault.xctoolchain --destination /Users/shiv/Projects/iphone/Dream\ Again/DerivedData/Build/Products/Debug-iphonesimulator/Dream\ Again.app/PlugIns/Dream\ AgainTests.xctest/Frameworks --strip-bitcode --scan-executable /Applications/Xcode.app/Contents/Developer/Platforms/iPhoneSimulator.platform/Developer/usr/lib/libXCTestSwiftSupport.dylib --strip-bitcode-tool /Applications/Xcode.app/Contents/Developer/Toolchains/XcodeDefault.xctoolchain/usr/bin/bitcode_strip --emit-dependency-info /Users/shiv/Projects/iphone/Dream\ Again/DerivedData/Build/Intermediates.noindex/Dream\ Again.build/Debug-iphonesimulator/Dream\ AgainTests.build/SwiftStdLibToolInputDependencies.dep --filter-for-swift-os

CodeSign /Users/shiv/Projects/iphone/Dream\ Again/DerivedData/Build/Products/Debug-iphonesimulator/Dream\ Again.app/PlugIns/Dream\ AgainTests.xctest (in target 'Dream AgainTests' from project 'Dream Again')
    cd /Users/shiv/Projects/iphone/Dream\ Again

    Signing Identity:     "Sign to Run Locally"

    /usr/bin/codesign --force --sign - --timestamp\=none --generate-entitlement-der /Users/shiv/Projects/iphone/Dream\ Again/DerivedData/Build/Products/Debug-iphonesimulator/Dream\ Again.app/PlugIns/Dream\ AgainTests.xctest

CodeSign /Users/shiv/Projects/iphone/Dream\ Again/DerivedData/Build/Products/Debug-iphonesimulator/Dream\ Again.app/Dream\ Again.debug.dylib (in target 'Dream Again' from project 'Dream Again')
    cd /Users/shiv/Projects/iphone/Dream\ Again

    Signing Identity:     "Sign to Run Locally"

    /usr/bin/codesign --force --sign - --timestamp\=none --generate-entitlement-der /Users/shiv/Projects/iphone/Dream\ Again/DerivedData/Build/Products/Debug-iphonesimulator/Dream\ Again.app/Dream\ Again.debug.dylib

CodeSign /Users/shiv/Projects/iphone/Dream\ Again/DerivedData/Build/Products/Debug-iphonesimulator/Dream\ Again.app/__preview.dylib (in target 'Dream Again' from project 'Dream Again')
    cd /Users/shiv/Projects/iphone/Dream\ Again

    Signing Identity:     "Sign to Run Locally"

    /usr/bin/codesign --force --sign - --timestamp\=none --generate-entitlement-der /Users/shiv/Projects/iphone/Dream\ Again/DerivedData/Build/Products/Debug-iphonesimulator/Dream\ Again.app/__preview.dylib

CodeSign /Users/shiv/Projects/iphone/Dream\ Again/DerivedData/Build/Products/Debug-iphonesimulator/Dream\ Again.app (in target 'Dream Again' from project 'Dream Again')
    cd /Users/shiv/Projects/iphone/Dream\ Again

    Signing Identity:     "Sign to Run Locally"

    /usr/bin/codesign --force --sign - --timestamp\=none --generate-entitlement-der /Users/shiv/Projects/iphone/Dream\ Again/DerivedData/Build/Products/Debug-iphonesimulator/Dream\ Again.app

Validate /Users/shiv/Projects/iphone/Dream\ Again/DerivedData/Build/Products/Debug-iphonesimulator/Dream\ Again.app (in target 'Dream Again' from project 'Dream Again')
    cd /Users/shiv/Projects/iphone/Dream\ Again
    builtin-validationUtility /Users/shiv/Projects/iphone/Dream\ Again/DerivedData/Build/Products/Debug-iphonesimulator/Dream\ Again.app -shallow-bundle -infoplist-subpath Info.plist

ProcessInfoPlistFile /Users/shiv/Projects/iphone/Dream\ Again/DerivedData/Build/Products/Debug-iphonesimulator/Dream\ AgainUITests-Runner.app/PlugIns/Dream\ AgainUITests.xctest/Info.plist /Users/shiv/Projects/iphone/Dream\ Again/DerivedData/Build/Intermediates.noindex/Dream\ Again.build/Debug-iphonesimulator/Dream\ AgainUITests.build/empty-Dream\ AgainUITests.plist (in target 'Dream AgainUITests' from project 'Dream Again')
    cd /Users/shiv/Projects/iphone/Dream\ Again
    builtin-infoPlistUtility /Users/shiv/Projects/iphone/Dream\ Again/DerivedData/Build/Intermediates.noindex/Dream\ Again.build/Debug-iphonesimulator/Dream\ AgainUITests.build/empty-Dream\ AgainUITests.plist -producttype com.apple.product-type.bundle.ui-testing -expandbuildsettings -format binary -platform iphonesimulator -additionalcontentfile /Users/shiv/Projects/iphone/Dream\ Again/DerivedData/Build/Intermediates.noindex/Dream\ Again.build/Debug-iphonesimulator/Dream\ AgainUITests.build/ProductTypeInfoPlistAdditions.plist -o /Users/shiv/Projects/iphone/Dream\ Again/DerivedData/Build/Products/Debug-iphonesimulator/Dream\ AgainUITests-Runner.app/PlugIns/Dream\ AgainUITests.xctest/Info.plist

Ld /Users/shiv/Projects/iphone/Dream\ Again/DerivedData/Build/Products/Debug-iphonesimulator/Dream\ AgainUITests-Runner.app/PlugIns/Dream\ AgainUITests.xctest/Dream\ AgainUITests normal (in target 'Dream AgainUITests' from project 'Dream Again')
    cd /Users/shiv/Projects/iphone/Dream\ Again
    /Applications/Xcode.app/Contents/Developer/Toolchains/XcodeDefault.xctoolchain/usr/bin/clang -Xlinker -reproducible -target arm64-apple-ios18.0-simulator -bundle -isysroot /Applications/Xcode.app/Contents/Developer/Platforms/iPhoneSimulator.platform/Developer/SDKs/iPhoneSimulator26.5.sdk -O0 -L/Users/shiv/Projects/iphone/Dream\ Again/DerivedData/Build/Intermediates.noindex/EagerLinkingTBDs/Debug-iphonesimulator -L/Users/shiv/Projects/iphone/Dream\ Again/DerivedData/Build/Products/Debug-iphonesimulator -L/Applications/Xcode.app/Contents/Developer/Platforms/iPhoneSimulator.platform/Developer/usr/lib -F/Users/shiv/Projects/iphone/Dream\ Again/DerivedData/Build/Intermediates.noindex/EagerLinkingTBDs/Debug-iphonesimulator -F/Users/shiv/Projects/iphone/Dream\ Again/DerivedData/Build/Products/Debug-iphonesimulator -iframework /Applications/Xcode.app/Contents/Developer/Platforms/iPhoneSimulator.platform/Developer/Library/Frameworks -iframework /Applications/Xcode.app/Contents/Developer/Platforms/iPhoneSimulator.platform/Developer/SDKs/iPhoneSimulator26.5.sdk/Developer/Library/Frameworks -filelist /Users/shiv/Projects/iphone/Dream\ Again/DerivedData/Build/Intermediates.noindex/Dream\ Again.build/Debug-iphonesimulator/Dream\ AgainUITests.build/Objects-normal/arm64/Dream\ AgainUITests.LinkFileList -Xlinker -rpath -Xlinker /usr/lib/swift -Xlinker -rpath -Xlinker @loader_path/Frameworks -Xlinker -dead_strip -Xlinker -object_path_lto -Xlinker /Users/shiv/Projects/iphone/Dream\ Again/DerivedData/Build/Intermediates.noindex/Dream\ Again.build/Debug-iphonesimulator/Dream\ AgainUITests.build/Objects-normal/arm64/Dream\ AgainUITests_lto.o -rdynamic -Xlinker -no_deduplicate -Xlinker -objc_abi_version -Xlinker 2 -Xlinker -dependency_info -Xlinker /Users/shiv/Projects/iphone/Dream\ Again/DerivedData/Build/Intermediates.noindex/Dream\ Again.build/Debug-iphonesimulator/Dream\ AgainUITests.build/Objects-normal/arm64/Dream\ AgainUITests_dependency_info.dat -fobjc-link-runtime -L/Applications/Xcode.app/Contents/Developer/Toolchains/XcodeDefault.xctoolchain/usr/lib/swift/iphonesimulator -L/usr/lib/swift -Xlinker -add_ast_path -Xlinker /Users/shiv/Projects/iphone/Dream\ Again/DerivedData/Build/Intermediates.noindex/Dream\ Again.build/Debug-iphonesimulator/Dream\ AgainUITests.build/Objects-normal/arm64/Dream_AgainUITests.swiftmodule @/Users/shiv/Projects/iphone/Dream\ Again/DerivedData/Build/Intermediates.noindex/Dream\ Again.build/Debug-iphonesimulator/Dream\ AgainUITests.build/Objects-normal/arm64/Dream_AgainUITests-linker-args.resp -Xlinker -needed_framework -Xlinker XCTest -framework XCTest -Xlinker -needed-lXCTestSwiftSupport -lXCTestSwiftSupport -Xlinker -sectcreate -Xlinker __TEXT -Xlinker __entitlements -Xlinker /Users/shiv/Projects/iphone/Dream\ Again/DerivedData/Build/Intermediates.noindex/Dream\ Again.build/Debug-iphonesimulator/Dream\ AgainUITests.build/Dream\ AgainUITests.xctest-Simulated.xcent -Xlinker -sectcreate -Xlinker __TEXT -Xlinker __ents_der -Xlinker /Users/shiv/Projects/iphone/Dream\ Again/DerivedData/Build/Intermediates.noindex/Dream\ Again.build/Debug-iphonesimulator/Dream\ AgainUITests.build/Dream\ AgainUITests.xctest-Simulated.xcent.der -Xlinker -no_adhoc_codesign -o /Users/shiv/Projects/iphone/Dream\ Again/DerivedData/Build/Products/Debug-iphonesimulator/Dream\ AgainUITests-Runner.app/PlugIns/Dream\ AgainUITests.xctest/Dream\ AgainUITests

CopySwiftLibs /Users/shiv/Projects/iphone/Dream\ Again/DerivedData/Build/Products/Debug-iphonesimulator/Dream\ AgainUITests-Runner.app/PlugIns/Dream\ AgainUITests.xctest (in target 'Dream AgainUITests' from project 'Dream Again')
    cd /Users/shiv/Projects/iphone/Dream\ Again
    builtin-swiftStdLibTool --copy --verbose --sign - --scan-executable /Users/shiv/Projects/iphone/Dream\ Again/DerivedData/Build/Products/Debug-iphonesimulator/Dream\ AgainUITests-Runner.app/PlugIns/Dream\ AgainUITests.xctest/Dream\ AgainUITests --scan-folder /Users/shiv/Projects/iphone/Dream\ Again/DerivedData/Build/Products/Debug-iphonesimulator/Dream\ AgainUITests-Runner.app/PlugIns/Dream\ AgainUITests.xctest/Frameworks --scan-folder /Users/shiv/Projects/iphone/Dream\ Again/DerivedData/Build/Products/Debug-iphonesimulator/Dream\ AgainUITests-Runner.app/PlugIns/Dream\ AgainUITests.xctest/PlugIns --scan-folder /Users/shiv/Projects/iphone/Dream\ Again/DerivedData/Build/Products/Debug-iphonesimulator/Dream\ AgainUITests-Runner.app/PlugIns/Dream\ AgainUITests.xctest/SystemExtensions --scan-folder /Users/shiv/Projects/iphone/Dream\ Again/DerivedData/Build/Products/Debug-iphonesimulator/Dream\ AgainUITests-Runner.app/PlugIns/Dream\ AgainUITests.xctest/Extensions --platform iphonesimulator --toolchain /var/run/com.apple.security.cryptexd/mnt/com.apple.MobileAsset.MetalToolchain-v17.6.109.0.SXhYui/Metal.xctoolchain --toolchain /Applications/Xcode.app/Contents/Developer/Toolchains/XcodeDefault.xctoolchain --destination /Users/shiv/Projects/iphone/Dream\ Again/DerivedData/Build/Products/Debug-iphonesimulator/Dream\ AgainUITests-Runner.app/PlugIns/Dream\ AgainUITests.xctest/Frameworks --strip-bitcode --scan-executable /Applications/Xcode.app/Contents/Developer/Platforms/iPhoneSimulator.platform/Developer/usr/lib/libXCTestSwiftSupport.dylib --strip-bitcode-tool /Applications/Xcode.app/Contents/Developer/Toolchains/XcodeDefault.xctoolchain/usr/bin/bitcode_strip --emit-dependency-info /Users/shiv/Projects/iphone/Dream\ Again/DerivedData/Build/Intermediates.noindex/Dream\ Again.build/Debug-iphonesimulator/Dream\ AgainUITests.build/SwiftStdLibToolInputDependencies.dep --filter-for-swift-os

ExtractAppIntentsMetadata (in target 'Dream AgainUITests' from project 'Dream Again')
    cd /Users/shiv/Projects/iphone/Dream\ Again
    /Applications/Xcode.app/Contents/Developer/Toolchains/XcodeDefault.xctoolchain/usr/bin/appintentsmetadataprocessor --toolchain-dir /var/run/com.apple.security.cryptexd/mnt/com.apple.MobileAsset.MetalToolchain-v17.6.109.0.SXhYui/Metal.xctoolchain --module-name Dream_AgainUITests --sdk-root /Applications/Xcode.app/Contents/Developer/Platforms/iPhoneSimulator.platform/Developer/SDKs/iPhoneSimulator26.5.sdk --xcode-version 17F113 --platform-family iOS --deployment-target 18.0 --bundle-identifier dev.shivanshi.dream-run.uitests --output /Users/shiv/Projects/iphone/Dream\ Again/DerivedData/Build/Products/Debug-iphonesimulator/Dream\ AgainUITests-Runner.app/PlugIns/Dream\ AgainUITests.xctest --target-triple arm64-apple-ios18.0-simulator --binary-file /Users/shiv/Projects/iphone/Dream\ Again/DerivedData/Build/Products/Debug-iphonesimulator/Dream\ AgainUITests-Runner.app/PlugIns/Dream\ AgainUITests.xctest/Dream\ AgainUITests --dependency-file /Users/shiv/Projects/iphone/Dream\ Again/DerivedData/Build/Intermediates.noindex/Dream\ Again.build/Debug-iphonesimulator/Dream\ AgainUITests.build/Objects-normal/arm64/Dream\ AgainUITests_dependency_info.dat --stringsdata-file /Users/shiv/Projects/iphone/Dream\ Again/DerivedData/Build/Intermediates.noindex/Dream\ Again.build/Debug-iphonesimulator/Dream\ AgainUITests.build/Objects-normal/arm64/ExtractedAppShortcutsMetadata.stringsdata --source-file-list /Users/shiv/Projects/iphone/Dream\ Again/DerivedData/Build/Intermediates.noindex/Dream\ Again.build/Debug-iphonesimulator/Dream\ AgainUITests.build/Objects-normal/arm64/Dream\ AgainUITests.SwiftFileList --metadata-file-list /Users/shiv/Projects/iphone/Dream\ Again/DerivedData/Build/Intermediates.noindex/Dream\ Again.build/Debug-iphonesimulator/Dream\ AgainUITests.build/Dream\ AgainUITests.DependencyMetadataFileList --static-metadata-file-list /Users/shiv/Projects/iphone/Dream\ Again/DerivedData/Build/Intermediates.noindex/Dream\ Again.build/Debug-iphonesimulator/Dream\ AgainUITests.build/Dream\ AgainUITests.DependencyStaticMetadataFileList --swift-const-vals-list /Users/shiv/Projects/iphone/Dream\ Again/DerivedData/Build/Intermediates.noindex/Dream\ Again.build/Debug-iphonesimulator/Dream\ AgainUITests.build/Objects-normal/arm64/Dream\ AgainUITests.SwiftConstValuesFileList --compile-time-extraction --deployment-aware-processing --validate-assistant-intents --no-app-shortcuts-localization
2026-09-22 13:58:57.930 appintentsmetadataprocessor[82645:1295641] Starting appintentsmetadataprocessor export
2026-09-22 13:58:57.931 appintentsmetadataprocessor[82645:1295641] warning: Metadata extraction skipped. No AppIntents.framework dependency found.

CodeSign /Users/shiv/Projects/iphone/Dream\ Again/DerivedData/Build/Products/Debug-iphonesimulator/Dream\ AgainUITests-Runner.app/PlugIns/Dream\ AgainUITests.xctest (in target 'Dream AgainUITests' from project 'Dream Again')
    cd /Users/shiv/Projects/iphone/Dream\ Again

    Signing Identity:     "Sign to Run Locally"

    /usr/bin/codesign --force --sign - --timestamp\=none --generate-entitlement-der /Users/shiv/Projects/iphone/Dream\ Again/DerivedData/Build/Products/Debug-iphonesimulator/Dream\ AgainUITests-Runner.app/PlugIns/Dream\ AgainUITests.xctest

CodeSign /Users/shiv/Projects/iphone/Dream\ Again/DerivedData/Build/Products/Debug-iphonesimulator/Dream\ AgainUITests-Runner.app (in target 'Dream AgainUITests' from project 'Dream Again')
    cd /Users/shiv/Projects/iphone/Dream\ Again

    Signing Identity:     "Sign to Run Locally"

    /usr/bin/codesign --force --sign - --timestamp\=none --generate-entitlement-der /Users/shiv/Projects/iphone/Dream\ Again/DerivedData/Build/Products/Debug-iphonesimulator/Dream\ AgainUITests-Runner.app
/Users/shiv/Projects/iphone/Dream Again/DerivedData/Build/Products/Debug-iphonesimulator/Dream AgainUITests-Runner.app: replacing existing signature

2026-09-22 14:00:25.257311+0700 Dream Again[82934:1299939] [Core] {"msg":"file does not exist... clearing", "file":/Library/Developer/CoreSimulator/Volumes/iOS_23F77/Library/Developer/CoreSimulator/Profiles/Runtimes/iOS 26.5.simruntime/Contents/Resources/RuntimeRoot/private/var/Managed Preferences/kCFPreferencesCurrentUser/com.apple.CoreMotion.plist, "error":Error Domain=NSCocoaErrorDomain Code=260 "The file “com.apple.CoreMotion.plist” couldn’t be opened because there is no such file." UserInfo={NSFilePath=/Library/Developer/CoreSimulator/Volumes/iOS_23F77/Library/Developer/CoreSimulator/Profiles/Runtimes/iOS 26.5.simruntime/Contents/Resources/RuntimeRoot/private/var/Managed Preferences/kCFPreferencesCurrentUser/com.apple.CoreMotion.plist, NSURL=file:///Library/Developer/CoreSimulator/Volumes/iOS_23F77/Library/Developer/CoreSimulator/Profiles/Runtimes/iOS%2026.5.simruntime/Contents/Resources/RuntimeRoot/private/var/Managed%20Preferences/kCFPreferencesCurrentUser/com.apple.CoreMotion.plist, NSUnderlyingError=0x10a860f60 {Error Domain=NSPOSIXErrorDomain Code=2 "No such file or directory"}}}
2026-09-22 14:00:26.606024+0700 Dream Again[82934:1299839] [plugin] AddInstanceForFactory: No factory registered for id <CFUUID 0x10a8fe660> F8BB1C28-BAE8-11D6-9C31-00039315CD46
2026-09-22 14:00:26.942268+0700 Dream Again[82934:1299948] [AMCP]          HALC_ProxyIOContext.cpp:1623  HALC_ProxyIOContext::IOWorkLoop: skipping cycle due to overload
2026-09-22 14:00:27.362971+0700 Dream Again[82934:1299441] [Foundation.IO] Could not locate file 'default-binaryarchive.metallib' in bundle.
2026-09-22 14:00:27.450787+0700 Dream Again[82934:1299441] [Assets] asset string 'engine:throttleGhosted.rematerial' parse failed: Invalid asset path: Unknown asset type suffix 'engine:throttleGhosted.rematerial'
2026-09-22 14:00:28.304440+0700 Dream Again[82934:1299441] [Assets] Could not resolve material name 'engine:BuiltinRenderGraphResources/AR/suFeatheringCreateMergedOcclusionMask.rematerial' in bundle at '/Users/shiv/Library/Developer/CoreSimulator/Devices/80DBBEEC-A752-43F6-A60E-2419BAE5B77E/data/Containers/Bundle/Application/FBFB8C43-42E6-425D-9E91-1D47D3926C8A/Dream Again.app'. Loading via asset path.
2026-09-22 14:00:28.345122+0700 Dream Again[82934:1299441] [Assets] Could not resolve material name 'engine:BuiltinRenderGraphResources/AR/arKitPassthrough.rematerial' in bundle at '/Users/shiv/Library/Developer/CoreSimulator/Devices/80DBBEEC-A752-43F6-A60E-2419BAE5B77E/data/Containers/Bundle/Application/FBFB8C43-42E6-425D-9E91-1D47D3926C8A/Dream Again.app'. Loading via asset path.
2026-09-22 14:00:28.353848+0700 Dream Again[82934:1299441] [Assets] Could not resolve material name 'engine:BuiltinRenderGraphResources/AR/arSegmentationComposite.rematerial' in bundle at '/Users/shiv/Library/Developer/CoreSimulator/Devices/80DBBEEC-A752-43F6-A60E-2419BAE5B77E/data/Containers/Bundle/Application/FBFB8C43-42E6-425D-9E91-1D47D3926C8A/Dream Again.app'. Loading via asset path.
2026-09-22 14:00:28.358492+0700 Dream Again[82934:1299441] [Assets] Could not resolve material name 'engine:BuiltinRenderGraphResources/AR/arInPlacePostProcessCombinedPermute0.rematerial' in bundle at '/Users/shiv/Library/Developer/CoreSimulator/Devices/80DBBEEC-A752-43F6-A60E-2419BAE5B77E/data/Containers/Bundle/Application/FBFB8C43-42E6-425D-9E91-1D47D3926C8A/Dream Again.app'. Loading via asset path.
2026-09-22 14:00:28.364468+0700 Dream Again[82934:1299441] [Assets] Could not resolve material name 'engine:BuiltinRenderGraphResources/AR/arInPlacePostProcessCombinedPermute1.rematerial' in bundle at '/Users/shiv/Library/Developer/CoreSimulator/Devices/80DBBEEC-A752-43F6-A60E-2419BAE5B77E/data/Containers/Bundle/Application/FBFB8C43-42E6-425D-9E91-1D47D3926C8A/Dream Again.app'. Loading via asset path.
2026-09-22 14:00:28.368738+0700 Dream Again[82934:1299441] [Assets] Could not resolve material name 'engine:BuiltinRenderGraphResources/AR/arInPlacePostProcessCombinedPermute2.rematerial' in bundle at '/Users/shiv/Library/Developer/CoreSimulator/Devices/80DBBEEC-A752-43F6-A60E-2419BAE5B77E/data/Containers/Bundle/Application/FBFB8C43-42E6-425D-9E91-1D47D3926C8A/Dream Again.app'. Loading via asset path.
2026-09-22 14:00:28.397252+0700 Dream Again[82934:1299441] [Assets] Could not resolve material name 'engine:BuiltinRenderGraphResources/AR/arInPlacePostProcessCombinedPermute3.rematerial' in bundle at '/Users/shiv/Library/Developer/CoreSimulator/Devices/80DBBEEC-A752-43F6-A60E-2419BAE5B77E/data/Containers/Bundle/Application/FBFB8C43-42E6-425D-9E91-1D47D3926C8A/Dream Again.app'. Loading via asset path.
2026-09-22 14:00:28.402113+0700 Dream Again[82934:1299441] [Assets] Could not resolve material name 'engine:BuiltinRenderGraphResources/AR/arInPlacePostProcessCombinedPermute4.rematerial' in bundle at '/Users/shiv/Library/Developer/CoreSimulator/Devices/80DBBEEC-A752-43F6-A60E-2419BAE5B77E/data/Containers/Bundle/Application/FBFB8C43-42E6-425D-9E91-1D47D3926C8A/Dream Again.app'. Loading via asset path.
2026-09-22 14:00:28.406350+0700 Dream Again[82934:1299441] [Assets] Could not resolve material name 'engine:BuiltinRenderGraphResources/AR/arInPlacePostProcessCombinedPermute5.rematerial' in bundle at '/Users/shiv/Library/Developer/CoreSimulator/Devices/80DBBEEC-A752-43F6-A60E-2419BAE5B77E/data/Containers/Bundle/Application/FBFB8C43-42E6-425D-9E91-1D47D3926C8A/Dream Again.app'. Loading via asset path.
2026-09-22 14:00:28.409561+0700 Dream Again[82934:1299441] [Assets] Could not resolve material name 'engine:BuiltinRenderGraphResources/AR/arInPlacePostProcessCombinedPermute6.rematerial' in bundle at '/Users/shiv/Library/Developer/CoreSimulator/Devices/80DBBEEC-A752-43F6-A60E-2419BAE5B77E/data/Containers/Bundle/Application/FBFB8C43-42E6-425D-9E91-1D47D3926C8A/Dream Again.app'. Loading via asset path.
2026-09-22 14:00:28.413452+0700 Dream Again[82934:1299441] [Assets] Could not resolve material name 'engine:BuiltinRenderGraphResources/AR/arInPlacePostProcessCombinedPermute7.rematerial' in bundle at '/Users/shiv/Library/Developer/CoreSimulator/Devices/80DBBEEC-A752-43F6-A60E-2419BAE5B77E/data/Containers/Bundle/Application/FBFB8C43-42E6-425D-9E91-1D47D3926C8A/Dream Again.app'. Loading via asset path.
2026-09-22 14:00:28.417772+0700 Dream Again[82934:1299441] [Assets] Could not resolve material name 'engine:BuiltinRenderGraphResources/AR/arInPlacePostProcessCombinedPermute8.rematerial' in bundle at '/Users/shiv/Library/Developer/CoreSimulator/Devices/80DBBEEC-A752-43F6-A60E-2419BAE5B77E/data/Containers/Bundle/Application/FBFB8C43-42E6-425D-9E91-1D47D3926C8A/Dream Again.app'. Loading via asset path.
2026-09-22 14:00:28.421878+0700 Dream Again[82934:1299441] [Assets] Could not resolve material name 'engine:BuiltinRenderGraphResources/AR/arInPlacePostProcessCombinedPermute9.rematerial' in bundle at '/Users/shiv/Library/Developer/CoreSimulator/Devices/80DBBEEC-A752-43F6-A60E-2419BAE5B77E/data/Containers/Bundle/Application/FBFB8C43-42E6-425D-9E91-1D47D3926C8A/Dream Again.app'. Loading via asset path.
2026-09-22 14:00:28.425998+0700 Dream Again[82934:1299441] [Assets] Could not resolve material name 'engine:BuiltinRenderGraphResources/AR/arInPlacePostProcessCombinedPermute10.rematerial' in bundle at '/Users/shiv/Library/Developer/CoreSimulator/Devices/80DBBEEC-A752-43F6-A60E-2419BAE5B77E/data/Containers/Bundle/Application/FBFB8C43-42E6-425D-9E91-1D47D3926C8A/Dream Again.app'. Loading via asset path.
2026-09-22 14:00:28.429197+0700 Dream Again[82934:1299441] [Assets] Could not resolve material name 'engine:BuiltinRenderGraphResources/AR/arInPlacePostProcessCombinedPermute11.rematerial' in bundle at '/Users/shiv/Library/Developer/CoreSimulator/Devices/80DBBEEC-A752-43F6-A60E-2419BAE5B77E/data/Containers/Bundle/Application/FBFB8C43-42E6-425D-9E91-1D47D3926C8A/Dream Again.app'. Loading via asset path.
2026-09-22 14:00:28.433411+0700 Dream Again[82934:1299441] [Assets] Could not resolve material name 'engine:BuiltinRenderGraphResources/AR/arInPlacePostProcessCombinedPermute12.rematerial' in bundle at '/Users/shiv/Library/Developer/CoreSimulator/Devices/80DBBEEC-A752-43F6-A60E-2419BAE5B77E/data/Containers/Bundle/Application/FBFB8C43-42E6-425D-9E91-1D47D3926C8A/Dream Again.app'. Loading via asset path.
2026-09-22 14:00:28.436623+0700 Dream Again[82934:1299441] [Assets] Could not resolve material name 'engine:BuiltinRenderGraphResources/AR/arInPlacePostProcessCombinedPermute13.rematerial' in bundle at '/Users/shiv/Library/Developer/CoreSimulator/Devices/80DBBEEC-A752-43F6-A60E-2419BAE5B77E/data/Containers/Bundle/Application/FBFB8C43-42E6-425D-9E91-1D47D3926C8A/Dream Again.app'. Loading via asset path.
2026-09-22 14:00:28.439920+0700 Dream Again[82934:1299441] [Assets] Could not resolve material name 'engine:BuiltinRenderGraphResources/AR/arInPlacePostProcessCombinedPermute14.rematerial' in bundle at '/Users/shiv/Library/Developer/CoreSimulator/Devices/80DBBEEC-A752-43F6-A60E-2419BAE5B77E/data/Containers/Bundle/Application/FBFB8C43-42E6-425D-9E91-1D47D3926C8A/Dream Again.app'. Loading via asset path.
2026-09-22 14:00:28.443503+0700 Dream Again[82934:1299441] [Assets] Could not resolve material name 'engine:BuiltinRenderGraphResources/AR/arInPlacePostProcessCombinedPermute15.rematerial' in bundle at '/Users/shiv/Library/Developer/CoreSimulator/Devices/80DBBEEC-A752-43F6-A60E-2419BAE5B77E/data/Containers/Bundle/Application/FBFB8C43-42E6-425D-9E91-1D47D3926C8A/Dream Again.app'. Loading via asset path.
2026-09-22 14:00:36.467673+0700 Dream Again[82934:1299831] [General] Failed to send CA Event for app launch measurements for ca_event_type: 0 event_name: com.apple.app_launch_measurement.FirstFramePresentationMetric
Test Suite 'Selected tests' started at 2026-09-22 14:00:39.536.
Test Suite 'Dream AgainTests.xctest' started at 2026-09-22 14:00:39.538.
Test Suite 'Dream_AgainTests' started at 2026-09-22 14:00:39.539.
Test Case '-[Dream_AgainTests.Dream_AgainTests testHybridCollageLoadsOnceAndStaysBounded]' started.
2026-09-22 14:00:39.920817+0700 Dream Again[82934:1299441] [Assets] Could not resolve material name 'engine:BuiltinRenderGraphResources/AR/suFeatheringCreateMergedOcclusionMask.rematerial' in bundle at '/Users/shiv/Library/Developer/CoreSimulator/Devices/80DBBEEC-A752-43F6-A60E-2419BAE5B77E/data/Containers/Bundle/Application/FBFB8C43-42E6-425D-9E91-1D47D3926C8A/Dream Again.app'. Loading via asset path.
2026-09-22 14:00:39.921372+0700 Dream Again[82934:1299441] [Assets] Could not resolve material name 'engine:BuiltinRenderGraphResources/AR/arKitPassthrough.rematerial' in bundle at '/Users/shiv/Library/Developer/CoreSimulator/Devices/80DBBEEC-A752-43F6-A60E-2419BAE5B77E/data/Containers/Bundle/Application/FBFB8C43-42E6-425D-9E91-1D47D3926C8A/Dream Again.app'. Loading via asset path.
2026-09-22 14:00:39.921686+0700 Dream Again[82934:1299441] [Assets] Could not resolve material name 'engine:BuiltinRenderGraphResources/AR/arSegmentationComposite.rematerial' in bundle at '/Users/shiv/Library/Developer/CoreSimulator/Devices/80DBBEEC-A752-43F6-A60E-2419BAE5B77E/data/Containers/Bundle/Application/FBFB8C43-42E6-425D-9E91-1D47D3926C8A/Dream Again.app'. Loading via asset path.
2026-09-22 14:00:39.983610+0700 Dream Again[82934:1299441] [Assets] Could not resolve material name 'engine:BuiltinRenderGraphResources/AR/arInPlacePostProcessCombinedPermute0.rematerial' in bundle at '/Users/shiv/Library/Developer/CoreSimulator/Devices/80DBBEEC-A752-43F6-A60E-2419BAE5B77E/data/Containers/Bundle/Application/FBFB8C43-42E6-425D-9E91-1D47D3926C8A/Dream Again.app'. Loading via asset path.
2026-09-22 14:00:39.983972+0700 Dream Again[82934:1299441] [Assets] Could not resolve material name 'engine:BuiltinRenderGraphResources/AR/arInPlacePostProcessCombinedPermute1.rematerial' in bundle at '/Users/shiv/Library/Developer/CoreSimulator/Devices/80DBBEEC-A752-43F6-A60E-2419BAE5B77E/data/Containers/Bundle/Application/FBFB8C43-42E6-425D-9E91-1D47D3926C8A/Dream Again.app'. Loading via asset path.
2026-09-22 14:00:39.986639+0700 Dream Again[82934:1299441] [Assets] Could not resolve material name 'engine:BuiltinRenderGraphResources/AR/arInPlacePostProcessCombinedPermute2.rematerial' in bundle at '/Users/shiv/Library/Developer/CoreSimulator/Devices/80DBBEEC-A752-43F6-A60E-2419BAE5B77E/data/Containers/Bundle/Application/FBFB8C43-42E6-425D-9E91-1D47D3926C8A/Dream Again.app'. Loading via asset path.
2026-09-22 14:00:39.986826+0700 Dream Again[82934:1299441] [Assets] Could not resolve material name 'engine:BuiltinRenderGraphResources/AR/arInPlacePostProcessCombinedPermute3.rematerial' in bundle at '/Users/shiv/Library/Developer/CoreSimulator/Devices/80DBBEEC-A752-43F6-A60E-2419BAE5B77E/data/Containers/Bundle/Application/FBFB8C43-42E6-425D-9E91-1D47D3926C8A/Dream Again.app'. Loading via asset path.
2026-09-22 14:00:39.987051+0700 Dream Again[82934:1299441] [Assets] Could not resolve material name 'engine:BuiltinRenderGraphResources/AR/arInPlacePostProcessCombinedPermute4.rematerial' in bundle at '/Users/shiv/Library/Developer/CoreSimulator/Devices/80DBBEEC-A752-43F6-A60E-2419BAE5B77E/data/Containers/Bundle/Application/FBFB8C43-42E6-425D-9E91-1D47D3926C8A/Dream Again.app'. Loading via asset path.
2026-09-22 14:00:40.069013+0700 Dream Again[82934:1299441] [Assets] Could not resolve material name 'engine:BuiltinRenderGraphResources/AR/arInPlacePostProcessCombinedPermute5.rematerial' in bundle at '/Users/shiv/Library/Developer/CoreSimulator/Devices/80DBBEEC-A752-43F6-A60E-2419BAE5B77E/data/Containers/Bundle/Application/FBFB8C43-42E6-425D-9E91-1D47D3926C8A/Dream Again.app'. Loading via asset path.
2026-09-22 14:00:40.069295+0700 Dream Again[82934:1299441] [Assets] Could not resolve material name 'engine:BuiltinRenderGraphResources/AR/arInPlacePostProcessCombinedPermute6.rematerial' in bundle at '/Users/shiv/Library/Developer/CoreSimulator/Devices/80DBBEEC-A752-43F6-A60E-2419BAE5B77E/data/Containers/Bundle/Application/FBFB8C43-42E6-425D-9E91-1D47D3926C8A/Dream Again.app'. Loading via asset path.
2026-09-22 14:00:40.069941+0700 Dream Again[82934:1299441] [Assets] Could not resolve material name 'engine:BuiltinRenderGraphResources/AR/arInPlacePostProcessCombinedPermute7.rematerial' in bundle at '/Users/shiv/Library/Developer/CoreSimulator/Devices/80DBBEEC-A752-43F6-A60E-2419BAE5B77E/data/Containers/Bundle/Application/FBFB8C43-42E6-425D-9E91-1D47D3926C8A/Dream Again.app'. Loading via asset path.
2026-09-22 14:00:40.070133+0700 Dream Again[82934:1299441] [Assets] Could not resolve material name 'engine:BuiltinRenderGraphResources/AR/arInPlacePostProcessCombinedPermute8.rematerial' in bundle at '/Users/shiv/Library/Developer/CoreSimulator/Devices/80DBBEEC-A752-43F6-A60E-2419BAE5B77E/data/Containers/Bundle/Application/FBFB8C43-42E6-425D-9E91-1D47D3926C8A/Dream Again.app'. Loading via asset path.
2026-09-22 14:00:40.070283+0700 Dream Again[82934:1299441] [Assets] Could not resolve material name 'engine:BuiltinRenderGraphResources/AR/arInPlacePostProcessCombinedPermute9.rematerial' in bundle at '/Users/shiv/Library/Developer/CoreSimulator/Devices/80DBBEEC-A752-43F6-A60E-2419BAE5B77E/data/Containers/Bundle/Application/FBFB8C43-42E6-425D-9E91-1D47D3926C8A/Dream Again.app'. Loading via asset path.
2026-09-22 14:00:40.071975+0700 Dream Again[82934:1299441] [Assets] Could not resolve material name 'engine:BuiltinRenderGraphResources/AR/arInPlacePostProcessCombinedPermute10.rematerial' in bundle at '/Users/shiv/Library/Developer/CoreSimulator/Devices/80DBBEEC-A752-43F6-A60E-2419BAE5B77E/data/Containers/Bundle/Application/FBFB8C43-42E6-425D-9E91-1D47D3926C8A/Dream Again.app'. Loading via asset path.
2026-09-22 14:00:40.072151+0700 Dream Again[82934:1299441] [Assets] Could not resolve material name 'engine:BuiltinRenderGraphResources/AR/arInPlacePostProcessCombinedPermute11.rematerial' in bundle at '/Users/shiv/Library/Developer/CoreSimulator/Devices/80DBBEEC-A752-43F6-A60E-2419BAE5B77E/data/Containers/Bundle/Application/FBFB8C43-42E6-425D-9E91-1D47D3926C8A/Dream Again.app'. Loading via asset path.
2026-09-22 14:00:40.072650+0700 Dream Again[82934:1299441] [Assets] Could not resolve material name 'engine:BuiltinRenderGraphResources/AR/arInPlacePostProcessCombinedPermute12.rematerial' in bundle at '/Users/shiv/Library/Developer/CoreSimulator/Devices/80DBBEEC-A752-43F6-A60E-2419BAE5B77E/data/Containers/Bundle/Application/FBFB8C43-42E6-425D-9E91-1D47D3926C8A/Dream Again.app'. Loading via asset path.
2026-09-22 14:00:40.072940+0700 Dream Again[82934:1299441] [Assets] Could not resolve material name 'engine:BuiltinRenderGraphResources/AR/arInPlacePostProcessCombinedPermute13.rematerial' in bundle at '/Users/shiv/Library/Developer/CoreSimulator/Devices/80DBBEEC-A752-43F6-A60E-2419BAE5B77E/data/Containers/Bundle/Application/FBFB8C43-42E6-425D-9E91-1D47D3926C8A/Dream Again.app'. Loading via asset path.
2026-09-22 14:00:40.073155+0700 Dream Again[82934:1299441] [Assets] Could not resolve material name 'engine:BuiltinRenderGraphResources/AR/arInPlacePostProcessCombinedPermute14.rematerial' in bundle at '/Users/shiv/Library/Developer/CoreSimulator/Devices/80DBBEEC-A752-43F6-A60E-2419BAE5B77E/data/Containers/Bundle/Application/FBFB8C43-42E6-425D-9E91-1D47D3926C8A/Dream Again.app'. Loading via asset path.
2026-09-22 14:00:40.073439+0700 Dream Again[82934:1299441] [Assets] Could not resolve material name 'engine:BuiltinRenderGraphResources/AR/arInPlacePostProcessCombinedPermute15.rematerial' in bundle at '/Users/shiv/Library/Developer/CoreSimulator/Devices/80DBBEEC-A752-43F6-A60E-2419BAE5B77E/data/Containers/Bundle/Application/FBFB8C43-42E6-425D-9E91-1D47D3926C8A/Dream Again.app'. Loading via asset path.
2026-09-22 14:00:40.653835+0700 Dream Again[82934:1300615] Compiler failed to build request
2026-09-22 14:00:40.658263+0700 Dream Again[82934:1300558] [Graphics] makeRenderPipelineState failed [reading from a rendertarget is not supported].
2026-09-22 14:00:40.659043+0700 Dream Again[82934:1300558] [Graphics] Pipeline for technique meshShadowCasterProgrammableBlending failed compilation!
2026-09-22 14:00:47.017329+0700 Dream Again[82934:1300094] [API] [CAMetalLayer nextDrawable] returning nil because allocation failed.
2026-09-22 14:00:47.038475+0700 Dream Again[82934:1300094] [API] [CAMetalLayer nextDrawable] returning nil because allocation failed.
2026-09-22 14:00:47.524693+0700 Dream Again[82934:1300094] [API] [CAMetalLayer nextDrawable] returning nil because allocation failed.
2026-09-22 14:00:47.533306+0700 Dream Again[82934:1300094] [API] [CAMetalLayer nextDrawable] returning nil because allocation failed.
2026-09-22 14:00:47.552568+0700 Dream Again[82934:1300094] [API] [CAMetalLayer nextDrawable] returning nil because allocation failed.
2026-09-22 14:00:47.562356+0700 Dream Again[82934:1300094] [API] [CAMetalLayer nextDrawable] returning nil because allocation failed.
2026-09-22 14:00:47.585656+0700 Dream Again[82934:1300094] [API] [CAMetalLayer nextDrawable] returning nil because allocation failed.
2026-09-22 14:00:47.595905+0700 Dream Again[82934:1300094] [API] [CAMetalLayer nextDrawable] returning nil because allocation failed.
2026-09-22 14:00:47.621469+0700 Dream Again[82934:1300094] [API] [CAMetalLayer nextDrawable] returning nil because allocation failed.
2026-09-22 14:00:47.629926+0700 Dream Again[82934:1300094] [API] [CAMetalLayer nextDrawable] returning nil because allocation failed.
2026-09-22 14:00:47.645939+0700 Dream Again[82934:1300094] [API] [CAMetalLayer nextDrawable] returning nil because allocation failed.
2026-09-22 14:00:47.662544+0700 Dream Again[82934:1300094] [API] [CAMetalLayer nextDrawable] returning nil because allocation failed.
2026-09-22 14:00:47.680837+0700 Dream Again[82934:1300094] [API] [CAMetalLayer nextDrawable] returning nil because allocation failed.
2026-09-22 14:00:47.695019+0700 Dream Again[82934:1300094] [API] [CAMetalLayer nextDrawable] returning nil because allocation failed.
2026-09-22 14:00:47.714612+0700 Dream Again[82934:1300094] [API] [CAMetalLayer nextDrawable] returning nil because allocation failed.
2026-09-22 14:00:47.728769+0700 Dream Again[82934:1300094] [API] [CAMetalLayer nextDrawable] returning nil because allocation failed.
2026-09-22 14:00:47.751758+0700 Dream Again[82934:1300094] [API] [CAMetalLayer nextDrawable] returning nil because allocation failed.
2026-09-22 14:00:47.763101+0700 Dream Again[82934:1300094] [API] [CAMetalLayer nextDrawable] returning nil because allocation failed.
2026-09-22 14:00:47.784070+0700 Dream Again[82934:1300094] [API] [CAMetalLayer nextDrawable] returning nil because allocation failed.
2026-09-22 14:00:47.795350+0700 Dream Again[82934:1300094] [API] [CAMetalLayer nextDrawable] returning nil because allocation failed.
2026-09-22 14:00:47.813749+0700 Dream Again[82934:1300094] [API] [CAMetalLayer nextDrawable] returning nil because allocation failed.
2026-09-22 14:00:47.828322+0700 Dream Again[82934:1300094] [API] [CAMetalLayer nextDrawable] returning nil because allocation failed.
2026-09-22 14:00:47.849192+0700 Dream Again[82934:1300094] [API] [CAMetalLayer nextDrawable] returning nil because allocation failed.
2026-09-22 14:00:47.863069+0700 Dream Again[82934:1300094] [API] [CAMetalLayer nextDrawable] returning nil because allocation failed.
2026-09-22 14:00:47.882012+0700 Dream Again[82934:1300094] [API] [CAMetalLayer nextDrawable] returning nil because allocation failed.
2026-09-22 14:00:47.896497+0700 Dream Again[82934:1300094] [API] [CAMetalLayer nextDrawable] returning nil because allocation failed.
2026-09-22 14:00:47.918085+0700 Dream Again[82934:1300094] [API] [CAMetalLayer nextDrawable] returning nil because allocation failed.
2026-09-22 14:00:47.931012+0700 Dream Again[82934:1300094] [API] [CAMetalLayer nextDrawable] returning nil because allocation failed.
2026-09-22 14:00:47.950013+0700 Dream Again[82934:1300094] [API] [CAMetalLayer nextDrawable] returning nil because allocation failed.
2026-09-22 14:00:47.962433+0700 Dream Again[82934:1300094] [API] [CAMetalLayer nextDrawable] returning nil because allocation failed.
2026-09-22 14:00:47.982453+0700 Dream Again[82934:1300094] [API] [CAMetalLayer nextDrawable] returning nil because allocation failed.
2026-09-22 14:00:47.997009+0700 Dream Again[82934:1300094] [API] [CAMetalLayer nextDrawable] returning nil because allocation failed.
2026-09-22 14:00:48.020588+0700 Dream Again[82934:1300094] [API] [CAMetalLayer nextDrawable] returning nil because allocation failed.
2026-09-22 14:00:48.029877+0700 Dream Again[82934:1300094] [API] [CAMetalLayer nextDrawable] returning nil because allocation failed.
2026-09-22 14:00:48.058208+0700 Dream Again[82934:1300094] [API] [CAMetalLayer nextDrawable] returning nil because allocation failed.
2026-09-22 14:00:48.067504+0700 Dream Again[82934:1300094] [API] [CAMetalLayer nextDrawable] returning nil because allocation failed.
2026-09-22 14:00:48.083260+0700 Dream Again[82934:1300094] [API] [CAMetalLayer nextDrawable] returning nil because allocation failed.
2026-09-22 14:00:48.096535+0700 Dream Again[82934:1300094] [API] [CAMetalLayer nextDrawable] returning nil because allocation failed.
2026-09-22 14:00:48.115148+0700 Dream Again[82934:1300094] [API] [CAMetalLayer nextDrawable] returning nil because allocation failed.
2026-09-22 14:00:48.130142+0700 Dream Again[82934:1300094] [API] [CAMetalLayer nextDrawable] returning nil because allocation failed.
2026-09-22 14:00:48.152975+0700 Dream Again[82934:1300094] [API] [CAMetalLayer nextDrawable] returning nil because allocation failed.
2026-09-22 14:00:48.163136+0700 Dream Again[82934:1300094] [API] [CAMetalLayer nextDrawable] returning nil because allocation failed.
2026-09-22 14:00:48.189795+0700 Dream Again[82934:1300094] [API] [CAMetalLayer nextDrawable] returning nil because allocation failed.
2026-09-22 14:00:48.198313+0700 Dream Again[82934:1300094] [API] [CAMetalLayer nextDrawable] returning nil because allocation failed.
2026-09-22 14:00:48.217109+0700 Dream Again[82934:1300094] [API] [CAMetalLayer nextDrawable] returning nil because allocation failed.
2026-09-22 14:00:48.229458+0700 Dream Again[82934:1300094] [API] [CAMetalLayer nextDrawable] returning nil because allocation failed.
2026-09-22 14:00:48.249963+0700 Dream Again[82934:1300094] [API] [CAMetalLayer nextDrawable] returning nil because allocation failed.
2026-09-22 14:00:48.265468+0700 Dream Again[82934:1300094] [API] [CAMetalLayer nextDrawable] returning nil because allocation failed.
2026-09-22 14:00:48.286039+0700 Dream Again[82934:1300094] [API] [CAMetalLayer nextDrawable] returning nil because allocation failed.
2026-09-22 14:00:48.297065+0700 Dream Again[82934:1300094] [API] [CAMetalLayer nextDrawable] returning nil because allocation failed.
2026-09-22 14:00:48.315546+0700 Dream Again[82934:1300094] [API] [CAMetalLayer nextDrawable] returning nil because allocation failed.
2026-09-22 14:00:48.329331+0700 Dream Again[82934:1300094] [API] [CAMetalLayer nextDrawable] returning nil because allocation failed.
2026-09-22 14:00:48.351947+0700 Dream Again[82934:1300094] [API] [CAMetalLayer nextDrawable] returning nil because allocation failed.
2026-09-22 14:00:48.363412+0700 Dream Again[82934:1300094] [API] [CAMetalLayer nextDrawable] returning nil because allocation failed.
2026-09-22 14:00:48.386941+0700 Dream Again[82934:1300094] [API] [CAMetalLayer nextDrawable] returning nil because allocation failed.
2026-09-22 14:00:48.396924+0700 Dream Again[82934:1300094] [API] [CAMetalLayer nextDrawable] returning nil because allocation failed.
2026-09-22 14:00:48.414574+0700 Dream Again[82934:1300094] [API] [CAMetalLayer nextDrawable] returning nil because allocation failed.
2026-09-22 14:00:48.430401+0700 Dream Again[82934:1300094] [API] [CAMetalLayer nextDrawable] returning nil because allocation failed.
2026-09-22 14:00:48.455688+0700 Dream Again[82934:1300094] [API] [CAMetalLayer nextDrawable] returning nil because allocation failed.
2026-09-22 14:00:48.464903+0700 Dream Again[82934:1300094] [API] [CAMetalLayer nextDrawable] returning nil because allocation failed.
2026-09-22 14:00:48.489377+0700 Dream Again[82934:1300094] [API] [CAMetalLayer nextDrawable] returning nil because allocation failed.
2026-09-22 14:00:48.498123+0700 Dream Again[82934:1300094] [API] [CAMetalLayer nextDrawable] returning nil because allocation failed.
2026-09-22 14:00:48.514914+0700 Dream Again[82934:1300094] [API] [CAMetalLayer nextDrawable] returning nil because allocation failed.
2026-09-22 14:00:48.529313+0700 Dream Again[82934:1300094] [API] [CAMetalLayer nextDrawable] returning nil because allocation failed.
2026-09-22 14:00:48.548328+0700 Dream Again[82934:1300094] [API] [CAMetalLayer nextDrawable] returning nil because allocation failed.
2026-09-22 14:00:48.561800+0700 Dream Again[82934:1300094] [API] [CAMetalLayer nextDrawable] returning nil because allocation failed.
2026-09-22 14:00:48.586034+0700 Dream Again[82934:1300094] [API] [CAMetalLayer nextDrawable] returning nil because allocation failed.
2026-09-22 14:00:48.595261+0700 Dream Again[82934:1300094] [API] [CAMetalLayer nextDrawable] returning nil because allocation failed.
2026-09-22 14:00:48.616961+0700 Dream Again[82934:1300094] [API] [CAMetalLayer nextDrawable] returning nil because allocation failed.
2026-09-22 14:00:48.630821+0700 Dream Again[82934:1300094] [API] [CAMetalLayer nextDrawable] returning nil because allocation failed.
2026-09-22 14:00:48.648828+0700 Dream Again[82934:1300094] [API] [CAMetalLayer nextDrawable] returning nil because allocation failed.
2026-09-22 14:00:48.663014+0700 Dream Again[82934:1300094] [API] [CAMetalLayer nextDrawable] returning nil because allocation failed.
2026-09-22 14:00:48.680217+0700 Dream Again[82934:1300094] [API] [CAMetalLayer nextDrawable] returning nil because allocation failed.
2026-09-22 14:00:48.694970+0700 Dream Again[82934:1300094] [API] [CAMetalLayer nextDrawable] returning nil because allocation failed.
2026-09-22 14:00:48.723315+0700 Dream Again[82934:1300094] [API] [CAMetalLayer nextDrawable] returning nil because allocation failed.
2026-09-22 14:00:48.731818+0700 Dream Again[82934:1300094] [API] [CAMetalLayer nextDrawable] returning nil because allocation failed.
2026-09-22 14:00:48.748170+0700 Dream Again[82934:1300094] [API] [CAMetalLayer nextDrawable] returning nil because allocation failed.
2026-09-22 14:00:48.761974+0700 Dream Again[82934:1300094] [API] [CAMetalLayer nextDrawable] returning nil because allocation failed.
2026-09-22 14:00:48.784605+0700 Dream Again[82934:1300094] [API] [CAMetalLayer nextDrawable] returning nil because allocation failed.
2026-09-22 14:00:48.796039+0700 Dream Again[82934:1300094] [API] [CAMetalLayer nextDrawable] returning nil because allocation failed.
2026-09-22 14:00:48.814441+0700 Dream Again[82934:1300094] [API] [CAMetalLayer nextDrawable] returning nil because allocation failed.
2026-09-22 14:00:48.829264+0700 Dream Again[82934:1300094] [API] [CAMetalLayer nextDrawable] returning nil because allocation failed.
2026-09-22 14:00:48.851081+0700 Dream Again[82934:1300094] [API] [CAMetalLayer nextDrawable] returning nil because allocation failed.
2026-09-22 14:00:48.863165+0700 Dream Again[82934:1300094] [API] [CAMetalLayer nextDrawable] returning nil because allocation failed.
2026-09-22 14:00:48.880505+0700 Dream Again[82934:1300094] [API] [CAMetalLayer nextDrawable] returning nil because allocation failed.
2026-09-22 14:00:48.895807+0700 Dream Again[82934:1300094] [API] [CAMetalLayer nextDrawable] returning nil because allocation failed.
2026-09-22 14:00:48.914644+0700 Dream Again[82934:1300094] [API] [CAMetalLayer nextDrawable] returning nil because allocation failed.
2026-09-22 14:00:48.928555+0700 Dream Again[82934:1300094] [API] [CAMetalLayer nextDrawable] returning nil because allocation failed.
2026-09-22 14:00:48.960738+0700 Dream Again[82934:1300094] [API] [CAMetalLayer nextDrawable] returning nil because allocation failed.
2026-09-22 14:00:48.969909+0700 Dream Again[82934:1300094] [API] [CAMetalLayer nextDrawable] returning nil because allocation failed.
2026-09-22 14:00:48.981553+0700 Dream Again[82934:1300094] [API] [CAMetalLayer nextDrawable] returning nil because allocation failed.
2026-09-22 14:00:48.995792+0700 Dream Again[82934:1300094] [API] [CAMetalLayer nextDrawable] returning nil because allocation failed.
2026-09-22 14:00:49.015313+0700 Dream Again[82934:1300094] [API] [CAMetalLayer nextDrawable] returning nil because allocation failed.
2026-09-22 14:00:49.029816+0700 Dream Again[82934:1300094] [API] [CAMetalLayer nextDrawable] returning nil because allocation failed.
2026-09-22 14:00:49.051162+0700 Dream Again[82934:1300094] [API] [CAMetalLayer nextDrawable] returning nil because allocation failed.
2026-09-22 14:00:49.063201+0700 Dream Again[82934:1300094] [API] [CAMetalLayer nextDrawable] returning nil because allocation failed.
2026-09-22 14:00:49.081049+0700 Dream Again[82934:1300094] [API] [CAMetalLayer nextDrawable] returning nil because allocation failed.
2026-09-22 14:00:49.095297+0700 Dream Again[82934:1300094] [API] [CAMetalLayer nextDrawable] returning nil because allocation failed.
2026-09-22 14:00:49.122983+0700 Dream Again[82934:1300094] [API] [CAMetalLayer nextDrawable] returning nil because allocation failed.
2026-09-22 14:00:49.131706+0700 Dream Again[82934:1300094] [API] [CAMetalLayer nextDrawable] returning nil because allocation failed.
2026-09-22 14:00:49.148894+0700 Dream Again[82934:1300094] [API] [CAMetalLayer nextDrawable] returning nil because allocation failed.
2026-09-22 14:00:49.163001+0700 Dream Again[82934:1300094] [API] [CAMetalLayer nextDrawable] returning nil because allocation failed.
2026-09-22 14:00:49.181633+0700 Dream Again[82934:1300094] [API] [CAMetalLayer nextDrawable] returning nil because allocation failed.
2026-09-22 14:00:49.195308+0700 Dream Again[82934:1300094] [API] [CAMetalLayer nextDrawable] returning nil because allocation failed.
2026-09-22 14:00:49.214595+0700 Dream Again[82934:1300094] [API] [CAMetalLayer nextDrawable] returning nil because allocation failed.
2026-09-22 14:00:49.228279+0700 Dream Again[82934:1300094] [API] [CAMetalLayer nextDrawable] returning nil because allocation failed.
2026-09-22 14:00:49.249074+0700 Dream Again[82934:1300094] [API] [CAMetalLayer nextDrawable] returning nil because allocation failed.
2026-09-22 14:00:49.262770+0700 Dream Again[82934:1300094] [API] [CAMetalLayer nextDrawable] returning nil because allocation failed.
2026-09-22 14:00:49.279390+0700 Dream Again[82934:1300094] [API] [CAMetalLayer nextDrawable] returning nil because allocation failed.
2026-09-22 14:00:49.295170+0700 Dream Again[82934:1300094] [API] [CAMetalLayer nextDrawable] returning nil because allocation failed.
2026-09-22 14:00:49.314543+0700 Dream Again[82934:1300094] [API] [CAMetalLayer nextDrawable] returning nil because allocation failed.
2026-09-22 14:00:49.329319+0700 Dream Again[82934:1300094] [API] [CAMetalLayer nextDrawable] returning nil because allocation failed.
2026-09-22 14:00:49.348176+0700 Dream Again[82934:1300094] [API] [CAMetalLayer nextDrawable] returning nil because allocation failed.
2026-09-22 14:00:49.363868+0700 Dream Again[82934:1300094] [API] [CAMetalLayer nextDrawable] returning nil because allocation failed.
2026-09-22 14:00:49.380032+0700 Dream Again[82934:1300094] [API] [CAMetalLayer nextDrawable] returning nil because allocation failed.
2026-09-22 14:00:49.395216+0700 Dream Again[82934:1300094] [API] [CAMetalLayer nextDrawable] returning nil because allocation failed.
2026-09-22 14:00:49.414051+0700 Dream Again[82934:1300094] [API] [CAMetalLayer nextDrawable] returning nil because allocation failed.
2026-09-22 14:00:49.429714+0700 Dream Again[82934:1300094] [API] [CAMetalLayer nextDrawable] returning nil because allocation failed.
2026-09-22 14:00:49.456462+0700 Dream Again[82934:1300094] [API] [CAMetalLayer nextDrawable] returning nil because allocation failed.
2026-09-22 14:00:49.464954+0700 Dream Again[82934:1300094] [API] [CAMetalLayer nextDrawable] returning nil because allocation failed.
2026-09-22 14:00:49.481358+0700 Dream Again[82934:1300094] [API] [CAMetalLayer nextDrawable] returning nil because allocation failed.
2026-09-22 14:00:49.496242+0700 Dream Again[82934:1300094] [API] [CAMetalLayer nextDrawable] returning nil because allocation failed.
2026-09-22 14:00:49.513480+0700 Dream Again[82934:1300094] [API] [CAMetalLayer nextDrawable] returning nil because allocation failed.
2026-09-22 14:00:49.529845+0700 Dream Again[82934:1300094] [API] [CAMetalLayer nextDrawable] returning nil because allocation failed.
2026-09-22 14:00:49.565500+0700 Dream Again[82934:1300094] [API] [CAMetalLayer nextDrawable] returning nil because allocation failed.
2026-09-22 14:00:49.578729+0700 Dream Again[82934:1300094] [API] [CAMetalLayer nextDrawable] returning nil because allocation failed.
2026-09-22 14:00:49.600189+0700 Dream Again[82934:1300094] [API] [CAMetalLayer nextDrawable] returning nil because allocation failed.
2026-09-22 14:00:49.613424+0700 Dream Again[82934:1300094] [API] [CAMetalLayer nextDrawable] returning nil because allocation failed.
2026-09-22 14:00:49.631100+0700 Dream Again[82934:1300094] [API] [CAMetalLayer nextDrawable] returning nil because allocation failed.
2026-09-22 14:00:49.646338+0700 Dream Again[82934:1300094] [API] [CAMetalLayer nextDrawable] returning nil because allocation failed.
2026-09-22 14:00:49.671892+0700 Dream Again[82934:1300094] [API] [CAMetalLayer nextDrawable] returning nil because allocation failed.
2026-09-22 14:00:49.681923+0700 Dream Again[82934:1300094] [API] [CAMetalLayer nextDrawable] returning nil because allocation failed.
2026-09-22 14:00:49.697834+0700 Dream Again[82934:1300094] [API] [CAMetalLayer nextDrawable] returning nil because allocation failed.
2026-09-22 14:00:49.713029+0700 Dream Again[82934:1300094] [API] [CAMetalLayer nextDrawable] returning nil because allocation failed.
2026-09-22 14:00:49.731506+0700 Dream Again[82934:1300094] [API] [CAMetalLayer nextDrawable] returning nil because allocation failed.
2026-09-22 14:00:49.745775+0700 Dream Again[82934:1300094] [API] [CAMetalLayer nextDrawable] returning nil because allocation failed.
2026-09-22 14:00:49.763573+0700 Dream Again[82934:1300094] [API] [CAMetalLayer nextDrawable] returning nil because allocation failed.
2026-09-22 14:00:49.780573+0700 Dream Again[82934:1300094] [API] [CAMetalLayer nextDrawable] returning nil because allocation failed.
2026-09-22 14:00:49.798331+0700 Dream Again[82934:1300094] [API] [CAMetalLayer nextDrawable] returning nil because allocation failed.
2026-09-22 14:00:49.813643+0700 Dream Again[82934:1300094] [API] [CAMetalLayer nextDrawable] returning nil because allocation failed.
2026-09-22 14:00:49.832642+0700 Dream Again[82934:1300094] [API] [CAMetalLayer nextDrawable] returning nil because allocation failed.
2026-09-22 14:00:49.845836+0700 Dream Again[82934:1300094] [API] [CAMetalLayer nextDrawable] returning nil because allocation failed.
2026-09-22 14:00:49.864807+0700 Dream Again[82934:1300094] [API] [CAMetalLayer nextDrawable] returning nil because allocation failed.
2026-09-22 14:00:49.878339+0700 Dream Again[82934:1300094] [API] [CAMetalLayer nextDrawable] returning nil because allocation failed.
2026-09-22 14:00:49.899861+0700 Dream Again[82934:1300094] [API] [CAMetalLayer nextDrawable] returning nil because allocation failed.
2026-09-22 14:00:49.912740+0700 Dream Again[82934:1300094] [API] [CAMetalLayer nextDrawable] returning nil because allocation failed.
2026-09-22 14:00:49.931189+0700 Dream Again[82934:1300094] [API] [CAMetalLayer nextDrawable] returning nil because allocation failed.
2026-09-22 14:00:49.945475+0700 Dream Again[82934:1300094] [API] [CAMetalLayer nextDrawable] returning nil because allocation failed.
2026-09-22 14:00:49.991608+0700 Dream Again[82934:1300094] [API] [CAMetalLayer nextDrawable] returning nil because allocation failed.
2026-09-22 14:00:50.000107+0700 Dream Again[82934:1300094] [API] [CAMetalLayer nextDrawable] returning nil because allocation failed.
2026-09-22 14:00:50.032635+0700 Dream Again[82934:1300094] [API] [CAMetalLayer nextDrawable] returning nil because allocation failed.
2026-09-22 14:00:50.046200+0700 Dream Again[82934:1300094] [API] [CAMetalLayer nextDrawable] returning nil because allocation failed.
2026-09-22 14:00:50.065894+0700 Dream Again[82934:1300094] [API] [CAMetalLayer nextDrawable] returning nil because allocation failed.
2026-09-22 14:00:50.079284+0700 Dream Again[82934:1300094] [API] [CAMetalLayer nextDrawable] returning nil because allocation failed.
2026-09-22 14:00:50.099587+0700 Dream Again[82934:1300094] [API] [CAMetalLayer nextDrawable] returning nil because allocation failed.
2026-09-22 14:00:50.112955+0700 Dream Again[82934:1300094] [API] [CAMetalLayer nextDrawable] returning nil because allocation failed.
2026-09-22 14:00:50.132331+0700 Dream Again[82934:1300094] [API] [CAMetalLayer nextDrawable] returning nil because allocation failed.
2026-09-22 14:00:50.146249+0700 Dream Again[82934:1300094] [API] [CAMetalLayer nextDrawable] returning nil because allocation failed.
2026-09-22 14:00:50.164907+0700 Dream Again[82934:1300094] [API] [CAMetalLayer nextDrawable] returning nil because allocation failed.
2026-09-22 14:00:50.179618+0700 Dream Again[82934:1300094] [API] [CAMetalLayer nextDrawable] returning nil because allocation failed.
2026-09-22 14:00:50.199917+0700 Dream Again[82934:1300094] [API] [CAMetalLayer nextDrawable] returning nil because allocation failed.
2026-09-22 14:00:50.213750+0700 Dream Again[82934:1300094] [API] [CAMetalLayer nextDrawable] returning nil because allocation failed.
2026-09-22 14:00:50.231490+0700 Dream Again[82934:1300094] [API] [CAMetalLayer nextDrawable] returning nil because allocation failed.
2026-09-22 14:00:50.246036+0700 Dream Again[82934:1300094] [API] [CAMetalLayer nextDrawable] returning nil because allocation failed.
2026-09-22 14:00:50.286471+0700 Dream Again[82934:1300094] [API] [CAMetalLayer nextDrawable] returning nil because allocation failed.
2026-09-22 14:00:50.295494+0700 Dream Again[82934:1300094] [API] [CAMetalLayer nextDrawable] returning nil because allocation failed.
2026-09-22 14:00:50.304877+0700 Dream Again[82934:1300094] [API] [CAMetalLayer nextDrawable] returning nil because allocation failed.
2026-09-22 14:00:50.314308+0700 Dream Again[82934:1300094] [API] [CAMetalLayer nextDrawable] returning nil because allocation failed.
2026-09-22 14:00:50.330324+0700 Dream Again[82934:1300094] [API] [CAMetalLayer nextDrawable] returning nil because allocation failed.
2026-09-22 14:00:50.345628+0700 Dream Again[82934:1300094] [API] [CAMetalLayer nextDrawable] returning nil because allocation failed.
2026-09-22 14:00:50.365367+0700 Dream Again[82934:1300094] [API] [CAMetalLayer nextDrawable] returning nil because allocation failed.
2026-09-22 14:00:50.378990+0700 Dream Again[82934:1300094] [API] [CAMetalLayer nextDrawable] returning nil because allocation failed.
2026-09-22 14:00:50.398254+0700 Dream Again[82934:1300094] [API] [CAMetalLayer nextDrawable] returning nil because allocation failed.
2026-09-22 14:00:50.412985+0700 Dream Again[82934:1300094] [API] [CAMetalLayer nextDrawable] returning nil because allocation failed.
2026-09-22 14:00:50.431130+0700 Dream Again[82934:1300094] [API] [CAMetalLayer nextDrawable] returning nil because allocation failed.
2026-09-22 14:00:50.446869+0700 Dream Again[82934:1300094] [API] [CAMetalLayer nextDrawable] returning nil because allocation failed.
2026-09-22 14:00:50.464702+0700 Dream Again[82934:1300094] [API] [CAMetalLayer nextDrawable] returning nil because allocation failed.
2026-09-22 14:00:50.480640+0700 Dream Again[82934:1300094] [API] [CAMetalLayer nextDrawable] returning nil because allocation failed.
2026-09-22 14:00:50.497327+0700 Dream Again[82934:1300094] [API] [CAMetalLayer nextDrawable] returning nil because allocation failed.
2026-09-22 14:00:50.513952+0700 Dream Again[82934:1300094] [API] [CAMetalLayer nextDrawable] returning nil because allocation failed.
2026-09-22 14:00:50.532304+0700 Dream Again[82934:1300094] [API] [CAMetalLayer nextDrawable] returning nil because allocation failed.
2026-09-22 14:00:50.546311+0700 Dream Again[82934:1300094] [API] [CAMetalLayer nextDrawable] returning nil because allocation failed.
2026-09-22 14:00:50.564366+0700 Dream Again[82934:1300094] [API] [CAMetalLayer nextDrawable] returning nil because allocation failed.
2026-09-22 14:00:50.580872+0700 Dream Again[82934:1300094] [API] [CAMetalLayer nextDrawable] returning nil because allocation failed.
2026-09-22 14:00:50.598579+0700 Dream Again[82934:1300094] [API] [CAMetalLayer nextDrawable] returning nil because allocation failed.
2026-09-22 14:00:50.614501+0700 Dream Again[82934:1300094] [API] [CAMetalLayer nextDrawable] returning nil because allocation failed.
2026-09-22 14:00:50.631465+0700 Dream Again[82934:1300094] [API] [CAMetalLayer nextDrawable] returning nil because allocation failed.
2026-09-22 14:00:50.647319+0700 Dream Again[82934:1300094] [API] [CAMetalLayer nextDrawable] returning nil because allocation failed.
2026-09-22 14:00:52.519064+0700 Dream Again[82934:1300718] [STS-N] exiting spatial tracking service update thread because wait returned 37
Test Case '-[Dream_AgainTests.Dream_AgainTests testHybridCollageLoadsOnceAndStaysBounded]' passed (13.146 seconds).
Test Case '-[Dream_AgainTests.Dream_AgainTests testRepresentationRegistryKeepsExactlyFortyTwoSemanticConcepts]' started.
Test Case '-[Dream_AgainTests.Dream_AgainTests testRepresentationRegistryKeepsExactlyFortyTwoSemanticConcepts]' passed (0.054 seconds).
Test Suite 'Dream_AgainTests' passed at 2026-09-22 14:00:52.749.
	 Executed 2 tests, with 0 failures (0 unexpected) in 13.200 (13.209) seconds
Test Suite 'Dream AgainTests.xctest' passed at 2026-09-22 14:00:52.749.
	 Executed 2 tests, with 0 failures (0 unexpected) in 13.200 (13.211) seconds
Test Suite 'Selected tests' passed at 2026-09-22 14:00:52.750.
	 Executed 2 tests, with 0 failures (0 unexpected) in 13.200 (13.214) seconds
2026-09-22 14:00:54.204 xcodebuild[82447:1294398] [MT] IDETestOperationsObserverDebug: 115.998 elapsed -- Testing started completed.
2026-09-22 14:00:54.204 xcodebuild[82447:1294398] [MT] IDETestOperationsObserverDebug: 0.000 sec, +0.000 sec -- start
2026-09-22 14:00:54.204 xcodebuild[82447:1294398] [MT] IDETestOperationsObserverDebug: 115.998 sec, +115.998 sec -- end

Test session results, code coverage, and logs:
	/Users/shiv/Projects/iphone/Dream Again/DerivedData/Logs/Test/Test-Dream Again-2026.09.22_13-58-33-+0700.xcresult

** TEST SUCCEEDED **

Testing started
