2026-09-13 20:13:07.248 xcodebuild[38554:9837317]  DVTFilePathFSEvents: Failed to start fs event stream.
2026-09-13 20:13:07.624 xcodebuild[38554:9837285] [MT] DVTDeveloperPaths: Failed to get length of DARWIN_USER_CACHE_DIR from confstr(3), error = Error Domain=NSPOSIXErrorDomain Code=5 "Input/output error". Using NSCachesDirectory instead.
2026-09-13 20:13:08.344 xcodebuild[38554:9837318] CoreSimulatorService connection became invalid.  Simulator services will no longer be available.
2026-09-13 20:13:08.347 xcodebuild[38554:9837362] Logging connecton invalid: <OS_xpc_error: <dictionary: 0x2093b3c10> { count = 1, transaction: 0, voucher = 0x0, contents =
	"XPCErrorDescription" => <string: 0x2093b3d58> { string cache = 0x0, length = 18, contents = "Connection invalid" }
}>
2026-09-13 20:13:08.348 xcodebuild[38554:9837362] Error opening log file (/Users/shiv/Library/Logs/CoreSimulator/CoreSimulator.com.apple.dt.xcodebuild.log): Operation not permitted
[-[SimServiceContext sendRequest:]:1751] ERROR : Unable to deliver request ({
    "developer_dir" = "/Applications/Xcode.app/Contents/Developer";
    request = "set_developer_dir";
}) because we are not connected to CoreSimulatorService.
Command line invocation:
    /Applications/Xcode.app/Contents/Developer/usr/bin/xcodebuild -project "Dream Again.xcodeproj" -scheme "Dream Again" -configuration Release -destination generic/platform=iOS -derivedDataPath DerivedData CODE_SIGNING_ALLOWED=NO build

Build settings from command line:
    CODE_SIGNING_ALLOWED = NO

2026-09-13 20:13:08.493 xcodebuild[38554:9837285] [MT] DVTAssertions: Warning in DVTFrameworks/DVTFoundation/FileTypes/DVTFileDataTypeDetection.m:80
Details:  detectedTypeIdentifier (com.apple.binary-property-list) does not conform to matchedTypeIdentifier in MagicFileDataTypeDetector extenson com.apple.property-list. When both are specified, this conformance is required unless overridden by setting allowNonInheritance. extension.identifier:Xcode.MagicFileDataTypeDetector.BinaryPlist
Object:   <DVTFileDataTypeDetectionMagicCache: 0xcb0394570>
Method:   -initWithExtension:
Thread:   <_NSMainThread: 0x1036ae200>{number = 1, name = main}
Please file a bug at https://feedbackassistant.apple.com with this warning message and any useful information you can provide.
2026-09-13 20:13:08.494 xcodebuild[38554:9837285] [MT] DVTAssertions: Warning in DVTFrameworks/DVTFoundation/FileTypes/DVTFileDataTypeDetection.m:80
Details:  detectedTypeIdentifier (com.apple.xml-property-list) does not conform to matchedTypeIdentifier in MagicFileDataTypeDetector extenson com.apple.property-list. When both are specified, this conformance is required unless overridden by setting allowNonInheritance. extension.identifier:Xcode.MagicFileDataTypeDetector.XMLPlist
Object:   <DVTFileDataTypeDetectionMagicCache: 0xcb0394570>
Method:   -initWithExtension:
Thread:   <_NSMainThread: 0x1036ae200>{number = 1, name = main}
Please file a bug at https://feedbackassistant.apple.com with this warning message and any useful information you can provide.
[-[SimServiceContext initWithDeveloperDir:connectionType:error:]:432] WARN  : Unable to discover any Simulator runtimes. Developer Directory is /Applications/Xcode.app/Contents/Developer.
[-[SimDiskImageManager init]:175] ERROR : Could not kickstart simdiskimaged; SimDiskImageManager services will not be available: Error Domain=NSPOSIXErrorDomain Code=53 "Software caused connection abort" UserInfo={NSLocalizedDescription=Error returned in reply from CoreSimulatorService: Connection invalid}
[-[SimDiskImageManager _onQueue_checkConnection:]:239] ERROR : simdiskimaged returned error (invalid), marking disconnected.
[-[SimDiskImageManager _onQueue_checkConnection:]:239] ERROR : simdiskimaged returned error (invalid), marking disconnected.
[-[SimServiceContext initWithDeveloperDir:connectionType:error:]_block_invoke:468] ERROR : Could not get list of trusted mount directories: Error Domain=com.apple.CoreSimulator.SimError Code=410 "The service used to manage runtime disk images (simdiskimaged) crashed or is not responding" UserInfo={NSLocalizedDescription=The service used to manage runtime disk images (simdiskimaged) crashed or is not responding}
[-[SimServiceContext sendRequest:reply:error:]:1771] ERROR : Unable to deliver request ({
    request = "notification_subscription";
    "set_path" = "/Users/shiv/Library/Developer/CoreSimulator/Devices";
}) because we are not connected to CoreSimulatorService.
2026-09-13 20:13:08.623 xcodebuild[38554:9837318] Error Domain=NSPOSIXErrorDomain Code=61 "Connection refused" UserInfo={NSLocalizedDescription=CoreSimulatorService connection became invalid.  Simulator services will no longer be available.}
[-[SimServiceContext sendRequest:reply:error:]:1771] ERROR : Unable to deliver request ({
    request = "notification_subscription";
    "set_path" = "/Users/shiv/Library/Developer/CoreSimulator/Devices";
}) because we are not connected to CoreSimulatorService.
2026-09-13 20:13:08.626 xcodebuild[38554:9837318]  iOSSimulator: [SimServiceContext defaultDeviceSetWithError:] returned nil (Error Domain=NSPOSIXErrorDomain Code=61 "Connection refused" UserInfo={NSLocalizedFailureReason=Failed to subscribe to notifications from CoreSimulatorService., NSLocalizedDescription=Failed to initialize simulator device set., NSUnderlyingError=0xcb03052f0 {Error Domain=NSPOSIXErrorDomain Code=61 "Connection refused" UserInfo={NSLocalizedDescription=CoreSimulatorService connection became invalid.  Simulator services will no longer be available.}}}). Simulator device support disabled.
2026-09-13 20:13:08.626 xcodebuild[38554:9837317] Error Domain=NSPOSIXErrorDomain Code=61 "Connection refused" UserInfo={NSLocalizedDescription=CoreSimulatorService connection became invalid.  Simulator services will no longer be available.}
2026-09-13 20:13:08.626 xcodebuild[38554:9837317]  IDESimulatorAvailability: startObservingSimulatorUpdates() FAILED to register SimDeviceSet observer
2026-09-13 20:13:08.701 xcodebuild[38554:9837363]  DVTProvisioningProfileManager: Failed to load profile "/Users/shiv/Library/Developer/Xcode/UserData/Provisioning Profiles/0d07fb5e-8eaa-4049-8708-83a56572035f.mobileprovision" (Error Domain=DVTProvisioningProfileProviderErrorDomain Code=1 "Failed to load profile." UserInfo={NSLocalizedDescription=Failed to load profile., NSLocalizedRecoverySuggestion=Profile is missing the required UUID property.})
2026-09-13 20:13:08.701 xcodebuild[38554:9837369]  DVTProvisioningProfileManager: Failed to load profile "/Users/shiv/Library/Developer/Xcode/UserData/Provisioning Profiles/464dc27a-4b7b-4563-98b6-884cf4bd4e7c.mobileprovision" (Error Domain=DVTProvisioningProfileProviderErrorDomain Code=1 "Failed to load profile." UserInfo={NSLocalizedDescription=Failed to load profile., NSLocalizedRecoverySuggestion=Profile is missing the required UUID property.})
2026-09-13 20:13:08.701 xcodebuild[38554:9837318]  DVTProvisioningProfileManager: Failed to load profile "/Users/shiv/Library/Developer/Xcode/UserData/Provisioning Profiles/10ffdba9-0ca4-4ef2-b5c5-cf048144a064.mobileprovision" (Error Domain=DVTProvisioningProfileProviderErrorDomain Code=1 "Failed to load profile." UserInfo={NSLocalizedDescription=Failed to load profile., NSLocalizedRecoverySuggestion=Profile is missing the required UUID property.})
2026-09-13 20:13:08.701 xcodebuild[38554:9837371]  DVTProvisioningProfileManager: Failed to load profile "/Users/shiv/Library/Developer/Xcode/UserData/Provisioning Profiles/7ce1f8a4-de1c-4d74-9aa6-e3f59b45525c.mobileprovision" (Error Domain=DVTProvisioningProfileProviderErrorDomain Code=1 "Failed to load profile." UserInfo={NSLocalizedDescription=Failed to load profile., NSLocalizedRecoverySuggestion=Profile is missing the required UUID property.})
ComputePackagePrebuildTargetDependencyGraph

Prepare packages

CreateBuildRequest

SendProjectDescription

CreateBuildOperation

ComputeTargetDependencyGraph
note: Building targets in dependency order
note: Target dependency graph (1 target)
    Target 'Dream Again' in project 'Dream Again' (no dependencies)

GatherProvisioningInputs

CreateBuildDescription

ExecuteExternalTool /Applications/Xcode.app/Contents/Developer/Toolchains/XcodeDefault.xctoolchain/usr/bin/clang -v -E -dM -isysroot /Applications/Xcode.app/Contents/Developer/Platforms/iPhoneOS.platform/Developer/SDKs/iPhoneOS26.5.sdk -x c -c /dev/null

ExecuteExternalTool /Applications/Xcode.app/Contents/Developer/usr/bin/actool --print-asset-tag-combinations --output-format xml1 /Users/shiv/Projects/iphone/Dream Again/Dream Again/Assets.xcassets

ExecuteExternalTool /Applications/Xcode.app/Contents/Developer/usr/bin/actool --version --output-format xml1

ExecuteExternalTool /Applications/Xcode.app/Contents/Developer/Toolchains/XcodeDefault.xctoolchain/usr/bin/swiftc --version

ExecuteExternalTool /Applications/Xcode.app/Contents/Developer/Toolchains/XcodeDefault.xctoolchain/usr/bin/ld -version_details

Build description signature: 8ce64ee9f58e1259223670f8dd5445f0
Build description path: /Users/shiv/Projects/iphone/Dream Again/DerivedData/Build/Intermediates.noindex/XCBuildData/8ce64ee9f58e1259223670f8dd5445f0.xcbuilddata
ClangStatCache /Applications/Xcode.app/Contents/Developer/Toolchains/XcodeDefault.xctoolchain/usr/bin/clang-stat-cache /Applications/Xcode.app/Contents/Developer/Platforms/iPhoneOS.platform/Developer/SDKs/iPhoneOS26.5.sdk /Users/shiv/Projects/iphone/Dream\ Again/DerivedData/SDKStatCaches.noindex/iphoneos26.5-23F81a-32daed1954a7d5dd0789fcaf2a9bb78b.sdkstatcache
    cd /Users/shiv/Projects/iphone/Dream\ Again/Dream\ Again.xcodeproj
    /Applications/Xcode.app/Contents/Developer/Toolchains/XcodeDefault.xctoolchain/usr/bin/clang-stat-cache /Applications/Xcode.app/Contents/Developer/Platforms/iPhoneOS.platform/Developer/SDKs/iPhoneOS26.5.sdk -o /Users/shiv/Projects/iphone/Dream\ Again/DerivedData/SDKStatCaches.noindex/iphoneos26.5-23F81a-32daed1954a7d5dd0789fcaf2a9bb78b.sdkstatcache

CreateBuildDirectory /Users/shiv/Projects/iphone/Dream\ Again/DerivedData/Build/Intermediates.noindex/EagerLinkingTBDs/Release-iphoneos
    cd /Users/shiv/Projects/iphone/Dream\ Again/Dream\ Again.xcodeproj
    builtin-create-build-directory /Users/shiv/Projects/iphone/Dream\ Again/DerivedData/Build/Intermediates.noindex/EagerLinkingTBDs/Release-iphoneos

CreateBuildDirectory /Users/shiv/Projects/iphone/Dream\ Again/DerivedData/Build/Products/Release-iphoneos
    cd /Users/shiv/Projects/iphone/Dream\ Again/Dream\ Again.xcodeproj
    builtin-create-build-directory /Users/shiv/Projects/iphone/Dream\ Again/DerivedData/Build/Products/Release-iphoneos

WriteAuxiliaryFile /Users/shiv/Projects/iphone/Dream\ Again/DerivedData/Build/Intermediates.noindex/Dream\ Again.build/Release-iphoneos/Dream\ Again-dc3cd7fd94f59cbbebbf9aeab705b006-VFS-iphoneos/all-product-headers.yaml
    cd /Users/shiv/Projects/iphone/Dream\ Again/Dream\ Again.xcodeproj
    write-file /Users/shiv/Projects/iphone/Dream\ Again/DerivedData/Build/Intermediates.noindex/Dream\ Again.build/Release-iphoneos/Dream\ Again-dc3cd7fd94f59cbbebbf9aeab705b006-VFS-iphoneos/all-product-headers.yaml

WriteAuxiliaryFile /Users/shiv/Projects/iphone/Dream\ Again/DerivedData/Build/Intermediates.noindex/Dream\ Again.build/Release-iphoneos/Dream\ Again.build/Dream\ Again.hmap (in target 'Dream Again' from project 'Dream Again')
    cd /Users/shiv/Projects/iphone/Dream\ Again
    write-file /Users/shiv/Projects/iphone/Dream\ Again/DerivedData/Build/Intermediates.noindex/Dream\ Again.build/Release-iphoneos/Dream\ Again.build/Dream\ Again.hmap

WriteAuxiliaryFile /Users/shiv/Projects/iphone/Dream\ Again/DerivedData/Build/Intermediates.noindex/Dream\ Again.build/Release-iphoneos/Dream\ Again.build/Dream\ Again-project-headers.hmap (in target 'Dream Again' from project 'Dream Again')
    cd /Users/shiv/Projects/iphone/Dream\ Again
    write-file /Users/shiv/Projects/iphone/Dream\ Again/DerivedData/Build/Intermediates.noindex/Dream\ Again.build/Release-iphoneos/Dream\ Again.build/Dream\ Again-project-headers.hmap

WriteAuxiliaryFile /Users/shiv/Projects/iphone/Dream\ Again/DerivedData/Build/Intermediates.noindex/Dream\ Again.build/Release-iphoneos/Dream\ Again.build/Dream\ Again-own-target-headers.hmap (in target 'Dream Again' from project 'Dream Again')
    cd /Users/shiv/Projects/iphone/Dream\ Again
    write-file /Users/shiv/Projects/iphone/Dream\ Again/DerivedData/Build/Intermediates.noindex/Dream\ Again.build/Release-iphoneos/Dream\ Again.build/Dream\ Again-own-target-headers.hmap

WriteAuxiliaryFile /Users/shiv/Projects/iphone/Dream\ Again/DerivedData/Build/Intermediates.noindex/Dream\ Again.build/Release-iphoneos/Dream\ Again.build/Objects-normal/arm64/Dream\ Again_const_extract_protocols.json (in target 'Dream Again' from project 'Dream Again')
    cd /Users/shiv/Projects/iphone/Dream\ Again
    write-file /Users/shiv/Projects/iphone/Dream\ Again/DerivedData/Build/Intermediates.noindex/Dream\ Again.build/Release-iphoneos/Dream\ Again.build/Objects-normal/arm64/Dream\ Again_const_extract_protocols.json

WriteAuxiliaryFile /Users/shiv/Projects/iphone/Dream\ Again/DerivedData/Build/Intermediates.noindex/Dream\ Again.build/Release-iphoneos/Dream\ Again.build/Objects-normal/arm64/Dream\ Again-OutputFileMap.json (in target 'Dream Again' from project 'Dream Again')
    cd /Users/shiv/Projects/iphone/Dream\ Again
    write-file /Users/shiv/Projects/iphone/Dream\ Again/DerivedData/Build/Intermediates.noindex/Dream\ Again.build/Release-iphoneos/Dream\ Again.build/Objects-normal/arm64/Dream\ Again-OutputFileMap.json

WriteAuxiliaryFile /Users/shiv/Projects/iphone/Dream\ Again/DerivedData/Build/Intermediates.noindex/Dream\ Again.build/Release-iphoneos/Dream\ Again.build/Objects-normal/arm64/Dream\ Again.LinkFileList (in target 'Dream Again' from project 'Dream Again')
    cd /Users/shiv/Projects/iphone/Dream\ Again
    write-file /Users/shiv/Projects/iphone/Dream\ Again/DerivedData/Build/Intermediates.noindex/Dream\ Again.build/Release-iphoneos/Dream\ Again.build/Objects-normal/arm64/Dream\ Again.LinkFileList

WriteAuxiliaryFile /Users/shiv/Projects/iphone/Dream\ Again/DerivedData/Build/Intermediates.noindex/Dream\ Again.build/Release-iphoneos/Dream\ Again.build/Objects-normal/arm64/Dream\ Again.SwiftFileList (in target 'Dream Again' from project 'Dream Again')
    cd /Users/shiv/Projects/iphone/Dream\ Again
    write-file /Users/shiv/Projects/iphone/Dream\ Again/DerivedData/Build/Intermediates.noindex/Dream\ Again.build/Release-iphoneos/Dream\ Again.build/Objects-normal/arm64/Dream\ Again.SwiftFileList

WriteAuxiliaryFile /Users/shiv/Projects/iphone/Dream\ Again/DerivedData/Build/Intermediates.noindex/Dream\ Again.build/Release-iphoneos/Dream\ Again.build/Objects-normal/arm64/Dream\ Again.SwiftConstValuesFileList (in target 'Dream Again' from project 'Dream Again')
    cd /Users/shiv/Projects/iphone/Dream\ Again
    write-file /Users/shiv/Projects/iphone/Dream\ Again/DerivedData/Build/Intermediates.noindex/Dream\ Again.build/Release-iphoneos/Dream\ Again.build/Objects-normal/arm64/Dream\ Again.SwiftConstValuesFileList

WriteAuxiliaryFile /Users/shiv/Projects/iphone/Dream\ Again/DerivedData/Build/Intermediates.noindex/Dream\ Again.build/Release-iphoneos/Dream\ Again.build/Dream\ Again.DependencyStaticMetadataFileList (in target 'Dream Again' from project 'Dream Again')
    cd /Users/shiv/Projects/iphone/Dream\ Again
    write-file /Users/shiv/Projects/iphone/Dream\ Again/DerivedData/Build/Intermediates.noindex/Dream\ Again.build/Release-iphoneos/Dream\ Again.build/Dream\ Again.DependencyStaticMetadataFileList

WriteAuxiliaryFile /Users/shiv/Projects/iphone/Dream\ Again/DerivedData/Build/Intermediates.noindex/Dream\ Again.build/Release-iphoneos/Dream\ Again.build/Dream\ Again.DependencyMetadataFileList (in target 'Dream Again' from project 'Dream Again')
    cd /Users/shiv/Projects/iphone/Dream\ Again
    write-file /Users/shiv/Projects/iphone/Dream\ Again/DerivedData/Build/Intermediates.noindex/Dream\ Again.build/Release-iphoneos/Dream\ Again.build/Dream\ Again.DependencyMetadataFileList

WriteAuxiliaryFile /Users/shiv/Projects/iphone/Dream\ Again/DerivedData/Build/Intermediates.noindex/Dream\ Again.build/Release-iphoneos/Dream\ Again.build/Dream\ Again-generated-files.hmap (in target 'Dream Again' from project 'Dream Again')
    cd /Users/shiv/Projects/iphone/Dream\ Again
    write-file /Users/shiv/Projects/iphone/Dream\ Again/DerivedData/Build/Intermediates.noindex/Dream\ Again.build/Release-iphoneos/Dream\ Again.build/Dream\ Again-generated-files.hmap

WriteAuxiliaryFile /Users/shiv/Projects/iphone/Dream\ Again/DerivedData/Build/Intermediates.noindex/Dream\ Again.build/Release-iphoneos/Dream\ Again.build/Dream\ Again-all-target-headers.hmap (in target 'Dream Again' from project 'Dream Again')
    cd /Users/shiv/Projects/iphone/Dream\ Again
    write-file /Users/shiv/Projects/iphone/Dream\ Again/DerivedData/Build/Intermediates.noindex/Dream\ Again.build/Release-iphoneos/Dream\ Again.build/Dream\ Again-all-target-headers.hmap

WriteAuxiliaryFile /Users/shiv/Projects/iphone/Dream\ Again/DerivedData/Build/Intermediates.noindex/Dream\ Again.build/Release-iphoneos/Dream\ Again.build/Dream\ Again-all-non-framework-target-headers.hmap (in target 'Dream Again' from project 'Dream Again')
    cd /Users/shiv/Projects/iphone/Dream\ Again
    write-file /Users/shiv/Projects/iphone/Dream\ Again/DerivedData/Build/Intermediates.noindex/Dream\ Again.build/Release-iphoneos/Dream\ Again.build/Dream\ Again-all-non-framework-target-headers.hmap

MkDir /Users/shiv/Projects/iphone/Dream\ Again/DerivedData/Build/Products/Release-iphoneos/Dream\ Again.app (in target 'Dream Again' from project 'Dream Again')
    cd /Users/shiv/Projects/iphone/Dream\ Again
    /bin/mkdir -p /Users/shiv/Projects/iphone/Dream\ Again/DerivedData/Build/Products/Release-iphoneos/Dream\ Again.app

CpResource /Users/shiv/Projects/iphone/Dream\ Again/DerivedData/Build/Products/Release-iphoneos/Dream\ Again.app/store_products.json /Users/shiv/Projects/iphone/Dream\ Again/Dream\ Again/Resources/store_products.json (in target 'Dream Again' from project 'Dream Again')
    cd /Users/shiv/Projects/iphone/Dream\ Again
    builtin-copy -exclude .DS_Store -exclude CVS -exclude .svn -exclude .git -exclude .hg -resolve-src-symlinks /Users/shiv/Projects/iphone/Dream\ Again/Dream\ Again/Resources/store_products.json /Users/shiv/Projects/iphone/Dream\ Again/DerivedData/Build/Products/Release-iphoneos/Dream\ Again.app

CpResource /Users/shiv/Projects/iphone/Dream\ Again/DerivedData/Build/Products/Release-iphoneos/Dream\ Again.app/palettes.json /Users/shiv/Projects/iphone/Dream\ Again/Dream\ Again/Resources/palettes.json (in target 'Dream Again' from project 'Dream Again')
    cd /Users/shiv/Projects/iphone/Dream\ Again
    builtin-copy -exclude .DS_Store -exclude CVS -exclude .svn -exclude .git -exclude .hg -resolve-src-symlinks /Users/shiv/Projects/iphone/Dream\ Again/Dream\ Again/Resources/palettes.json /Users/shiv/Projects/iphone/Dream\ Again/DerivedData/Build/Products/Release-iphoneos/Dream\ Again.app

CpResource /Users/shiv/Projects/iphone/Dream\ Again/DerivedData/Build/Products/Release-iphoneos/Dream\ Again.app/game_config.json /Users/shiv/Projects/iphone/Dream\ Again/Dream\ Again/Resources/game_config.json (in target 'Dream Again' from project 'Dream Again')
    cd /Users/shiv/Projects/iphone/Dream\ Again
    builtin-copy -exclude .DS_Store -exclude CVS -exclude .svn -exclude .git -exclude .hg -resolve-src-symlinks /Users/shiv/Projects/iphone/Dream\ Again/Dream\ Again/Resources/game_config.json /Users/shiv/Projects/iphone/Dream\ Again/DerivedData/Build/Products/Release-iphoneos/Dream\ Again.app

GenerateAssetSymbols /Users/shiv/Projects/iphone/Dream\ Again/Dream\ Again/Assets.xcassets (in target 'Dream Again' from project 'Dream Again')
    cd /Users/shiv/Projects/iphone/Dream\ Again
    /Applications/Xcode.app/Contents/Developer/usr/bin/actool /Users/shiv/Projects/iphone/Dream\ Again/Dream\ Again/Assets.xcassets --compile /Users/shiv/Projects/iphone/Dream\ Again/DerivedData/Build/Products/Release-iphoneos/Dream\ Again.app --output-format human-readable-text --notices --warnings --export-dependency-info /Users/shiv/Projects/iphone/Dream\ Again/DerivedData/Build/Intermediates.noindex/Dream\ Again.build/Release-iphoneos/Dream\ Again.build/assetcatalog_dependencies --output-partial-info-plist /Users/shiv/Projects/iphone/Dream\ Again/DerivedData/Build/Intermediates.noindex/Dream\ Again.build/Release-iphoneos/Dream\ Again.build/assetcatalog_generated_info.plist --app-icon AppIcon --accent-color AccentColor --compress-pngs --enable-on-demand-resources YES --development-region en --target-device iphone --target-device ipad --minimum-deployment-target 18.0 --platform iphoneos --bundle-identifier nani.Dream-Again --generate-swift-asset-symbols /Users/shiv/Projects/iphone/Dream\ Again/DerivedData/Build/Intermediates.noindex/Dream\ Again.build/Release-iphoneos/Dream\ Again.build/DerivedSources/GeneratedAssetSymbols.swift --generate-objc-asset-symbols /Users/shiv/Projects/iphone/Dream\ Again/DerivedData/Build/Intermediates.noindex/Dream\ Again.build/Release-iphoneos/Dream\ Again.build/DerivedSources/GeneratedAssetSymbols.h --generate-asset-symbol-index /Users/shiv/Projects/iphone/Dream\ Again/DerivedData/Build/Intermediates.noindex/Dream\ Again.build/Release-iphoneos/Dream\ Again.build/DerivedSources/GeneratedAssetSymbols-Index.plist
2026-09-13 20:13:17.241 ibtoold[38816:9837676] CoreSimulatorService connection became invalid.  Simulator services will no longer be available.
2026-09-13 20:13:17.242 ibtoold[38816:9837700] Logging connecton invalid: <OS_xpc_error: <dictionary: 0x2093b3c10> { count = 1, transaction: 0, voucher = 0x0, contents =
	"XPCErrorDescription" => <string: 0x2093b3d58> { string cache = 0x0, length = 18, contents = "Connection invalid" }
}>
2026-09-13 20:13:17.244 ibtoold[38816:9837700] Error opening log file (/Users/shiv/Library/Logs/CoreSimulator/CoreSimulator.com.apple.ibtool.log): Operation not permitted
[-[SimServiceContext sendRequest:]:1751] ERROR : Unable to deliver request ({
    "developer_dir" = "/Applications/Xcode.app/Contents/Developer";
    request = "set_developer_dir";
}) because we are not connected to CoreSimulatorService.
[-[SimServiceContext initWithDeveloperDir:connectionType:error:]:432] WARN  : Unable to discover any Simulator runtimes. Developer Directory is /Applications/Xcode.app/Contents/Developer.
[-[SimDiskImageManager init]:175] ERROR : Could not kickstart simdiskimaged; SimDiskImageManager services will not be available: Error Domain=NSPOSIXErrorDomain Code=53 "Software caused connection abort" UserInfo={NSLocalizedDescription=Error returned in reply from CoreSimulatorService: Connection invalid}
[-[SimDiskImageManager _onQueue_checkConnection:]:239] ERROR : simdiskimaged returned error (invalid), marking disconnected.
[-[SimServiceContext initWithDeveloperDir:connectionType:error:]_block_invoke:468] ERROR : Could not get list of trusted mount directories: Error Domain=com.apple.CoreSimulator.SimError Code=409 "Cannot talk to the service used to manage runtime disk images (simdiskimaged) because its launchd job is not registered or was unloaded" UserInfo={NSLocalizedDescription=Cannot talk to the service used to manage runtime disk images (simdiskimaged) because its launchd job is not registered or was unloaded}
[-[SimDiskImageManager _onQueue_checkConnection:]:219] ERROR : simdiskimaged connection is currently unavailable because connection became invalid
[-[SimServiceContext sendRequest:reply:error:]:1771] ERROR : Unable to deliver request ({
    request = "notification_subscription";
    "set_path" = "/Users/shiv/Library/Developer/CoreSimulator/Devices";
}) because we are not connected to CoreSimulatorService.
2026-09-13 20:13:17.461 ibtoold[38816:9837674] Error Domain=NSPOSIXErrorDomain Code=61 "Connection refused" UserInfo={NSLocalizedDescription=CoreSimulatorService connection became invalid.  Simulator services will no longer be available.}
/* com.apple.actool.compilation-results */
/Users/shiv/Projects/iphone/Dream Again/DerivedData/Build/Intermediates.noindex/Dream Again.build/Release-iphoneos/Dream Again.build/DerivedSources/GeneratedAssetSymbols-Index.plist
/Users/shiv/Projects/iphone/Dream Again/DerivedData/Build/Intermediates.noindex/Dream Again.build/Release-iphoneos/Dream Again.build/DerivedSources/GeneratedAssetSymbols.h
/Users/shiv/Projects/iphone/Dream Again/DerivedData/Build/Intermediates.noindex/Dream Again.build/Release-iphoneos/Dream Again.build/DerivedSources/GeneratedAssetSymbols.swift


MkDir /Users/shiv/Projects/iphone/Dream\ Again/DerivedData/Build/Intermediates.noindex/Dream\ Again.build/Release-iphoneos/Dream\ Again.build/assetcatalog_output/thinned (in target 'Dream Again' from project 'Dream Again')
    cd /Users/shiv/Projects/iphone/Dream\ Again
    /bin/mkdir -p /Users/shiv/Projects/iphone/Dream\ Again/DerivedData/Build/Intermediates.noindex/Dream\ Again.build/Release-iphoneos/Dream\ Again.build/assetcatalog_output/thinned

MkDir /Users/shiv/Projects/iphone/Dream\ Again/DerivedData/Build/Intermediates.noindex/Dream\ Again.build/Release-iphoneos/Dream\ Again.build/assetcatalog_output/unthinned (in target 'Dream Again' from project 'Dream Again')
    cd /Users/shiv/Projects/iphone/Dream\ Again
    /bin/mkdir -p /Users/shiv/Projects/iphone/Dream\ Again/DerivedData/Build/Intermediates.noindex/Dream\ Again.build/Release-iphoneos/Dream\ Again.build/assetcatalog_output/unthinned

CpResource /Users/shiv/Projects/iphone/Dream\ Again/DerivedData/Build/Products/Release-iphoneos/Dream\ Again.app/cosmetics.json /Users/shiv/Projects/iphone/Dream\ Again/Dream\ Again/Resources/cosmetics.json (in target 'Dream Again' from project 'Dream Again')
    cd /Users/shiv/Projects/iphone/Dream\ Again
    builtin-copy -exclude .DS_Store -exclude CVS -exclude .svn -exclude .git -exclude .hg -resolve-src-symlinks /Users/shiv/Projects/iphone/Dream\ Again/Dream\ Again/Resources/cosmetics.json /Users/shiv/Projects/iphone/Dream\ Again/DerivedData/Build/Products/Release-iphoneos/Dream\ Again.app

CpResource /Users/shiv/Projects/iphone/Dream\ Again/DerivedData/Build/Products/Release-iphoneos/Dream\ Again.app/conformance_vectors.json /Users/shiv/Projects/iphone/Dream\ Again/Dream\ Again/Resources/conformance_vectors.json (in target 'Dream Again' from project 'Dream Again')
    cd /Users/shiv/Projects/iphone/Dream\ Again
    builtin-copy -exclude .DS_Store -exclude CVS -exclude .svn -exclude .git -exclude .hg -resolve-src-symlinks /Users/shiv/Projects/iphone/Dream\ Again/Dream\ Again/Resources/conformance_vectors.json /Users/shiv/Projects/iphone/Dream\ Again/DerivedData/Build/Products/Release-iphoneos/Dream\ Again.app

CpResource /Users/shiv/Projects/iphone/Dream\ Again/DerivedData/Build/Products/Release-iphoneos/Dream\ Again.app/asset_catalog.json /Users/shiv/Projects/iphone/Dream\ Again/Dream\ Again/Resources/asset_catalog.json (in target 'Dream Again' from project 'Dream Again')
    cd /Users/shiv/Projects/iphone/Dream\ Again
    builtin-copy -exclude .DS_Store -exclude CVS -exclude .svn -exclude .git -exclude .hg -resolve-src-symlinks /Users/shiv/Projects/iphone/Dream\ Again/Dream\ Again/Resources/asset_catalog.json /Users/shiv/Projects/iphone/Dream\ Again/DerivedData/Build/Products/Release-iphoneos/Dream\ Again.app

CpResource /Users/shiv/Projects/iphone/Dream\ Again/DerivedData/Build/Products/Release-iphoneos/Dream\ Again.app/achievements.json /Users/shiv/Projects/iphone/Dream\ Again/Dream\ Again/Resources/achievements.json (in target 'Dream Again' from project 'Dream Again')
    cd /Users/shiv/Projects/iphone/Dream\ Again
    builtin-copy -exclude .DS_Store -exclude CVS -exclude .svn -exclude .git -exclude .hg -resolve-src-symlinks /Users/shiv/Projects/iphone/Dream\ Again/Dream\ Again/Resources/achievements.json /Users/shiv/Projects/iphone/Dream\ Again/DerivedData/Build/Products/Release-iphoneos/Dream\ Again.app

CpResource /Users/shiv/Projects/iphone/Dream\ Again/DerivedData/Build/Products/Release-iphoneos/Dream\ Again.app/Services.example.json /Users/shiv/Projects/iphone/Dream\ Again/Dream\ Again/Configuration/Services.example.json (in target 'Dream Again' from project 'Dream Again')
    cd /Users/shiv/Projects/iphone/Dream\ Again
    builtin-copy -exclude .DS_Store -exclude CVS -exclude .svn -exclude .git -exclude .hg -resolve-src-symlinks /Users/shiv/Projects/iphone/Dream\ Again/Dream\ Again/Configuration/Services.example.json /Users/shiv/Projects/iphone/Dream\ Again/DerivedData/Build/Products/Release-iphoneos/Dream\ Again.app

CpResource /Users/shiv/Projects/iphone/Dream\ Again/DerivedData/Build/Products/Release-iphoneos/Dream\ Again.app/DreamAgain.storekit /Users/shiv/Projects/iphone/Dream\ Again/Dream\ Again/Resources/DreamAgain.storekit (in target 'Dream Again' from project 'Dream Again')
    cd /Users/shiv/Projects/iphone/Dream\ Again
    builtin-copy -exclude .DS_Store -exclude CVS -exclude .svn -exclude .git -exclude .hg -resolve-src-symlinks /Users/shiv/Projects/iphone/Dream\ Again/Dream\ Again/Resources/DreamAgain.storekit /Users/shiv/Projects/iphone/Dream\ Again/DerivedData/Build/Products/Release-iphoneos/Dream\ Again.app

CopyPNGFile /Users/shiv/Projects/iphone/Dream\ Again/DerivedData/Build/Products/Release-iphoneos/Dream\ Again.app/DreamAgainIcon.png /Users/shiv/Projects/iphone/Dream\ Again/Dream\ Again/Resources/DreamAgainIcon.png (in target 'Dream Again' from project 'Dream Again')
    cd /Users/shiv/Projects/iphone/Dream\ Again
    /Applications/Xcode.app/Contents/Developer/usr/bin/copypng -compress -strip-PNG-text /Users/shiv/Projects/iphone/Dream\ Again/Dream\ Again/Resources/DreamAgainIcon.png /Users/shiv/Projects/iphone/Dream\ Again/DerivedData/Build/Products/Release-iphoneos/Dream\ Again.app/DreamAgainIcon.png

CompileAssetCatalogVariant thinned /Users/shiv/Projects/iphone/Dream\ Again/DerivedData/Build/Products/Release-iphoneos/Dream\ Again.app /Users/shiv/Projects/iphone/Dream\ Again/Dream\ Again/Assets.xcassets (in target 'Dream Again' from project 'Dream Again')
    cd /Users/shiv/Projects/iphone/Dream\ Again
    /Applications/Xcode.app/Contents/Developer/usr/bin/actool /Users/shiv/Projects/iphone/Dream\ Again/Dream\ Again/Assets.xcassets --compile /Users/shiv/Projects/iphone/Dream\ Again/DerivedData/Build/Intermediates.noindex/Dream\ Again.build/Release-iphoneos/Dream\ Again.build/assetcatalog_output/thinned --output-format human-readable-text --notices --warnings --export-dependency-info /Users/shiv/Projects/iphone/Dream\ Again/DerivedData/Build/Intermediates.noindex/Dream\ Again.build/Release-iphoneos/Dream\ Again.build/assetcatalog_dependencies_thinned --output-partial-info-plist /Users/shiv/Projects/iphone/Dream\ Again/DerivedData/Build/Intermediates.noindex/Dream\ Again.build/Release-iphoneos/Dream\ Again.build/assetcatalog_generated_info.plist_thinned --app-icon AppIcon --accent-color AccentColor --compress-pngs --enable-on-demand-resources YES --development-region en --target-device iphone --target-device ipad --minimum-deployment-target 18.0 --platform iphoneos
2026-09-13 20:13:17.300 ibtoold[38818:9837675] CoreSimulatorService connection became invalid.  Simulator services will no longer be available.
2026-09-13 20:13:17.301 ibtoold[38818:9837675] Logging connecton invalid: <OS_xpc_error: <dictionary: 0x2093b3c10> { count = 1, transaction: 0, voucher = 0x0, contents =
	"XPCErrorDescription" => <string: 0x2093b3d58> { string cache = 0x0, length = 18, contents = "Connection invalid" }
}>
2026-09-13 20:13:17.302 ibtoold[38818:9837675] Error opening log file (/Users/shiv/Library/Logs/CoreSimulator/CoreSimulator.com.apple.ibtool.log): Operation not permitted
[-[SimServiceContext sendRequest:]:1751] ERROR : Unable to deliver request ({
    "developer_dir" = "/Applications/Xcode.app/Contents/Developer";
    request = "set_developer_dir";
}) because we are not connected to CoreSimulatorService.
[-[SimServiceContext initWithDeveloperDir:connectionType:error:]:432] WARN  : Unable to discover any Simulator runtimes. Developer Directory is /Applications/Xcode.app/Contents/Developer.
[-[SimDiskImageManager init]:175] ERROR : Could not kickstart simdiskimaged; SimDiskImageManager services will not be available: Error Domain=NSPOSIXErrorDomain Code=53 "Software caused connection abort" UserInfo={NSLocalizedDescription=Error returned in reply from CoreSimulatorService: Connection invalid}
[-[SimDiskImageManager _onQueue_checkConnection:]:239] ERROR : simdiskimaged returned error (invalid), marking disconnected.
[-[SimDiskImageManager _onQueue_checkConnection:]:239] ERROR : simdiskimaged returned error (invalid), marking disconnected.
[-[SimServiceContext initWithDeveloperDir:connectionType:error:]_block_invoke:468] ERROR : Could not get list of trusted mount directories: Error Domain=com.apple.CoreSimulator.SimError Code=410 "The service used to manage runtime disk images (simdiskimaged) crashed or is not responding" UserInfo={NSLocalizedDescription=The service used to manage runtime disk images (simdiskimaged) crashed or is not responding}
[-[SimServiceContext sendRequest:reply:error:]:1771] ERROR : Unable to deliver request ({
    request = "notification_subscription";
    "set_path" = "/Users/shiv/Library/Developer/CoreSimulator/Devices";
}) because we are not connected to CoreSimulatorService.
2026-09-13 20:13:17.461 ibtoold[38818:9837673] Error Domain=NSPOSIXErrorDomain Code=61 "Connection refused" UserInfo={NSLocalizedDescription=CoreSimulatorService connection became invalid.  Simulator services will no longer be available.}
/* com.apple.actool.compilation-results */
/Users/shiv/Projects/iphone/Dream Again/DerivedData/Build/Intermediates.noindex/Dream Again.build/Release-iphoneos/Dream Again.build/assetcatalog_generated_info.plist_thinned


SwiftDriver Dream\ Again normal arm64 com.apple.xcode.tools.swift.compiler (in target 'Dream Again' from project 'Dream Again')
    cd /Users/shiv/Projects/iphone/Dream\ Again
    builtin-SwiftDriver -- /Applications/Xcode.app/Contents/Developer/Toolchains/XcodeDefault.xctoolchain/usr/bin/swiftc -module-name DreamAgain -O -whole-module-optimization @/Users/shiv/Projects/iphone/Dream\ Again/DerivedData/Build/Intermediates.noindex/Dream\ Again.build/Release-iphoneos/Dream\ Again.build/Objects-normal/arm64/Dream\ Again.SwiftFileList -enable-bare-slash-regex -enable-upcoming-feature DisableOutwardActorInference -enable-upcoming-feature InferSendableFromCaptures -enable-upcoming-feature GlobalActorIsolatedTypesUsability -enable-upcoming-feature MemberImportVisibility -enable-upcoming-feature InferIsolatedConformances -enable-upcoming-feature NonisolatedNonsendingByDefault -enable-experimental-feature DebugDescriptionMacro -sdk /Applications/Xcode.app/Contents/Developer/Platforms/iPhoneOS.platform/Developer/SDKs/iPhoneOS26.5.sdk -target arm64-apple-ios18.0 -g -module-cache-path /Users/shiv/Projects/iphone/Dream\ Again/DerivedData/ModuleCache.noindex -Xfrontend -serialize-debugging-options -swift-version 5 -I /Users/shiv/Projects/iphone/Dream\ Again/DerivedData/Build/Products/Release-iphoneos -F /Users/shiv/Projects/iphone/Dream\ Again/DerivedData/Build/Products/Release-iphoneos -emit-localized-strings -emit-localized-strings-path /Users/shiv/Projects/iphone/Dream\ Again/DerivedData/Build/Intermediates.noindex/Dream\ Again.build/Release-iphoneos/Dream\ Again.build/Objects-normal/arm64 -c -num-threads 8 -Xcc -ivfsstatcache -Xcc /Users/shiv/Projects/iphone/Dream\ Again/DerivedData/SDKStatCaches.noindex/iphoneos26.5-23F81a-32daed1954a7d5dd0789fcaf2a9bb78b.sdkstatcache -output-file-map /Users/shiv/Projects/iphone/Dream\ Again/DerivedData/Build/Intermediates.noindex/Dream\ Again.build/Release-iphoneos/Dream\ Again.build/Objects-normal/arm64/Dream\ Again-OutputFileMap.json -use-frontend-parseable-output -save-temps -no-color-diagnostics -explicit-module-build -module-cache-path /Users/shiv/Projects/iphone/Dream\ Again/DerivedData/Build/Intermediates.noindex/SwiftExplicitPrecompiledModules -clang-scanner-module-cache-path /Users/shiv/Projects/iphone/Dream\ Again/DerivedData/ModuleCache.noindex -sdk-module-cache-path /Users/shiv/Projects/iphone/Dream\ Again/DerivedData/ModuleCache.noindex -serialize-diagnostics -emit-dependencies -emit-module -emit-module-path /Users/shiv/Projects/iphone/Dream\ Again/DerivedData/Build/Intermediates.noindex/Dream\ Again.build/Release-iphoneos/Dream\ Again.build/Objects-normal/arm64/DreamAgain.swiftmodule -validate-clang-modules-once -clang-build-session-file /Users/shiv/Projects/iphone/Dream\ Again/DerivedData/ModuleCache.noindex/Session.modulevalidation -Xcc -I/Users/shiv/Projects/iphone/Dream\ Again/DerivedData/Build/Intermediates.noindex/Dream\ Again.build/Release-iphoneos/Dream\ Again.build/swift-overrides.hmap -emit-const-values -Xfrontend -const-gather-protocols-file -Xfrontend /Users/shiv/Projects/iphone/Dream\ Again/DerivedData/Build/Intermediates.noindex/Dream\ Again.build/Release-iphoneos/Dream\ Again.build/Objects-normal/arm64/Dream\ Again_const_extract_protocols.json -Xcc -iquote -Xcc /Users/shiv/Projects/iphone/Dream\ Again/DerivedData/Build/Intermediates.noindex/Dream\ Again.build/Release-iphoneos/Dream\ Again.build/Dream\ Again-generated-files.hmap -Xcc -I/Users/shiv/Projects/iphone/Dream\ Again/DerivedData/Build/Intermediates.noindex/Dream\ Again.build/Release-iphoneos/Dream\ Again.build/Dream\ Again-own-target-headers.hmap -Xcc -I/Users/shiv/Projects/iphone/Dream\ Again/DerivedData/Build/Intermediates.noindex/Dream\ Again.build/Release-iphoneos/Dream\ Again.build/Dream\ Again-all-target-headers.hmap -Xcc -iquote -Xcc /Users/shiv/Projects/iphone/Dream\ Again/DerivedData/Build/Intermediates.noindex/Dream\ Again.build/Release-iphoneos/Dream\ Again.build/Dream\ Again-project-headers.hmap -Xcc -I/Users/shiv/Projects/iphone/Dream\ Again/DerivedData/Build/Products/Release-iphoneos/include -Xcc -I/Users/shiv/Projects/iphone/Dream\ Again/DerivedData/Build/Intermediates.noindex/Dream\ Again.build/Release-iphoneos/Dream\ Again.build/DerivedSources-normal/arm64 -Xcc -I/Users/shiv/Projects/iphone/Dream\ Again/DerivedData/Build/Intermediates.noindex/Dream\ Again.build/Release-iphoneos/Dream\ Again.build/DerivedSources/arm64 -Xcc -I/Users/shiv/Projects/iphone/Dream\ Again/DerivedData/Build/Intermediates.noindex/Dream\ Again.build/Release-iphoneos/Dream\ Again.build/DerivedSources -emit-objc-header -emit-objc-header-path /Users/shiv/Projects/iphone/Dream\ Again/DerivedData/Build/Intermediates.noindex/Dream\ Again.build/Release-iphoneos/Dream\ Again.build/Objects-normal/arm64/DreamAgain-Swift.h -working-directory /Users/shiv/Projects/iphone/Dream\ Again -no-emit-module-separately-wmo

LinkAssetCatalog /Users/shiv/Projects/iphone/Dream\ Again/Dream\ Again/Assets.xcassets (in target 'Dream Again' from project 'Dream Again')
    cd /Users/shiv/Projects/iphone/Dream\ Again
    builtin-linkAssetCatalog --thinned /Users/shiv/Projects/iphone/Dream\ Again/DerivedData/Build/Intermediates.noindex/Dream\ Again.build/Release-iphoneos/Dream\ Again.build/assetcatalog_output/thinned --thinned-dependencies /Users/shiv/Projects/iphone/Dream\ Again/DerivedData/Build/Intermediates.noindex/Dream\ Again.build/Release-iphoneos/Dream\ Again.build/assetcatalog_dependencies_thinned --thinned-info-plist-content /Users/shiv/Projects/iphone/Dream\ Again/DerivedData/Build/Intermediates.noindex/Dream\ Again.build/Release-iphoneos/Dream\ Again.build/assetcatalog_generated_info.plist_thinned --unthinned /Users/shiv/Projects/iphone/Dream\ Again/DerivedData/Build/Intermediates.noindex/Dream\ Again.build/Release-iphoneos/Dream\ Again.build/assetcatalog_output/unthinned --unthinned-dependencies /Users/shiv/Projects/iphone/Dream\ Again/DerivedData/Build/Intermediates.noindex/Dream\ Again.build/Release-iphoneos/Dream\ Again.build/assetcatalog_dependencies_unthinned --unthinned-info-plist-content /Users/shiv/Projects/iphone/Dream\ Again/DerivedData/Build/Intermediates.noindex/Dream\ Again.build/Release-iphoneos/Dream\ Again.build/assetcatalog_generated_info.plist_unthinned --output /Users/shiv/Projects/iphone/Dream\ Again/DerivedData/Build/Products/Release-iphoneos/Dream\ Again.app --plist-output /Users/shiv/Projects/iphone/Dream\ Again/DerivedData/Build/Intermediates.noindex/Dream\ Again.build/Release-iphoneos/Dream\ Again.build/assetcatalog_generated_info.plist

ProcessInfoPlistFile /Users/shiv/Projects/iphone/Dream\ Again/DerivedData/Build/Products/Release-iphoneos/Dream\ Again.app/Info.plist /Users/shiv/Projects/iphone/Dream\ Again/Configuration/Info.plist (in target 'Dream Again' from project 'Dream Again')
    cd /Users/shiv/Projects/iphone/Dream\ Again
    builtin-infoPlistUtility /Users/shiv/Projects/iphone/Dream\ Again/Configuration/Info.plist -producttype com.apple.product-type.application -genpkginfo /Users/shiv/Projects/iphone/Dream\ Again/DerivedData/Build/Products/Release-iphoneos/Dream\ Again.app/PkgInfo -expandbuildsettings -format binary -platform iphoneos -additionalcontentfile /Users/shiv/Projects/iphone/Dream\ Again/DerivedData/Build/Intermediates.noindex/Dream\ Again.build/Release-iphoneos/Dream\ Again.build/assetcatalog_generated_info.plist -requiredArchitecture arm64 -o /Users/shiv/Projects/iphone/Dream\ Again/DerivedData/Build/Products/Release-iphoneos/Dream\ Again.app/Info.plist
warning: The application supports opening files, but doesn't declare whether it supports opening them in place. You can add an LSSupportsOpeningDocumentsInPlace entry or an UISupportsDocumentBrowser entry to your Info.plist to declare support. (in target 'Dream Again' from project 'Dream Again')

SwiftDriver\ Compilation Dream\ Again normal arm64 com.apple.xcode.tools.swift.compiler (in target 'Dream Again' from project 'Dream Again')
    cd /Users/shiv/Projects/iphone/Dream\ Again
    builtin-Swift-Compilation -- /Applications/Xcode.app/Contents/Developer/Toolchains/XcodeDefault.xctoolchain/usr/bin/swiftc -module-name DreamAgain -O -whole-module-optimization @/Users/shiv/Projects/iphone/Dream\ Again/DerivedData/Build/Intermediates.noindex/Dream\ Again.build/Release-iphoneos/Dream\ Again.build/Objects-normal/arm64/Dream\ Again.SwiftFileList -enable-bare-slash-regex -enable-upcoming-feature DisableOutwardActorInference -enable-upcoming-feature InferSendableFromCaptures -enable-upcoming-feature GlobalActorIsolatedTypesUsability -enable-upcoming-feature MemberImportVisibility -enable-upcoming-feature InferIsolatedConformances -enable-upcoming-feature NonisolatedNonsendingByDefault -enable-experimental-feature DebugDescriptionMacro -sdk /Applications/Xcode.app/Contents/Developer/Platforms/iPhoneOS.platform/Developer/SDKs/iPhoneOS26.5.sdk -target arm64-apple-ios18.0 -g -module-cache-path /Users/shiv/Projects/iphone/Dream\ Again/DerivedData/ModuleCache.noindex -Xfrontend -serialize-debugging-options -swift-version 5 -I /Users/shiv/Projects/iphone/Dream\ Again/DerivedData/Build/Products/Release-iphoneos -F /Users/shiv/Projects/iphone/Dream\ Again/DerivedData/Build/Products/Release-iphoneos -emit-localized-strings -emit-localized-strings-path /Users/shiv/Projects/iphone/Dream\ Again/DerivedData/Build/Intermediates.noindex/Dream\ Again.build/Release-iphoneos/Dream\ Again.build/Objects-normal/arm64 -c -num-threads 8 -Xcc -ivfsstatcache -Xcc /Users/shiv/Projects/iphone/Dream\ Again/DerivedData/SDKStatCaches.noindex/iphoneos26.5-23F81a-32daed1954a7d5dd0789fcaf2a9bb78b.sdkstatcache -output-file-map /Users/shiv/Projects/iphone/Dream\ Again/DerivedData/Build/Intermediates.noindex/Dream\ Again.build/Release-iphoneos/Dream\ Again.build/Objects-normal/arm64/Dream\ Again-OutputFileMap.json -use-frontend-parseable-output -save-temps -no-color-diagnostics -explicit-module-build -module-cache-path /Users/shiv/Projects/iphone/Dream\ Again/DerivedData/Build/Intermediates.noindex/SwiftExplicitPrecompiledModules -clang-scanner-module-cache-path /Users/shiv/Projects/iphone/Dream\ Again/DerivedData/ModuleCache.noindex -sdk-module-cache-path /Users/shiv/Projects/iphone/Dream\ Again/DerivedData/ModuleCache.noindex -serialize-diagnostics -emit-dependencies -emit-module -emit-module-path /Users/shiv/Projects/iphone/Dream\ Again/DerivedData/Build/Intermediates.noindex/Dream\ Again.build/Release-iphoneos/Dream\ Again.build/Objects-normal/arm64/DreamAgain.swiftmodule -validate-clang-modules-once -clang-build-session-file /Users/shiv/Projects/iphone/Dream\ Again/DerivedData/ModuleCache.noindex/Session.modulevalidation -Xcc -I/Users/shiv/Projects/iphone/Dream\ Again/DerivedData/Build/Intermediates.noindex/Dream\ Again.build/Release-iphoneos/Dream\ Again.build/swift-overrides.hmap -emit-const-values -Xfrontend -const-gather-protocols-file -Xfrontend /Users/shiv/Projects/iphone/Dream\ Again/DerivedData/Build/Intermediates.noindex/Dream\ Again.build/Release-iphoneos/Dream\ Again.build/Objects-normal/arm64/Dream\ Again_const_extract_protocols.json -Xcc -iquote -Xcc /Users/shiv/Projects/iphone/Dream\ Again/DerivedData/Build/Intermediates.noindex/Dream\ Again.build/Release-iphoneos/Dream\ Again.build/Dream\ Again-generated-files.hmap -Xcc -I/Users/shiv/Projects/iphone/Dream\ Again/DerivedData/Build/Intermediates.noindex/Dream\ Again.build/Release-iphoneos/Dream\ Again.build/Dream\ Again-own-target-headers.hmap -Xcc -I/Users/shiv/Projects/iphone/Dream\ Again/DerivedData/Build/Intermediates.noindex/Dream\ Again.build/Release-iphoneos/Dream\ Again.build/Dream\ Again-all-target-headers.hmap -Xcc -iquote -Xcc /Users/shiv/Projects/iphone/Dream\ Again/DerivedData/Build/Intermediates.noindex/Dream\ Again.build/Release-iphoneos/Dream\ Again.build/Dream\ Again-project-headers.hmap -Xcc -I/Users/shiv/Projects/iphone/Dream\ Again/DerivedData/Build/Products/Release-iphoneos/include -Xcc -I/Users/shiv/Projects/iphone/Dream\ Again/DerivedData/Build/Intermediates.noindex/Dream\ Again.build/Release-iphoneos/Dream\ Again.build/DerivedSources-normal/arm64 -Xcc -I/Users/shiv/Projects/iphone/Dream\ Again/DerivedData/Build/Intermediates.noindex/Dream\ Again.build/Release-iphoneos/Dream\ Again.build/DerivedSources/arm64 -Xcc -I/Users/shiv/Projects/iphone/Dream\ Again/DerivedData/Build/Intermediates.noindex/Dream\ Again.build/Release-iphoneos/Dream\ Again.build/DerivedSources -emit-objc-header -emit-objc-header-path /Users/shiv/Projects/iphone/Dream\ Again/DerivedData/Build/Intermediates.noindex/Dream\ Again.build/Release-iphoneos/Dream\ Again.build/Objects-normal/arm64/DreamAgain-Swift.h -working-directory /Users/shiv/Projects/iphone/Dream\ Again -no-emit-module-separately-wmo

SwiftExplicitDependencyGeneratePcm arm64 /Users/shiv/Projects/iphone/Dream\ Again/DerivedData/ModuleCache.noindex/_Builtin_stdbool-C58FCG99IHUTNJ3EDFH5GXAKW.pcm

SwiftExplicitDependencyGeneratePcm arm64 /Users/shiv/Projects/iphone/Dream\ Again/DerivedData/ModuleCache.noindex/_SwiftConcurrencyShims-EV3NH0SCFIDPU090ZUE1FQ6PJ.pcm

SwiftExplicitDependencyGeneratePcm arm64 /Users/shiv/Projects/iphone/Dream\ Again/DerivedData/ModuleCache.noindex/_StoreKit_SwiftUI-70OLLD04I9S9OOY61VHSD1FZ9.pcm

SwiftExplicitDependencyGeneratePcm arm64 /Users/shiv/Projects/iphone/Dream\ Again/DerivedData/ModuleCache.noindex/_Builtin_stdarg-7IHZWNPM0S3MXB0CT03DA0YHD.pcm

SwiftExplicitDependencyGeneratePcm arm64 /Users/shiv/Projects/iphone/Dream\ Again/DerivedData/ModuleCache.noindex/ptrcheck-6MWPYYSI02JI8QW6PRLEQ9USX.pcm

SwiftExplicitDependencyGeneratePcm arm64 /Users/shiv/Projects/iphone/Dream\ Again/DerivedData/ModuleCache.noindex/_Builtin_stddef-62W8KVL06XF9GO587GZX9KZTS.pcm

SwiftExplicitDependencyGeneratePcm arm64 /Users/shiv/Projects/iphone/Dream\ Again/DerivedData/ModuleCache.noindex/DeveloperToolsSupport-BHT1NX6UG9B3UP03TKHH7GXUN.pcm

SwiftExplicitDependencyGeneratePcm arm64 /Users/shiv/Projects/iphone/Dream\ Again/DerivedData/ModuleCache.noindex/_Builtin_float-599QO90PPAIILLGSFDRRGJWTR.pcm

SwiftExplicitDependencyGeneratePcm arm64 /Users/shiv/Projects/iphone/Dream\ Again/DerivedData/ModuleCache.noindex/SwiftShims-6HTJ7DRXOJ8B1XS3MY1AO3FJ8.pcm

SwiftExplicitDependencyGeneratePcm arm64 /Users/shiv/Projects/iphone/Dream\ Again/DerivedData/ModuleCache.noindex/_AvailabilityInternal-9Q4L5H0ZPRRNO6FUGJB9GXHBX.pcm

SwiftExplicitDependencyGeneratePcm arm64 /Users/shiv/Projects/iphone/Dream\ Again/DerivedData/ModuleCache.noindex/ptrauth-AWIDEYXKG9FOYV8R8JGQC3A80.pcm

SwiftExplicitDependencyGeneratePcm arm64 /Users/shiv/Projects/iphone/Dream\ Again/DerivedData/ModuleCache.noindex/GroupActivities-BDIW9SDR2V26QA2M69WDVTRMF.pcm

SwiftExplicitDependencyGeneratePcm arm64 /Users/shiv/Projects/iphone/Dream\ Again/DerivedData/ModuleCache.noindex/_DarwinFoundation1-A8GUNLXDX5F5GSLQ9OP83TQGQ.pcm

SwiftExplicitDependencyGeneratePcm arm64 /Users/shiv/Projects/iphone/Dream\ Again/DerivedData/ModuleCache.noindex/ExtensionFoundation-9V5HXH0A4DO93NX670U25I7WJ.pcm

SwiftExplicitDependencyGeneratePcm arm64 /Users/shiv/Projects/iphone/Dream\ Again/DerivedData/ModuleCache.noindex/_Builtin_limits-9B0MWZD5PHWG2TYZL9PKRNXH6.pcm

SwiftExplicitDependencyGeneratePcm arm64 /Users/shiv/Projects/iphone/Dream\ Again/DerivedData/ModuleCache.noindex/_DarwinFoundation2-62SV2I6U4RTRTUZ5K0L979X0Q.pcm

SwiftExplicitDependencyGeneratePcm arm64 /Users/shiv/Projects/iphone/Dream\ Again/DerivedData/ModuleCache.noindex/_Builtin_tgmath-2KDV21THBWFD0JBBVIR1BMTQ8.pcm

SwiftExplicitDependencyGeneratePcm arm64 /Users/shiv/Projects/iphone/Dream\ Again/DerivedData/ModuleCache.noindex/sys_types-AKM4KG8FUKEOTLU8DWVGC674Y.pcm

SwiftExplicitDependencyGeneratePcm arm64 /Users/shiv/Projects/iphone/Dream\ Again/DerivedData/ModuleCache.noindex/_Builtin_stdint-6O1HQ4K500A62282RJF7F6RCD.pcm

SwiftExplicitDependencyGeneratePcm arm64 /Users/shiv/Projects/iphone/Dream\ Again/DerivedData/ModuleCache.noindex/_DarwinFoundation3-DMQLX5W437G13OALOTDB8RGQH.pcm

SwiftExplicitDependencyGeneratePcm arm64 /Users/shiv/Projects/iphone/Dream\ Again/DerivedData/ModuleCache.noindex/_Builtin_intrinsics-8EQIZ0NDN8YQ5TIR2L7BRN5N7.pcm

SwiftExplicitDependencyGeneratePcm arm64 /Users/shiv/Projects/iphone/Dream\ Again/DerivedData/ModuleCache.noindex/_Builtin_stdatomic-6GIKO6P5K99Z5TSV2XD101CX2.pcm

SwiftExplicitDependencyGeneratePcm arm64 /Users/shiv/Projects/iphone/Dream\ Again/DerivedData/ModuleCache.noindex/_Builtin_inttypes-AJRZ0J7RRWHSIR3FBGQE68DRQ.pcm

SwiftExplicitDependencyGeneratePcm arm64 /Users/shiv/Projects/iphone/Dream\ Again/DerivedData/ModuleCache.noindex/Darwin-44HS1FJFK6HNAKIXVLF4CVQ9R.pcm

SwiftExplicitDependencyGeneratePcm arm64 /Users/shiv/Projects/iphone/Dream\ Again/DerivedData/ModuleCache.noindex/simd-ARL86RISXR8XGEQYEGQ7STW22.pcm

SwiftExplicitDependencyGeneratePcm arm64 /Users/shiv/Projects/iphone/Dream\ Again/DerivedData/ModuleCache.noindex/ObjectiveC-E1FQU6TDF5A9902X1PX468HGO.pcm

SwiftExplicitDependencyGeneratePcm arm64 /Users/shiv/Projects/iphone/Dream\ Again/DerivedData/ModuleCache.noindex/MachO-BXRZVN47APQJDM3QL25MNO2IB.pcm

SwiftExplicitDependencyGeneratePcm arm64 /Users/shiv/Projects/iphone/Dream\ Again/DerivedData/ModuleCache.noindex/os_object-EGA048JQX116D5LAPMXZOMCJU.pcm

SwiftExplicitDependencyGeneratePcm arm64 /Users/shiv/Projects/iphone/Dream\ Again/DerivedData/ModuleCache.noindex/os_workgroup-6ASM7AE73ZH6QEWPCFFXFG3MB.pcm

SwiftExplicitDependencyGeneratePcm arm64 /Users/shiv/Projects/iphone/Dream\ Again/DerivedData/ModuleCache.noindex/Dispatch-5EP08R1XW1I62M9YL8GRIWR20.pcm

SwiftExplicitDependencyGeneratePcm arm64 /Users/shiv/Projects/iphone/Dream\ Again/DerivedData/ModuleCache.noindex/Spatial-7Z2LLM8YCYCNX3YTHL3EAK2AU.pcm

SwiftExplicitDependencyGeneratePcm arm64 /Users/shiv/Projects/iphone/Dream\ Again/DerivedData/ModuleCache.noindex/dnssd-5NBC41PF7GLKAD3044F03SU9T.pcm

SwiftExplicitDependencyGeneratePcm arm64 /Users/shiv/Projects/iphone/Dream\ Again/DerivedData/ModuleCache.noindex/XPC-3EMUJWRYX4T8LUEVS1KM14B8B.pcm

SwiftExplicitDependencyGeneratePcm arm64 /Users/shiv/Projects/iphone/Dream\ Again/DerivedData/ModuleCache.noindex/CoreFoundation-B659FKAM1YWNKSSCR3LNOXTCE.pcm

SwiftExplicitDependencyGeneratePcm arm64 /Users/shiv/Projects/iphone/Dream\ Again/DerivedData/ModuleCache.noindex/os-DXJ4VZPI5P5233MOSESZCNHG9.pcm

SwiftExplicitDependencyGeneratePcm arm64 /Users/shiv/Projects/iphone/Dream\ Again/DerivedData/ModuleCache.noindex/CFNetwork-8WS4UOVAMSC65C9RG54FLD95H.pcm

SwiftExplicitDependencyGeneratePcm arm64 /Users/shiv/Projects/iphone/Dream\ Again/DerivedData/ModuleCache.noindex/CoreAudioTypes-EGVMYW1D95MVQ1Q0YC7DW3WWX.pcm

SwiftExplicitDependencyGeneratePcm arm64 /Users/shiv/Projects/iphone/Dream\ Again/DerivedData/ModuleCache.noindex/Security-UOADU837HODW4W8YZFMB8M2H.pcm

SwiftExplicitDependencyGeneratePcm arm64 /Users/shiv/Projects/iphone/Dream\ Again/DerivedData/ModuleCache.noindex/CoreGraphics-9XAVHDN84L9FWJKB2GPKI3PC3.pcm

SwiftExplicitDependencyGeneratePcm arm64 /Users/shiv/Projects/iphone/Dream\ Again/DerivedData/ModuleCache.noindex/CoreServices-2DOSS6AUFISGUAIHYK4OXDLRU.pcm

SwiftExplicitDependencyGeneratePcm arm64 /Users/shiv/Projects/iphone/Dream\ Again/DerivedData/ModuleCache.noindex/CoreAudio-DKAR275HCW2NKV36D9URJTLL6.pcm

SwiftExplicitDependencyGeneratePcm arm64 /Users/shiv/Projects/iphone/Dream\ Again/DerivedData/ModuleCache.noindex/Foundation-2WFGJFEWAHHCRXPT3Y5DAH73U.pcm

SwiftExplicitDependencyGeneratePcm arm64 /Users/shiv/Projects/iphone/Dream\ Again/DerivedData/ModuleCache.noindex/ImageIO-4669M3YXRIUIRMBF0NDNIVNLT.pcm

SwiftExplicitDependencyGeneratePcm arm64 /Users/shiv/Projects/iphone/Dream\ Again/DerivedData/ModuleCache.noindex/CoreText-CROFD6HRVJSBXXHD7S116QS55.pcm

SwiftExplicitDependencyGeneratePcm arm64 /Users/shiv/Projects/iphone/Dream\ Again/DerivedData/ModuleCache.noindex/Accessibility-9J1QCTM3T4PLSYJSYJVGDJ143.pcm

SwiftExplicitDependencyGeneratePcm arm64 /Users/shiv/Projects/iphone/Dream\ Again/DerivedData/ModuleCache.noindex/CoreHaptics-9158X05TMZA960CRQQSFAX0WR.pcm

SwiftExplicitDependencyGeneratePcm arm64 /Users/shiv/Projects/iphone/Dream\ Again/DerivedData/ModuleCache.noindex/BackgroundAssets-OUM7OWQVMGZIP5O28X7BRY2R.pcm

SwiftExplicitDependencyGeneratePcm arm64 /Users/shiv/Projects/iphone/Dream\ Again/DerivedData/ModuleCache.noindex/UniformTypeIdentifiers-7JQGBWLK09NAKWATB074ZXDRF.pcm

SwiftExplicitDependencyGeneratePcm arm64 /Users/shiv/Projects/iphone/Dream\ Again/DerivedData/ModuleCache.noindex/OSLog-DLP85FYLTW9F7QYS7ZETT62RF.pcm

SwiftExplicitDependencyGeneratePcm arm64 /Users/shiv/Projects/iphone/Dream\ Again/DerivedData/ModuleCache.noindex/Symbols-DWXV08ZQLQF633LT6JYUTGQA0.pcm

SwiftExplicitDependencyGeneratePcm arm64 /Users/shiv/Projects/iphone/Dream\ Again/DerivedData/ModuleCache.noindex/UIUtilities-DVMZCFQQ456AJ8WOPU0MAYFQW.pcm

SwiftExplicitDependencyGeneratePcm arm64 /Users/shiv/Projects/iphone/Dream\ Again/DerivedData/ModuleCache.noindex/FileProvider-ET1XSR626I7EA9EJC7Q7WQPY7.pcm

SwiftExplicitDependencyGeneratePcm arm64 /Users/shiv/Projects/iphone/Dream\ Again/DerivedData/ModuleCache.noindex/CoreTransferable-9AN57KFAIW1A526Y10MMKMNVW.pcm

SwiftExplicitDependencyGeneratePcm arm64 /Users/shiv/Projects/iphone/Dream\ Again/DerivedData/ModuleCache.noindex/UserNotifications-U2IHFO7KYU7O8RXHI52KY40S.pcm

SwiftExplicitDependencyGeneratePcm arm64 /Users/shiv/Projects/iphone/Dream\ Again/DerivedData/ModuleCache.noindex/DataDetection-86CE9IWRCLX2HQMOD14UQ432C.pcm

SwiftExplicitDependencyGeneratePcm arm64 /Users/shiv/Projects/iphone/Dream\ Again/DerivedData/ModuleCache.noindex/Contacts-DGDCMAONK04YLAFV7R355U1WB.pcm

SwiftExplicitDependencyGeneratePcm arm64 /Users/shiv/Projects/iphone/Dream\ Again/DerivedData/ModuleCache.noindex/CoreData-9CP2VERPUE0RXJETLRZN91BQ7.pcm

SwiftExplicitDependencyGeneratePcm arm64 /Users/shiv/Projects/iphone/Dream\ Again/DerivedData/ModuleCache.noindex/Network-9EPTONJPRI3P21JE2UNQTJZXJ.pcm

SwiftExplicitDependencyGeneratePcm arm64 /Users/shiv/Projects/iphone/Dream\ Again/DerivedData/ModuleCache.noindex/_LocationEssentials-16QQKGDZBYZYX5SMC2KFGWJHK.pcm

SwiftExplicitDependencyGeneratePcm arm64 /Users/shiv/Projects/iphone/Dream\ Again/DerivedData/ModuleCache.noindex/LocalAuthentication-ZHWAGM380365NIVTKAI9Y0KB.pcm

SwiftExplicitDependencyGeneratePcm arm64 /Users/shiv/Projects/iphone/Dream\ Again/DerivedData/ModuleCache.noindex/IOSurface-81SINYELELYXGMB4AMJ762KNP.pcm

SwiftExplicitDependencyGeneratePcm arm64 /Users/shiv/Projects/iphone/Dream\ Again/DerivedData/ModuleCache.noindex/ModelIO-3WM4AH73XW2VYIU1MDQY9UW3C.pcm

SwiftExplicitDependencyGeneratePcm arm64 /Users/shiv/Projects/iphone/Dream\ Again/DerivedData/ModuleCache.noindex/CoreMIDI-2Z99IBVHRR8M9XNGYDQALCGN6.pcm

SwiftExplicitDependencyGeneratePcm arm64 /Users/shiv/Projects/iphone/Dream\ Again/DerivedData/ModuleCache.noindex/CoreLocation-9493CBPBS5NI3JYQXR2HG42PR.pcm

SwiftExplicitDependencyGeneratePcm arm64 /Users/shiv/Projects/iphone/Dream\ Again/DerivedData/ModuleCache.noindex/AVRouting-C45ELZ4EHPB50PQMXUTIY0C7M.pcm

SwiftExplicitDependencyGeneratePcm arm64 /Users/shiv/Projects/iphone/Dream\ Again/DerivedData/ModuleCache.noindex/OpenGLES-2CYR73DACY9KLHYFC7CWDZ8Q1.pcm

SwiftExplicitDependencyGeneratePcm arm64 /Users/shiv/Projects/iphone/Dream\ Again/DerivedData/ModuleCache.noindex/Metal-C312S9UPUATQ26I4SWIP9IPOT.pcm

SwiftExplicitDependencyGeneratePcm arm64 /Users/shiv/Projects/iphone/Dream\ Again/DerivedData/ModuleCache.noindex/AudioToolbox-6TD36IFACRRA5EXB4H2NFDGKV.pcm

SwiftExplicitDependencyGeneratePcm arm64 /Users/shiv/Projects/iphone/Dream\ Again/DerivedData/ModuleCache.noindex/CoreMotion-73Q52URCIS2MXQ4XJCTKVY968.pcm

SwiftExplicitDependencyGeneratePcm arm64 /Users/shiv/Projects/iphone/Dream\ Again/DerivedData/ModuleCache.noindex/CloudKit-9SJZG29MXJT51HDKBKDZ5G6TO.pcm

SwiftExplicitDependencyGeneratePcm arm64 /Users/shiv/Projects/iphone/Dream\ Again/DerivedData/ModuleCache.noindex/CoreVideo-5W5RPA7JK4KS7RKIE4A9N0MJF.pcm

SwiftExplicitDependencyGeneratePcm arm64 /Users/shiv/Projects/iphone/Dream\ Again/DerivedData/ModuleCache.noindex/CoreML-8B3BGVN8JVZJXI8JDLTBPKJ4Z.pcm

SwiftExplicitDependencyGeneratePcm arm64 /Users/shiv/Projects/iphone/Dream\ Again/DerivedData/ModuleCache.noindex/CoreImage-89PI9LKMML740QBKSAXU5GQH2.pcm

SwiftExplicitDependencyGeneratePcm arm64 /Users/shiv/Projects/iphone/Dream\ Again/DerivedData/ModuleCache.noindex/QuartzCore-3KNBUAQE6W1JP657YC1Y6WXSL.pcm

SwiftExplicitDependencyGeneratePcm arm64 /Users/shiv/Projects/iphone/Dream\ Again/DerivedData/ModuleCache.noindex/CoreMedia-C3JSO5H2FS3D6UNDV6R0ZT2QA.pcm

SwiftExplicitDependencyGeneratePcm arm64 /Users/shiv/Projects/iphone/Dream\ Again/DerivedData/ModuleCache.noindex/Accelerate-CO8F8YSHY0S358YJR8MYBCUML.pcm

SwiftExplicitDependencyGeneratePcm arm64 /Users/shiv/Projects/iphone/Dream\ Again/DerivedData/ModuleCache.noindex/SwiftUICore-4X3KZDMB57UFFQ9UNHW1QCB3M.pcm

SwiftExplicitDependencyGeneratePcm arm64 /Users/shiv/Projects/iphone/Dream\ Again/DerivedData/ModuleCache.noindex/UIKit-BY8E6IWW3F76JQFMFKWC9CV1J.pcm

SwiftExplicitDependencyGeneratePcm arm64 /Users/shiv/Projects/iphone/Dream\ Again/DerivedData/ModuleCache.noindex/Vision-7M7ZCZPP903ASI5YG2L5PT16A.pcm

SwiftExplicitDependencyGeneratePcm arm64 /Users/shiv/Projects/iphone/Dream\ Again/DerivedData/ModuleCache.noindex/MediaToolbox-1GVPNU7ZNWGXZ7KCB4CO8VJAE.pcm

SwiftExplicitDependencyGeneratePcm arm64 /Users/shiv/Projects/iphone/Dream\ Again/DerivedData/ModuleCache.noindex/AVFAudio-7XO683IXEXNKGKLI9KX4ZK5O9.pcm

SwiftExplicitDependencyGeneratePcm arm64 /Users/shiv/Projects/iphone/Dream\ Again/DerivedData/ModuleCache.noindex/AVFoundation-1LLMSQWG9YGXPYNSZMD53AW15.pcm

SwiftExplicitDependencyGeneratePcm arm64 /Users/shiv/Projects/iphone/Dream\ Again/DerivedData/ModuleCache.noindex/ReplayKit-E089LKEBZXNDHRHO6L2CW62BB.pcm

SwiftExplicitDependencyGeneratePcm arm64 /Users/shiv/Projects/iphone/Dream\ Again/DerivedData/ModuleCache.noindex/StoreKit-42NJQKFU45QORZYW9ZVGRXPC1.pcm

SwiftExplicitDependencyGeneratePcm arm64 /Users/shiv/Projects/iphone/Dream\ Again/DerivedData/ModuleCache.noindex/GameController-DD7X4OSEHSSPAIGOJGTD6M67.pcm

SwiftExplicitDependencyGeneratePcm arm64 /Users/shiv/Projects/iphone/Dream\ Again/DerivedData/ModuleCache.noindex/MultipeerConnectivity-KZ5PT0634VB4H46C420S15DS.pcm

SwiftExplicitDependencyGeneratePcm arm64 /Users/shiv/Projects/iphone/Dream\ Again/DerivedData/ModuleCache.noindex/MetalKit-4UJOYZXKW44I261SHOCM1L6GF.pcm

SwiftExplicitDependencyGeneratePcm arm64 /Users/shiv/Projects/iphone/Dream\ Again/DerivedData/ModuleCache.noindex/GLKit-7SWWXJTGLL5BXTO2J4U8ENWHC.pcm

SwiftExplicitDependencyGeneratePcm arm64 /Users/shiv/Projects/iphone/Dream\ Again/DerivedData/ModuleCache.noindex/SwiftUI-3OFVFVGZHT3G6XBNRCFRAFUZA.pcm

SwiftExplicitDependencyGeneratePcm arm64 /Users/shiv/Projects/iphone/Dream\ Again/DerivedData/ModuleCache.noindex/SceneKit-1HN1TYKV0PVLM7ODY6N5YPVSP.pcm

SwiftExplicitDependencyGeneratePcm arm64 /Users/shiv/Projects/iphone/Dream\ Again/DerivedData/ModuleCache.noindex/SpriteKit-AH333WCK36U2CQMAXZTB1WIUB.pcm

SwiftExplicitDependencyGeneratePcm arm64 /Users/shiv/Projects/iphone/Dream\ Again/DerivedData/ModuleCache.noindex/GameplayKit-BS1F62D9061H9MGM1KDDXFTZH.pcm

SwiftExplicitDependencyGeneratePcm arm64 /Users/shiv/Projects/iphone/Dream\ Again/DerivedData/ModuleCache.noindex/ARKit-E0UU2X8YPFK91FLK24EXS1OD0.pcm

SwiftExplicitDependencyGeneratePcm arm64 /Users/shiv/Projects/iphone/Dream\ Again/DerivedData/ModuleCache.noindex/GameKit-DPIIF4C4K4IQI365QA6LW3LT2.pcm

SwiftCompile normal arm64 Compiling\ Certification.swift,\ Determinism.swift,\ Persistence.swift,\ Rules.swift,\ Simulation.swift,\ World.swift,\ DreamRenderer.swift,\ Geometry.swift,\ Commerce.swift,\ DeviceServices.swift,\ GameModel.swift,\ OptionalGoogleAds.swift,\ PlatformIntegrations.swift,\ ContentView.swift,\ Dream_AgainApp.swift,\ GeneratedAssetSymbols.swift /Users/shiv/Projects/iphone/Dream\ Again/Dream\ Again/Core/Certification.swift /Users/shiv/Projects/iphone/Dream\ Again/Dream\ Again/Core/Determinism.swift /Users/shiv/Projects/iphone/Dream\ Again/Dream\ Again/Core/Persistence.swift /Users/shiv/Projects/iphone/Dream\ Again/Dream\ Again/Core/Rules.swift /Users/shiv/Projects/iphone/Dream\ Again/Dream\ Again/Core/Simulation.swift /Users/shiv/Projects/iphone/Dream\ Again/Dream\ Again/Core/World.swift /Users/shiv/Projects/iphone/Dream\ Again/Dream\ Again/Rendering/DreamRenderer.swift /Users/shiv/Projects/iphone/Dream\ Again/Dream\ Again/Rendering/Geometry.swift /Users/shiv/Projects/iphone/Dream\ Again/Dream\ Again/Services/Commerce.swift /Users/shiv/Projects/iphone/Dream\ Again/Dream\ Again/Services/DeviceServices.swift /Users/shiv/Projects/iphone/Dream\ Again/Dream\ Again/Services/GameModel.swift /Users/shiv/Projects/iphone/Dream\ Again/Dream\ Again/Services/OptionalGoogleAds.swift /Users/shiv/Projects/iphone/Dream\ Again/Dream\ Again/Services/PlatformIntegrations.swift /Users/shiv/Projects/iphone/Dream\ Again/Dream\ Again/ContentView.swift /Users/shiv/Projects/iphone/Dream\ Again/Dream\ Again/Dream_AgainApp.swift /Users/shiv/Projects/iphone/Dream\ Again/DerivedData/Build/Intermediates.noindex/Dream\ Again.build/Release-iphoneos/Dream\ Again.build/DerivedSources/GeneratedAssetSymbols.swift /Applications/Xcode.app/Contents/Developer/Toolchains/XcodeDefault.xctoolchain/usr/lib/swift/iphoneos/prebuilt-modules/26.5/GameplayKit.swiftmodule/arm64e-apple-ios.swiftmodule /Applications/Xcode.app/Contents/Developer/Toolchains/XcodeDefault.xctoolchain/usr/lib/swift/iphoneos/prebuilt-modules/26.5/AudioToolbox.swiftmodule/arm64e-apple-ios.swiftmodule /Applications/Xcode.app/Contents/Developer/Toolchains/XcodeDefault.xctoolchain/usr/lib/swift/iphoneos/prebuilt-modules/26.5/ObjectiveC.swiftmodule/arm64e-apple-ios.swiftmodule /Applications/Xcode.app/Contents/Developer/Toolchains/XcodeDefault.xctoolchain/usr/lib/swift/iphoneos/prebuilt-modules/26.5/_Builtin_float.swiftmodule/arm64e-apple-ios.swiftmodule /Applications/Xcode.app/Contents/Developer/Toolchains/XcodeDefault.xctoolchain/usr/lib/swift/iphoneos/prebuilt-modules/26.5/CoreText.swiftmodule/arm64e-apple-ios.swiftmodule /Applications/Xcode.app/Contents/Developer/Toolchains/XcodeDefault.xctoolchain/usr/lib/swift/iphoneos/prebuilt-modules/26.5/_RealityKit_SwiftUI.swiftmodule/arm64e-apple-ios.swiftmodule /Applications/Xcode.app/Contents/Developer/Toolchains/XcodeDefault.xctoolchain/usr/lib/swift/iphoneos/prebuilt-modules/26.5/_DarwinFoundation2.swiftmodule/arm64e-apple-ios.swiftmodule /Applications/Xcode.app/Contents/Developer/Toolchains/XcodeDefault.xctoolchain/usr/lib/swift/iphoneos/prebuilt-modules/26.5/CoreFoundation.swiftmodule/arm64e-apple-ios.swiftmodule /Applications/Xcode.app/Contents/Developer/Toolchains/XcodeDefault.xctoolchain/usr/lib/swift/iphoneos/prebuilt-modules/26.5/_StringProcessing.swiftmodule/arm64e-apple-ios.swiftmodule /Applications/Xcode.app/Contents/Developer/Toolchains/XcodeDefault.xctoolchain/usr/lib/swift/iphoneos/prebuilt-modules/26.5/Symbols.swiftmodule/arm64e-apple-ios.swiftmodule /Applications/Xcode.app/Contents/Developer/Toolchains/XcodeDefault.xctoolchain/usr/lib/swift/iphoneos/prebuilt-modules/26.5/LightweightCodeRequirements.swiftmodule/arm64e-apple-ios.swiftmodule /Applications/Xcode.app/Contents/Developer/Toolchains/XcodeDefault.xctoolchain/usr/lib/swift/iphoneos/prebuilt-modules/26.5/_StoreKit_SwiftUI.swiftmodule/arm64e-apple-ios.swiftmodule /Applications/Xcode.app/Contents/Developer/Toolchains/XcodeDefault.xctoolchain/usr/lib/swift/iphoneos/prebuilt-modules/26.5/SpriteKit.swiftmodule/arm64e-apple-ios.swiftmodule /Applications/Xcode.app/Contents/Developer/Toolchains/XcodeDefault.xctoolchain/usr/lib/swift/iphoneos/prebuilt-modules/26.5/Foundation.swiftmodule/arm64e-apple-ios.swiftmodule /Applications/Xcode.app/Contents/Developer/Toolchains/XcodeDefault.xctoolchain/usr/lib/swift/iphoneos/prebuilt-modules/26.5/GroupActivities.swiftmodule/arm64e-apple-ios.swiftmodule /Applications/Xcode.app/Contents/Developer/Toolchains/XcodeDefault.xctoolchain/usr/lib/swift/iphoneos/prebuilt-modules/26.5/SwiftUI.swiftmodule/arm64e-apple-ios.swiftmodule /Applications/Xcode.app/Contents/Developer/Toolchains/XcodeDefault.xctoolchain/usr/lib/swift/iphoneos/prebuilt-modules/26.5/Synchronization.swiftmodule/arm64e-apple-ios.swiftmodule /Applications/Xcode.app/Contents/Developer/Toolchains/XcodeDefault.xctoolchain/usr/lib/swift/iphoneos/prebuilt-modules/26.5/GameController.swiftmodule/arm64e-apple-ios.swiftmodule /Applications/Xcode.app/Contents/Developer/Toolchains/XcodeDefault.xctoolchain/usr/lib/swift/iphoneos/prebuilt-modules/26.5/Swift.swiftmodule/arm64e-apple-ios.swiftmodule /Applications/Xcode.app/Contents/Developer/Toolchains/XcodeDefault.xctoolchain/usr/lib/swift/iphoneos/prebuilt-modules/26.5/UniformTypeIdentifiers.swiftmodule/arm64e-apple-ios.swiftmodule /Applications/Xcode.app/Contents/Developer/Toolchains/XcodeDefault.xctoolchain/usr/lib/swift/iphoneos/prebuilt-modules/26.5/Network.swiftmodule/arm64e-apple-ios.swiftmodule /Applications/Xcode.app/Contents/Developer/Toolchains/XcodeDefault.xctoolchain/usr/lib/swift/iphoneos/prebuilt-modules/26.5/OSLog.swiftmodule/arm64e-apple-ios.swiftmodule /Applications/Xcode.app/Contents/Developer/Toolchains/XcodeDefault.xctoolchain/usr/lib/swift/iphoneos/prebuilt-modules/26.5/Darwin.swiftmodule/arm64e-apple-ios.swiftmodule /Applications/Xcode.app/Contents/Developer/Toolchains/XcodeDefault.xctoolchain/usr/lib/swift/iphoneos/prebuilt-modules/26.5/Dispatch.swiftmodule/arm64e-apple-ios.swiftmodule /Applications/Xcode.app/Contents/Developer/Toolchains/XcodeDefault.xctoolchain/usr/lib/swift/iphoneos/prebuilt-modules/26.5/SceneKit.swiftmodule/arm64e-apple-ios.swiftmodule /Applications/Xcode.app/Contents/Developer/Toolchains/XcodeDefault.xctoolchain/usr/lib/swift/iphoneos/prebuilt-modules/26.5/DataDetection.swiftmodule/arm64e-apple-ios.swiftmodule /Applications/Xcode.app/Contents/Developer/Toolchains/XcodeDefault.xctoolchain/usr/lib/swift/iphoneos/prebuilt-modules/26.5/Accessibility.swiftmodule/arm64e-apple-ios.swiftmodule /Applications/Xcode.app/Contents/Developer/Toolchains/XcodeDefault.xctoolchain/usr/lib/swift/iphoneos/prebuilt-modules/26.5/CoreMedia.swiftmodule/arm64e-apple-ios.swiftmodule /Applications/Xcode.app/Contents/Developer/Toolchains/XcodeDefault.xctoolchain/usr/lib/swift/iphoneos/prebuilt-modules/26.5/SwiftUICore.swiftmodule/arm64e-apple-ios.swiftmodule /Applications/Xcode.app/Contents/Developer/Toolchains/XcodeDefault.xctoolchain/usr/lib/swift/iphoneos/prebuilt-modules/26.5/MetalKit.swiftmodule/arm64e-apple-ios.swiftmodule /Applications/Xcode.app/Contents/Developer/Toolchains/XcodeDefault.xctoolchain/usr/lib/swift/iphoneos/prebuilt-modules/26.5/RealityFoundation.swiftmodule/arm64e-apple-ios.swiftmodule /Applications/Xcode.app/Contents/Developer/Toolchains/XcodeDefault.xctoolchain/usr/lib/swift/iphoneos/prebuilt-modules/26.5/Contacts.swiftmodule/arm64e-apple-ios.swiftmodule /Applications/Xcode.app/Contents/Developer/Toolchains/XcodeDefault.xctoolchain/usr/lib/swift/iphoneos/prebuilt-modules/26.5/GLKit.swiftmodule/arm64e-apple-ios.swiftmodule /Applications/Xcode.app/Contents/Developer/Toolchains/XcodeDefault.xctoolchain/usr/lib/swift/iphoneos/prebuilt-modules/26.5/CoreData.swiftmodule/arm64e-apple-ios.swiftmodule /Applications/Xcode.app/Contents/Developer/Toolchains/XcodeDefault.xctoolchain/usr/lib/swift/iphoneos/prebuilt-modules/26.5/_DarwinFoundation1.swiftmodule/arm64e-apple-ios.swiftmodule /Applications/Xcode.app/Contents/Developer/Toolchains/XcodeDefault.xctoolchain/usr/lib/swift/iphoneos/prebuilt-modules/26.5/CoreLocation.swiftmodule/arm64e-apple-ios.swiftmodule /Applications/Xcode.app/Contents/Developer/Toolchains/XcodeDefault.xctoolchain/usr/lib/swift/iphoneos/prebuilt-modules/26.5/Distributed.swiftmodule/arm64e-apple-ios.swiftmodule /Applications/Xcode.app/Contents/Developer/Toolchains/XcodeDefault.xctoolchain/usr/lib/swift/iphoneos/prebuilt-modules/26.5/RealityKit.swiftmodule/arm64e-apple-ios.swiftmodule /Applications/Xcode.app/Contents/Developer/Toolchains/XcodeDefault.xctoolchain/usr/lib/swift/iphoneos/prebuilt-modules/26.5/StoreKit.swiftmodule/arm64e-apple-ios.swiftmodule /Applications/Xcode.app/Contents/Developer/Toolchains/XcodeDefault.xctoolchain/usr/lib/swift/iphoneos/prebuilt-modules/26.5/CoreImage.swiftmodule/arm64e-apple-ios.swiftmodule /Applications/Xcode.app/Contents/Developer/Toolchains/XcodeDefault.xctoolchain/usr/lib/swift/iphoneos/prebuilt-modules/26.5/LocalAuthentication.swiftmodule/arm64e-apple-ios.swiftmodule /Applications/Xcode.app/Contents/Developer/Toolchains/XcodeDefault.xctoolchain/usr/lib/swift/iphoneos/prebuilt-modules/26.5/ModelIO.swiftmodule/arm64e-apple-ios.swiftmodule /Applications/Xcode.app/Contents/Developer/Toolchains/XcodeDefault.xctoolchain/usr/lib/swift/iphoneos/prebuilt-modules/26.5/_DarwinFoundation3.swiftmodule/arm64e-apple-ios.swiftmodule /Applications/Xcode.app/Contents/Developer/Toolchains/XcodeDefault.xctoolchain/usr/lib/swift/iphoneos/prebuilt-modules/26.5/DeveloperToolsSupport.swiftmodule/arm64e-apple-ios.swiftmodule /Applications/Xcode.app/Contents/Developer/Toolchains/XcodeDefault.xctoolchain/usr/lib/swift/iphoneos/prebuilt-modules/26.5/CoreAudio.swiftmodule/arm64e-apple-ios.swiftmodule /Applications/Xcode.app/Contents/Developer/Toolchains/XcodeDefault.xctoolchain/usr/lib/swift/iphoneos/prebuilt-modules/26.5/AVFAudio.swiftmodule/arm64e-apple-ios.swiftmodule /Applications/Xcode.app/Contents/Developer/Toolchains/XcodeDefault.xctoolchain/usr/lib/swift/iphoneos/prebuilt-modules/26.5/GameKit.swiftmodule/arm64e-apple-ios.swiftmodule /Applications/Xcode.app/Contents/Developer/Toolchains/XcodeDefault.xctoolchain/usr/lib/swift/iphoneos/prebuilt-modules/26.5/simd.swiftmodule/arm64e-apple-ios.swiftmodule /Applications/Xcode.app/Contents/Developer/Toolchains/XcodeDefault.xctoolchain/usr/lib/swift/iphoneos/prebuilt-modules/26.5/os.swiftmodule/arm64e-apple-ios.swiftmodule /Applications/Xcode.app/Contents/Developer/Toolchains/XcodeDefault.xctoolchain/usr/lib/swift/iphoneos/prebuilt-modules/26.5/Accelerate.swiftmodule/arm64e-apple-ios.swiftmodule /Applications/Xcode.app/Contents/Developer/Toolchains/XcodeDefault.xctoolchain/usr/lib/swift/iphoneos/prebuilt-modules/26.5/QuartzCore.swiftmodule/arm64e-apple-ios.swiftmodule /Applications/Xcode.app/Contents/Developer/Toolchains/XcodeDefault.xctoolchain/usr/lib/swift/iphoneos/prebuilt-modules/26.5/CryptoKit.swiftmodule/arm64e-apple-ios.swiftmodule /Applications/Xcode.app/Contents/Developer/Toolchains/XcodeDefault.xctoolchain/usr/lib/swift/iphoneos/prebuilt-modules/26.5/Vision.swiftmodule/arm64e-apple-ios.swiftmodule /Applications/Xcode.app/Contents/Developer/Toolchains/XcodeDefault.xctoolchain/usr/lib/swift/iphoneos/prebuilt-modules/26.5/System.swiftmodule/arm64e-apple-ios.swiftmodule /Applications/Xcode.app/Contents/Developer/Toolchains/XcodeDefault.xctoolchain/usr/lib/swift/iphoneos/prebuilt-modules/26.5/XPC.swiftmodule/arm64e-apple-ios.swiftmodule /Applications/Xcode.app/Contents/Developer/Toolchains/XcodeDefault.xctoolchain/usr/lib/swift/iphoneos/prebuilt-modules/26.5/FileProvider.swiftmodule/arm64e-apple-ios.swiftmodule /Applications/Xcode.app/Contents/Developer/Toolchains/XcodeDefault.xctoolchain/usr/lib/swift/iphoneos/prebuilt-modules/26.5/Spatial.swiftmodule/arm64e-apple-ios.swiftmodule /Applications/Xcode.app/Contents/Developer/Toolchains/XcodeDefault.xctoolchain/usr/lib/swift/iphoneos/prebuilt-modules/26.5/CoreTransferable.swiftmodule/arm64e-apple-ios.swiftmodule /Applications/Xcode.app/Contents/Developer/Toolchains/XcodeDefault.xctoolchain/usr/lib/swift/iphoneos/prebuilt-modules/26.5/ARKit.swiftmodule/arm64e-apple-ios.swiftmodule /Applications/Xcode.app/Contents/Developer/Toolchains/XcodeDefault.xctoolchain/usr/lib/swift/iphoneos/prebuilt-modules/26.5/UIKit.swiftmodule/arm64e-apple-ios.swiftmodule /Applications/Xcode.app/Contents/Developer/Toolchains/XcodeDefault.xctoolchain/usr/lib/swift/iphoneos/prebuilt-modules/26.5/CoreMIDI.swiftmodule/arm64e-apple-ios.swiftmodule /Applications/Xcode.app/Contents/Developer/Toolchains/XcodeDefault.xctoolchain/usr/lib/swift/iphoneos/prebuilt-modules/26.5/_Concurrency.swiftmodule/arm64e-apple-ios.swiftmodule /Applications/Xcode.app/Contents/Developer/Toolchains/XcodeDefault.xctoolchain/usr/lib/swift/iphoneos/prebuilt-modules/26.5/CoreVideo.swiftmodule/arm64e-apple-ios.swiftmodule /Applications/Xcode.app/Contents/Developer/Toolchains/XcodeDefault.xctoolchain/usr/lib/swift/iphoneos/prebuilt-modules/26.5/BackgroundAssets.swiftmodule/arm64e-apple-ios.swiftmodule /Applications/Xcode.app/Contents/Developer/Toolchains/XcodeDefault.xctoolchain/usr/lib/swift/iphoneos/prebuilt-modules/26.5/Metal.swiftmodule/arm64e-apple-ios.swiftmodule /Applications/Xcode.app/Contents/Developer/Toolchains/XcodeDefault.xctoolchain/usr/lib/swift/iphoneos/prebuilt-modules/26.5/CoreGraphics.swiftmodule/arm64e-apple-ios.swiftmodule /Applications/Xcode.app/Contents/Developer/Toolchains/XcodeDefault.xctoolchain/usr/lib/swift/iphoneos/prebuilt-modules/26.5/Combine.swiftmodule/arm64e-apple-ios.swiftmodule /Applications/Xcode.app/Contents/Developer/Toolchains/XcodeDefault.xctoolchain/usr/lib/swift/iphoneos/prebuilt-modules/26.5/CoreMotion.swiftmodule/arm64e-apple-ios.swiftmodule /Applications/Xcode.app/Contents/Developer/Toolchains/XcodeDefault.xctoolchain/usr/lib/swift/iphoneos/prebuilt-modules/26.5/AVFoundation.swiftmodule/arm64e-apple-ios.swiftmodule /Applications/Xcode.app/Contents/Developer/Toolchains/XcodeDefault.xctoolchain/usr/lib/swift/iphoneos/prebuilt-modules/26.5/Observation.swiftmodule/arm64e-apple-ios.swiftmodule /Applications/Xcode.app/Contents/Developer/Toolchains/XcodeDefault.xctoolchain/usr/lib/swift/iphoneos/prebuilt-modules/26.5/CoreML.swiftmodule/arm64e-apple-ios.swiftmodule /Applications/Xcode.app/Contents/Developer/Toolchains/XcodeDefault.xctoolchain/usr/lib/swift/iphoneos/prebuilt-modules/26.5/ExtensionFoundation.swiftmodule/arm64e-apple-ios.swiftmodule /Applications/Xcode.app/Contents/Developer/Toolchains/XcodeDefault.xctoolchain/usr/lib/swift/iphoneos/prebuilt-modules/26.5/CloudKit.swiftmodule/arm64e-apple-ios.swiftmodule /Users/shiv/Projects/iphone/Dream\ Again/DerivedData/ModuleCache.noindex/os_workgroup-6ASM7AE73ZH6QEWPCFFXFG3MB.pcm /Users/shiv/Projects/iphone/Dream\ Again/DerivedData/ModuleCache.noindex/_Builtin_stdbool-C58FCG99IHUTNJ3EDFH5GXAKW.pcm /Users/shiv/Projects/iphone/Dream\ Again/DerivedData/ModuleCache.noindex/CoreFoundation-B659FKAM1YWNKSSCR3LNOXTCE.pcm /Users/shiv/Projects/iphone/Dream\ Again/DerivedData/ModuleCache.noindex/FileProvider-ET1XSR626I7EA9EJC7Q7WQPY7.pcm /Users/shiv/Projects/iphone/Dream\ Again/DerivedData/ModuleCache.noindex/DeveloperToolsSupport-BHT1NX6UG9B3UP03TKHH7GXUN.pcm /Users/shiv/Projects/iphone/Dream\ Again/DerivedData/ModuleCache.noindex/ptrcheck-6MWPYYSI02JI8QW6PRLEQ9USX.pcm /Users/shiv/Projects/iphone/Dream\ Again/DerivedData/ModuleCache.noindex/GameController-DD7X4OSEHSSPAIGOJGTD6M67.pcm /Users/shiv/Projects/iphone/Dream\ Again/DerivedData/ModuleCache.noindex/CoreMotion-73Q52URCIS2MXQ4XJCTKVY968.pcm /Users/shiv/Projects/iphone/Dream\ Again/DerivedData/ModuleCache.noindex/_LocationEssentials-16QQKGDZBYZYX5SMC2KFGWJHK.pcm /Users/shiv/Projects/iphone/Dream\ Again/DerivedData/ModuleCache.noindex/GameplayKit-BS1F62D9061H9MGM1KDDXFTZH.pcm /Users/shiv/Projects/iphone/Dream\ Again/DerivedData/ModuleCache.noindex/Metal-C312S9UPUATQ26I4SWIP9IPOT.pcm /Users/shiv/Projects/iphone/Dream\ Again/DerivedData/ModuleCache.noindex/Vision-7M7ZCZPP903ASI5YG2L5PT16A.pcm /Users/shiv/Projects/iphone/Dream\ Again/DerivedData/ModuleCache.noindex/SpriteKit-AH333WCK36U2CQMAXZTB1WIUB.pcm /Users/shiv/Projects/iphone/Dream\ Again/DerivedData/ModuleCache.noindex/_Builtin_inttypes-AJRZ0J7RRWHSIR3FBGQE68DRQ.pcm /Users/shiv/Projects/iphone/Dream\ Again/DerivedData/ModuleCache.noindex/GLKit-7SWWXJTGLL5BXTO2J4U8ENWHC.pcm /Users/shiv/Projects/iphone/Dream\ Again/DerivedData/ModuleCache.noindex/CoreLocation-9493CBPBS5NI3JYQXR2HG42PR.pcm /Users/shiv/Projects/iphone/Dream\ Again/DerivedData/ModuleCache.noindex/ReplayKit-E089LKEBZXNDHRHO6L2CW62BB.pcm /Users/shiv/Projects/iphone/Dream\ Again/DerivedData/ModuleCache.noindex/CoreAudio-DKAR275HCW2NKV36D9URJTLL6.pcm /Users/shiv/Projects/iphone/Dream\ Again/DerivedData/ModuleCache.noindex/Accessibility-9J1QCTM3T4PLSYJSYJVGDJ143.pcm /Users/shiv/Projects/iphone/Dream\ Again/DerivedData/ModuleCache.noindex/CoreData-9CP2VERPUE0RXJETLRZN91BQ7.pcm /Users/shiv/Projects/iphone/Dream\ Again/DerivedData/ModuleCache.noindex/AVFAudio-7XO683IXEXNKGKLI9KX4ZK5O9.pcm /Users/shiv/Projects/iphone/Dream\ Again/DerivedData/ModuleCache.noindex/IOSurface-81SINYELELYXGMB4AMJ762KNP.pcm /Users/shiv/Projects/iphone/Dream\ Again/DerivedData/ModuleCache.noindex/CoreGraphics-9XAVHDN84L9FWJKB2GPKI3PC3.pcm /Users/shiv/Projects/iphone/Dream\ Again/DerivedData/ModuleCache.noindex/OSLog-DLP85FYLTW9F7QYS7ZETT62RF.pcm /Users/shiv/Projects/iphone/Dream\ Again/DerivedData/ModuleCache.noindex/Spatial-7Z2LLM8YCYCNX3YTHL3EAK2AU.pcm /Users/shiv/Projects/iphone/Dream\ Again/DerivedData/ModuleCache.noindex/UniformTypeIdentifiers-7JQGBWLK09NAKWATB074ZXDRF.pcm /Users/shiv/Projects/iphone/Dream\ Again/DerivedData/ModuleCache.noindex/_Builtin_stddef-62W8KVL06XF9GO587GZX9KZTS.pcm /Users/shiv/Projects/iphone/Dream\ Again/DerivedData/ModuleCache.noindex/BackgroundAssets-OUM7OWQVMGZIP5O28X7BRY2R.pcm /Users/shiv/Projects/iphone/Dream\ Again/DerivedData/ModuleCache.noindex/ModelIO-3WM4AH73XW2VYIU1MDQY9UW3C.pcm /Users/shiv/Projects/iphone/Dream\ Again/DerivedData/ModuleCache.noindex/CoreText-CROFD6HRVJSBXXHD7S116QS55.pcm /Users/shiv/Projects/iphone/Dream\ Again/DerivedData/ModuleCache.noindex/Foundation-2WFGJFEWAHHCRXPT3Y5DAH73U.pcm /Users/shiv/Projects/iphone/Dream\ Again/DerivedData/ModuleCache.noindex/MetalKit-4UJOYZXKW44I261SHOCM1L6GF.pcm /Users/shiv/Projects/iphone/Dream\ Again/DerivedData/ModuleCache.noindex/_DarwinFoundation2-62SV2I6U4RTRTUZ5K0L979X0Q.pcm /Users/shiv/Projects/iphone/Dream\ Again/DerivedData/ModuleCache.noindex/ImageIO-4669M3YXRIUIRMBF0NDNIVNLT.pcm /Users/shiv/Projects/iphone/Dream\ Again/DerivedData/ModuleCache.noindex/_Builtin_stdatomic-6GIKO6P5K99Z5TSV2XD101CX2.pcm /Users/shiv/Projects/iphone/Dream\ Again/DerivedData/ModuleCache.noindex/os-DXJ4VZPI5P5233MOSESZCNHG9.pcm /Users/shiv/Projects/iphone/Dream\ Again/DerivedData/ModuleCache.noindex/ObjectiveC-E1FQU6TDF5A9902X1PX468HGO.pcm /Users/shiv/Projects/iphone/Dream\ Again/DerivedData/ModuleCache.noindex/Contacts-DGDCMAONK04YLAFV7R355U1WB.pcm /Users/shiv/Projects/iphone/Dream\ Again/DerivedData/ModuleCache.noindex/_Builtin_limits-9B0MWZD5PHWG2TYZL9PKRNXH6.pcm /Users/shiv/Projects/iphone/Dream\ Again/DerivedData/ModuleCache.noindex/UIKit-BY8E6IWW3F76JQFMFKWC9CV1J.pcm /Users/shiv/Projects/iphone/Dream\ Again/DerivedData/ModuleCache.noindex/Dispatch-5EP08R1XW1I62M9YL8GRIWR20.pcm /Users/shiv/Projects/iphone/Dream\ Again/DerivedData/ModuleCache.noindex/Network-9EPTONJPRI3P21JE2UNQTJZXJ.pcm /Users/shiv/Projects/iphone/Dream\ Again/DerivedData/ModuleCache.noindex/StoreKit-42NJQKFU45QORZYW9ZVGRXPC1.pcm /Users/shiv/Projects/iphone/Dream\ Again/DerivedData/ModuleCache.noindex/os_object-EGA048JQX116D5LAPMXZOMCJU.pcm /Users/shiv/Projects/iphone/Dream\ Again/DerivedData/ModuleCache.noindex/OpenGLES-2CYR73DACY9KLHYFC7CWDZ8Q1.pcm /Users/shiv/Projects/iphone/Dream\ Again/DerivedData/ModuleCache.noindex/AudioToolbox-6TD36IFACRRA5EXB4H2NFDGKV.pcm /Users/shiv/Projects/iphone/Dream\ Again/DerivedData/ModuleCache.noindex/SwiftShims-6HTJ7DRXOJ8B1XS3MY1AO3FJ8.pcm /Users/shiv/Projects/iphone/Dream\ Again/DerivedData/ModuleCache.noindex/CoreServices-2DOSS6AUFISGUAIHYK4OXDLRU.pcm /Users/shiv/Projects/iphone/Dream\ Again/DerivedData/ModuleCache.noindex/MachO-BXRZVN47APQJDM3QL25MNO2IB.pcm /Users/shiv/Projects/iphone/Dream\ Again/DerivedData/ModuleCache.noindex/_DarwinFoundation1-A8GUNLXDX5F5GSLQ9OP83TQGQ.pcm /Users/shiv/Projects/iphone/Dream\ Again/DerivedData/ModuleCache.noindex/_Builtin_stdint-6O1HQ4K500A62282RJF7F6RCD.pcm /Users/shiv/Projects/iphone/Dream\ Again/DerivedData/ModuleCache.noindex/_Builtin_tgmath-2KDV21THBWFD0JBBVIR1BMTQ8.pcm /Users/shiv/Projects/iphone/Dream\ Again/DerivedData/ModuleCache.noindex/_StoreKit_SwiftUI-70OLLD04I9S9OOY61VHSD1FZ9.pcm /Users/shiv/Projects/iphone/Dream\ Again/DerivedData/ModuleCache.noindex/CoreTransferable-9AN57KFAIW1A526Y10MMKMNVW.pcm /Users/shiv/Projects/iphone/Dream\ Again/DerivedData/ModuleCache.noindex/SwiftUI-3OFVFVGZHT3G6XBNRCFRAFUZA.pcm /Users/shiv/Projects/iphone/Dream\ Again/DerivedData/ModuleCache.noindex/Symbols-DWXV08ZQLQF633LT6JYUTGQA0.pcm /Users/shiv/Projects/iphone/Dream\ Again/DerivedData/ModuleCache.noindex/UIUtilities-DVMZCFQQ456AJ8WOPU0MAYFQW.pcm /Users/shiv/Projects/iphone/Dream\ Again/DerivedData/ModuleCache.noindex/ExtensionFoundation-9V5HXH0A4DO93NX670U25I7WJ.pcm /Users/shiv/Projects/iphone/Dream\ Again/DerivedData/ModuleCache.noindex/XPC-3EMUJWRYX4T8LUEVS1KM14B8B.pcm /Users/shiv/Projects/iphone/Dream\ Again/DerivedData/ModuleCache.noindex/_DarwinFoundation3-DMQLX5W437G13OALOTDB8RGQH.pcm /Users/shiv/Projects/iphone/Dream\ Again/DerivedData/ModuleCache.noindex/UserNotifications-U2IHFO7KYU7O8RXHI52KY40S.pcm /Users/shiv/Projects/iphone/Dream\ Again/DerivedData/ModuleCache.noindex/CoreAudioTypes-EGVMYW1D95MVQ1Q0YC7DW3WWX.pcm /Users/shiv/Projects/iphone/Dream\ Again/DerivedData/ModuleCache.noindex/GameKit-DPIIF4C4K4IQI365QA6LW3LT2.pcm /Users/shiv/Projects/iphone/Dream\ Again/DerivedData/ModuleCache.noindex/MediaToolbox-1GVPNU7ZNWGXZ7KCB4CO8VJAE.pcm /Users/shiv/Projects/iphone/Dream\ Again/DerivedData/ModuleCache.noindex/CoreHaptics-9158X05TMZA960CRQQSFAX0WR.pcm /Users/shiv/Projects/iphone/Dream\ Again/DerivedData/ModuleCache.noindex/_Builtin_float-599QO90PPAIILLGSFDRRGJWTR.pcm /Users/shiv/Projects/iphone/Dream\ Again/DerivedData/ModuleCache.noindex/DataDetection-86CE9IWRCLX2HQMOD14UQ432C.pcm /Users/shiv/Projects/iphone/Dream\ Again/DerivedData/ModuleCache.noindex/CoreVideo-5W5RPA7JK4KS7RKIE4A9N0MJF.pcm /Users/shiv/Projects/iphone/Dream\ Again/DerivedData/ModuleCache.noindex/_AvailabilityInternal-9Q4L5H0ZPRRNO6FUGJB9GXHBX.pcm /Users/shiv/Projects/iphone/Dream\ Again/DerivedData/ModuleCache.noindex/sys_types-AKM4KG8FUKEOTLU8DWVGC674Y.pcm /Users/shiv/Projects/iphone/Dream\ Again/DerivedData/ModuleCache.noindex/Accelerate-CO8F8YSHY0S358YJR8MYBCUML.pcm /Users/shiv/Projects/iphone/Dream\ Again/DerivedData/ModuleCache.noindex/ARKit-E0UU2X8YPFK91FLK24EXS1OD0.pcm /Users/shiv/Projects/iphone/Dream\ Again/DerivedData/ModuleCache.noindex/CoreImage-89PI9LKMML740QBKSAXU5GQH2.pcm /Users/shiv/Projects/iphone/Dream\ Again/DerivedData/ModuleCache.noindex/Darwin-44HS1FJFK6HNAKIXVLF4CVQ9R.pcm /Users/shiv/Projects/iphone/Dream\ Again/DerivedData/ModuleCache.noindex/AVRouting-C45ELZ4EHPB50PQMXUTIY0C7M.pcm /Users/shiv/Projects/iphone/Dream\ Again/DerivedData/ModuleCache.noindex/_Builtin_intrinsics-8EQIZ0NDN8YQ5TIR2L7BRN5N7.pcm /Users/shiv/Projects/iphone/Dream\ Again/DerivedData/ModuleCache.noindex/CFNetwork-8WS4UOVAMSC65C9RG54FLD95H.pcm /Users/shiv/Projects/iphone/Dream\ Again/DerivedData/ModuleCache.noindex/SceneKit-1HN1TYKV0PVLM7ODY6N5YPVSP.pcm /Users/shiv/Projects/iphone/Dream\ Again/DerivedData/ModuleCache.noindex/LocalAuthentication-ZHWAGM380365NIVTKAI9Y0KB.pcm /Users/shiv/Projects/iphone/Dream\ Again/DerivedData/ModuleCache.noindex/_Builtin_stdarg-7IHZWNPM0S3MXB0CT03DA0YHD.pcm /Users/shiv/Projects/iphone/Dream\ Again/DerivedData/ModuleCache.noindex/CoreML-8B3BGVN8JVZJXI8JDLTBPKJ4Z.pcm /Users/shiv/Projects/iphone/Dream\ Again/DerivedData/ModuleCache.noindex/ptrauth-AWIDEYXKG9FOYV8R8JGQC3A80.pcm /Users/shiv/Projects/iphone/Dream\ Again/DerivedData/ModuleCache.noindex/CoreMIDI-2Z99IBVHRR8M9XNGYDQALCGN6.pcm /Users/shiv/Projects/iphone/Dream\ Again/DerivedData/ModuleCache.noindex/CloudKit-9SJZG29MXJT51HDKBKDZ5G6TO.pcm /Users/shiv/Projects/iphone/Dream\ Again/DerivedData/ModuleCache.noindex/CoreMedia-C3JSO5H2FS3D6UNDV6R0ZT2QA.pcm /Users/shiv/Projects/iphone/Dream\ Again/DerivedData/ModuleCache.noindex/_SwiftConcurrencyShims-EV3NH0SCFIDPU090ZUE1FQ6PJ.pcm /Users/shiv/Projects/iphone/Dream\ Again/DerivedData/ModuleCache.noindex/MultipeerConnectivity-KZ5PT0634VB4H46C420S15DS.pcm /Users/shiv/Projects/iphone/Dream\ Again/DerivedData/ModuleCache.noindex/Security-UOADU837HODW4W8YZFMB8M2H.pcm /Users/shiv/Projects/iphone/Dream\ Again/DerivedData/ModuleCache.noindex/QuartzCore-3KNBUAQE6W1JP657YC1Y6WXSL.pcm /Users/shiv/Projects/iphone/Dream\ Again/DerivedData/ModuleCache.noindex/SwiftUICore-4X3KZDMB57UFFQ9UNHW1QCB3M.pcm /Users/shiv/Projects/iphone/Dream\ Again/DerivedData/ModuleCache.noindex/AVFoundation-1LLMSQWG9YGXPYNSZMD53AW15.pcm /Users/shiv/Projects/iphone/Dream\ Again/DerivedData/ModuleCache.noindex/GroupActivities-BDIW9SDR2V26QA2M69WDVTRMF.pcm /Users/shiv/Projects/iphone/Dream\ Again/DerivedData/ModuleCache.noindex/dnssd-5NBC41PF7GLKAD3044F03SU9T.pcm /Users/shiv/Projects/iphone/Dream\ Again/DerivedData/ModuleCache.noindex/simd-ARL86RISXR8XGEQYEGQ7STW22.pcm /Users/shiv/Projects/iphone/Dream\ Again/DerivedData/Build/Intermediates.noindex/Dream\ Again.build/Release-iphoneos/Dream\ Again.build/Objects-normal/arm64/DreamAgain-dependencies-1.json (in target 'Dream Again' from project 'Dream Again')

CompileSwift normal arm64 (in target 'Dream Again' from project 'Dream Again')
    cd /Users/shiv/Projects/iphone/Dream\ Again
    
/Users/shiv/Projects/iphone/Dream Again/Dream Again/Rendering/Geometry.swift:71:79: warning: 'generate(from:withName:options:)' was deprecated in iOS 18.0: replaced by 'init(image:withName:options:)'
                if let cg=image.cgImage {textures[style]=try? TextureResource.generate(from:cg,options:.init(semantic:.color))}
                                                                              ^
/Users/shiv/Projects/iphone/Dream Again/Dream Again/Rendering/Geometry.swift:71:79: note: use 'init(image:withName:options:)' instead
                if let cg=image.cgImage {textures[style]=try? TextureResource.generate(from:cg,options:.init(semantic:.color))}
                                                                             ~^~~~~~~~ ~~~~
                                                                                       image

SwiftDriverJobDiscovery normal arm64 Compiling Certification.swift, Determinism.swift, Persistence.swift, Rules.swift, Simulation.swift, World.swift, DreamRenderer.swift, Geometry.swift, Commerce.swift, DeviceServices.swift, GameModel.swift, OptionalGoogleAds.swift, PlatformIntegrations.swift, ContentView.swift, Dream_AgainApp.swift, GeneratedAssetSymbols.swift (in target 'Dream Again' from project 'Dream Again')

SwiftDriver\ Compilation\ Requirements Dream\ Again normal arm64 com.apple.xcode.tools.swift.compiler (in target 'Dream Again' from project 'Dream Again')
    cd /Users/shiv/Projects/iphone/Dream\ Again
    builtin-Swift-Compilation-Requirements -- /Applications/Xcode.app/Contents/Developer/Toolchains/XcodeDefault.xctoolchain/usr/bin/swiftc -module-name DreamAgain -O -whole-module-optimization @/Users/shiv/Projects/iphone/Dream\ Again/DerivedData/Build/Intermediates.noindex/Dream\ Again.build/Release-iphoneos/Dream\ Again.build/Objects-normal/arm64/Dream\ Again.SwiftFileList -enable-bare-slash-regex -enable-upcoming-feature DisableOutwardActorInference -enable-upcoming-feature InferSendableFromCaptures -enable-upcoming-feature GlobalActorIsolatedTypesUsability -enable-upcoming-feature MemberImportVisibility -enable-upcoming-feature InferIsolatedConformances -enable-upcoming-feature NonisolatedNonsendingByDefault -enable-experimental-feature DebugDescriptionMacro -sdk /Applications/Xcode.app/Contents/Developer/Platforms/iPhoneOS.platform/Developer/SDKs/iPhoneOS26.5.sdk -target arm64-apple-ios18.0 -g -module-cache-path /Users/shiv/Projects/iphone/Dream\ Again/DerivedData/ModuleCache.noindex -Xfrontend -serialize-debugging-options -swift-version 5 -I /Users/shiv/Projects/iphone/Dream\ Again/DerivedData/Build/Products/Release-iphoneos -F /Users/shiv/Projects/iphone/Dream\ Again/DerivedData/Build/Products/Release-iphoneos -emit-localized-strings -emit-localized-strings-path /Users/shiv/Projects/iphone/Dream\ Again/DerivedData/Build/Intermediates.noindex/Dream\ Again.build/Release-iphoneos/Dream\ Again.build/Objects-normal/arm64 -c -num-threads 8 -Xcc -ivfsstatcache -Xcc /Users/shiv/Projects/iphone/Dream\ Again/DerivedData/SDKStatCaches.noindex/iphoneos26.5-23F81a-32daed1954a7d5dd0789fcaf2a9bb78b.sdkstatcache -output-file-map /Users/shiv/Projects/iphone/Dream\ Again/DerivedData/Build/Intermediates.noindex/Dream\ Again.build/Release-iphoneos/Dream\ Again.build/Objects-normal/arm64/Dream\ Again-OutputFileMap.json -use-frontend-parseable-output -save-temps -no-color-diagnostics -explicit-module-build -module-cache-path /Users/shiv/Projects/iphone/Dream\ Again/DerivedData/Build/Intermediates.noindex/SwiftExplicitPrecompiledModules -clang-scanner-module-cache-path /Users/shiv/Projects/iphone/Dream\ Again/DerivedData/ModuleCache.noindex -sdk-module-cache-path /Users/shiv/Projects/iphone/Dream\ Again/DerivedData/ModuleCache.noindex -serialize-diagnostics -emit-dependencies -emit-module -emit-module-path /Users/shiv/Projects/iphone/Dream\ Again/DerivedData/Build/Intermediates.noindex/Dream\ Again.build/Release-iphoneos/Dream\ Again.build/Objects-normal/arm64/DreamAgain.swiftmodule -validate-clang-modules-once -clang-build-session-file /Users/shiv/Projects/iphone/Dream\ Again/DerivedData/ModuleCache.noindex/Session.modulevalidation -Xcc -I/Users/shiv/Projects/iphone/Dream\ Again/DerivedData/Build/Intermediates.noindex/Dream\ Again.build/Release-iphoneos/Dream\ Again.build/swift-overrides.hmap -emit-const-values -Xfrontend -const-gather-protocols-file -Xfrontend /Users/shiv/Projects/iphone/Dream\ Again/DerivedData/Build/Intermediates.noindex/Dream\ Again.build/Release-iphoneos/Dream\ Again.build/Objects-normal/arm64/Dream\ Again_const_extract_protocols.json -Xcc -iquote -Xcc /Users/shiv/Projects/iphone/Dream\ Again/DerivedData/Build/Intermediates.noindex/Dream\ Again.build/Release-iphoneos/Dream\ Again.build/Dream\ Again-generated-files.hmap -Xcc -I/Users/shiv/Projects/iphone/Dream\ Again/DerivedData/Build/Intermediates.noindex/Dream\ Again.build/Release-iphoneos/Dream\ Again.build/Dream\ Again-own-target-headers.hmap -Xcc -I/Users/shiv/Projects/iphone/Dream\ Again/DerivedData/Build/Intermediates.noindex/Dream\ Again.build/Release-iphoneos/Dream\ Again.build/Dream\ Again-all-target-headers.hmap -Xcc -iquote -Xcc /Users/shiv/Projects/iphone/Dream\ Again/DerivedData/Build/Intermediates.noindex/Dream\ Again.build/Release-iphoneos/Dream\ Again.build/Dream\ Again-project-headers.hmap -Xcc -I/Users/shiv/Projects/iphone/Dream\ Again/DerivedData/Build/Products/Release-iphoneos/include -Xcc -I/Users/shiv/Projects/iphone/Dream\ Again/DerivedData/Build/Intermediates.noindex/Dream\ Again.build/Release-iphoneos/Dream\ Again.build/DerivedSources-normal/arm64 -Xcc -I/Users/shiv/Projects/iphone/Dream\ Again/DerivedData/Build/Intermediates.noindex/Dream\ Again.build/Release-iphoneos/Dream\ Again.build/DerivedSources/arm64 -Xcc -I/Users/shiv/Projects/iphone/Dream\ Again/DerivedData/Build/Intermediates.noindex/Dream\ Again.build/Release-iphoneos/Dream\ Again.build/DerivedSources -emit-objc-header -emit-objc-header-path /Users/shiv/Projects/iphone/Dream\ Again/DerivedData/Build/Intermediates.noindex/Dream\ Again.build/Release-iphoneos/Dream\ Again.build/Objects-normal/arm64/DreamAgain-Swift.h -working-directory /Users/shiv/Projects/iphone/Dream\ Again -no-emit-module-separately-wmo

SwiftMergeGeneratedHeaders /Users/shiv/Projects/iphone/Dream\ Again/DerivedData/Build/Intermediates.noindex/Dream\ Again.build/Release-iphoneos/Dream\ Again.build/DerivedSources/DreamAgain-Swift.h /Users/shiv/Projects/iphone/Dream\ Again/DerivedData/Build/Intermediates.noindex/Dream\ Again.build/Release-iphoneos/Dream\ Again.build/Objects-normal/arm64/DreamAgain-Swift.h (in target 'Dream Again' from project 'Dream Again')
    cd /Users/shiv/Projects/iphone/Dream\ Again
    builtin-swiftHeaderTool -arch arm64 /Users/shiv/Projects/iphone/Dream\ Again/DerivedData/Build/Intermediates.noindex/Dream\ Again.build/Release-iphoneos/Dream\ Again.build/Objects-normal/arm64/DreamAgain-Swift.h -o /Users/shiv/Projects/iphone/Dream\ Again/DerivedData/Build/Intermediates.noindex/Dream\ Again.build/Release-iphoneos/Dream\ Again.build/DerivedSources/DreamAgain-Swift.h

Copy /Users/shiv/Projects/iphone/Dream\ Again/DerivedData/Build/Products/Release-iphoneos/DreamAgain.swiftmodule/arm64-apple-ios.swiftdoc /Users/shiv/Projects/iphone/Dream\ Again/DerivedData/Build/Intermediates.noindex/Dream\ Again.build/Release-iphoneos/Dream\ Again.build/Objects-normal/arm64/DreamAgain.swiftdoc (in target 'Dream Again' from project 'Dream Again')
    cd /Users/shiv/Projects/iphone/Dream\ Again
    builtin-copy -exclude .DS_Store -exclude CVS -exclude .svn -exclude .git -exclude .hg -resolve-src-symlinks -rename /Users/shiv/Projects/iphone/Dream\ Again/DerivedData/Build/Intermediates.noindex/Dream\ Again.build/Release-iphoneos/Dream\ Again.build/Objects-normal/arm64/DreamAgain.swiftdoc /Users/shiv/Projects/iphone/Dream\ Again/DerivedData/Build/Products/Release-iphoneos/DreamAgain.swiftmodule/arm64-apple-ios.swiftdoc

Copy /Users/shiv/Projects/iphone/Dream\ Again/DerivedData/Build/Products/Release-iphoneos/DreamAgain.swiftmodule/arm64-apple-ios.swiftmodule /Users/shiv/Projects/iphone/Dream\ Again/DerivedData/Build/Intermediates.noindex/Dream\ Again.build/Release-iphoneos/Dream\ Again.build/Objects-normal/arm64/DreamAgain.swiftmodule (in target 'Dream Again' from project 'Dream Again')
    cd /Users/shiv/Projects/iphone/Dream\ Again
    builtin-copy -exclude .DS_Store -exclude CVS -exclude .svn -exclude .git -exclude .hg -resolve-src-symlinks -rename /Users/shiv/Projects/iphone/Dream\ Again/DerivedData/Build/Intermediates.noindex/Dream\ Again.build/Release-iphoneos/Dream\ Again.build/Objects-normal/arm64/DreamAgain.swiftmodule /Users/shiv/Projects/iphone/Dream\ Again/DerivedData/Build/Products/Release-iphoneos/DreamAgain.swiftmodule/arm64-apple-ios.swiftmodule

Copy /Users/shiv/Projects/iphone/Dream\ Again/DerivedData/Build/Products/Release-iphoneos/DreamAgain.swiftmodule/arm64-apple-ios.abi.json /Users/shiv/Projects/iphone/Dream\ Again/DerivedData/Build/Intermediates.noindex/Dream\ Again.build/Release-iphoneos/Dream\ Again.build/Objects-normal/arm64/DreamAgain.abi.json (in target 'Dream Again' from project 'Dream Again')
    cd /Users/shiv/Projects/iphone/Dream\ Again
    builtin-copy -exclude .DS_Store -exclude CVS -exclude .svn -exclude .git -exclude .hg -resolve-src-symlinks -rename /Users/shiv/Projects/iphone/Dream\ Again/DerivedData/Build/Intermediates.noindex/Dream\ Again.build/Release-iphoneos/Dream\ Again.build/Objects-normal/arm64/DreamAgain.abi.json /Users/shiv/Projects/iphone/Dream\ Again/DerivedData/Build/Products/Release-iphoneos/DreamAgain.swiftmodule/arm64-apple-ios.abi.json

Copy /Users/shiv/Projects/iphone/Dream\ Again/DerivedData/Build/Products/Release-iphoneos/DreamAgain.swiftmodule/Project/arm64-apple-ios.swiftsourceinfo /Users/shiv/Projects/iphone/Dream\ Again/DerivedData/Build/Intermediates.noindex/Dream\ Again.build/Release-iphoneos/Dream\ Again.build/Objects-normal/arm64/DreamAgain.swiftsourceinfo (in target 'Dream Again' from project 'Dream Again')
    cd /Users/shiv/Projects/iphone/Dream\ Again
    builtin-copy -exclude .DS_Store -exclude CVS -exclude .svn -exclude .git -exclude .hg -resolve-src-symlinks -rename /Users/shiv/Projects/iphone/Dream\ Again/DerivedData/Build/Intermediates.noindex/Dream\ Again.build/Release-iphoneos/Dream\ Again.build/Objects-normal/arm64/DreamAgain.swiftsourceinfo /Users/shiv/Projects/iphone/Dream\ Again/DerivedData/Build/Products/Release-iphoneos/DreamAgain.swiftmodule/Project/arm64-apple-ios.swiftsourceinfo

Ld /Users/shiv/Projects/iphone/Dream\ Again/DerivedData/Build/Products/Release-iphoneos/Dream\ Again.app/Dream\ Again normal (in target 'Dream Again' from project 'Dream Again')
    cd /Users/shiv/Projects/iphone/Dream\ Again
    /Applications/Xcode.app/Contents/Developer/Toolchains/XcodeDefault.xctoolchain/usr/bin/clang -Xlinker -reproducible -target arm64-apple-ios18.0 -isysroot /Applications/Xcode.app/Contents/Developer/Platforms/iPhoneOS.platform/Developer/SDKs/iPhoneOS26.5.sdk -Os -L/Users/shiv/Projects/iphone/Dream\ Again/DerivedData/Build/Intermediates.noindex/EagerLinkingTBDs/Release-iphoneos -L/Users/shiv/Projects/iphone/Dream\ Again/DerivedData/Build/Products/Release-iphoneos -F/Users/shiv/Projects/iphone/Dream\ Again/DerivedData/Build/Intermediates.noindex/EagerLinkingTBDs/Release-iphoneos -F/Users/shiv/Projects/iphone/Dream\ Again/DerivedData/Build/Products/Release-iphoneos -filelist /Users/shiv/Projects/iphone/Dream\ Again/DerivedData/Build/Intermediates.noindex/Dream\ Again.build/Release-iphoneos/Dream\ Again.build/Objects-normal/arm64/Dream\ Again.LinkFileList -Xlinker -rpath -Xlinker /usr/lib/swift -Xlinker -rpath -Xlinker @executable_path/Frameworks -Xlinker -dead_strip -Xlinker -object_path_lto -Xlinker /Users/shiv/Projects/iphone/Dream\ Again/DerivedData/Build/Intermediates.noindex/Dream\ Again.build/Release-iphoneos/Dream\ Again.build/Objects-normal/arm64/Dream\ Again_lto.o -Xlinker -dependency_info -Xlinker /Users/shiv/Projects/iphone/Dream\ Again/DerivedData/Build/Intermediates.noindex/Dream\ Again.build/Release-iphoneos/Dream\ Again.build/Objects-normal/arm64/Dream\ Again_dependency_info.dat -fobjc-link-runtime -L/Applications/Xcode.app/Contents/Developer/Toolchains/XcodeDefault.xctoolchain/usr/lib/swift/iphoneos -L/usr/lib/swift -Xlinker -add_ast_path -Xlinker /Users/shiv/Projects/iphone/Dream\ Again/DerivedData/Build/Intermediates.noindex/Dream\ Again.build/Release-iphoneos/Dream\ Again.build/Objects-normal/arm64/DreamAgain.swiftmodule @/Users/shiv/Projects/iphone/Dream\ Again/DerivedData/Build/Intermediates.noindex/Dream\ Again.build/Release-iphoneos/Dream\ Again.build/Objects-normal/arm64/DreamAgain-linker-args.resp -o /Users/shiv/Projects/iphone/Dream\ Again/DerivedData/Build/Products/Release-iphoneos/Dream\ Again.app/Dream\ Again

CopySwiftLibs /Users/shiv/Projects/iphone/Dream\ Again/DerivedData/Build/Products/Release-iphoneos/Dream\ Again.app (in target 'Dream Again' from project 'Dream Again')
    cd /Users/shiv/Projects/iphone/Dream\ Again
    builtin-swiftStdLibTool --copy --verbose --scan-executable /Users/shiv/Projects/iphone/Dream\ Again/DerivedData/Build/Products/Release-iphoneos/Dream\ Again.app/Dream\ Again --scan-folder /Users/shiv/Projects/iphone/Dream\ Again/DerivedData/Build/Products/Release-iphoneos/Dream\ Again.app/Frameworks --scan-folder /Users/shiv/Projects/iphone/Dream\ Again/DerivedData/Build/Products/Release-iphoneos/Dream\ Again.app/PlugIns --scan-folder /Users/shiv/Projects/iphone/Dream\ Again/DerivedData/Build/Products/Release-iphoneos/Dream\ Again.app/SystemExtensions --scan-folder /Users/shiv/Projects/iphone/Dream\ Again/DerivedData/Build/Products/Release-iphoneos/Dream\ Again.app/Extensions --platform iphoneos --toolchain /Applications/Xcode.app/Contents/Developer/Toolchains/XcodeDefault.xctoolchain --destination /Users/shiv/Projects/iphone/Dream\ Again/DerivedData/Build/Products/Release-iphoneos/Dream\ Again.app/Frameworks --strip-bitcode --strip-bitcode-tool /Applications/Xcode.app/Contents/Developer/Toolchains/XcodeDefault.xctoolchain/usr/bin/bitcode_strip --emit-dependency-info /Users/shiv/Projects/iphone/Dream\ Again/DerivedData/Build/Intermediates.noindex/Dream\ Again.build/Release-iphoneos/Dream\ Again.build/SwiftStdLibToolInputDependencies.dep --filter-for-swift-os --back-deploy-swift-span
Ignoring --strip-bitcode because --sign was not passed

ExtractAppIntentsMetadata (in target 'Dream Again' from project 'Dream Again')
    cd /Users/shiv/Projects/iphone/Dream\ Again
    /Applications/Xcode.app/Contents/Developer/Toolchains/XcodeDefault.xctoolchain/usr/bin/appintentsmetadataprocessor --toolchain-dir /Applications/Xcode.app/Contents/Developer/Toolchains/XcodeDefault.xctoolchain --module-name DreamAgain --sdk-root /Applications/Xcode.app/Contents/Developer/Platforms/iPhoneOS.platform/Developer/SDKs/iPhoneOS26.5.sdk --xcode-version 17F113 --platform-family iOS --deployment-target 18.0 --bundle-identifier nani.Dream-Again --output /Users/shiv/Projects/iphone/Dream\ Again/DerivedData/Build/Products/Release-iphoneos/Dream\ Again.app --target-triple arm64-apple-ios18.0 --binary-file /Users/shiv/Projects/iphone/Dream\ Again/DerivedData/Build/Products/Release-iphoneos/Dream\ Again.app/Dream\ Again --dependency-file /Users/shiv/Projects/iphone/Dream\ Again/DerivedData/Build/Intermediates.noindex/Dream\ Again.build/Release-iphoneos/Dream\ Again.build/Objects-normal/arm64/Dream\ Again_dependency_info.dat --stringsdata-file /Users/shiv/Projects/iphone/Dream\ Again/DerivedData/Build/Intermediates.noindex/Dream\ Again.build/Release-iphoneos/Dream\ Again.build/Objects-normal/arm64/ExtractedAppShortcutsMetadata.stringsdata --source-file-list /Users/shiv/Projects/iphone/Dream\ Again/DerivedData/Build/Intermediates.noindex/Dream\ Again.build/Release-iphoneos/Dream\ Again.build/Objects-normal/arm64/Dream\ Again.SwiftFileList --metadata-file-list /Users/shiv/Projects/iphone/Dream\ Again/DerivedData/Build/Intermediates.noindex/Dream\ Again.build/Release-iphoneos/Dream\ Again.build/Dream\ Again.DependencyMetadataFileList --static-metadata-file-list /Users/shiv/Projects/iphone/Dream\ Again/DerivedData/Build/Intermediates.noindex/Dream\ Again.build/Release-iphoneos/Dream\ Again.build/Dream\ Again.DependencyStaticMetadataFileList --swift-const-vals-list /Users/shiv/Projects/iphone/Dream\ Again/DerivedData/Build/Intermediates.noindex/Dream\ Again.build/Release-iphoneos/Dream\ Again.build/Objects-normal/arm64/Dream\ Again.SwiftConstValuesFileList --compile-time-extraction --deployment-aware-processing --validate-assistant-intents --no-app-shortcuts-localization
2026-09-13 20:13:52.334 appintentsmetadataprocessor[39077:9839445] Starting appintentsmetadataprocessor export
2026-09-13 20:13:52.345 appintentsmetadataprocessor[39077:9839445] warning: Metadata extraction skipped. No AppIntents.framework dependency found.

GenerateDSYMFile /Users/shiv/Projects/iphone/Dream\ Again/DerivedData/Build/Products/Release-iphoneos/Dream\ Again.app.dSYM /Users/shiv/Projects/iphone/Dream\ Again/DerivedData/Build/Products/Release-iphoneos/Dream\ Again.app/Dream\ Again (in target 'Dream Again' from project 'Dream Again')
    cd /Users/shiv/Projects/iphone/Dream\ Again
    /Applications/Xcode.app/Contents/Developer/Toolchains/XcodeDefault.xctoolchain/usr/bin/dsymutil /Users/shiv/Projects/iphone/Dream\ Again/DerivedData/Build/Products/Release-iphoneos/Dream\ Again.app/Dream\ Again -o /Users/shiv/Projects/iphone/Dream\ Again/DerivedData/Build/Products/Release-iphoneos/Dream\ Again.app.dSYM

AppIntentsSSUTraining (in target 'Dream Again' from project 'Dream Again')
    cd /Users/shiv/Projects/iphone/Dream\ Again
    /Applications/Xcode.app/Contents/Developer/Toolchains/XcodeDefault.xctoolchain/usr/bin/appintentsnltrainingprocessor --infoplist-path /Users/shiv/Projects/iphone/Dream\ Again/DerivedData/Build/Products/Release-iphoneos/Dream\ Again.app/Info.plist --temp-dir-path /Users/shiv/Projects/iphone/Dream\ Again/DerivedData/Build/Intermediates.noindex/Dream\ Again.build/Release-iphoneos/Dream\ Again.build/ssu --bundle-id nani.Dream-Again --product-path /Users/shiv/Projects/iphone/Dream\ Again/DerivedData/Build/Products/Release-iphoneos/Dream\ Again.app --extracted-metadata-path /Users/shiv/Projects/iphone/Dream\ Again/DerivedData/Build/Products/Release-iphoneos/Dream\ Again.app/Metadata.appintents --metadata-file-list /Users/shiv/Projects/iphone/Dream\ Again/DerivedData/Build/Intermediates.noindex/Dream\ Again.build/Release-iphoneos/Dream\ Again.build/Dream\ Again.DependencyMetadataFileList --source-file /Users/shiv/Projects/iphone/Dream\ Again/DerivedData/Build/Products/Release-iphoneos/Dream\ Again.app/Info.plist --archive-ssu-assets
2026-09-13 20:13:52.442 appintentsnltrainingprocessor[39083:9839473] Parsing options for appintentsnltrainingprocessor
2026-09-13 20:13:52.443 appintentsnltrainingprocessor[39083:9839473] Starting AppIntents SSU YAML Generation
2026-09-13 20:13:52.445 appintentsnltrainingprocessor[39083:9839473] No AppShortcuts found - Skipping.

RegisterExecutionPolicyException /Users/shiv/Projects/iphone/Dream\ Again/DerivedData/Build/Products/Release-iphoneos/Dream\ Again.app (in target 'Dream Again' from project 'Dream Again')
    cd /Users/shiv/Projects/iphone/Dream\ Again
    builtin-RegisterExecutionPolicyException /Users/shiv/Projects/iphone/Dream\ Again/DerivedData/Build/Products/Release-iphoneos/Dream\ Again.app

Validate /Users/shiv/Projects/iphone/Dream\ Again/DerivedData/Build/Products/Release-iphoneos/Dream\ Again.app (in target 'Dream Again' from project 'Dream Again')
    cd /Users/shiv/Projects/iphone/Dream\ Again
    builtin-validationUtility /Users/shiv/Projects/iphone/Dream\ Again/DerivedData/Build/Products/Release-iphoneos/Dream\ Again.app -validate-for-store -shallow-bundle -infoplist-subpath Info.plist
warning: All interface orientations must be supported unless the app requires full screen. (in target 'Dream Again' from project 'Dream Again')

Touch /Users/shiv/Projects/iphone/Dream\ Again/DerivedData/Build/Products/Release-iphoneos/Dream\ Again.app (in target 'Dream Again' from project 'Dream Again')
    cd /Users/shiv/Projects/iphone/Dream\ Again
    /usr/bin/touch -c /Users/shiv/Projects/iphone/Dream\ Again/DerivedData/Build/Products/Release-iphoneos/Dream\ Again.app

** BUILD SUCCEEDED **

